{
  "best_epoch": 16,
  "peak_worker_0_memory_MB": 2331.171875,
  "peak_gpu_0_memory_MB": 65.09326171875,
  "training_duration": "0:00:04.225928",
  "training_start_epoch": 0,
  "training_epochs": 16,
  "epoch": 16,
  "training_accuracy": 0.9194379391100702,
  "training_loss": 0.5418828067494862,
  "training_worker_0_memory_MB": 2331.171875,
  "training_gpu_0_memory_MB": 65.09326171875,
  "validation_accuracy": 0.7847682119205298,
  "validation_loss": 0.9777601718902588,
  "best_validation_accuracy": 0.7847682119205298,
  "best_validation_loss": 0.9777601718902588
}