{
  "best_epoch": 2,
  "peak_worker_0_memory_MB": 2331.171875,
  "peak_gpu_0_memory_MB": 65.09326171875,
  "training_duration": "0:00:00.728842",
  "training_start_epoch": 0,
  "training_epochs": 2,
  "epoch": 2,
  "training_accuracy": 0.29578454332552695,
  "training_loss": 3.124634532786127,
  "training_worker_0_memory_MB": 2331.171875,
  "training_gpu_0_memory_MB": 65.09326171875,
  "validation_accuracy": 0.41887417218543044,
  "validation_loss": 2.8911566734313965,
  "best_validation_accuracy": 0.41887417218543044,
  "best_validation_loss": 2.8911566734313965
}