{
  "best_epoch": 55,
  "peak_worker_0_memory_MB": 2330.69921875,
  "peak_gpu_0_memory_MB": 65.09326171875,
  "training_duration": "0:00:15.688862",
  "training_start_epoch": 0,
  "training_epochs": 55,
  "epoch": 55,
  "training_accuracy": 0.9517564402810305,
  "training_loss": 0.29395694741562234,
  "training_worker_0_memory_MB": 2330.69921875,
  "training_gpu_0_memory_MB": 65.09326171875,
  "validation_accuracy": 0.7880794701986755,
  "validation_loss": 0.9142497330904007,
  "best_validation_accuracy": 0.7880794701986755,
  "best_validation_loss": 0.9142497330904007
}