{
  "best_epoch": 48,
  "peak_worker_0_memory_MB": 2330.69921875,
  "peak_gpu_0_memory_MB": 65.09326171875,
  "training_duration": "0:00:15.133013",
  "training_start_epoch": 0,
  "training_epochs": 53,
  "epoch": 53,
  "training_accuracy": 0.9503512880562061,
  "training_loss": 0.31701180394460904,
  "training_worker_0_memory_MB": 2330.69921875,
  "training_gpu_0_memory_MB": 65.09326171875,
  "validation_accuracy": 0.7831125827814569,
  "validation_loss": 0.9592052459716797,
  "best_validation_accuracy": 0.7831125827814569,
  "best_validation_loss": 0.9531222522258759
}