{
  "best_epoch": 31,
  "peak_worker_0_memory_MB": 2330.69921875,
  "peak_gpu_0_memory_MB": 65.09326171875,
  "training_duration": "0:00:09.018079",
  "training_start_epoch": 0,
  "training_epochs": 31,
  "epoch": 31,
  "training_accuracy": 0.8707259953161592,
  "training_loss": 0.8586863368304808,
  "training_worker_0_memory_MB": 2330.69921875,
  "training_gpu_0_memory_MB": 65.09326171875,
  "validation_accuracy": 0.7615894039735099,
  "validation_loss": 1.2015283286571503,
  "best_validation_accuracy": 0.7615894039735099,
  "best_validation_loss": 1.2015283286571503
}