{
  "best_epoch": 61,
  "peak_worker_0_memory_MB": 2330.69921875,
  "peak_gpu_0_memory_MB": 65.09326171875,
  "training_duration": "0:00:18.732543",
  "training_start_epoch": 0,
  "training_epochs": 66,
  "epoch": 66,
  "training_accuracy": 0.9674473067915691,
  "training_loss": 0.19516687606697652,
  "training_worker_0_memory_MB": 2330.69921875,
  "training_gpu_0_memory_MB": 65.09326171875,
  "validation_accuracy": 0.7996688741721855,
  "validation_loss": 0.898527306318283,
  "best_validation_accuracy": 0.7980132450331126,
  "best_validation_loss": 0.8867629706859589
}