{
  "best_epoch": 56,
  "peak_worker_0_memory_MB": 2330.69921875,
  "peak_gpu_0_memory_MB": 65.09326171875,
  "training_duration": "0:00:16.793853",
  "training_start_epoch": 0,
  "training_epochs": 59,
  "epoch": 59,
  "training_accuracy": 0.9562060889929742,
  "training_loss": 0.2567673105357298,
  "training_worker_0_memory_MB": 2330.69921875,
  "training_gpu_0_memory_MB": 65.09326171875,
  "validation_accuracy": 0.7947019867549668,
  "validation_loss": 0.9207377314567566,
  "best_validation_accuracy": 0.7880794701986755,
  "best_validation_loss": 0.8999552935361862
}