{
  "best_epoch": 34,
  "peak_worker_0_memory_MB": 2330.69921875,
  "peak_gpu_0_memory_MB": 65.09326171875,
  "training_duration": "0:00:09.877550",
  "training_start_epoch": 0,
  "training_epochs": 34,
  "epoch": 34,
  "training_accuracy": 0.8892271662763466,
  "training_loss": 0.7416843754142078,
  "training_worker_0_memory_MB": 2330.69921875,
  "training_gpu_0_memory_MB": 65.09326171875,
  "validation_accuracy": 0.7682119205298014,
  "validation_loss": 1.1206088185310363,
  "best_validation_accuracy": 0.7682119205298014,
  "best_validation_loss": 1.1206088185310363
}