{
  "best_epoch": 0,
  "peak_worker_0_memory_MB": 2330.69921875,
  "peak_gpu_0_memory_MB": 65.09326171875,
  "training_duration": "0:00:00.254685",
  "training_start_epoch": 0,
  "training_epochs": 0,
  "epoch": 0,
  "training_accuracy": 0.09016393442622951,
  "training_loss": 4.139225340601223,
  "training_worker_0_memory_MB": 2330.69921875,
  "training_gpu_0_memory_MB": 65.09326171875,
  "validation_accuracy": 0.3211920529801324,
  "validation_loss": 4.031286334991455,
  "best_validation_accuracy": 0.3211920529801324,
  "best_validation_loss": 4.031286334991455
}