{
  "best_epoch": 45,
  "peak_worker_0_memory_MB": 2330.69921875,
  "peak_gpu_0_memory_MB": 65.09326171875,
  "training_duration": "0:00:12.922197",
  "training_start_epoch": 0,
  "training_epochs": 45,
  "epoch": 45,
  "training_accuracy": 0.9337236533957846,
  "training_loss": 0.44515201449394226,
  "training_worker_0_memory_MB": 2330.69921875,
  "training_gpu_0_memory_MB": 65.09326171875,
  "validation_accuracy": 0.7798013245033113,
  "validation_loss": 0.987227863073349,
  "best_validation_accuracy": 0.7798013245033113,
  "best_validation_loss": 0.987227863073349
}