{
  "best_epoch": 10,
  "peak_worker_0_memory_MB": 2316.2890625,
  "peak_gpu_0_memory_MB": 62.47802734375,
  "training_duration": "0:00:02.796712",
  "training_start_epoch": 0,
  "training_epochs": 10,
  "epoch": 10,
  "training_accuracy": 0.6866510538641686,
  "training_loss": 1.1966582252018487,
  "training_worker_0_memory_MB": 2316.2890625,
  "training_gpu_0_memory_MB": 62.47802734375,
  "validation_accuracy": 0.7980132450331126,
  "validation_loss": 0.9319465637207032,
  "best_validation_accuracy": 0.7980132450331126,
  "best_validation_loss": 0.9319465637207032
}