{
  "best_epoch": 7,
  "peak_worker_0_memory_MB": 2316.2890625,
  "peak_gpu_0_memory_MB": 62.47802734375,
  "training_duration": "0:00:02.100767",
  "training_start_epoch": 0,
  "training_epochs": 7,
  "epoch": 7,
  "training_accuracy": 0.5831381733021077,
  "training_loss": 1.870157225808101,
  "training_worker_0_memory_MB": 2316.2890625,
  "training_gpu_0_memory_MB": 62.47802734375,
  "validation_accuracy": 0.7086092715231788,
  "validation_loss": 1.4833097815513612,
  "best_validation_accuracy": 0.7086092715231788,
  "best_validation_loss": 1.4833097815513612
}