{
  "best_epoch": 3,
  "peak_worker_0_memory_MB": 2370.390625,
  "peak_gpu_0_memory_MB": 89.33056640625,
  "training_duration": "0:00:02.047449",
  "training_start_epoch": 0,
  "training_epochs": 3,
  "epoch": 3,
  "training_accuracy": 0.7545607297167547,
  "training_loss": 1.3780043825848411,
  "training_worker_0_memory_MB": 2370.390625,
  "training_gpu_0_memory_MB": 89.33056640625,
  "validation_accuracy": 0.7615894039735099,
  "validation_loss": 1.1468056738376617,
  "best_validation_accuracy": 0.7615894039735099,
  "best_validation_loss": 1.1468056738376617
}