{
  "best_epoch": 47,
  "peak_worker_0_memory_MB": 0,
  "training_duration": "0:00:54.695932",
  "training_start_epoch": 0,
  "training_epochs": 55,
  "epoch": 55,
  "training_accuracy": 0.9104166666666667,
  "training_loss": 0.412371512055397,
  "training_reg_loss": 0.0,
  "training_worker_0_memory_MB": 0.0,
  "validation_accuracy": 0.7916666666666666,
  "validation_loss": 1.1786323817152726,
  "validation_reg_loss": 0.0,
  "best_validation_accuracy": 0.7833333333333333,
  "best_validation_loss": 1.1676705501189357,
  "best_validation_reg_loss": 0.0
}