{
  "best_epoch": 1,
  "peak_worker_0_memory_MB": 2269.703125,
  "peak_gpu_0_memory_MB": 15.416015625,
  "training_duration": "0:00:00.564251",
  "training_start_epoch": 0,
  "training_epochs": 6,
  "epoch": 6,
  "training_accuracy": 0.8571428571428571,
  "training_loss": 0.3743879161775112,
  "training_worker_0_memory_MB": 2269.703125,
  "training_gpu_0_memory_MB": 15.416015625,
  "validation_accuracy": 0.6208609271523179,
  "validation_loss": 1.3789483070373536,
  "best_validation_accuracy": 0.8145695364238411,
  "best_validation_loss": 1.0868157267570495
}