{
  "best_epoch": 27,
  "peak_worker_0_memory_MB": 2328.3125,
  "peak_gpu_0_memory_MB": 64.7041015625,
  "training_duration": "0:00:06.812708",
  "training_start_epoch": 0,
  "training_epochs": 27,
  "epoch": 27,
  "training_accuracy": 0.8936120244246125,
  "training_loss": 0.6658842020959996,
  "training_worker_0_memory_MB": 2328.3125,
  "training_gpu_0_memory_MB": 64.7041015625,
  "validation_accuracy": 0.7731788079470199,
  "validation_loss": 1.079024040699005,
  "best_validation_accuracy": 0.7731788079470199,
  "best_validation_loss": 1.079024040699005
}