{
  "best_epoch": 31,
  "peak_worker_0_memory_MB": 2328.3125,
  "peak_gpu_0_memory_MB": 64.7041015625,
  "training_duration": "0:00:08.033421",
  "training_start_epoch": 0,
  "training_epochs": 32,
  "epoch": 32,
  "training_accuracy": 0.9232033818694223,
  "training_loss": 0.4946837029350338,
  "training_worker_0_memory_MB": 2328.3125,
  "training_gpu_0_memory_MB": 64.7041015625,
  "validation_accuracy": 0.7781456953642384,
  "validation_loss": 1.0360663115978241,
  "best_validation_accuracy": 0.7781456953642384,
  "best_validation_loss": 1.030953860282898
}