{
  "best_epoch": 27,
  "peak_worker_0_memory_MB": 2328.3125,
  "peak_gpu_0_memory_MB": 64.7041015625,
  "training_duration": "0:00:07.057320",
  "training_start_epoch": 0,
  "training_epochs": 28,
  "epoch": 28,
  "training_accuracy": 0.8976045091592297,
  "training_loss": 0.625465393511217,
  "training_worker_0_memory_MB": 2328.3125,
  "training_gpu_0_memory_MB": 64.7041015625,
  "validation_accuracy": 0.7748344370860927,
  "validation_loss": 1.1003133893013,
  "best_validation_accuracy": 0.7731788079470199,
  "best_validation_loss": 1.079024040699005
}