{
  "best_epoch": 7,
  "peak_worker_0_memory_MB": 2328.29296875,
  "peak_gpu_0_memory_MB": 64.7041015625,
  "training_duration": "0:00:01.914057",
  "training_start_epoch": 0,
  "training_epochs": 7,
  "epoch": 7,
  "training_accuracy": 0.44293095349929545,
  "training_loss": 2.6579853064978303,
  "training_worker_0_memory_MB": 2328.29296875,
  "training_gpu_0_memory_MB": 64.7041015625,
  "validation_accuracy": 0.5066225165562914,
  "validation_loss": 2.53592529296875,
  "best_validation_accuracy": 0.5066225165562914,
  "best_validation_loss": 2.53592529296875
}