{
  "best_epoch": 30,
  "peak_worker_0_memory_MB": 2269.6171875,
  "peak_gpu_0_memory_MB": 8.73193359375,
  "training_duration": "0:00:04.000208",
  "training_start_epoch": 0,
  "training_epochs": 30,
  "epoch": 30,
  "training_accuracy": 0.8800668616798997,
  "training_loss": 0.6406349924049879,
  "training_worker_0_memory_MB": 2269.6171875,
  "training_gpu_0_memory_MB": 8.73193359375,
  "validation_accuracy": 0.8062913907284768,
  "validation_loss": 0.9589168101549148,
  "best_validation_accuracy": 0.8062913907284768,
  "best_validation_loss": 0.9589168101549148
}