{
  "best_epoch": 0,
  "peak_worker_0_memory_MB": 2367.51171875,
  "peak_gpu_0_memory_MB": 75.88427734375,
  "training_duration": "0:00:02.265304",
  "training_start_epoch": 0,
  "training_epochs": 4,
  "epoch": 4,
  "training_accuracy": 0.971195391262602,
  "training_loss": 0.11542862420546189,
  "training_worker_0_memory_MB": 2367.51171875,
  "training_gpu_0_memory_MB": 75.88427734375,
  "validation_accuracy": 0.7913907284768212,
  "validation_loss": 1.2512890815734863,
  "best_validation_accuracy": 0.7831125827814569,
  "best_validation_loss": 1.0211772620677948
}