{
  "best_epoch": 0,
  "peak_worker_0_memory_MB": 2367.51171875,
  "peak_gpu_0_memory_MB": 75.88427734375,
  "training_duration": "0:00:03.173370",
  "training_start_epoch": 0,
  "training_epochs": 6,
  "epoch": 6,
  "training_accuracy": 0.9761161785885741,
  "training_loss": 0.08229712523406243,
  "training_worker_0_memory_MB": 2367.51171875,
  "training_gpu_0_memory_MB": 75.88427734375,
  "validation_accuracy": 0.7996688741721855,
  "validation_loss": 1.3837401568889618,
  "best_validation_accuracy": 0.7831125827814569,
  "best_validation_loss": 1.0211772620677948
}