{
  "best_epoch": 0,
  "peak_worker_0_memory_MB": 2317.984375,
  "peak_gpu_0_memory_MB": 51.84521484375,
  "training_duration": "0:00:00.222946",
  "training_start_epoch": 0,
  "training_epochs": 0,
  "epoch": 0,
  "training_accuracy": 0.03760969494358546,
  "training_loss": 4.187022497779445,
  "training_worker_0_memory_MB": 2317.984375,
  "training_gpu_0_memory_MB": 51.84521484375,
  "validation_accuracy": 0.17549668874172186,
  "validation_loss": 4.125843954086304,
  "best_validation_accuracy": 0.17549668874172186,
  "best_validation_loss": 4.125843954086304
}