{
  "best_epoch": 27,
  "peak_worker_0_memory_MB": 2311.93359375,
  "peak_gpu_0_memory_MB": 51.12255859375,
  "training_duration": "0:00:21.196084",
  "training_start_epoch": 0,
  "training_epochs": 30,
  "epoch": 30,
  "training_accuracy": 0.7254492269118261,
  "training_loss": 0.9851524390672383,
  "training_worker_0_memory_MB": 2311.93359375,
  "training_gpu_0_memory_MB": 51.12255859375,
  "validation_accuracy": 0.7814569536423841,
  "validation_loss": 0.8949355453252792,
  "best_validation_accuracy": 0.7731788079470199,
  "best_validation_loss": 0.8941054329276085
}