{
  "best_epoch": 1,
  "peak_worker_0_memory_MB": 2311.93359375,
  "peak_gpu_0_memory_MB": 51.12255859375,
  "training_duration": "0:00:01.274103",
  "training_start_epoch": 0,
  "training_epochs": 1,
  "epoch": 1,
  "training_accuracy": 0.17509402423735895,
  "training_loss": 3.3560217367975334,
  "training_worker_0_memory_MB": 2311.93359375,
  "training_gpu_0_memory_MB": 51.12255859375,
  "validation_accuracy": 0.271523178807947,
  "validation_loss": 3.0267788648605345,
  "best_validation_accuracy": 0.271523178807947,
  "best_validation_loss": 3.0267788648605345
}