{
  "best_epoch": 8,
  "peak_worker_0_memory_MB": 2311.93359375,
  "peak_gpu_0_memory_MB": 51.12255859375,
  "training_duration": "0:00:06.045943",
  "training_start_epoch": 0,
  "training_epochs": 8,
  "epoch": 8,
  "training_accuracy": 0.5323861262014208,
  "training_loss": 1.848904289697346,
  "training_worker_0_memory_MB": 2311.93359375,
  "training_gpu_0_memory_MB": 51.12255859375,
  "validation_accuracy": 0.695364238410596,
  "validation_loss": 1.3361270427703857,
  "best_validation_accuracy": 0.695364238410596,
  "best_validation_loss": 1.3361270427703857
}