{
  "best_epoch": 32,
  "peak_worker_0_memory_MB": 2268.36328125,
  "peak_gpu_0_memory_MB": 8.73193359375,
  "training_duration": "0:00:04.813023",
  "training_start_epoch": 0,
  "training_epochs": 36,
  "epoch": 36,
  "training_accuracy": 0.9130798161303803,
  "training_loss": 0.33883997209762273,
  "training_worker_0_memory_MB": 2268.36328125,
  "training_gpu_0_memory_MB": 8.73193359375,
  "validation_accuracy": 0.8261589403973509,
  "validation_loss": 0.8769815981388092,
  "best_validation_accuracy": 0.8278145695364238,
  "best_validation_loss": 0.8176137328147888
}