{
  "best_epoch": 5,
  "peak_worker_0_memory_MB": 2313.5546875,
  "peak_gpu_0_memory_MB": 54.728515625,
  "training_duration": "0:00:01.274268",
  "training_start_epoch": 0,
  "training_epochs": 5,
  "epoch": 5,
  "training_accuracy": 0.6988552979160552,
  "training_loss": 1.7268544788713809,
  "training_worker_0_memory_MB": 2313.5546875,
  "training_gpu_0_memory_MB": 54.728515625,
  "validation_accuracy": 0.6771523178807947,
  "validation_loss": 1.7888092041015624,
  "best_validation_accuracy": 0.6771523178807947,
  "best_validation_loss": 1.7888092041015624
}