{
  "best_epoch": 7,
  "peak_worker_0_memory_MB": 2313.5546875,
  "peak_gpu_0_memory_MB": 54.728515625,
  "training_duration": "0:00:01.719420",
  "training_start_epoch": 0,
  "training_epochs": 7,
  "epoch": 7,
  "training_accuracy": 0.8127384796008218,
  "training_loss": 1.1578765632929626,
  "training_worker_0_memory_MB": 2313.5546875,
  "training_gpu_0_memory_MB": 54.728515625,
  "validation_accuracy": 0.7251655629139073,
  "validation_loss": 1.4107630014419557,
  "best_validation_accuracy": 0.7251655629139073,
  "best_validation_loss": 1.4107630014419557
}