{
  "best_epoch": 30,
  "peak_worker_0_memory_MB": 2326.80078125,
  "peak_gpu_0_memory_MB": 69.92529296875,
  "training_duration": "0:00:07.709350",
  "training_start_epoch": 0,
  "training_epochs": 30,
  "epoch": 30,
  "training_accuracy": 0.393532776066872,
  "training_loss": 2.5414595206578574,
  "training_worker_0_memory_MB": 2326.80078125,
  "training_gpu_0_memory_MB": 69.92529296875,
  "validation_accuracy": 0.5678807947019867,
  "validation_loss": 2.250585746765137,
  "best_validation_accuracy": 0.5678807947019867,
  "best_validation_loss": 2.250585746765137
}