{
  "best_epoch": 43,
  "peak_worker_0_memory_MB": 2326.80078125,
  "peak_gpu_0_memory_MB": 69.92529296875,
  "training_duration": "0:00:10.948590",
  "training_start_epoch": 0,
  "training_epochs": 43,
  "epoch": 43,
  "training_accuracy": 0.4799824021117466,
  "training_loss": 2.17608850200971,
  "training_worker_0_memory_MB": 2326.80078125,
  "training_gpu_0_memory_MB": 69.92529296875,
  "validation_accuracy": 0.6539735099337748,
  "validation_loss": 1.8395211458206178,
  "best_validation_accuracy": 0.6539735099337748,
  "best_validation_loss": 1.8395211458206178
}