{
  "best_epoch": 10,
  "peak_worker_0_memory_MB": 2326.80078125,
  "peak_gpu_0_memory_MB": 69.92529296875,
  "training_duration": "0:00:02.733700",
  "training_start_epoch": 0,
  "training_epochs": 10,
  "epoch": 10,
  "training_accuracy": 0.19841619005719313,
  "training_loss": 3.3058668706152172,
  "training_worker_0_memory_MB": 2326.80078125,
  "training_gpu_0_memory_MB": 69.92529296875,
  "validation_accuracy": 0.3344370860927152,
  "validation_loss": 3.1137754201889036,
  "best_validation_accuracy": 0.3344370860927152,
  "best_validation_loss": 3.1137754201889036
}