{
  "best_epoch": 94,
  "peak_worker_0_memory_MB": 2326.80078125,
  "peak_gpu_0_memory_MB": 69.92529296875,
  "training_duration": "0:00:24.108573",
  "training_start_epoch": 0,
  "training_epochs": 96,
  "epoch": 96,
  "training_accuracy": 0.6293444786625605,
  "training_loss": 1.5503852143883705,
  "training_worker_0_memory_MB": 2326.80078125,
  "training_gpu_0_memory_MB": 69.92529296875,
  "validation_accuracy": 0.7649006622516556,
  "validation_loss": 1.1377758860588074,
  "best_validation_accuracy": 0.7632450331125827,
  "best_validation_loss": 1.1300233602523804
}