{
  "best_epoch": 41,
  "peak_worker_0_memory_MB": 2326.80078125,
  "peak_gpu_0_memory_MB": 69.92529296875,
  "training_duration": "0:00:10.450724",
  "training_start_epoch": 0,
  "training_epochs": 41,
  "epoch": 41,
  "training_accuracy": 0.4714034315882094,
  "training_loss": 2.222134581870503,
  "training_worker_0_memory_MB": 2326.80078125,
  "training_gpu_0_memory_MB": 69.92529296875,
  "validation_accuracy": 0.6490066225165563,
  "validation_loss": 1.8741967797279357,
  "best_validation_accuracy": 0.6490066225165563,
  "best_validation_loss": 1.8741967797279357
}