{
  "best_epoch": 69,
  "peak_worker_0_memory_MB": 2326.80078125,
  "peak_gpu_0_memory_MB": 69.92529296875,
  "training_duration": "0:00:17.405714",
  "training_start_epoch": 0,
  "training_epochs": 69,
  "epoch": 69,
  "training_accuracy": 0.5758908930928288,
  "training_loss": 1.7439274721675448,
  "training_worker_0_memory_MB": 2326.80078125,
  "training_gpu_0_memory_MB": 69.92529296875,
  "validation_accuracy": 0.7334437086092715,
  "validation_loss": 1.3541252374649049,
  "best_validation_accuracy": 0.7334437086092715,
  "best_validation_loss": 1.3541252374649049
}