{
  "best_epoch": 2,
  "peak_worker_0_memory_MB": 2326.80078125,
  "peak_gpu_0_memory_MB": 69.92529296875,
  "training_duration": "0:00:00.745871",
  "training_start_epoch": 0,
  "training_epochs": 2,
  "epoch": 2,
  "training_accuracy": 0.1205455345358557,
  "training_loss": 3.9032422403494516,
  "training_worker_0_memory_MB": 2326.80078125,
  "training_gpu_0_memory_MB": 69.92529296875,
  "validation_accuracy": 0.23344370860927152,
  "validation_loss": 3.776390814781189,
  "best_validation_accuracy": 0.23344370860927152,
  "best_validation_loss": 3.776390814781189
}