{
  "best_epoch": 22,
  "peak_worker_0_memory_MB": 2326.80078125,
  "peak_gpu_0_memory_MB": 69.92529296875,
  "training_duration": "0:00:05.720178",
  "training_start_epoch": 0,
  "training_epochs": 22,
  "epoch": 22,
  "training_accuracy": 0.3240211174659041,
  "training_loss": 2.834669758876165,
  "training_worker_0_memory_MB": 2326.80078125,
  "training_gpu_0_memory_MB": 69.92529296875,
  "validation_accuracy": 0.4685430463576159,
  "validation_loss": 2.557588720321655,
  "best_validation_accuracy": 0.4685430463576159,
  "best_validation_loss": 2.557588720321655
}