{
  "best_epoch": 3,
  "peak_worker_0_memory_MB": 2327.01171875,
  "peak_gpu_0_memory_MB": 69.92529296875,
  "training_duration": "0:00:01.039926",
  "training_start_epoch": 0,
  "training_epochs": 3,
  "epoch": 3,
  "training_accuracy": 0.2710074791025077,
  "training_loss": 3.0551215277777777,
  "training_worker_0_memory_MB": 2327.01171875,
  "training_gpu_0_memory_MB": 69.92529296875,
  "validation_accuracy": 0.3841059602649007,
  "validation_loss": 2.887694811820984,
  "best_validation_accuracy": 0.3841059602649007,
  "best_validation_loss": 2.887694811820984
}