{
  "best_epoch": 22,
  "peak_worker_0_memory_MB": 2327.01171875,
  "peak_gpu_0_memory_MB": 69.92529296875,
  "training_duration": "0:00:06.003490",
  "training_start_epoch": 0,
  "training_epochs": 22,
  "epoch": 22,
  "training_accuracy": 0.895292564892213,
  "training_loss": 0.6496577275296053,
  "training_worker_0_memory_MB": 2327.01171875,
  "training_gpu_0_memory_MB": 69.92529296875,
  "validation_accuracy": 0.7880794701986755,
  "validation_loss": 1.0039883136749268,
  "best_validation_accuracy": 0.7880794701986755,
  "best_validation_loss": 1.0039883136749268
}