{
  "best_epoch": 6,
  "peak_worker_0_memory_MB": 2327.01171875,
  "peak_gpu_0_memory_MB": 69.92529296875,
  "training_duration": "0:00:01.823183",
  "training_start_epoch": 0,
  "training_epochs": 6,
  "epoch": 6,
  "training_accuracy": 0.47866256049274086,
  "training_loss": 2.4373115483257504,
  "training_worker_0_memory_MB": 2327.01171875,
  "training_gpu_0_memory_MB": 69.92529296875,
  "validation_accuracy": 0.5778145695364238,
  "validation_loss": 2.259138584136963,
  "best_validation_accuracy": 0.5778145695364238,
  "best_validation_loss": 2.259138584136963
}