{
  "best_epoch": 33,
  "peak_worker_0_memory_MB": 2326.80078125,
  "peak_gpu_0_memory_MB": 69.92529296875,
  "training_duration": "0:00:08.302712",
  "training_start_epoch": 0,
  "training_epochs": 33,
  "epoch": 33,
  "training_accuracy": 0.7294324681038276,
  "training_loss": 1.3210280454821057,
  "training_worker_0_memory_MB": 2326.80078125,
  "training_gpu_0_memory_MB": 69.92529296875,
  "validation_accuracy": 0.7102649006622517,
  "validation_loss": 1.4692217469215394,
  "best_validation_accuracy": 0.7102649006622517,
  "best_validation_loss": 1.4692217469215394
}