{
  "best_epoch": 35,
  "peak_worker_0_memory_MB": 2326.80078125,
  "peak_gpu_0_memory_MB": 69.92529296875,
  "training_duration": "0:00:08.790382",
  "training_start_epoch": 0,
  "training_epochs": 35,
  "epoch": 35,
  "training_accuracy": 0.7547294324681039,
  "training_loss": 1.2471627617875736,
  "training_worker_0_memory_MB": 2326.80078125,
  "training_gpu_0_memory_MB": 69.92529296875,
  "validation_accuracy": 0.7185430463576159,
  "validation_loss": 1.3898147344589233,
  "best_validation_accuracy": 0.7185430463576159,
  "best_validation_loss": 1.3898147344589233
}