{
  "best_epoch": 10,
  "peak_worker_0_memory_MB": 2326.80078125,
  "peak_gpu_0_memory_MB": 69.92529296875,
  "training_duration": "0:00:02.684801",
  "training_start_epoch": 0,
  "training_epochs": 10,
  "epoch": 10,
  "training_accuracy": 0.32820061592608885,
  "training_loss": 2.8636141419410706,
  "training_worker_0_memory_MB": 2326.80078125,
  "training_gpu_0_memory_MB": 69.92529296875,
  "validation_accuracy": 0.3973509933774834,
  "validation_loss": 2.801129150390625,
  "best_validation_accuracy": 0.3973509933774834,
  "best_validation_loss": 2.801129150390625
}