{
  "best_epoch": 28,
  "peak_worker_0_memory_MB": 2326.80078125,
  "peak_gpu_0_memory_MB": 69.92529296875,
  "training_duration": "0:00:07.081813",
  "training_start_epoch": 0,
  "training_epochs": 28,
  "epoch": 28,
  "training_accuracy": 0.6854377474703036,
  "training_loss": 1.545138467517164,
  "training_worker_0_memory_MB": 2326.80078125,
  "training_gpu_0_memory_MB": 69.92529296875,
  "validation_accuracy": 0.6804635761589404,
  "validation_loss": 1.6490633487701416,
  "best_validation_accuracy": 0.6804635761589404,
  "best_validation_loss": 1.6490633487701416
}