{
  "best_epoch": 18,
  "peak_worker_0_memory_MB": 2327.01171875,
  "peak_gpu_0_memory_MB": 69.92529296875,
  "training_duration": "0:00:05.087567",
  "training_start_epoch": 0,
  "training_epochs": 18,
  "epoch": 18,
  "training_accuracy": 0.9161900571931368,
  "training_loss": 0.5442478923747937,
  "training_worker_0_memory_MB": 2327.01171875,
  "training_gpu_0_memory_MB": 69.92529296875,
  "validation_accuracy": 0.7897350993377483,
  "validation_loss": 0.9574198126792908,
  "best_validation_accuracy": 0.7897350993377483,
  "best_validation_loss": 0.9574198126792908
}