{
  "best_epoch": 8,
  "peak_worker_0_memory_MB": 2327.01171875,
  "peak_gpu_0_memory_MB": 69.92529296875,
  "training_duration": "0:00:02.402440",
  "training_start_epoch": 0,
  "training_epochs": 8,
  "epoch": 8,
  "training_accuracy": 0.6902771667399912,
  "training_loss": 1.624285351898935,
  "training_worker_0_memory_MB": 2327.01171875,
  "training_gpu_0_memory_MB": 69.92529296875,
  "validation_accuracy": 0.7019867549668874,
  "validation_loss": 1.607785701751709,
  "best_validation_accuracy": 0.7019867549668874,
  "best_validation_loss": 1.607785701751709
}