{
  "best_epoch": 5,
  "peak_worker_0_memory_MB": 2317.32421875,
  "peak_gpu_0_memory_MB": 51.12255859375,
  "training_duration": "0:00:08.613009",
  "training_start_epoch": 0,
  "training_epochs": 12,
  "epoch": 12,
  "training_accuracy": 0.8926034266610948,
  "training_loss": 0.39687302277276393,
  "training_worker_0_memory_MB": 2317.32421875,
  "training_gpu_0_memory_MB": 51.12255859375,
  "validation_accuracy": 0.7847682119205298,
  "validation_loss": 1.2217080354690553,
  "best_validation_accuracy": 0.7715231788079471,
  "best_validation_loss": 1.0380054473876954
}