{
  "best_epoch": 19,
  "peak_worker_0_memory_MB": 2328.29296875,
  "peak_gpu_0_memory_MB": 64.7041015625,
  "training_duration": "0:00:05.761355",
  "training_start_epoch": 0,
  "training_epochs": 23,
  "epoch": 23,
  "training_accuracy": 0.9877876937529356,
  "training_loss": 0.07422374817195224,
  "training_worker_0_memory_MB": 2328.29296875,
  "training_gpu_0_memory_MB": 64.7041015625,
  "validation_accuracy": 0.8079470198675497,
  "validation_loss": 0.9379107236862183,
  "best_validation_accuracy": 0.8013245033112583,
  "best_validation_loss": 0.9228820443153382
}