{
  "best_epoch": 56,
  "peak_worker_0_memory_MB": 2330.69921875,
  "peak_gpu_0_memory_MB": 65.09326171875,
  "training_duration": "0:00:17.773385",
  "training_start_epoch": 0,
  "training_epochs": 63,
  "epoch": 63,
  "training_accuracy": 0.9805620608899297,
  "training_loss": 0.11092896909633679,
  "training_worker_0_memory_MB": 2330.69921875,
  "training_gpu_0_memory_MB": 65.09326171875,
  "validation_accuracy": 0.8029801324503312,
  "validation_loss": 0.8854929685592652,
  "best_validation_accuracy": 0.8062913907284768,
  "best_validation_loss": 0.8708191186189651
}