{
  "best_epoch": 31,
  "peak_worker_0_memory_MB": 2330.69921875,
  "peak_gpu_0_memory_MB": 65.09326171875,
  "training_duration": "0:00:09.256391",
  "training_start_epoch": 0,
  "training_epochs": 32,
  "epoch": 32,
  "training_accuracy": 0.927400468384075,
  "training_loss": 0.48468025139908294,
  "training_worker_0_memory_MB": 2330.69921875,
  "training_gpu_0_memory_MB": 65.09326171875,
  "validation_accuracy": 0.7831125827814569,
  "validation_loss": 1.0436120927333832,
  "best_validation_accuracy": 0.7764900662251656,
  "best_validation_loss": 1.0219234704971314
}