{
  "best_epoch": 9,
  "peak_worker_0_memory_MB": 2316.55078125,
  "peak_gpu_0_memory_MB": 62.47802734375,
  "training_duration": "0:00:02.626589",
  "training_start_epoch": 0,
  "training_epochs": 9,
  "epoch": 9,
  "training_accuracy": 0.6868852459016394,
  "training_loss": 1.4722178444933536,
  "training_worker_0_memory_MB": 2316.55078125,
  "training_gpu_0_memory_MB": 62.47802734375,
  "validation_accuracy": 0.7400662251655629,
  "validation_loss": 1.306814706325531,
  "best_validation_accuracy": 0.7400662251655629,
  "best_validation_loss": 1.306814706325531
}