{
  "best_epoch": 7,
  "peak_worker_0_memory_MB": 2316.55078125,
  "peak_gpu_0_memory_MB": 62.47802734375,
  "training_duration": "0:00:02.098455",
  "training_start_epoch": 0,
  "training_epochs": 7,
  "epoch": 7,
  "training_accuracy": 0.6135831381733021,
  "training_loss": 1.7926078607786948,
  "training_worker_0_memory_MB": 2316.55078125,
  "training_gpu_0_memory_MB": 62.47802734375,
  "validation_accuracy": 0.7102649006622517,
  "validation_loss": 1.5256931900978088,
  "best_validation_accuracy": 0.7102649006622517,
  "best_validation_loss": 1.5256931900978088
}