{
  "best_epoch": 40,
  "peak_worker_0_memory_MB": 2331.171875,
  "peak_gpu_0_memory_MB": 65.09326171875,
  "training_duration": "0:00:12.099519",
  "training_start_epoch": 0,
  "training_epochs": 47,
  "epoch": 47,
  "training_accuracy": 0.922248243559719,
  "training_loss": 0.4077431610715923,
  "training_worker_0_memory_MB": 2331.171875,
  "training_gpu_0_memory_MB": 65.09326171875,
  "validation_accuracy": 0.7996688741721855,
  "validation_loss": 0.9122222363948822,
  "best_validation_accuracy": 0.7963576158940397,
  "best_validation_loss": 0.8823729574680328
}