{
  "best_epoch": 36,
  "peak_worker_0_memory_MB": 2331.171875,
  "peak_gpu_0_memory_MB": 65.09326171875,
  "training_duration": "0:00:09.613866",
  "training_start_epoch": 0,
  "training_epochs": 37,
  "epoch": 37,
  "training_accuracy": 0.8887587822014051,
  "training_loss": 0.5747317129106664,
  "training_worker_0_memory_MB": 2331.171875,
  "training_gpu_0_memory_MB": 65.09326171875,
  "validation_accuracy": 0.7913907284768212,
  "validation_loss": 0.9304516315460205,
  "best_validation_accuracy": 0.7897350993377483,
  "best_validation_loss": 0.8995352357625961
}