{
  "best_epoch": 48,
  "peak_worker_0_memory_MB": 2331.171875,
  "peak_gpu_0_memory_MB": 65.09326171875,
  "training_duration": "0:00:13.790140",
  "training_start_epoch": 0,
  "training_epochs": 54,
  "epoch": 54,
  "training_accuracy": 0.927400468384075,
  "training_loss": 0.3632844504135758,
  "training_worker_0_memory_MB": 2331.171875,
  "training_gpu_0_memory_MB": 65.09326171875,
  "validation_accuracy": 0.8096026490066225,
  "validation_loss": 0.8879272401332855,
  "best_validation_accuracy": 0.7980132450331126,
  "best_validation_loss": 0.8749227672815323
}