{
  "best_epoch": 15,
  "peak_worker_0_memory_MB": 2331.171875,
  "peak_gpu_0_memory_MB": 65.09326171875,
  "training_duration": "0:00:04.029424",
  "training_start_epoch": 0,
  "training_epochs": 15,
  "epoch": 15,
  "training_accuracy": 0.7018735362997658,
  "training_loss": 1.4648891384921856,
  "training_worker_0_memory_MB": 2331.171875,
  "training_gpu_0_memory_MB": 65.09326171875,
  "validation_accuracy": 0.7400662251655629,
  "validation_loss": 1.3912762761116029,
  "best_validation_accuracy": 0.7400662251655629,
  "best_validation_loss": 1.3912762761116029
}