{
  "best_epoch": 11,
  "peak_worker_0_memory_MB": 2331.171875,
  "peak_gpu_0_memory_MB": 65.09326171875,
  "training_duration": "0:00:03.037982",
  "training_start_epoch": 0,
  "training_epochs": 11,
  "epoch": 11,
  "training_accuracy": 0.6056206088992975,
  "training_loss": 1.9038390490546155,
  "training_worker_0_memory_MB": 2331.171875,
  "training_gpu_0_memory_MB": 65.09326171875,
  "validation_accuracy": 0.6870860927152318,
  "validation_loss": 1.7128093123435975,
  "best_validation_accuracy": 0.6870860927152318,
  "best_validation_loss": 1.7128093123435975
}