{
  "best_epoch": 30,
  "peak_worker_0_memory_MB": 2299.328125,
  "peak_gpu_0_memory_MB": 43.572265625,
  "training_duration": "0:00:07.284728",
  "training_start_epoch": 0,
  "training_epochs": 30,
  "epoch": 30,
  "training_accuracy": 0.275175644028103,
  "training_loss": 2.862909324133574,
  "training_worker_0_memory_MB": 2299.328125,
  "training_gpu_0_memory_MB": 43.572265625,
  "validation_accuracy": 0.5794701986754967,
  "validation_loss": 2.3281580448150634,
  "best_validation_accuracy": 0.5794701986754967,
  "best_validation_loss": 2.3281580448150634
}