{
  "best_epoch": 77,
  "peak_worker_0_memory_MB": 2299.328125,
  "peak_gpu_0_memory_MB": 43.572265625,
  "training_duration": "0:00:18.670889",
  "training_start_epoch": 0,
  "training_epochs": 79,
  "epoch": 79,
  "training_accuracy": 0.36814988290398126,
  "training_loss": 2.319046892336945,
  "training_worker_0_memory_MB": 2299.328125,
  "training_gpu_0_memory_MB": 43.572265625,
  "validation_accuracy": 0.7086092715231788,
  "validation_loss": 1.597326409816742,
  "best_validation_accuracy": 0.7003311258278145,
  "best_validation_loss": 1.5897079944610595
}