{
  "best_epoch": 26,
  "peak_worker_0_memory_MB": 2299.328125,
  "peak_gpu_0_memory_MB": 43.572265625,
  "training_duration": "0:00:06.376554",
  "training_start_epoch": 0,
  "training_epochs": 26,
  "epoch": 26,
  "training_accuracy": 0.25644028103044497,
  "training_loss": 2.948022038189333,
  "training_worker_0_memory_MB": 2299.328125,
  "training_gpu_0_memory_MB": 43.572265625,
  "validation_accuracy": 0.5447019867549668,
  "validation_loss": 2.443783903121948,
  "best_validation_accuracy": 0.5447019867549668,
  "best_validation_loss": 2.443783903121948
}