{
  "best_epoch": 45,
  "peak_worker_0_memory_MB": 2299.328125,
  "peak_gpu_0_memory_MB": 43.572265625,
  "training_duration": "0:00:10.803525",
  "training_start_epoch": 0,
  "training_epochs": 45,
  "epoch": 45,
  "training_accuracy": 0.3187353629976581,
  "training_loss": 2.5971168653288883,
  "training_worker_0_memory_MB": 2299.328125,
  "training_gpu_0_memory_MB": 43.572265625,
  "validation_accuracy": 0.6473509933774835,
  "validation_loss": 1.9645493268966674,
  "best_validation_accuracy": 0.6473509933774835,
  "best_validation_loss": 1.9645493268966674
}