{
  "best_epoch": 7,
  "peak_worker_0_memory_MB": 2270.7265625,
  "peak_gpu_0_memory_MB": 8.73193359375,
  "training_duration": "0:00:01.121732",
  "training_start_epoch": 0,
  "training_epochs": 7,
  "epoch": 7,
  "training_accuracy": 0.868366067697451,
  "training_loss": 0.697568596193665,
  "training_worker_0_memory_MB": 2270.7265625,
  "training_gpu_0_memory_MB": 8.73193359375,
  "validation_accuracy": 0.8029801324503312,
  "validation_loss": 0.9606505990028381,
  "best_validation_accuracy": 0.8029801324503312,
  "best_validation_loss": 0.9606505990028381
}