{
  "best_epoch": 25,
  "peak_worker_0_memory_MB": 2365.1484375,
  "peak_gpu_0_memory_MB": 89.33056640625,
  "training_duration": "0:00:15.620776",
  "training_start_epoch": 0,
  "training_epochs": 32,
  "epoch": 32,
  "training_accuracy": 0.9932789246279404,
  "training_loss": 0.06453690643756445,
  "training_worker_0_memory_MB": 2365.1484375,
  "training_gpu_0_memory_MB": 89.33056640625,
  "validation_accuracy": 0.8062913907284768,
  "validation_loss": 0.9510941088199616,
  "best_validation_accuracy": 0.8013245033112583,
  "best_validation_loss": 0.8977040678262711
}