{
  "best_epoch": 5,
  "peak_worker_0_memory_MB": 2320.41015625,
  "peak_gpu_0_memory_MB": 54.71142578125,
  "training_duration": "0:00:01.493025",
  "training_start_epoch": 0,
  "training_epochs": 5,
  "epoch": 5,
  "training_accuracy": 0.7679156908665106,
  "training_loss": 1.3250811544816885,
  "training_worker_0_memory_MB": 2320.41015625,
  "training_gpu_0_memory_MB": 54.71142578125,
  "validation_accuracy": 0.7417218543046358,
  "validation_loss": 1.3284720540046693,
  "best_validation_accuracy": 0.7417218543046358,
  "best_validation_loss": 1.3284720540046693
}