{
  "best_epoch": 56,
  "peak_worker_0_memory_MB": 2319.48828125,
  "peak_gpu_0_memory_MB": 51.08984375,
  "training_duration": "0:00:18.119942",
  "training_start_epoch": 0,
  "training_epochs": 64,
  "epoch": 64,
  "training_accuracy": 0.9850117096018736,
  "training_loss": 0.11541825082542291,
  "training_worker_0_memory_MB": 2319.48828125,
  "training_gpu_0_memory_MB": 51.08984375,
  "validation_accuracy": 0.7947019867549668,
  "validation_loss": 0.919185894727707,
  "best_validation_accuracy": 0.7913907284768212,
  "best_validation_loss": 0.8902713894844055
}