{
  "best_epoch": 56,
  "peak_worker_0_memory_MB": 2319.48828125,
  "peak_gpu_0_memory_MB": 51.08984375,
  "training_duration": "0:00:15.945369",
  "training_start_epoch": 0,
  "training_epochs": 56,
  "epoch": 56,
  "training_accuracy": 0.978688524590164,
  "training_loss": 0.16068188434661324,
  "training_worker_0_memory_MB": 2319.48828125,
  "training_gpu_0_memory_MB": 51.08984375,
  "validation_accuracy": 0.7913907284768212,
  "validation_loss": 0.8902713894844055,
  "best_validation_accuracy": 0.7913907284768212,
  "best_validation_loss": 0.8902713894844055
}