{
  "best_epoch": 1,
  "peak_worker_0_memory_MB": 2319.48828125,
  "peak_gpu_0_memory_MB": 51.08984375,
  "training_duration": "0:00:00.552969",
  "training_start_epoch": 0,
  "training_epochs": 1,
  "epoch": 1,
  "training_accuracy": 0.248711943793911,
  "training_loss": 3.7842496117549156,
  "training_worker_0_memory_MB": 2319.48828125,
  "training_gpu_0_memory_MB": 51.08984375,
  "validation_accuracy": 0.32781456953642385,
  "validation_loss": 3.5396618366241457,
  "best_validation_accuracy": 0.32781456953642385,
  "best_validation_loss": 3.5396618366241457
}