{
  "best_epoch": 9,
  "peak_worker_0_memory_MB": 2319.48828125,
  "peak_gpu_0_memory_MB": 51.08984375,
  "training_duration": "0:00:02.868361",
  "training_start_epoch": 0,
  "training_epochs": 9,
  "epoch": 9,
  "training_accuracy": 0.5693208430913349,
  "training_loss": 2.272936853010263,
  "training_worker_0_memory_MB": 2319.48828125,
  "training_gpu_0_memory_MB": 51.08984375,
  "validation_accuracy": 0.6125827814569537,
  "validation_loss": 2.175274336338043,
  "best_validation_accuracy": 0.6125827814569537,
  "best_validation_loss": 2.175274336338043
}