{
  "best_epoch": 48,
  "peak_worker_0_memory_MB": 2319.48828125,
  "peak_gpu_0_memory_MB": 51.08984375,
  "training_duration": "0:00:15.122072",
  "training_start_epoch": 0,
  "training_epochs": 53,
  "epoch": 53,
  "training_accuracy": 0.9723653395784543,
  "training_loss": 0.18389136288593064,
  "training_worker_0_memory_MB": 2319.48828125,
  "training_gpu_0_memory_MB": 51.08984375,
  "validation_accuracy": 0.7913907284768212,
  "validation_loss": 0.9360010504722596,
  "best_validation_accuracy": 0.7880794701986755,
  "best_validation_loss": 0.8998039782047271
}