{
  "best_epoch": 36,
  "peak_worker_0_memory_MB": 2319.48828125,
  "peak_gpu_0_memory_MB": 51.08984375,
  "training_duration": "0:00:10.412267",
  "training_start_epoch": 0,
  "training_epochs": 36,
  "epoch": 36,
  "training_accuracy": 0.9337236533957846,
  "training_loss": 0.4255218412449111,
  "training_worker_0_memory_MB": 2319.48828125,
  "training_gpu_0_memory_MB": 51.08984375,
  "validation_accuracy": 0.7847682119205298,
  "validation_loss": 0.9399994134902954,
  "best_validation_accuracy": 0.7847682119205298,
  "best_validation_loss": 0.9399994134902954
}