{
  "best_epoch": 68,
  "peak_worker_0_memory_MB": 2313.40625,
  "peak_gpu_0_memory_MB": 54.71142578125,
  "training_duration": "0:00:19.650024",
  "training_start_epoch": 0,
  "training_epochs": 69,
  "epoch": 69,
  "training_accuracy": 0.9501170960187354,
  "training_loss": 0.31437950525710834,
  "training_worker_0_memory_MB": 2313.40625,
  "training_gpu_0_memory_MB": 54.71142578125,
  "validation_accuracy": 0.7913907284768212,
  "validation_loss": 0.9573949933052063,
  "best_validation_accuracy": 0.7897350993377483,
  "best_validation_loss": 0.9450022578239441
}