{
  "best_epoch": 24,
  "peak_worker_0_memory_MB": 2313.171875,
  "peak_gpu_0_memory_MB": 54.71142578125,
  "training_duration": "0:00:07.496076",
  "training_start_epoch": 0,
  "training_epochs": 24,
  "epoch": 24,
  "training_accuracy": 0.7074941451990633,
  "training_loss": 1.702027023728214,
  "training_worker_0_memory_MB": 2313.171875,
  "training_gpu_0_memory_MB": 54.71142578125,
  "validation_accuracy": 0.6837748344370861,
  "validation_loss": 1.8084075331687928,
  "best_validation_accuracy": 0.6837748344370861,
  "best_validation_loss": 1.8084075331687928
}