{
  "best_epoch": 37,
  "peak_worker_0_memory_MB": 2313.171875,
  "peak_gpu_0_memory_MB": 54.71142578125,
  "training_duration": "0:00:11.017679",
  "training_start_epoch": 0,
  "training_epochs": 37,
  "epoch": 37,
  "training_accuracy": 0.8484777517564402,
  "training_loss": 0.9886928939107639,
  "training_worker_0_memory_MB": 2313.171875,
  "training_gpu_0_memory_MB": 54.71142578125,
  "validation_accuracy": 0.7466887417218543,
  "validation_loss": 1.294008195400238,
  "best_validation_accuracy": 0.7466887417218543,
  "best_validation_loss": 1.294008195400238
}