{
  "best_epoch": 87,
  "peak_worker_0_memory_MB": 2313.40625,
  "peak_gpu_0_memory_MB": 54.71142578125,
  "training_duration": "0:00:24.473156",
  "training_start_epoch": 0,
  "training_epochs": 87,
  "epoch": 87,
  "training_accuracy": 0.9688524590163935,
  "training_loss": 0.18354275889361082,
  "training_worker_0_memory_MB": 2313.40625,
  "training_gpu_0_memory_MB": 54.71142578125,
  "validation_accuracy": 0.804635761589404,
  "validation_loss": 0.8591046243906021,
  "best_validation_accuracy": 0.804635761589404,
  "best_validation_loss": 0.8591046243906021
}