{
  "best_epoch": 40,
  "peak_worker_0_memory_MB": 2313.171875,
  "peak_gpu_0_memory_MB": 54.71142578125,
  "training_duration": "0:00:11.833985",
  "training_start_epoch": 0,
  "training_epochs": 40,
  "epoch": 40,
  "training_accuracy": 0.8686182669789227,
  "training_loss": 0.8741629524017448,
  "training_worker_0_memory_MB": 2313.171875,
  "training_gpu_0_memory_MB": 54.71142578125,
  "validation_accuracy": 0.7599337748344371,
  "validation_loss": 1.202824330329895,
  "best_validation_accuracy": 0.7599337748344371,
  "best_validation_loss": 1.202824330329895
}