{
  "best_epoch": 72,
  "peak_worker_0_memory_MB": 2313.40625,
  "peak_gpu_0_memory_MB": 54.71142578125,
  "training_duration": "0:00:21.002154",
  "training_start_epoch": 0,
  "training_epochs": 74,
  "epoch": 74,
  "training_accuracy": 0.9559718969555036,
  "training_loss": 0.267429662062161,
  "training_worker_0_memory_MB": 2313.40625,
  "training_gpu_0_memory_MB": 54.71142578125,
  "validation_accuracy": 0.7980132450331126,
  "validation_loss": 0.912155830860138,
  "best_validation_accuracy": 0.7947019867549668,
  "best_validation_loss": 0.9063368916511536
}