{
  "best_epoch": 56,
  "peak_worker_0_memory_MB": 2313.171875,
  "peak_gpu_0_memory_MB": 54.71142578125,
  "training_duration": "0:00:16.943664",
  "training_start_epoch": 0,
  "training_epochs": 59,
  "epoch": 59,
  "training_accuracy": 0.9360655737704918,
  "training_loss": 0.4334053610687825,
  "training_worker_0_memory_MB": 2313.171875,
  "training_gpu_0_memory_MB": 54.71142578125,
  "validation_accuracy": 0.7814569536423841,
  "validation_loss": 0.9905609369277955,
  "best_validation_accuracy": 0.7798013245033113,
  "best_validation_loss": 0.9869588077068329
}