{
  "best_epoch": 70,
  "peak_worker_0_memory_MB": 2313.40625,
  "peak_gpu_0_memory_MB": 54.71142578125,
  "training_duration": "0:00:19.928437",
  "training_start_epoch": 0,
  "training_epochs": 70,
  "epoch": 70,
  "training_accuracy": 0.9498829039812646,
  "training_loss": 0.3038907266819655,
  "training_worker_0_memory_MB": 2313.40625,
  "training_gpu_0_memory_MB": 54.71142578125,
  "validation_accuracy": 0.793046357615894,
  "validation_loss": 0.9342848896980286,
  "best_validation_accuracy": 0.793046357615894,
  "best_validation_loss": 0.9342848896980286
}