{
  "best_epoch": 61,
  "peak_worker_0_memory_MB": 2313.171875,
  "peak_gpu_0_memory_MB": 54.71142578125,
  "training_duration": "0:00:17.762871",
  "training_start_epoch": 0,
  "training_epochs": 62,
  "epoch": 62,
  "training_accuracy": 0.9405152224824356,
  "training_loss": 0.3934584317812279,
  "training_worker_0_memory_MB": 2313.171875,
  "training_gpu_0_memory_MB": 54.71142578125,
  "validation_accuracy": 0.7847682119205298,
  "validation_loss": 0.9609947025775909,
  "best_validation_accuracy": 0.7847682119205298,
  "best_validation_loss": 0.9542990684509277
}