{
  "best_epoch": 75,
  "peak_worker_0_memory_MB": 2313.40625,
  "peak_gpu_0_memory_MB": 54.71142578125,
  "training_duration": "0:00:21.545479",
  "training_start_epoch": 0,
  "training_epochs": 76,
  "epoch": 76,
  "training_accuracy": 0.9569086651053864,
  "training_loss": 0.2518507156576683,
  "training_worker_0_memory_MB": 2313.40625,
  "training_gpu_0_memory_MB": 54.71142578125,
  "validation_accuracy": 0.8013245033112583,
  "validation_loss": 0.9391053795814515,
  "best_validation_accuracy": 0.7996688741721855,
  "best_validation_loss": 0.9055105566978454
}