{
  "best_epoch": 1,
  "peak_worker_0_memory_MB": 2289.3359375,
  "peak_gpu_0_memory_MB": 49.984375,
  "training_duration": "0:00:04.839975",
  "training_start_epoch": 0,
  "training_epochs": 6,
  "epoch": 6,
  "training_accuracy": 0.824905975762641,
  "training_loss": 0.9189017454260274,
  "training_worker_0_memory_MB": 2289.3359375,
  "training_gpu_0_memory_MB": 49.984375,
  "validation_accuracy": 0.7632450331125827,
  "validation_loss": 1.8139674186706543,
  "best_validation_accuracy": 0.7384105960264901,
  "best_validation_loss": 1.205761593580246
}