{
  "best_epoch": 11,
  "peak_worker_0_memory_MB": 2328.29296875,
  "peak_gpu_0_memory_MB": 64.7041015625,
  "training_duration": "0:00:04.260759",
  "training_start_epoch": 0,
  "training_epochs": 15,
  "epoch": 15,
  "training_accuracy": 0.9675904180366369,
  "training_loss": 0.17372264056953032,
  "training_worker_0_memory_MB": 2328.29296875,
  "training_gpu_0_memory_MB": 64.7041015625,
  "validation_accuracy": 0.8079470198675497,
  "validation_loss": 0.939149659872055,
  "best_validation_accuracy": 0.7996688741721855,
  "best_validation_loss": 0.9279717266559601
}