{
  "best_epoch": 11,
  "peak_worker_0_memory_MB": 2269.703125,
  "peak_gpu_0_memory_MB": 15.416015625,
  "training_duration": "0:00:01.545596",
  "training_start_epoch": 0,
  "training_epochs": 17,
  "epoch": 17,
  "training_accuracy": 0.8788121990369181,
  "training_loss": 0.31177020594477656,
  "training_worker_0_memory_MB": 2269.703125,
  "training_gpu_0_memory_MB": 15.416015625,
  "validation_accuracy": 0.8129139072847682,
  "validation_loss": 1.1401169836521148,
  "best_validation_accuracy": 0.8112582781456954,
  "best_validation_loss": 1.0720758736133575
}