{
  "best_epoch": 8,
  "peak_worker_0_memory_MB": 2271.57421875,
  "peak_gpu_0_memory_MB": 15.515625,
  "training_duration": "0:00:00.912205",
  "training_start_epoch": 0,
  "training_epochs": 10,
  "epoch": 10,
  "training_accuracy": 0.877207062600321,
  "training_loss": 0.43516450077295304,
  "training_worker_0_memory_MB": 2271.57421875,
  "training_gpu_0_memory_MB": 15.515625,
  "validation_accuracy": 0.8228476821192053,
  "validation_loss": 1.1833242356777192,
  "best_validation_accuracy": 0.8178807947019867,
  "best_validation_loss": 1.1657903730869292
}