{
  "best_epoch": 4,
  "peak_worker_0_memory_MB": 2271.57421875,
  "peak_gpu_0_memory_MB": 15.515625,
  "training_duration": "0:00:00.413067",
  "training_start_epoch": 0,
  "training_epochs": 4,
  "epoch": 4,
  "training_accuracy": 0.7319422150882825,
  "training_loss": 1.4873568415641785,
  "training_worker_0_memory_MB": 2271.57421875,
  "training_gpu_0_memory_MB": 15.515625,
  "validation_accuracy": 0.7913907284768212,
  "validation_loss": 1.4584855794906617,
  "best_validation_accuracy": 0.7913907284768212,
  "best_validation_loss": 1.4584855794906617
}