{
  "best_epoch": 7,
  "peak_worker_0_memory_MB": 2328.29296875,
  "peak_gpu_0_memory_MB": 64.7041015625,
  "training_duration": "0:00:02.769447",
  "training_start_epoch": 0,
  "training_epochs": 9,
  "epoch": 9,
  "training_accuracy": 0.973696571160169,
  "training_loss": 0.13261543153159655,
  "training_worker_0_memory_MB": 2328.29296875,
  "training_gpu_0_memory_MB": 64.7041015625,
  "validation_accuracy": 0.8029801324503312,
  "validation_loss": 0.9753183841705322,
  "best_validation_accuracy": 0.8029801324503312,
  "best_validation_loss": 0.9464790463447571
}