{
  "best_epoch": 5,
  "peak_worker_0_memory_MB": 2328.29296875,
  "peak_gpu_0_memory_MB": 64.7041015625,
  "training_duration": "0:00:01.662563",
  "training_start_epoch": 0,
  "training_epochs": 5,
  "epoch": 5,
  "training_accuracy": 0.9363550962893377,
  "training_loss": 0.35973656844736923,
  "training_worker_0_memory_MB": 2328.29296875,
  "training_gpu_0_memory_MB": 64.7041015625,
  "validation_accuracy": 0.7996688741721855,
  "validation_loss": 0.9650605916976929,
  "best_validation_accuracy": 0.7996688741721855,
  "best_validation_loss": 0.9650605916976929
}