{
  "best_epoch": 5,
  "peak_worker_0_memory_MB": 2285.74609375,
  "peak_gpu_0_memory_MB": 49.984375,
  "training_duration": "0:00:03.942497",
  "training_start_epoch": 0,
  "training_epochs": 5,
  "epoch": 5,
  "training_accuracy": 0.6096949435854576,
  "training_loss": 1.7171166758788259,
  "training_worker_0_memory_MB": 2285.74609375,
  "training_gpu_0_memory_MB": 49.984375,
  "validation_accuracy": 0.6688741721854304,
  "validation_loss": 1.5473060011863708,
  "best_validation_accuracy": 0.6688741721854304,
  "best_validation_loss": 1.5473060011863708
}