{
  "best_epoch": 11,
  "peak_worker_0_memory_MB": 2285.74609375,
  "peak_gpu_0_memory_MB": 49.984375,
  "training_duration": "0:00:07.884954",
  "training_start_epoch": 0,
  "training_epochs": 11,
  "epoch": 11,
  "training_accuracy": 0.8424571667363142,
  "training_loss": 0.657713170898588,
  "training_worker_0_memory_MB": 2285.74609375,
  "training_gpu_0_memory_MB": 49.984375,
  "validation_accuracy": 0.7748344370860927,
  "validation_loss": 1.106167995929718,
  "best_validation_accuracy": 0.7748344370860927,
  "best_validation_loss": 1.106167995929718
}