{
  "best_epoch": 11,
  "peak_worker_0_memory_MB": 2285.74609375,
  "peak_gpu_0_memory_MB": 49.984375,
  "training_duration": "0:00:13.752886",
  "training_start_epoch": 0,
  "training_epochs": 20,
  "epoch": 20,
  "training_accuracy": 0.9281236941078145,
  "training_loss": 0.25838140221802813,
  "training_worker_0_memory_MB": 2285.74609375,
  "training_gpu_0_memory_MB": 49.984375,
  "validation_accuracy": 0.7831125827814569,
  "validation_loss": 1.2512738347053527,
  "best_validation_accuracy": 0.7748344370860927,
  "best_validation_loss": 1.106167995929718
}