{
  "best_epoch": 4,
  "peak_worker_0_memory_MB": 2270.7265625,
  "peak_gpu_0_memory_MB": 8.73193359375,
  "training_duration": "0:00:00.705470",
  "training_start_epoch": 0,
  "training_epochs": 4,
  "epoch": 4,
  "training_accuracy": 0.6548265775177602,
  "training_loss": 1.9341423731101186,
  "training_worker_0_memory_MB": 2270.7265625,
  "training_gpu_0_memory_MB": 8.73193359375,
  "validation_accuracy": 0.6903973509933775,
  "validation_loss": 1.8715842723846436,
  "best_validation_accuracy": 0.6903973509933775,
  "best_validation_loss": 1.8715842723846436
}