{
  "best_epoch": 16,
  "peak_worker_0_memory_MB": 2317.36328125,
  "peak_gpu_0_memory_MB": 51.4853515625,
  "training_duration": "0:00:05.559672",
  "training_start_epoch": 0,
  "training_epochs": 20,
  "epoch": 20,
  "training_accuracy": 0.9861826697892272,
  "training_loss": 0.08397808587595598,
  "training_worker_0_memory_MB": 2317.36328125,
  "training_gpu_0_memory_MB": 51.4853515625,
  "validation_accuracy": 0.804635761589404,
  "validation_loss": 0.9103337585926056,
  "best_validation_accuracy": 0.8029801324503312,
  "best_validation_loss": 0.8810290038585663
}