{
  "best_epoch": 16,
  "peak_worker_0_memory_MB": 2317.36328125,
  "peak_gpu_0_memory_MB": 51.4853515625,
  "training_duration": "0:00:05.290079",
  "training_start_epoch": 0,
  "training_epochs": 19,
  "epoch": 19,
  "training_accuracy": 0.9852459016393442,
  "training_loss": 0.0923009212337323,
  "training_worker_0_memory_MB": 2317.36328125,
  "training_gpu_0_memory_MB": 51.4853515625,
  "validation_accuracy": 0.8062913907284768,
  "validation_loss": 0.9342909932136536,
  "best_validation_accuracy": 0.8029801324503312,
  "best_validation_loss": 0.8810290038585663
}