{
  "best_epoch": 15,
  "peak_worker_0_memory_MB": 2317.36328125,
  "peak_gpu_0_memory_MB": 51.4853515625,
  "training_duration": "0:00:11.539827",
  "training_start_epoch": 0,
  "training_epochs": 15,
  "epoch": 15,
  "training_accuracy": 0.6566744730679157,
  "training_loss": 1.9159167222122648,
  "training_worker_0_memory_MB": 2317.36328125,
  "training_gpu_0_memory_MB": 51.4853515625,
  "validation_accuracy": 0.6655629139072847,
  "validation_loss": 1.959867012500763,
  "best_validation_accuracy": 0.6655629139072847,
  "best_validation_loss": 1.959867012500763
}