{
  "best_epoch": 27,
  "peak_worker_0_memory_MB": 2328.29296875,
  "peak_gpu_0_memory_MB": 64.7041015625,
  "training_duration": "0:00:07.687865",
  "training_start_epoch": 0,
  "training_epochs": 31,
  "epoch": 31,
  "training_accuracy": 0.9520901831845937,
  "training_loss": 0.31243965207640806,
  "training_worker_0_memory_MB": 2328.29296875,
  "training_gpu_0_memory_MB": 64.7041015625,
  "validation_accuracy": 0.7980132450331126,
  "validation_loss": 0.9628001928329468,
  "best_validation_accuracy": 0.7947019867549668,
  "best_validation_loss": 0.9594226717948914
}