{
  "best_epoch": 44,
  "peak_worker_0_memory_MB": 2328.29296875,
  "peak_gpu_0_memory_MB": 64.7041015625,
  "training_duration": "0:00:11.294833",
  "training_start_epoch": 0,
  "training_epochs": 46,
  "epoch": 46,
  "training_accuracy": 0.9715829027712541,
  "training_loss": 0.15838412456770443,
  "training_worker_0_memory_MB": 2328.29296875,
  "training_gpu_0_memory_MB": 64.7041015625,
  "validation_accuracy": 0.8013245033112583,
  "validation_loss": 0.9411418914794922,
  "best_validation_accuracy": 0.804635761589404,
  "best_validation_loss": 0.9288651496171951
}