{
  "best_epoch": 5,
  "peak_worker_0_memory_MB": 2317.984375,
  "peak_gpu_0_memory_MB": 51.84521484375,
  "training_duration": "0:00:01.679232",
  "training_start_epoch": 0,
  "training_epochs": 5,
  "epoch": 5,
  "training_accuracy": 0.6105307145842039,
  "training_loss": 1.90798156512411,
  "training_worker_0_memory_MB": 2317.984375,
  "training_gpu_0_memory_MB": 51.84521484375,
  "validation_accuracy": 0.6605960264900662,
  "validation_loss": 1.7511958718299865,
  "best_validation_accuracy": 0.6605960264900662,
  "best_validation_loss": 1.7511958718299865
}