{
  "best_epoch": 0,
  "peak_worker_0_memory_MB": 2317.984375,
  "peak_gpu_0_memory_MB": 51.84521484375,
  "training_duration": "0:00:00.268672",
  "training_start_epoch": 0,
  "training_epochs": 0,
  "epoch": 0,
  "training_accuracy": 0.057668198913497705,
  "training_loss": 4.165492760507684,
  "training_worker_0_memory_MB": 2317.984375,
  "training_gpu_0_memory_MB": 51.84521484375,
  "validation_accuracy": 0.16887417218543047,
  "validation_loss": 4.02637746334076,
  "best_validation_accuracy": 0.16887417218543047,
  "best_validation_loss": 4.02637746334076
}