{
  "best_epoch": 37,
  "peak_worker_0_memory_MB": 2327.01171875,
  "peak_gpu_0_memory_MB": 69.92529296875,
  "training_duration": "0:00:10.546889",
  "training_start_epoch": 0,
  "training_epochs": 41,
  "epoch": 41,
  "training_accuracy": 0.9727232732072152,
  "training_loss": 0.1698339281914135,
  "training_worker_0_memory_MB": 2327.01171875,
  "training_gpu_0_memory_MB": 69.92529296875,
  "validation_accuracy": 0.7963576158940397,
  "validation_loss": 0.9367248356342316,
  "best_validation_accuracy": 0.8029801324503312,
  "best_validation_loss": 0.8968846797943115
}