{
  "best_epoch": 21,
  "peak_worker_0_memory_MB": 2327.01171875,
  "peak_gpu_0_memory_MB": 69.92529296875,
  "training_duration": "0:00:05.519385",
  "training_start_epoch": 0,
  "training_epochs": 21,
  "epoch": 21,
  "training_accuracy": 0.9049714034315882,
  "training_loss": 0.5577862953974141,
  "training_worker_0_memory_MB": 2327.01171875,
  "training_gpu_0_memory_MB": 69.92529296875,
  "validation_accuracy": 0.7847682119205298,
  "validation_loss": 1.0030353903770446,
  "best_validation_accuracy": 0.7847682119205298,
  "best_validation_loss": 1.0030353903770446
}