{
  "best_epoch": 45,
  "peak_worker_0_memory_MB": 2327.01171875,
  "peak_gpu_0_memory_MB": 69.92529296875,
  "training_duration": "0:00:11.802378",
  "training_start_epoch": 0,
  "training_epochs": 46,
  "epoch": 46,
  "training_accuracy": 0.9731632204135504,
  "training_loss": 0.1429962621251535,
  "training_worker_0_memory_MB": 2327.01171875,
  "training_gpu_0_memory_MB": 69.92529296875,
  "validation_accuracy": 0.7980132450331126,
  "validation_loss": 0.9010811656713485,
  "best_validation_accuracy": 0.8013245033112583,
  "best_validation_loss": 0.8956942468881607
}