{
  "best_epoch": 5,
  "peak_worker_0_memory_MB": 2271.57421875,
  "peak_gpu_0_memory_MB": 15.515625,
  "training_duration": "0:00:00.478198",
  "training_start_epoch": 0,
  "training_epochs": 5,
  "epoch": 5,
  "training_accuracy": 0.2913322632423756,
  "training_loss": 3.489994132518768,
  "training_worker_0_memory_MB": 2271.57421875,
  "training_gpu_0_memory_MB": 15.515625,
  "validation_accuracy": 0.5066225165562914,
  "validation_loss": 3.3072526454925537,
  "best_validation_accuracy": 0.5066225165562914,
  "best_validation_loss": 3.3072526454925537
}