{
  "best_epoch": 13,
  "peak_worker_0_memory_MB": 2313.4765625,
  "peak_gpu_0_memory_MB": 54.728515625,
  "training_duration": "0:00:02.767516",
  "training_start_epoch": 0,
  "training_epochs": 13,
  "epoch": 13,
  "training_accuracy": 0.8544173759906075,
  "training_loss": 0.9282979600959353,
  "training_worker_0_memory_MB": 2313.4765625,
  "training_gpu_0_memory_MB": 54.728515625,
  "validation_accuracy": 0.7549668874172185,
  "validation_loss": 1.2833195805549622,
  "best_validation_accuracy": 0.7549668874172185,
  "best_validation_loss": 1.2833195805549622
}