{
  "best_epoch": 17,
  "peak_worker_0_memory_MB": 2313.4765625,
  "peak_gpu_0_memory_MB": 54.728515625,
  "training_duration": "0:00:03.561493",
  "training_start_epoch": 0,
  "training_epochs": 17,
  "epoch": 17,
  "training_accuracy": 0.9043146463164073,
  "training_loss": 0.6135624062131952,
  "training_worker_0_memory_MB": 2313.4765625,
  "training_gpu_0_memory_MB": 54.728515625,
  "validation_accuracy": 0.7764900662251656,
  "validation_loss": 1.084005981683731,
  "best_validation_accuracy": 0.7764900662251656,
  "best_validation_loss": 1.084005981683731
}