{
  "best_epoch": 26,
  "peak_worker_0_memory_MB": 2319.46875,
  "peak_gpu_0_memory_MB": 51.08984375,
  "training_duration": "0:00:07.283122",
  "training_start_epoch": 0,
  "training_epochs": 26,
  "epoch": 26,
  "training_accuracy": 0.6587822014051522,
  "training_loss": 1.3847409549044138,
  "training_worker_0_memory_MB": 2319.46875,
  "training_gpu_0_memory_MB": 51.08984375,
  "validation_accuracy": 0.7715231788079471,
  "validation_loss": 0.9961223363876343,
  "best_validation_accuracy": 0.7715231788079471,
  "best_validation_loss": 0.9961223363876343
}