{
  "best_epoch": 48,
  "peak_worker_0_memory_MB": 2319.46875,
  "peak_gpu_0_memory_MB": 51.08984375,
  "training_duration": "0:00:14.826763",
  "training_start_epoch": 0,
  "training_epochs": 54,
  "epoch": 54,
  "training_accuracy": 0.7608899297423888,
  "training_loss": 0.9245176582194087,
  "training_worker_0_memory_MB": 2319.46875,
  "training_gpu_0_memory_MB": 51.08984375,
  "validation_accuracy": 0.7947019867549668,
  "validation_loss": 0.8928870260715485,
  "best_validation_accuracy": 0.7880794701986755,
  "best_validation_loss": 0.8898553729057312
}