{
  "best_epoch": 61,
  "peak_worker_0_memory_MB": 2319.46875,
  "peak_gpu_0_memory_MB": 51.08984375,
  "training_duration": "0:00:17.482605",
  "training_start_epoch": 0,
  "training_epochs": 64,
  "epoch": 64,
  "training_accuracy": 0.7756440281030444,
  "training_loss": 0.8405779110851572,
  "training_worker_0_memory_MB": 2319.46875,
  "training_gpu_0_memory_MB": 51.08984375,
  "validation_accuracy": 0.793046357615894,
  "validation_loss": 0.8969771325588226,
  "best_validation_accuracy": 0.7913907284768212,
  "best_validation_loss": 0.8689467340707779
}