{
  "best_epoch": 29,
  "peak_worker_0_memory_MB": 2319.46875,
  "peak_gpu_0_memory_MB": 51.08984375,
  "training_duration": "0:00:08.079544",
  "training_start_epoch": 0,
  "training_epochs": 29,
  "epoch": 29,
  "training_accuracy": 0.6817330210772834,
  "training_loss": 1.2997899535876603,
  "training_worker_0_memory_MB": 2319.46875,
  "training_gpu_0_memory_MB": 51.08984375,
  "validation_accuracy": 0.7814569536423841,
  "validation_loss": 0.9828328967094422,
  "best_validation_accuracy": 0.7814569536423841,
  "best_validation_loss": 0.9828328967094422
}