{
  "best_epoch": 8,
  "peak_worker_0_memory_MB": 2319.46875,
  "peak_gpu_0_memory_MB": 51.08984375,
  "training_duration": "0:00:02.430267",
  "training_start_epoch": 0,
  "training_epochs": 8,
  "epoch": 8,
  "training_accuracy": 0.42833723653395783,
  "training_loss": 2.465275750231387,
  "training_worker_0_memory_MB": 2319.46875,
  "training_gpu_0_memory_MB": 51.08984375,
  "validation_accuracy": 0.6390728476821192,
  "validation_loss": 1.942318892478943,
  "best_validation_accuracy": 0.6390728476821192,
  "best_validation_loss": 1.942318892478943
}