{
  "best_epoch": 48,
  "peak_worker_0_memory_MB": 2319.46875,
  "peak_gpu_0_memory_MB": 51.08984375,
  "training_duration": "0:00:14.043813",
  "training_start_epoch": 0,
  "training_epochs": 51,
  "epoch": 51,
  "training_accuracy": 0.7515222482435597,
  "training_loss": 0.9552629421006388,
  "training_worker_0_memory_MB": 2319.46875,
  "training_gpu_0_memory_MB": 51.08984375,
  "validation_accuracy": 0.7897350993377483,
  "validation_loss": 0.9237403184175491,
  "best_validation_accuracy": 0.7880794701986755,
  "best_validation_loss": 0.8898553729057312
}