{
  "best_epoch": 46,
  "peak_worker_0_memory_MB": 2370.390625,
  "peak_gpu_0_memory_MB": 89.33056640625,
  "training_duration": "0:00:24.670170",
  "training_start_epoch": 0,
  "training_epochs": 49,
  "epoch": 49,
  "training_accuracy": 0.8810609697551608,
  "training_loss": 0.5024911870483224,
  "training_worker_0_memory_MB": 2370.390625,
  "training_gpu_0_memory_MB": 89.33056640625,
  "validation_accuracy": 0.7980132450331126,
  "validation_loss": 0.9142840325832366,
  "best_validation_accuracy": 0.7963576158940397,
  "best_validation_loss": 0.8868292450904847
}