{
  "best_epoch": 15,
  "peak_worker_0_memory_MB": 2370.390625,
  "peak_gpu_0_memory_MB": 89.33056640625,
  "training_duration": "0:00:07.926242",
  "training_start_epoch": 0,
  "training_epochs": 15,
  "epoch": 15,
  "training_accuracy": 0.6319011041766682,
  "training_loss": 1.6240984701928292,
  "training_worker_0_memory_MB": 2370.390625,
  "training_gpu_0_memory_MB": 89.33056640625,
  "validation_accuracy": 0.7533112582781457,
  "validation_loss": 1.1606192708015441,
  "best_validation_accuracy": 0.7533112582781457,
  "best_validation_loss": 1.1606192708015441
}