{
  "best_epoch": 37,
  "peak_worker_0_memory_MB": 2370.390625,
  "peak_gpu_0_memory_MB": 89.33056640625,
  "training_duration": "0:00:21.235712",
  "training_start_epoch": 0,
  "training_epochs": 42,
  "epoch": 42,
  "training_accuracy": 0.8550168026884302,
  "training_loss": 0.6127041387193985,
  "training_worker_0_memory_MB": 2370.390625,
  "training_gpu_0_memory_MB": 89.33056640625,
  "validation_accuracy": 0.7963576158940397,
  "validation_loss": 0.9683340519666672,
  "best_validation_accuracy": 0.7913907284768212,
  "best_validation_loss": 0.8877936154603958
}