{
  "best_epoch": 8,
  "peak_worker_0_memory_MB": 2370.390625,
  "peak_gpu_0_memory_MB": 89.33056640625,
  "training_duration": "0:00:04.448472",
  "training_start_epoch": 0,
  "training_epochs": 8,
  "epoch": 8,
  "training_accuracy": 0.4773163706192991,
  "training_loss": 2.4340056344753003,
  "training_worker_0_memory_MB": 2370.390625,
  "training_gpu_0_memory_MB": 89.33056640625,
  "validation_accuracy": 0.6937086092715232,
  "validation_loss": 1.7542876601219177,
  "best_validation_accuracy": 0.6937086092715232,
  "best_validation_loss": 1.7542876601219177
}