{
  "best_epoch": 5,
  "peak_worker_0_memory_MB": 2294.54296875,
  "peak_gpu_0_memory_MB": 50.91064453125,
  "training_duration": "0:00:08.587706",
  "training_start_epoch": 0,
  "training_epochs": 12,
  "epoch": 12,
  "training_accuracy": 0.951525282072712,
  "training_loss": 0.15779103034813152,
  "training_worker_0_memory_MB": 2294.54296875,
  "training_gpu_0_memory_MB": 50.91064453125,
  "validation_accuracy": 0.7847682119205298,
  "validation_loss": 1.4243723154067993,
  "best_validation_accuracy": 0.7582781456953642,
  "best_validation_loss": 1.1496426343917847
}