{
  "best_epoch": 5,
  "peak_worker_0_memory_MB": 2294.54296875,
  "peak_gpu_0_memory_MB": 50.91064453125,
  "training_duration": "0:00:06.600064",
  "training_start_epoch": 0,
  "training_epochs": 9,
  "epoch": 9,
  "training_accuracy": 0.9256163811115754,
  "training_loss": 0.2773491001050723,
  "training_worker_0_memory_MB": 2294.54296875,
  "training_gpu_0_memory_MB": 50.91064453125,
  "validation_accuracy": 0.7831125827814569,
  "validation_loss": 1.3278553068637848,
  "best_validation_accuracy": 0.7582781456953642,
  "best_validation_loss": 1.1496426343917847
}