{
  "best_epoch": 21,
  "peak_worker_0_memory_MB": 2316.30078125,
  "peak_gpu_0_memory_MB": 62.47802734375,
  "training_duration": "0:00:06.748672",
  "training_start_epoch": 0,
  "training_epochs": 22,
  "epoch": 22,
  "training_accuracy": 0.9552693208430914,
  "training_loss": 0.2907592829928469,
  "training_worker_0_memory_MB": 2316.30078125,
  "training_gpu_0_memory_MB": 62.47802734375,
  "validation_accuracy": 0.7913907284768212,
  "validation_loss": 0.9320833742618561,
  "best_validation_accuracy": 0.7897350993377483,
  "best_validation_loss": 0.9081979095935822
}