{
  "best_epoch": 10,
  "peak_worker_0_memory_MB": 2312.75390625,
  "peak_gpu_0_memory_MB": 51.84521484375,
  "training_duration": "0:00:02.902181",
  "training_start_epoch": 0,
  "training_epochs": 11,
  "epoch": 11,
  "training_accuracy": 0.873380693689929,
  "training_loss": 0.5157194804204138,
  "training_worker_0_memory_MB": 2312.75390625,
  "training_gpu_0_memory_MB": 51.84521484375,
  "validation_accuracy": 0.7980132450331126,
  "validation_loss": 1.0239670753479004,
  "best_validation_accuracy": 0.793046357615894,
  "best_validation_loss": 0.9965126514434814
}