{
  "best_epoch": 5,
  "peak_worker_0_memory_MB": 2273.13671875,
  "peak_gpu_0_memory_MB": 15.416015625,
  "training_duration": "0:00:01.015170",
  "training_start_epoch": 0,
  "training_epochs": 11,
  "epoch": 11,
  "training_accuracy": 0.8667736757624398,
  "training_loss": 0.3075284704566002,
  "training_worker_0_memory_MB": 2273.13671875,
  "training_gpu_0_memory_MB": 15.416015625,
  "validation_accuracy": 0.7119205298013245,
  "validation_loss": 1.1702416598796845,
  "best_validation_accuracy": 0.8245033112582781,
  "best_validation_loss": 1.083209615945816
}