{
  "best_epoch": 10,
  "peak_worker_0_memory_MB": 2268.36328125,
  "peak_gpu_0_memory_MB": 8.73193359375,
  "training_duration": "0:00:01.831432",
  "training_start_epoch": 0,
  "training_epochs": 13,
  "epoch": 13,
  "training_accuracy": 0.9089009611366485,
  "training_loss": 0.37703964074975566,
  "training_worker_0_memory_MB": 2268.36328125,
  "training_gpu_0_memory_MB": 8.73193359375,
  "validation_accuracy": 0.8261589403973509,
  "validation_loss": 0.872406953573227,
  "best_validation_accuracy": 0.8311258278145696,
  "best_validation_loss": 0.8381704151630401
}