{
  "best_epoch": 10,
  "peak_worker_0_memory_MB": 2269.69921875,
  "peak_gpu_0_memory_MB": 8.73193359375,
  "training_duration": "0:00:01.893974",
  "training_start_epoch": 0,
  "training_epochs": 13,
  "epoch": 13,
  "training_accuracy": 0.9047221061429168,
  "training_loss": 0.407227414219003,
  "training_worker_0_memory_MB": 2269.69921875,
  "training_gpu_0_memory_MB": 8.73193359375,
  "validation_accuracy": 0.8294701986754967,
  "validation_loss": 0.8853965699672699,
  "best_validation_accuracy": 0.8294701986754967,
  "best_validation_loss": 0.8567553728818893
}