{
  "best_epoch": 4,
  "peak_worker_0_memory_MB": 2311.1015625,
  "peak_gpu_0_memory_MB": 43.572265625,
  "training_duration": "0:00:02.560688",
  "training_start_epoch": 0,
  "training_epochs": 9,
  "epoch": 9,
  "training_accuracy": 0.9915690866510538,
  "training_loss": 0.0618886386892244,
  "training_worker_0_memory_MB": 2311.1015625,
  "training_gpu_0_memory_MB": 43.572265625,
  "validation_accuracy": 0.7963576158940397,
  "validation_loss": 0.9544864416122436,
  "best_validation_accuracy": 0.7913907284768212,
  "best_validation_loss": 0.8731430754065513
}