{
  "best_epoch": 4,
  "peak_worker_0_memory_MB": 2311.1015625,
  "peak_gpu_0_memory_MB": 43.572265625,
  "training_duration": "0:00:03.585905",
  "training_start_epoch": 0,
  "training_epochs": 13,
  "epoch": 13,
  "training_accuracy": 0.9962529274004683,
  "training_loss": 0.02860017585109419,
  "training_worker_0_memory_MB": 2311.1015625,
  "training_gpu_0_memory_MB": 43.572265625,
  "validation_accuracy": 0.793046357615894,
  "validation_loss": 1.0113502264022827,
  "best_validation_accuracy": 0.7913907284768212,
  "best_validation_loss": 0.8731430754065513
}