{
  "best_epoch": 3,
  "peak_worker_0_memory_MB": 2268.359375,
  "peak_gpu_0_memory_MB": 8.73193359375,
  "training_duration": "0:00:00.605895",
  "training_start_epoch": 0,
  "training_epochs": 3,
  "epoch": 3,
  "training_accuracy": 0.6251567070622649,
  "training_loss": 2.012934320851376,
  "training_worker_0_memory_MB": 2268.359375,
  "training_gpu_0_memory_MB": 8.73193359375,
  "validation_accuracy": 0.6821192052980133,
  "validation_loss": 1.8819202303886413,
  "best_validation_accuracy": 0.6821192052980133,
  "best_validation_loss": 1.8819202303886413
}