{
  "best_epoch": 11,
  "peak_worker_0_memory_MB": 2268.359375,
  "peak_gpu_0_memory_MB": 8.73193359375,
  "training_duration": "0:00:01.855142",
  "training_start_epoch": 0,
  "training_epochs": 12,
  "epoch": 12,
  "training_accuracy": 0.8817384036773924,
  "training_loss": 0.599055785097574,
  "training_worker_0_memory_MB": 2268.359375,
  "training_gpu_0_memory_MB": 8.73193359375,
  "validation_accuracy": 0.8178807947019867,
  "validation_loss": 0.9577266991138458,
  "best_validation_accuracy": 0.8129139072847682,
  "best_validation_loss": 0.9487363576889039
}