{
  "best_epoch": 4,
  "peak_worker_0_memory_MB": 2319.734375,
  "peak_gpu_0_memory_MB": 51.08984375,
  "training_duration": "0:00:01.350721",
  "training_start_epoch": 0,
  "training_epochs": 4,
  "epoch": 4,
  "training_accuracy": 0.6969555035128806,
  "training_loss": 1.6114986352066496,
  "training_worker_0_memory_MB": 2319.734375,
  "training_gpu_0_memory_MB": 51.08984375,
  "validation_accuracy": 0.7135761589403974,
  "validation_loss": 1.486347258090973,
  "best_validation_accuracy": 0.7135761589403974,
  "best_validation_loss": 1.486347258090973
}