{
  "best_epoch": 12,
  "peak_worker_0_memory_MB": 2319.734375,
  "peak_gpu_0_memory_MB": 51.08984375,
  "training_duration": "0:00:03.544913",
  "training_start_epoch": 0,
  "training_epochs": 12,
  "epoch": 12,
  "training_accuracy": 0.9456674473067915,
  "training_loss": 0.3472873323888921,
  "training_worker_0_memory_MB": 2319.734375,
  "training_gpu_0_memory_MB": 51.08984375,
  "validation_accuracy": 0.7913907284768212,
  "validation_loss": 0.9239364624023437,
  "best_validation_accuracy": 0.7913907284768212,
  "best_validation_loss": 0.9239364624023437
}