{
  "best_epoch": 2,
  "peak_worker_0_memory_MB": 2273.13671875,
  "peak_gpu_0_memory_MB": 15.416015625,
  "training_duration": "0:00:00.284949",
  "training_start_epoch": 0,
  "training_epochs": 2,
  "epoch": 2,
  "training_accuracy": 0.34590690208667735,
  "training_loss": 3.5700818419456484,
  "training_worker_0_memory_MB": 2273.13671875,
  "training_gpu_0_memory_MB": 15.416015625,
  "validation_accuracy": 0.5198675496688742,
  "validation_loss": 3.324759030342102,
  "best_validation_accuracy": 0.5198675496688742,
  "best_validation_loss": 3.324759030342102
}