{
  "best_epoch": 5,
  "peak_worker_0_memory_MB": 2367.51171875,
  "peak_gpu_0_memory_MB": 89.33056640625,
  "training_duration": "0:00:04.857696",
  "training_start_epoch": 0,
  "training_epochs": 9,
  "epoch": 9,
  "training_accuracy": 0.9807969275084013,
  "training_loss": 0.1286021639088183,
  "training_worker_0_memory_MB": 2367.51171875,
  "training_gpu_0_memory_MB": 89.33056640625,
  "validation_accuracy": 0.8029801324503312,
  "validation_loss": 0.9160292118787765,
  "best_validation_accuracy": 0.7913907284768212,
  "best_validation_loss": 0.9122516930103302
}