{
  "best_epoch": 2,
  "peak_worker_0_memory_MB": 2367.51171875,
  "peak_gpu_0_memory_MB": 89.33056640625,
  "training_duration": "0:00:01.442216",
  "training_start_epoch": 0,
  "training_epochs": 2,
  "epoch": 2,
  "training_accuracy": 0.6988718194911185,
  "training_loss": 1.4217522626614754,
  "training_worker_0_memory_MB": 2367.51171875,
  "training_gpu_0_memory_MB": 89.33056640625,
  "validation_accuracy": 0.7748344370860927,
  "validation_loss": 1.0672565639019012,
  "best_validation_accuracy": 0.7748344370860927,
  "best_validation_loss": 1.0672565639019012
}