{
  "best_epoch": 8,
  "peak_worker_0_memory_MB": 2328.3125,
  "peak_gpu_0_memory_MB": 64.7041015625,
  "training_duration": "0:00:02.178214",
  "training_start_epoch": 0,
  "training_epochs": 8,
  "epoch": 8,
  "training_accuracy": 0.6625176139032409,
  "training_loss": 1.8289120553144769,
  "training_worker_0_memory_MB": 2328.3125,
  "training_gpu_0_memory_MB": 64.7041015625,
  "validation_accuracy": 0.6771523178807947,
  "validation_loss": 1.7716838240623474,
  "best_validation_accuracy": 0.6771523178807947,
  "best_validation_loss": 1.7716838240623474
}