{
  "best_epoch": 34,
  "peak_worker_0_memory_MB": 2328.3125,
  "peak_gpu_0_memory_MB": 64.7041015625,
  "training_duration": "0:00:09.944927",
  "training_start_epoch": 0,
  "training_epochs": 40,
  "epoch": 40,
  "training_accuracy": 0.9753405354626585,
  "training_loss": 0.14599580223213382,
  "training_worker_0_memory_MB": 2328.3125,
  "training_gpu_0_memory_MB": 64.7041015625,
  "validation_accuracy": 0.8013245033112583,
  "validation_loss": 0.9553610146045685,
  "best_validation_accuracy": 0.7963576158940397,
  "best_validation_loss": 0.9075878769159317
}