{
  "best_epoch": 5,
  "peak_worker_0_memory_MB": 2370.390625,
  "peak_gpu_0_memory_MB": 89.33056640625,
  "training_duration": "0:00:06.601717",
  "training_start_epoch": 0,
  "training_epochs": 12,
  "epoch": 12,
  "training_accuracy": 0.9968795007201152,
  "training_loss": 0.02454536484255818,
  "training_worker_0_memory_MB": 2370.390625,
  "training_gpu_0_memory_MB": 89.33056640625,
  "validation_accuracy": 0.8079470198675497,
  "validation_loss": 0.983312064409256,
  "best_validation_accuracy": 0.7963576158940397,
  "best_validation_loss": 0.9064615309238434
}