{
  "best_epoch": 0,
  "peak_worker_0_memory_MB": 2271.32421875,
  "peak_gpu_0_memory_MB": 15.515625,
  "training_duration": "0:00:00.100029",
  "training_start_epoch": 0,
  "training_epochs": 0,
  "epoch": 0,
  "training_accuracy": 0.13242375601926162,
  "training_loss": 4.018917465209961,
  "training_worker_0_memory_MB": 2271.32421875,
  "training_gpu_0_memory_MB": 15.515625,
  "validation_accuracy": 0.3841059602649007,
  "validation_loss": 3.5760111808776855,
  "best_validation_accuracy": 0.3841059602649007,
  "best_validation_loss": 3.5760111808776855
}