{
  "best_epoch": 44,
  "peak_worker_0_memory_MB": 2328.0390625,
  "peak_gpu_0_memory_MB": 64.7041015625,
  "training_duration": "0:00:13.777969",
  "training_start_epoch": 0,
  "training_epochs": 47,
  "epoch": 47,
  "training_accuracy": 0.9577266322217003,
  "training_loss": 0.2506687181876667,
  "training_worker_0_memory_MB": 2328.0390625,
  "training_gpu_0_memory_MB": 64.7041015625,
  "validation_accuracy": 0.7980132450331126,
  "validation_loss": 0.9651584446430206,
  "best_validation_accuracy": 0.7980132450331126,
  "best_validation_loss": 0.9380937904119492
}