{
  "best_epoch": 27,
  "peak_worker_0_memory_MB": 2328.0390625,
  "peak_gpu_0_memory_MB": 64.7041015625,
  "training_duration": "0:00:08.350975",
  "training_start_epoch": 0,
  "training_epochs": 28,
  "epoch": 28,
  "training_accuracy": 0.8922029121653359,
  "training_loss": 0.6970760137287538,
  "training_worker_0_memory_MB": 2328.0390625,
  "training_gpu_0_memory_MB": 64.7041015625,
  "validation_accuracy": 0.7665562913907285,
  "validation_loss": 1.1510264575481415,
  "best_validation_accuracy": 0.7665562913907285,
  "best_validation_loss": 1.129546296596527
}