{
  "best_epoch": 3,
  "peak_worker_0_memory_MB": 2327.7734375,
  "peak_gpu_0_memory_MB": 64.7041015625,
  "training_duration": "0:00:01.150929",
  "training_start_epoch": 0,
  "training_epochs": 3,
  "epoch": 3,
  "training_accuracy": 0.2538750587130108,
  "training_loss": 3.293349949281607,
  "training_worker_0_memory_MB": 2327.7734375,
  "training_gpu_0_memory_MB": 64.7041015625,
  "validation_accuracy": 0.3526490066225166,
  "validation_loss": 3.1587749242782595,
  "best_validation_accuracy": 0.3526490066225166,
  "best_validation_loss": 3.1587749242782595
}