{
  "best_epoch": 22,
  "peak_worker_0_memory_MB": 2328.0390625,
  "peak_gpu_0_memory_MB": 64.7041015625,
  "training_duration": "0:00:06.628651",
  "training_start_epoch": 0,
  "training_epochs": 22,
  "epoch": 22,
  "training_accuracy": 0.8400657585720995,
  "training_loss": 1.0067028074122186,
  "training_worker_0_memory_MB": 2328.0390625,
  "training_gpu_0_memory_MB": 64.7041015625,
  "validation_accuracy": 0.7450331125827815,
  "validation_loss": 1.2968570709228515,
  "best_validation_accuracy": 0.7450331125827815,
  "best_validation_loss": 1.2968570709228515
}