{
  "best_epoch": 19,
  "peak_worker_0_memory_MB": 2316.2890625,
  "peak_gpu_0_memory_MB": 62.47802734375,
  "training_duration": "0:00:05.330816",
  "training_start_epoch": 0,
  "training_epochs": 19,
  "epoch": 19,
  "training_accuracy": 0.956440281030445,
  "training_loss": 0.2748363125902503,
  "training_worker_0_memory_MB": 2316.2890625,
  "training_gpu_0_memory_MB": 62.47802734375,
  "validation_accuracy": 0.7864238410596026,
  "validation_loss": 0.9239654421806336,
  "best_validation_accuracy": 0.7864238410596026,
  "best_validation_loss": 0.9239654421806336
}