{
  "best_epoch": 21,
  "peak_worker_0_memory_MB": 2316.2890625,
  "peak_gpu_0_memory_MB": 62.47802734375,
  "training_duration": "0:00:06.660506",
  "training_start_epoch": 0,
  "training_epochs": 24,
  "epoch": 24,
  "training_accuracy": 0.9716627634660422,
  "training_loss": 0.17117593359591357,
  "training_worker_0_memory_MB": 2316.2890625,
  "training_gpu_0_memory_MB": 62.47802734375,
  "validation_accuracy": 0.7947019867549668,
  "validation_loss": 0.9085631608963013,
  "best_validation_accuracy": 0.7880794701986755,
  "best_validation_loss": 0.8949795484542846
}