{
  "best_epoch": 26,
  "peak_worker_0_memory_MB": 2316.2890625,
  "peak_gpu_0_memory_MB": 62.47802734375,
  "training_duration": "0:00:08.526189",
  "training_start_epoch": 0,
  "training_epochs": 31,
  "epoch": 31,
  "training_accuracy": 0.9840749414519906,
  "training_loss": 0.10065417097353224,
  "training_worker_0_memory_MB": 2316.2890625,
  "training_gpu_0_memory_MB": 62.47802734375,
  "validation_accuracy": 0.7963576158940397,
  "validation_loss": 0.8968469738960266,
  "best_validation_accuracy": 0.7980132450331126,
  "best_validation_loss": 0.8645388305187225
}