{
  "best_epoch": 15,
  "peak_worker_0_memory_MB": 2319.46875,
  "peak_gpu_0_memory_MB": 51.08984375,
  "training_duration": "0:00:04.244540",
  "training_start_epoch": 0,
  "training_epochs": 15,
  "epoch": 15,
  "training_accuracy": 0.8665105386416861,
  "training_loss": 0.7938758472898113,
  "training_worker_0_memory_MB": 2319.46875,
  "training_gpu_0_memory_MB": 51.08984375,
  "validation_accuracy": 0.7731788079470199,
  "validation_loss": 1.0966717004776,
  "best_validation_accuracy": 0.7731788079470199,
  "best_validation_loss": 1.0966717004776
}