{
  "best_epoch": 30,
  "peak_worker_0_memory_MB": 2319.46875,
  "peak_gpu_0_memory_MB": 51.08984375,
  "training_duration": "0:00:10.473054",
  "training_start_epoch": 0,
  "training_epochs": 39,
  "epoch": 39,
  "training_accuracy": 0.9826697892271663,
  "training_loss": 0.12837977996513025,
  "training_worker_0_memory_MB": 2319.46875,
  "training_gpu_0_memory_MB": 51.08984375,
  "validation_accuracy": 0.8013245033112583,
  "validation_loss": 0.9130440771579742,
  "best_validation_accuracy": 0.793046357615894,
  "best_validation_loss": 0.8853767305612564
}