{
  "best_epoch": 26,
  "peak_worker_0_memory_MB": 2319.46875,
  "peak_gpu_0_memory_MB": 51.08984375,
  "training_duration": "0:00:07.081065",
  "training_start_epoch": 0,
  "training_epochs": 26,
  "epoch": 26,
  "training_accuracy": 0.9505854800936768,
  "training_loss": 0.3137668849372152,
  "training_worker_0_memory_MB": 2319.46875,
  "training_gpu_0_memory_MB": 51.08984375,
  "validation_accuracy": 0.7880794701986755,
  "validation_loss": 0.8960893779993058,
  "best_validation_accuracy": 0.7880794701986755,
  "best_validation_loss": 0.8960893779993058
}