{
  "best_epoch": 19,
  "peak_worker_0_memory_MB": 2318.20703125,
  "peak_gpu_0_memory_MB": 51.84521484375,
  "training_duration": "0:00:05.684886",
  "training_start_epoch": 0,
  "training_epochs": 19,
  "epoch": 19,
  "training_accuracy": 0.8353531132469704,
  "training_loss": 0.7065137358088243,
  "training_worker_0_memory_MB": 2318.20703125,
  "training_gpu_0_memory_MB": 51.84521484375,
  "validation_accuracy": 0.7913907284768212,
  "validation_loss": 1.0144890010356904,
  "best_validation_accuracy": 0.7913907284768212,
  "best_validation_loss": 1.0144890010356904
}