{
  "best_epoch": 17,
  "peak_worker_0_memory_MB": 2318.20703125,
  "peak_gpu_0_memory_MB": 51.84521484375,
  "training_duration": "0:00:05.112965",
  "training_start_epoch": 0,
  "training_epochs": 17,
  "epoch": 17,
  "training_accuracy": 0.807772670288341,
  "training_loss": 0.8279516822413394,
  "training_worker_0_memory_MB": 2318.20703125,
  "training_gpu_0_memory_MB": 51.84521484375,
  "validation_accuracy": 0.7864238410596026,
  "validation_loss": 1.0828285694122315,
  "best_validation_accuracy": 0.7864238410596026,
  "best_validation_loss": 1.0828285694122315
}