{
  "best_epoch": 21,
  "peak_worker_0_memory_MB": 2318.20703125,
  "peak_gpu_0_memory_MB": 51.84521484375,
  "training_duration": "0:00:07.381641",
  "training_start_epoch": 0,
  "training_epochs": 25,
  "epoch": 25,
  "training_accuracy": 0.8712912661930631,
  "training_loss": 0.5334331071690509,
  "training_worker_0_memory_MB": 2318.20703125,
  "training_gpu_0_memory_MB": 51.84521484375,
  "validation_accuracy": 0.8013245033112583,
  "validation_loss": 1.016419094800949,
  "best_validation_accuracy": 0.8029801324503312,
  "best_validation_loss": 0.9936216861009598
}