{
  "best_epoch": 10,
  "peak_worker_0_memory_MB": 2326.80078125,
  "peak_gpu_0_memory_MB": 69.92529296875,
  "training_duration": "0:00:02.920336",
  "training_start_epoch": 0,
  "training_epochs": 10,
  "epoch": 10,
  "training_accuracy": 0.7630884293884734,
  "training_loss": 1.336573761370447,
  "training_worker_0_memory_MB": 2326.80078125,
  "training_gpu_0_memory_MB": 69.92529296875,
  "validation_accuracy": 0.7135761589403974,
  "validation_loss": 1.4772229671478272,
  "best_validation_accuracy": 0.7135761589403974,
  "best_validation_loss": 1.4772229671478272
}