{
  "best_epoch": 10,
  "peak_worker_0_memory_MB": 2326.80078125,
  "peak_gpu_0_memory_MB": 69.92529296875,
  "training_duration": "0:00:03.098696",
  "training_start_epoch": 0,
  "training_epochs": 10,
  "epoch": 10,
  "training_accuracy": 0.5703915530136383,
  "training_loss": 2.212283232145839,
  "training_worker_0_memory_MB": 2326.80078125,
  "training_gpu_0_memory_MB": 69.92529296875,
  "validation_accuracy": 0.5910596026490066,
  "validation_loss": 2.189327764511108,
  "best_validation_accuracy": 0.5910596026490066,
  "best_validation_loss": 2.189327764511108
}