{
  "best_epoch": 42,
  "peak_worker_0_memory_MB": 2326.80078125,
  "peak_gpu_0_memory_MB": 69.92529296875,
  "training_duration": "0:00:12.278376",
  "training_start_epoch": 0,
  "training_epochs": 43,
  "epoch": 43,
  "training_accuracy": 0.9551253849538055,
  "training_loss": 0.2975749542367541,
  "training_worker_0_memory_MB": 2326.80078125,
  "training_gpu_0_memory_MB": 69.92529296875,
  "validation_accuracy": 0.7980132450331126,
  "validation_loss": 0.953067398071289,
  "best_validation_accuracy": 0.7947019867549668,
  "best_validation_loss": 0.9222834885120392
}