{
  "best_epoch": 46,
  "peak_worker_0_memory_MB": 2326.80078125,
  "peak_gpu_0_memory_MB": 69.92529296875,
  "training_duration": "0:00:14.199282",
  "training_start_epoch": 0,
  "training_epochs": 50,
  "epoch": 50,
  "training_accuracy": 0.9659040915090189,
  "training_loss": 0.21481404815697008,
  "training_worker_0_memory_MB": 2326.80078125,
  "training_gpu_0_memory_MB": 69.92529296875,
  "validation_accuracy": 0.8029801324503312,
  "validation_loss": 0.8902721166610718,
  "best_validation_accuracy": 0.8029801324503312,
  "best_validation_loss": 0.8802300482988358
}