{
  "best_epoch": 12,
  "peak_worker_0_memory_MB": 2365.1484375,
  "peak_gpu_0_memory_MB": 84.50341796875,
  "training_duration": "0:00:06.167343",
  "training_start_epoch": 0,
  "training_epochs": 12,
  "epoch": 12,
  "training_accuracy": 0.7160345655304848,
  "training_loss": 1.5578074182262858,
  "training_worker_0_memory_MB": 2365.1484375,
  "training_gpu_0_memory_MB": 84.50341796875,
  "validation_accuracy": 0.7301324503311258,
  "validation_loss": 1.3042730629444121,
  "best_validation_accuracy": 0.7301324503311258,
  "best_validation_loss": 1.3042730629444121
}