{
  "best_epoch": 5,
  "peak_worker_0_memory_MB": 2365.1484375,
  "peak_gpu_0_memory_MB": 84.50341796875,
  "training_duration": "0:00:02.819107",
  "training_start_epoch": 0,
  "training_epochs": 5,
  "epoch": 5,
  "training_accuracy": 0.46375420067210754,
  "training_loss": 2.8709217264452054,
  "training_worker_0_memory_MB": 2365.1484375,
  "training_gpu_0_memory_MB": 84.50341796875,
  "validation_accuracy": 0.6258278145695364,
  "validation_loss": 2.35444256067276,
  "best_validation_accuracy": 0.6258278145695364,
  "best_validation_loss": 2.35444256067276
}