{
  "best_epoch": 25,
  "peak_worker_0_memory_MB": 2365.1484375,
  "peak_gpu_0_memory_MB": 84.50341796875,
  "training_duration": "0:00:15.150621",
  "training_start_epoch": 0,
  "training_epochs": 31,
  "epoch": 31,
  "training_accuracy": 0.9540326452232357,
  "training_loss": 0.35328072207119626,
  "training_worker_0_memory_MB": 2365.1484375,
  "training_gpu_0_memory_MB": 84.50341796875,
  "validation_accuracy": 0.7963576158940397,
  "validation_loss": 0.9206174969673157,
  "best_validation_accuracy": 0.7847682119205298,
  "best_validation_loss": 0.9186781257390976
}