{
  "best_epoch": 40,
  "peak_worker_0_memory_MB": 2316.046875,
  "peak_gpu_0_memory_MB": 62.47802734375,
  "training_duration": "0:00:11.208717",
  "training_start_epoch": 0,
  "training_epochs": 42,
  "epoch": 42,
  "training_accuracy": 0.8217798594847775,
  "training_loss": 0.7176480604641473,
  "training_worker_0_memory_MB": 2316.046875,
  "training_gpu_0_memory_MB": 62.47802734375,
  "validation_accuracy": 0.8029801324503312,
  "validation_loss": 0.9165395736694336,
  "best_validation_accuracy": 0.8013245033112583,
  "best_validation_loss": 0.8889527946710587
}