{
  "best_epoch": 40,
  "peak_worker_0_memory_MB": 2316.046875,
  "peak_gpu_0_memory_MB": 62.47802734375,
  "training_duration": "0:00:11.458169",
  "training_start_epoch": 0,
  "training_epochs": 43,
  "epoch": 43,
  "training_accuracy": 0.8372365339578455,
  "training_loss": 0.6790984192890908,
  "training_worker_0_memory_MB": 2316.046875,
  "training_gpu_0_memory_MB": 62.47802734375,
  "validation_accuracy": 0.8029801324503312,
  "validation_loss": 0.9115015208721161,
  "best_validation_accuracy": 0.8013245033112583,
  "best_validation_loss": 0.8889527946710587
}