{
  "best_epoch": 36,
  "peak_worker_0_memory_MB": 2316.046875,
  "peak_gpu_0_memory_MB": 62.47802734375,
  "training_duration": "0:00:09.681743",
  "training_start_epoch": 0,
  "training_epochs": 36,
  "epoch": 36,
  "training_accuracy": 0.810304449648712,
  "training_loss": 0.7899921376313737,
  "training_worker_0_memory_MB": 2316.046875,
  "training_gpu_0_memory_MB": 62.47802734375,
  "validation_accuracy": 0.793046357615894,
  "validation_loss": 0.9064752519130707,
  "best_validation_accuracy": 0.793046357615894,
  "best_validation_loss": 0.9064752519130707
}