{
  "best_epoch": 1,
  "peak_worker_0_memory_MB": 0,
  "training_duration": "0:00:52.835383",
  "training_start_epoch": 0,
  "training_epochs": 6,
  "epoch": 6,
  "training_accuracy": 0.13957375679063935,
  "training_loss": 3.4011222061358,
  "training_reg_loss": 0.0,
  "training_worker_0_memory_MB": 0.0,
  "validation_accuracy": 0.13245033112582782,
  "validation_loss": 3.4462024688720705,
  "validation_reg_loss": 0.0,
  "best_validation_accuracy": 0.1423841059602649,
  "best_validation_loss": 3.4138547658920286,
  "best_validation_reg_loss": 0.0
}