{
  "best_epoch": 18,
  "peak_worker_0_memory_MB": 2370.390625,
  "peak_gpu_0_memory_MB": 89.33056640625,
  "training_duration": "0:00:13.473356",
  "training_start_epoch": 0,
  "training_epochs": 26,
  "epoch": 26,
  "training_accuracy": 0.9930388862217955,
  "training_loss": 0.06497763077380093,
  "training_worker_0_memory_MB": 2370.390625,
  "training_gpu_0_memory_MB": 89.33056640625,
  "validation_accuracy": 0.8062913907284768,
  "validation_loss": 0.9209174811840057,
  "best_validation_accuracy": 0.7980132450331126,
  "best_validation_loss": 0.8925589144229888
}