{
  "best_epoch": 40,
  "peak_worker_0_memory_MB": 2331.171875,
  "peak_gpu_0_memory_MB": 65.09326171875,
  "training_duration": "0:00:11.309977",
  "training_start_epoch": 0,
  "training_epochs": 40,
  "epoch": 40,
  "training_accuracy": 0.9400468384074941,
  "training_loss": 0.3843002768594827,
  "training_worker_0_memory_MB": 2331.171875,
  "training_gpu_0_memory_MB": 65.09326171875,
  "validation_accuracy": 0.7814569536423841,
  "validation_loss": 0.9442671447992325,
  "best_validation_accuracy": 0.7814569536423841,
  "best_validation_loss": 0.9442671447992325
}