{
  "best_epoch": 31,
  "peak_worker_0_memory_MB": 2331.171875,
  "peak_gpu_0_memory_MB": 65.09326171875,
  "training_duration": "0:00:09.135810",
  "training_start_epoch": 0,
  "training_epochs": 32,
  "epoch": 32,
  "training_accuracy": 0.9154566744730679,
  "training_loss": 0.5839911863875034,
  "training_worker_0_memory_MB": 2331.171875,
  "training_gpu_0_memory_MB": 65.09326171875,
  "validation_accuracy": 0.7682119205298014,
  "validation_loss": 1.0941047608852386,
  "best_validation_accuracy": 0.7649006622516556,
  "best_validation_loss": 1.0723931968212128
}