{
  "best_epoch": 20,
  "peak_worker_0_memory_MB": 2331.171875,
  "peak_gpu_0_memory_MB": 65.09326171875,
  "training_duration": "0:00:05.825998",
  "training_start_epoch": 0,
  "training_epochs": 20,
  "epoch": 20,
  "training_accuracy": 0.804215456674473,
  "training_loss": 1.2182804043613262,
  "training_worker_0_memory_MB": 2331.171875,
  "training_gpu_0_memory_MB": 65.09326171875,
  "validation_accuracy": 0.7301324503311258,
  "validation_loss": 1.4214788317680358,
  "best_validation_accuracy": 0.7301324503311258,
  "best_validation_loss": 1.4214788317680358
}