{
  "best_epoch": 61,
  "peak_worker_0_memory_MB": 2331.171875,
  "peak_gpu_0_memory_MB": 65.09326171875,
  "training_duration": "0:00:18.630055",
  "training_start_epoch": 0,
  "training_epochs": 67,
  "epoch": 67,
  "training_accuracy": 0.9770491803278688,
  "training_loss": 0.1219468445364219,
  "training_worker_0_memory_MB": 2331.171875,
  "training_gpu_0_memory_MB": 65.09326171875,
  "validation_accuracy": 0.8013245033112583,
  "validation_loss": 0.9064279198646545,
  "best_validation_accuracy": 0.7996688741721855,
  "best_validation_loss": 0.8695018768310547
}