{
  "best_epoch": 7,
  "peak_worker_0_memory_MB": 2271.57421875,
  "peak_gpu_0_memory_MB": 15.515625,
  "training_duration": "0:00:00.665953",
  "training_start_epoch": 0,
  "training_epochs": 7,
  "epoch": 7,
  "training_accuracy": 0.7279293739967897,
  "training_loss": 1.8093444883823395,
  "training_worker_0_memory_MB": 2271.57421875,
  "training_gpu_0_memory_MB": 15.515625,
  "validation_accuracy": 0.7615894039735099,
  "validation_loss": 1.8276565194129943,
  "best_validation_accuracy": 0.7615894039735099,
  "best_validation_loss": 1.8276565194129943
}