{
  "best_epoch": 11,
  "peak_worker_0_memory_MB": 2271.57421875,
  "peak_gpu_0_memory_MB": 15.515625,
  "training_duration": "0:00:01.000787",
  "training_start_epoch": 0,
  "training_epochs": 11,
  "epoch": 11,
  "training_accuracy": 0.841091492776886,
  "training_loss": 0.9069484978914261,
  "training_worker_0_memory_MB": 2271.57421875,
  "training_gpu_0_memory_MB": 15.515625,
  "validation_accuracy": 0.8079470198675497,
  "validation_loss": 1.2533578872680664,
  "best_validation_accuracy": 0.8079470198675497,
  "best_validation_loss": 1.2533578872680664
}