{
  "best_epoch": 0,
  "peak_worker_0_memory_MB": 2314.08984375,
  "peak_gpu_0_memory_MB": 51.12255859375,
  "training_duration": "0:00:00.643875",
  "training_start_epoch": 0,
  "training_epochs": 0,
  "epoch": 0,
  "training_accuracy": 0.020476389469285417,
  "training_loss": 4.298664343984504,
  "training_worker_0_memory_MB": 2314.08984375,
  "training_gpu_0_memory_MB": 51.12255859375,
  "validation_accuracy": 0.10264900662251655,
  "validation_loss": 4.08465723991394,
  "best_validation_accuracy": 0.10264900662251655,
  "best_validation_loss": 4.08465723991394
}