{
  "best_epoch": 15,
  "peak_worker_0_memory_MB": 2317.984375,
  "peak_gpu_0_memory_MB": 51.84521484375,
  "training_duration": "0:00:05.197968",
  "training_start_epoch": 0,
  "training_epochs": 19,
  "epoch": 19,
  "training_accuracy": 0.9210196406184705,
  "training_loss": 0.32090342829101964,
  "training_worker_0_memory_MB": 2317.984375,
  "training_gpu_0_memory_MB": 51.84521484375,
  "validation_accuracy": 0.7963576158940397,
  "validation_loss": 1.0900557696819306,
  "best_validation_accuracy": 0.7913907284768212,
  "best_validation_loss": 0.9983930885791779
}