{
  "best_epoch": 6,
  "peak_worker_0_memory_MB": 2317.984375,
  "peak_gpu_0_memory_MB": 51.84521484375,
  "training_duration": "0:00:01.802683",
  "training_start_epoch": 0,
  "training_epochs": 6,
  "epoch": 6,
  "training_accuracy": 0.6773923944839114,
  "training_loss": 1.6044925608133014,
  "training_worker_0_memory_MB": 2317.984375,
  "training_gpu_0_memory_MB": 51.84521484375,
  "validation_accuracy": 0.7086092715231788,
  "validation_loss": 1.5354952096939087,
  "best_validation_accuracy": 0.7086092715231788,
  "best_validation_loss": 1.5354952096939087
}