{
  "best_epoch": 15,
  "peak_worker_0_memory_MB": 2317.984375,
  "peak_gpu_0_memory_MB": 51.84521484375,
  "training_duration": "0:00:06.430014",
  "training_start_epoch": 0,
  "training_epochs": 24,
  "epoch": 24,
  "training_accuracy": 0.9335562055996657,
  "training_loss": 0.24107240022797333,
  "training_worker_0_memory_MB": 2317.984375,
  "training_gpu_0_memory_MB": 51.84521484375,
  "validation_accuracy": 0.8112582781456954,
  "validation_loss": 1.1612856447696687,
  "best_validation_accuracy": 0.7913907284768212,
  "best_validation_loss": 0.9983930885791779
}