{
  "best_epoch": 19,
  "peak_worker_0_memory_MB": 2317.37890625,
  "peak_gpu_0_memory_MB": 51.4853515625,
  "training_duration": "0:00:05.548929",
  "training_start_epoch": 0,
  "training_epochs": 19,
  "epoch": 19,
  "training_accuracy": 0.7875878220140515,
  "training_loss": 1.2393128400418296,
  "training_worker_0_memory_MB": 2317.37890625,
  "training_gpu_0_memory_MB": 51.4853515625,
  "validation_accuracy": 0.7301324503311258,
  "validation_loss": 1.4434298038482667,
  "best_validation_accuracy": 0.7301324503311258,
  "best_validation_loss": 1.4434298038482667
}