{
  "best_epoch": 7,
  "peak_worker_0_memory_MB": 2317.37890625,
  "peak_gpu_0_memory_MB": 51.4853515625,
  "training_duration": "0:00:02.214692",
  "training_start_epoch": 0,
  "training_epochs": 7,
  "epoch": 7,
  "training_accuracy": 0.4540983606557377,
  "training_loss": 2.7658749765424586,
  "training_worker_0_memory_MB": 2317.37890625,
  "training_gpu_0_memory_MB": 51.4853515625,
  "validation_accuracy": 0.5115894039735099,
  "validation_loss": 2.6823113918304444,
  "best_validation_accuracy": 0.5115894039735099,
  "best_validation_loss": 2.6823113918304444
}