{
  "best_epoch": 28,
  "peak_worker_0_memory_MB": 2317.37890625,
  "peak_gpu_0_memory_MB": 51.4853515625,
  "training_duration": "0:00:08.020678",
  "training_start_epoch": 0,
  "training_epochs": 28,
  "epoch": 28,
  "training_accuracy": 0.8765807962529274,
  "training_loss": 0.7192960568328401,
  "training_worker_0_memory_MB": 2317.37890625,
  "training_gpu_0_memory_MB": 51.4853515625,
  "validation_accuracy": 0.7698675496688742,
  "validation_loss": 1.1290417551994323,
  "best_validation_accuracy": 0.7698675496688742,
  "best_validation_loss": 1.1290417551994323
}