{
  "best_epoch": 56,
  "peak_worker_0_memory_MB": 2317.37890625,
  "peak_gpu_0_memory_MB": 51.4853515625,
  "training_duration": "0:00:16.390988",
  "training_start_epoch": 0,
  "training_epochs": 58,
  "epoch": 58,
  "training_accuracy": 0.9740046838407495,
  "training_loss": 0.16817832938325938,
  "training_worker_0_memory_MB": 2317.37890625,
  "training_gpu_0_memory_MB": 51.4853515625,
  "validation_accuracy": 0.8029801324503312,
  "validation_loss": 0.9299732565879821,
  "best_validation_accuracy": 0.8013245033112583,
  "best_validation_loss": 0.8865496516227722
}