{
  "best_epoch": 32,
  "peak_worker_0_memory_MB": 2327.01171875,
  "peak_gpu_0_memory_MB": 69.92529296875,
  "training_duration": "0:00:08.970620",
  "training_start_epoch": 0,
  "training_epochs": 33,
  "epoch": 33,
  "training_accuracy": 0.8642762868455786,
  "training_loss": 0.7597072873678472,
  "training_worker_0_memory_MB": 2327.01171875,
  "training_gpu_0_memory_MB": 69.92529296875,
  "validation_accuracy": 0.7748344370860927,
  "validation_loss": 1.0858686566352844,
  "best_validation_accuracy": 0.7715231788079471,
  "best_validation_loss": 1.0677476167678832
}