{
  "best_epoch": 57,
  "peak_worker_0_memory_MB": 2327.01171875,
  "peak_gpu_0_memory_MB": 69.92529296875,
  "training_duration": "0:00:15.538615",
  "training_start_epoch": 0,
  "training_epochs": 58,
  "epoch": 58,
  "training_accuracy": 0.9485261768587769,
  "training_loss": 0.30268414318561554,
  "training_worker_0_memory_MB": 2327.01171875,
  "training_gpu_0_memory_MB": 69.92529296875,
  "validation_accuracy": 0.8013245033112583,
  "validation_loss": 0.8980167508125305,
  "best_validation_accuracy": 0.8013245033112583,
  "best_validation_loss": 0.8904891669750213
}