{
  "best_epoch": 6,
  "peak_worker_0_memory_MB": 2327.01171875,
  "peak_gpu_0_memory_MB": 69.92529296875,
  "training_duration": "0:00:01.849563",
  "training_start_epoch": 0,
  "training_epochs": 6,
  "epoch": 6,
  "training_accuracy": 0.3132424109106907,
  "training_loss": 2.946584509478675,
  "training_worker_0_memory_MB": 2327.01171875,
  "training_gpu_0_memory_MB": 69.92529296875,
  "validation_accuracy": 0.402317880794702,
  "validation_loss": 2.820557188987732,
  "best_validation_accuracy": 0.402317880794702,
  "best_validation_loss": 2.820557188987732
}