{
  "best_epoch": 16,
  "peak_worker_0_memory_MB": 2327.01171875,
  "peak_gpu_0_memory_MB": 69.92529296875,
  "training_duration": "0:00:04.488815",
  "training_start_epoch": 0,
  "training_epochs": 16,
  "epoch": 16,
  "training_accuracy": 0.656841179058513,
  "training_loss": 1.7646896342436473,
  "training_worker_0_memory_MB": 2327.01171875,
  "training_gpu_0_memory_MB": 69.92529296875,
  "validation_accuracy": 0.6738410596026491,
  "validation_loss": 1.7170906901359557,
  "best_validation_accuracy": 0.6738410596026491,
  "best_validation_loss": 1.7170906901359557
}