{
  "best_epoch": 1,
  "peak_worker_0_memory_MB": 2327.01171875,
  "peak_gpu_0_memory_MB": 69.92529296875,
  "training_duration": "0:00:00.521051",
  "training_start_epoch": 0,
  "training_epochs": 1,
  "epoch": 1,
  "training_accuracy": 0.14958205015398152,
  "training_loss": 3.8045634594228535,
  "training_worker_0_memory_MB": 2327.01171875,
  "training_gpu_0_memory_MB": 69.92529296875,
  "validation_accuracy": 0.18874172185430463,
  "validation_loss": 3.582402992248535,
  "best_validation_accuracy": 0.18874172185430463,
  "best_validation_loss": 3.582402992248535
}