{
  "best_epoch": 4,
  "peak_worker_0_memory_MB": 2327.01171875,
  "peak_gpu_0_memory_MB": 69.92529296875,
  "training_duration": "0:00:01.318248",
  "training_start_epoch": 0,
  "training_epochs": 4,
  "epoch": 4,
  "training_accuracy": 0.23383194016717992,
  "training_loss": 3.155547559261322,
  "training_worker_0_memory_MB": 2327.01171875,
  "training_gpu_0_memory_MB": 69.92529296875,
  "validation_accuracy": 0.33774834437086093,
  "validation_loss": 3.044628214836121,
  "best_validation_accuracy": 0.33774834437086093,
  "best_validation_loss": 3.044628214836121
}