{
  "best_epoch": 66,
  "peak_worker_0_memory_MB": 2327.01171875,
  "peak_gpu_0_memory_MB": 69.92529296875,
  "training_duration": "0:00:19.999366",
  "training_start_epoch": 0,
  "training_epochs": 75,
  "epoch": 75,
  "training_accuracy": 0.9665640123185217,
  "training_loss": 0.21876786571616927,
  "training_worker_0_memory_MB": 2327.01171875,
  "training_gpu_0_memory_MB": 69.92529296875,
  "validation_accuracy": 0.8112582781456954,
  "validation_loss": 0.8889793157577515,
  "best_validation_accuracy": 0.8079470198675497,
  "best_validation_loss": 0.8543734729290009
}