{
  "best_epoch": 2,
  "peak_worker_0_memory_MB": 2269.6171875,
  "peak_gpu_0_memory_MB": 8.73193359375,
  "training_duration": "0:00:00.839940",
  "training_start_epoch": 0,
  "training_epochs": 5,
  "epoch": 5,
  "training_accuracy": 0.9022147931466779,
  "training_loss": 0.3534969746282226,
  "training_worker_0_memory_MB": 2269.6171875,
  "training_gpu_0_memory_MB": 8.73193359375,
  "validation_accuracy": 0.8211920529801324,
  "validation_loss": 0.9699080049991607,
  "best_validation_accuracy": 0.8294701986754967,
  "best_validation_loss": 0.8750578835606575
}