{
  "best_epoch": 25,
  "peak_worker_0_memory_MB": 2314.08984375,
  "peak_gpu_0_memory_MB": 51.12255859375,
  "training_duration": "0:00:17.493385",
  "training_start_epoch": 0,
  "training_epochs": 25,
  "epoch": 25,
  "training_accuracy": 0.7099874634350188,
  "training_loss": 1.1478913677366156,
  "training_worker_0_memory_MB": 2314.08984375,
  "training_gpu_0_memory_MB": 51.12255859375,
  "validation_accuracy": 0.7715231788079471,
  "validation_loss": 0.9821028530597686,
  "best_validation_accuracy": 0.7715231788079471,
  "best_validation_loss": 0.9821028530597686
}