{
  "best_epoch": 61,
  "peak_worker_0_memory_MB": 2316.046875,
  "peak_gpu_0_memory_MB": 62.47802734375,
  "training_duration": "0:00:18.368712",
  "training_start_epoch": 0,
  "training_epochs": 65,
  "epoch": 65,
  "training_accuracy": 0.3531615925058548,
  "training_loss": 3.278599294263925,
  "training_worker_0_memory_MB": 2316.046875,
  "training_gpu_0_memory_MB": 62.47802734375,
  "validation_accuracy": 0.7251655629139073,
  "validation_loss": 1.236019116640091,
  "best_validation_accuracy": 0.7185430463576159,
  "best_validation_loss": 1.2040535807609558
}