{
  "best_epoch": 36,
  "peak_worker_0_memory_MB": 2316.046875,
  "peak_gpu_0_memory_MB": 62.47802734375,
  "training_duration": "0:00:10.067786",
  "training_start_epoch": 0,
  "training_epochs": 36,
  "epoch": 36,
  "training_accuracy": 0.3149882903981265,
  "training_loss": 3.281140978656598,
  "training_worker_0_memory_MB": 2316.046875,
  "training_gpu_0_memory_MB": 62.47802734375,
  "validation_accuracy": 0.7185430463576159,
  "validation_loss": 1.3170366644859315,
  "best_validation_accuracy": 0.7185430463576159,
  "best_validation_loss": 1.3170366644859315
}