{
  "best_epoch": 40,
  "peak_worker_0_memory_MB": 2316.046875,
  "peak_gpu_0_memory_MB": 62.47802734375,
  "training_duration": "0:00:11.643659",
  "training_start_epoch": 0,
  "training_epochs": 42,
  "epoch": 42,
  "training_accuracy": 0.326463700234192,
  "training_loss": 3.280281540173203,
  "training_worker_0_memory_MB": 2316.046875,
  "training_gpu_0_memory_MB": 62.47802734375,
  "validation_accuracy": 0.7168874172185431,
  "validation_loss": 1.3145013630390168,
  "best_validation_accuracy": 0.7201986754966887,
  "best_validation_loss": 1.2780112862586974
}