{
  "best_epoch": 48,
  "peak_worker_0_memory_MB": 2316.046875,
  "peak_gpu_0_memory_MB": 62.47802734375,
  "training_duration": "0:00:13.471687",
  "training_start_epoch": 0,
  "training_epochs": 48,
  "epoch": 48,
  "training_accuracy": 0.3362997658079625,
  "training_loss": 3.232702611097649,
  "training_worker_0_memory_MB": 2316.046875,
  "training_gpu_0_memory_MB": 62.47802734375,
  "validation_accuracy": 0.7201986754966887,
  "validation_loss": 1.2624133765697478,
  "best_validation_accuracy": 0.7201986754966887,
  "best_validation_loss": 1.2624133765697478
}