{
  "best_epoch": 20,
  "peak_worker_0_memory_MB": 2316.046875,
  "peak_gpu_0_memory_MB": 62.47802734375,
  "training_duration": "0:00:05.784709",
  "training_start_epoch": 0,
  "training_epochs": 20,
  "epoch": 20,
  "training_accuracy": 0.2831381733021077,
  "training_loss": 3.3717540200076885,
  "training_worker_0_memory_MB": 2316.046875,
  "training_gpu_0_memory_MB": 62.47802734375,
  "validation_accuracy": 0.6920529801324503,
  "validation_loss": 1.4857260704040527,
  "best_validation_accuracy": 0.6920529801324503,
  "best_validation_loss": 1.4857260704040527
}