{
  "best_epoch": 61,
  "peak_worker_0_memory_MB": 2316.046875,
  "peak_gpu_0_memory_MB": 62.47802734375,
  "training_duration": "0:00:18.909792",
  "training_start_epoch": 0,
  "training_epochs": 67,
  "epoch": 67,
  "training_accuracy": 0.35995316159250584,
  "training_loss": 3.2385225082511333,
  "training_worker_0_memory_MB": 2316.046875,
  "training_gpu_0_memory_MB": 62.47802734375,
  "validation_accuracy": 0.7384105960264901,
  "validation_loss": 1.2482014715671539,
  "best_validation_accuracy": 0.7185430463576159,
  "best_validation_loss": 1.2040535807609558
}