{
  "best_epoch": 1,
  "peak_worker_0_memory_MB": 2271.109375,
  "peak_gpu_0_memory_MB": 15.515625,
  "training_duration": "0:00:00.167493",
  "training_start_epoch": 0,
  "training_epochs": 1,
  "epoch": 1,
  "training_accuracy": 0.27929373996789725,
  "training_loss": 3.657895565032959,
  "training_worker_0_memory_MB": 2271.109375,
  "training_gpu_0_memory_MB": 15.515625,
  "validation_accuracy": 0.5397350993377483,
  "validation_loss": 3.2775651454925536,
  "best_validation_accuracy": 0.5397350993377483,
  "best_validation_loss": 3.2775651454925536
}