{
  "best_epoch": 10,
  "peak_worker_0_memory_MB": 2328.3125,
  "peak_gpu_0_memory_MB": 64.7041015625,
  "training_duration": "0:00:02.724829",
  "training_start_epoch": 0,
  "training_epochs": 10,
  "epoch": 10,
  "training_accuracy": 0.8790511977454204,
  "training_loss": 0.7403032810830358,
  "training_worker_0_memory_MB": 2328.3125,
  "training_gpu_0_memory_MB": 64.7041015625,
  "validation_accuracy": 0.7682119205298014,
  "validation_loss": 1.0913035035133363,
  "best_validation_accuracy": 0.7682119205298014,
  "best_validation_loss": 1.0913035035133363
}