{
  "best_epoch": 4,
  "peak_worker_0_memory_MB": 2287.08203125,
  "peak_gpu_0_memory_MB": 30.3212890625,
  "training_duration": "0:00:01.546346",
  "training_start_epoch": 0,
  "training_epochs": 9,
  "epoch": 9,
  "training_accuracy": 0.9920601755119097,
  "training_loss": 0.044818771316816934,
  "training_worker_0_memory_MB": 2287.08203125,
  "training_gpu_0_memory_MB": 30.3212890625,
  "validation_accuracy": 0.7913907284768212,
  "validation_loss": 0.9968657791614532,
  "best_validation_accuracy": 0.804635761589404,
  "best_validation_loss": 0.902220356464386
}