{
  "best_epoch": 10,
  "peak_worker_0_memory_MB": 2316.2890625,
  "peak_gpu_0_memory_MB": 62.47802734375,
  "training_duration": "0:00:02.884997",
  "training_start_epoch": 0,
  "training_epochs": 10,
  "epoch": 10,
  "training_accuracy": 0.6913348946135831,
  "training_loss": 1.3207852840423584,
  "training_worker_0_memory_MB": 2316.2890625,
  "training_gpu_0_memory_MB": 62.47802734375,
  "validation_accuracy": 0.7731788079470199,
  "validation_loss": 1.1171646893024445,
  "best_validation_accuracy": 0.7731788079470199,
  "best_validation_loss": 1.1171646893024445
}