{
  "best_epoch": 26,
  "peak_worker_0_memory_MB": 2316.2890625,
  "peak_gpu_0_memory_MB": 62.47802734375,
  "training_duration": "0:00:07.509138",
  "training_start_epoch": 0,
  "training_epochs": 28,
  "epoch": 28,
  "training_accuracy": 0.8590163934426229,
  "training_loss": 0.562419317996324,
  "training_worker_0_memory_MB": 2316.2890625,
  "training_gpu_0_memory_MB": 62.47802734375,
  "validation_accuracy": 0.7947019867549668,
  "validation_loss": 0.9161281943321228,
  "best_validation_accuracy": 0.7980132450331126,
  "best_validation_loss": 0.8794630169868469
}