{
  "best_epoch": 16,
  "peak_worker_0_memory_MB": 2370.390625,
  "peak_gpu_0_memory_MB": 89.33056640625,
  "training_duration": "0:00:10.925035",
  "training_start_epoch": 0,
  "training_epochs": 21,
  "epoch": 21,
  "training_accuracy": 0.9918386941910706,
  "training_loss": 0.0735269236513449,
  "training_worker_0_memory_MB": 2370.390625,
  "training_gpu_0_memory_MB": 89.33056640625,
  "validation_accuracy": 0.804635761589404,
  "validation_loss": 0.9624074816703796,
  "best_validation_accuracy": 0.8013245033112583,
  "best_validation_loss": 0.8977717995643616
}