{
  "best_epoch": 13,
  "peak_worker_0_memory_MB": 0,
  "training_duration": "0:12:56.602277",
  "training_start_epoch": 0,
  "training_epochs": 20,
  "epoch": 20,
  "training_accuracy": 0.9130798161303803,
  "training_loss": 0.35456337269983795,
  "training_reg_loss": 0.0,
  "training_worker_0_memory_MB": 0.0,
  "validation_accuracy": 0.6490066225165563,
  "validation_loss": 2.152297538518906,
  "validation_reg_loss": 0.0,
  "best_validation_accuracy": 0.5877483443708609,
  "best_validation_loss": 2.08654465675354,
  "best_validation_reg_loss": 0.0
}