{
  "best_epoch": 13,
  "peak_worker_0_memory_MB": 2327.0078125,
  "peak_gpu_0_memory_MB": 69.92529296875,
  "training_duration": "0:00:03.539539",
  "training_start_epoch": 0,
  "training_epochs": 13,
  "epoch": 13,
  "training_accuracy": 0.7263528376594809,
  "training_loss": 1.5246863696310256,
  "training_worker_0_memory_MB": 2327.0078125,
  "training_gpu_0_memory_MB": 69.92529296875,
  "validation_accuracy": 0.706953642384106,
  "validation_loss": 1.6413514018058777,
  "best_validation_accuracy": 0.706953642384106,
  "best_validation_loss": 1.6413514018058777
}