{
  "best_epoch": 25,
  "peak_worker_0_memory_MB": 2365.1484375,
  "peak_gpu_0_memory_MB": 89.33056640625,
  "training_duration": "0:00:14.282245",
  "training_start_epoch": 0,
  "training_epochs": 30,
  "epoch": 30,
  "training_accuracy": 0.9873979836773884,
  "training_loss": 0.10981144357956092,
  "training_worker_0_memory_MB": 2365.1484375,
  "training_gpu_0_memory_MB": 89.33056640625,
  "validation_accuracy": 0.7996688741721855,
  "validation_loss": 0.9499623835086822,
  "best_validation_accuracy": 0.7947019867549668,
  "best_validation_loss": 0.8997889876365661
}