{
  "best_epoch": 15,
  "peak_worker_0_memory_MB": 2365.1484375,
  "peak_gpu_0_memory_MB": 89.33056640625,
  "training_duration": "0:00:07.349919",
  "training_start_epoch": 0,
  "training_epochs": 15,
  "epoch": 15,
  "training_accuracy": 0.9195871339414307,
  "training_loss": 0.5266503805422601,
  "training_worker_0_memory_MB": 2365.1484375,
  "training_gpu_0_memory_MB": 89.33056640625,
  "validation_accuracy": 0.7864238410596026,
  "validation_loss": 0.9531183958053588,
  "best_validation_accuracy": 0.7864238410596026,
  "best_validation_loss": 0.9531183958053588
}