{
  "best_epoch": 73,
  "peak_worker_0_memory_MB": 2313.53515625,
  "peak_gpu_0_memory_MB": 54.728515625,
  "training_duration": "0:00:16.999021",
  "training_start_epoch": 0,
  "training_epochs": 76,
  "epoch": 76,
  "training_accuracy": 0.9542119166422072,
  "training_loss": 0.24071535578480474,
  "training_worker_0_memory_MB": 2313.53515625,
  "training_gpu_0_memory_MB": 54.728515625,
  "validation_accuracy": 0.8013245033112583,
  "validation_loss": 0.885015332698822,
  "best_validation_accuracy": 0.8013245033112583,
  "best_validation_loss": 0.868984705209732
}