{
  "best_epoch": 22,
  "peak_worker_0_memory_MB": 2313.53515625,
  "peak_gpu_0_memory_MB": 54.728515625,
  "training_duration": "0:00:05.168842",
  "training_start_epoch": 0,
  "training_epochs": 22,
  "epoch": 22,
  "training_accuracy": 0.7249779864983856,
  "training_loss": 1.5561856583312705,
  "training_worker_0_memory_MB": 2313.53515625,
  "training_gpu_0_memory_MB": 54.728515625,
  "validation_accuracy": 0.6970198675496688,
  "validation_loss": 1.6901185274124146,
  "best_validation_accuracy": 0.6970198675496688,
  "best_validation_loss": 1.6901185274124146
}