{
  "best_epoch": 30,
  "peak_worker_0_memory_MB": 2313.53515625,
  "peak_gpu_0_memory_MB": 54.728515625,
  "training_duration": "0:00:06.955414",
  "training_start_epoch": 0,
  "training_epochs": 30,
  "epoch": 30,
  "training_accuracy": 0.8212503668916936,
  "training_loss": 1.0770105123519897,
  "training_worker_0_memory_MB": 2313.53515625,
  "training_gpu_0_memory_MB": 54.728515625,
  "validation_accuracy": 0.7350993377483444,
  "validation_loss": 1.3648479461669922,
  "best_validation_accuracy": 0.7350993377483444,
  "best_validation_loss": 1.3648479461669922
}