{
  "best_epoch": 42,
  "peak_worker_0_memory_MB": 2313.53515625,
  "peak_gpu_0_memory_MB": 54.728515625,
  "training_duration": "0:00:09.846178",
  "training_start_epoch": 0,
  "training_epochs": 43,
  "epoch": 43,
  "training_accuracy": 0.895509245670678,
  "training_loss": 0.637201287680202,
  "training_worker_0_memory_MB": 2313.53515625,
  "training_gpu_0_memory_MB": 54.728515625,
  "validation_accuracy": 0.7764900662251656,
  "validation_loss": 1.0784085094928741,
  "best_validation_accuracy": 0.7764900662251656,
  "best_validation_loss": 1.0692358374595643
}