{
  "best_epoch": 2,
  "peak_worker_0_memory_MB": 2289.3359375,
  "peak_gpu_0_memory_MB": 49.984375,
  "training_duration": "0:00:02.012533",
  "training_start_epoch": 0,
  "training_epochs": 2,
  "epoch": 2,
  "training_accuracy": 0.09778520685332219,
  "training_loss": 3.933300997081556,
  "training_worker_0_memory_MB": 2289.3359375,
  "training_gpu_0_memory_MB": 49.984375,
  "validation_accuracy": 0.23013245033112584,
  "validation_loss": 3.431686282157898,
  "best_validation_accuracy": 0.23013245033112584,
  "best_validation_loss": 3.431686282157898
}