{
  "best_epoch": 23,
  "peak_worker_0_memory_MB": 2316.2890625,
  "peak_gpu_0_memory_MB": 62.47802734375,
  "training_duration": "0:00:06.222219",
  "training_start_epoch": 0,
  "training_epochs": 23,
  "epoch": 23,
  "training_accuracy": 0.17868852459016393,
  "training_loss": 3.8269535570002313,
  "training_worker_0_memory_MB": 2316.2890625,
  "training_gpu_0_memory_MB": 62.47802734375,
  "validation_accuracy": 0.5943708609271523,
  "validation_loss": 2.188474702835083,
  "best_validation_accuracy": 0.5943708609271523,
  "best_validation_loss": 2.188474702835083
}