{
  "best_epoch": 31,
  "peak_worker_0_memory_MB": 2316.2890625,
  "peak_gpu_0_memory_MB": 62.47802734375,
  "training_duration": "0:00:08.318116",
  "training_start_epoch": 0,
  "training_epochs": 31,
  "epoch": 31,
  "training_accuracy": 0.19039812646370025,
  "training_loss": 3.84491912286673,
  "training_worker_0_memory_MB": 2316.2890625,
  "training_gpu_0_memory_MB": 62.47802734375,
  "validation_accuracy": 0.5877483443708609,
  "validation_loss": 2.129220986366272,
  "best_validation_accuracy": 0.5877483443708609,
  "best_validation_loss": 2.129220986366272
}