{
  "best_epoch": 61,
  "peak_worker_0_memory_MB": 2316.2890625,
  "peak_gpu_0_memory_MB": 62.47802734375,
  "training_duration": "0:00:16.295661",
  "training_start_epoch": 0,
  "training_epochs": 62,
  "epoch": 62,
  "training_accuracy": 0.21147540983606558,
  "training_loss": 3.819083943295835,
  "training_worker_0_memory_MB": 2316.2890625,
  "training_gpu_0_memory_MB": 62.47802734375,
  "validation_accuracy": 0.609271523178808,
  "validation_loss": 2.0078941822052,
  "best_validation_accuracy": 0.5943708609271523,
  "best_validation_loss": 2.002048122882843
}