{
  "best_epoch": 65,
  "peak_worker_0_memory_MB": 2316.2890625,
  "peak_gpu_0_memory_MB": 62.47802734375,
  "training_duration": "0:00:17.094843",
  "training_start_epoch": 0,
  "training_epochs": 65,
  "epoch": 65,
  "training_accuracy": 0.21100702576112412,
  "training_loss": 3.788525022677521,
  "training_worker_0_memory_MB": 2316.2890625,
  "training_gpu_0_memory_MB": 62.47802734375,
  "validation_accuracy": 0.6076158940397351,
  "validation_loss": 1.9895401000976562,
  "best_validation_accuracy": 0.6076158940397351,
  "best_validation_loss": 1.9895401000976562
}