{
  "best_epoch": 60,
  "peak_worker_0_memory_MB": 2316.2890625,
  "peak_gpu_0_memory_MB": 62.47802734375,
  "training_duration": "0:00:15.765336",
  "training_start_epoch": 0,
  "training_epochs": 60,
  "epoch": 60,
  "training_accuracy": 0.20117096018735364,
  "training_loss": 3.8523454096779894,
  "training_worker_0_memory_MB": 2316.2890625,
  "training_gpu_0_memory_MB": 62.47802734375,
  "validation_accuracy": 0.5993377483443708,
  "validation_loss": 2.0113608598709107,
  "best_validation_accuracy": 0.5993377483443708,
  "best_validation_loss": 2.0113608598709107
}