{
  "best_epoch": 4,
  "peak_worker_0_memory_MB": 2271.32421875,
  "peak_gpu_0_memory_MB": 15.515625,
  "training_duration": "0:00:00.393192",
  "training_start_epoch": 0,
  "training_epochs": 4,
  "epoch": 4,
  "training_accuracy": 0.8306581059390048,
  "training_loss": 0.8529242992401123,
  "training_worker_0_memory_MB": 2271.32421875,
  "training_gpu_0_memory_MB": 15.515625,
  "validation_accuracy": 0.8211920529801324,
  "validation_loss": 1.164426076412201,
  "best_validation_accuracy": 0.8211920529801324,
  "best_validation_loss": 1.164426076412201
}