{
  "best_epoch": 20,
  "peak_worker_0_memory_MB": 2317.37890625,
  "peak_gpu_0_memory_MB": 51.4853515625,
  "training_duration": "0:00:06.476451",
  "training_start_epoch": 0,
  "training_epochs": 24,
  "epoch": 24,
  "training_accuracy": 0.9763466042154567,
  "training_loss": 0.15458372012892765,
  "training_worker_0_memory_MB": 2317.37890625,
  "training_gpu_0_memory_MB": 51.4853515625,
  "validation_accuracy": 0.8062913907284768,
  "validation_loss": 0.9252672076225281,
  "best_validation_accuracy": 0.8029801324503312,
  "best_validation_loss": 0.9007559359073639
}