{
  "best_epoch": 0,
  "peak_worker_0_memory_MB": 2317.37890625,
  "peak_gpu_0_memory_MB": 51.4853515625,
  "training_duration": "0:00:00.245497",
  "training_start_epoch": 0,
  "training_epochs": 0,
  "epoch": 0,
  "training_accuracy": 0.13466042154566746,
  "training_loss": 3.902255570710595,
  "training_worker_0_memory_MB": 2317.37890625,
  "training_gpu_0_memory_MB": 51.4853515625,
  "validation_accuracy": 0.2052980132450331,
  "validation_loss": 3.4074953317642214,
  "best_validation_accuracy": 0.2052980132450331,
  "best_validation_loss": 3.4074953317642214
}