{
  "best_epoch": 20,
  "peak_worker_0_memory_MB": 2317.37890625,
  "peak_gpu_0_memory_MB": 51.4853515625,
  "training_duration": "0:00:05.976993",
  "training_start_epoch": 0,
  "training_epochs": 22,
  "epoch": 22,
  "training_accuracy": 0.9690866510538642,
  "training_loss": 0.18561825656623981,
  "training_worker_0_memory_MB": 2317.37890625,
  "training_gpu_0_memory_MB": 51.4853515625,
  "validation_accuracy": 0.804635761589404,
  "validation_loss": 0.9270993620157242,
  "best_validation_accuracy": 0.8029801324503312,
  "best_validation_loss": 0.9007559359073639
}