{
  "best_epoch": 34,
  "peak_worker_0_memory_MB": 2316.2890625,
  "peak_gpu_0_memory_MB": 62.47802734375,
  "training_duration": "0:00:09.375025",
  "training_start_epoch": 0,
  "training_epochs": 34,
  "epoch": 34,
  "training_accuracy": 0.5800936768149882,
  "training_loss": 1.721135529119577,
  "training_worker_0_memory_MB": 2316.2890625,
  "training_gpu_0_memory_MB": 62.47802734375,
  "validation_accuracy": 0.7466887417218543,
  "validation_loss": 1.2577002108097077,
  "best_validation_accuracy": 0.7466887417218543,
  "best_validation_loss": 1.2577002108097077
}