{
  "best_epoch": 14,
  "peak_worker_0_memory_MB": 2316.2890625,
  "peak_gpu_0_memory_MB": 62.47802734375,
  "training_duration": "0:00:04.051154",
  "training_start_epoch": 0,
  "training_epochs": 14,
  "epoch": 14,
  "training_accuracy": 0.37822014051522246,
  "training_loss": 2.6363216478433182,
  "training_worker_0_memory_MB": 2316.2890625,
  "training_gpu_0_memory_MB": 62.47802734375,
  "validation_accuracy": 0.609271523178808,
  "validation_loss": 2.1594242691993712,
  "best_validation_accuracy": 0.609271523178808,
  "best_validation_loss": 2.1594242691993712
}