{
  "best_epoch": 61,
  "peak_worker_0_memory_MB": 2316.2890625,
  "peak_gpu_0_memory_MB": 62.47802734375,
  "training_duration": "0:00:18.392238",
  "training_start_epoch": 0,
  "training_epochs": 68,
  "epoch": 68,
  "training_accuracy": 0.6859484777517565,
  "training_loss": 1.2295813880749602,
  "training_worker_0_memory_MB": 2316.2890625,
  "training_gpu_0_memory_MB": 62.47802734375,
  "validation_accuracy": 0.7864238410596026,
  "validation_loss": 0.9754853069782257,
  "best_validation_accuracy": 0.7831125827814569,
  "best_validation_loss": 0.9699724078178406
}