{
  "best_epoch": 87,
  "peak_worker_0_memory_MB": 2316.2890625,
  "peak_gpu_0_memory_MB": 62.47802734375,
  "training_duration": "0:00:25.000221",
  "training_start_epoch": 0,
  "training_epochs": 93,
  "epoch": 93,
  "training_accuracy": 0.7271662763466042,
  "training_loss": 1.0239070333651643,
  "training_worker_0_memory_MB": 2316.2890625,
  "training_gpu_0_memory_MB": 62.47802734375,
  "validation_accuracy": 0.7963576158940397,
  "validation_loss": 0.9500264883041382,
  "best_validation_accuracy": 0.7897350993377483,
  "best_validation_loss": 0.8860577061772347
}