{
  "best_epoch": 8,
  "peak_worker_0_memory_MB": 2316.2890625,
  "peak_gpu_0_memory_MB": 62.47802734375,
  "training_duration": "0:00:02.407710",
  "training_start_epoch": 0,
  "training_epochs": 8,
  "epoch": 8,
  "training_accuracy": 0.2756440281030445,
  "training_loss": 3.063688634046868,
  "training_worker_0_memory_MB": 2316.2890625,
  "training_gpu_0_memory_MB": 62.47802734375,
  "validation_accuracy": 0.4718543046357616,
  "validation_loss": 2.718692111968994,
  "best_validation_accuracy": 0.4718543046357616,
  "best_validation_loss": 2.718692111968994
}