{
  "best_epoch": 18,
  "peak_worker_0_memory_MB": 2316.2890625,
  "peak_gpu_0_memory_MB": 62.47802734375,
  "training_duration": "0:00:05.128158",
  "training_start_epoch": 0,
  "training_epochs": 18,
  "epoch": 18,
  "training_accuracy": 0.4423887587822014,
  "training_loss": 2.3683846459459903,
  "training_worker_0_memory_MB": 2316.2890625,
  "training_gpu_0_memory_MB": 62.47802734375,
  "validation_accuracy": 0.6688741721854304,
  "validation_loss": 1.879025638103485,
  "best_validation_accuracy": 0.6688741721854304,
  "best_validation_loss": 1.879025638103485
}