{
  "best_epoch": 1,
  "peak_worker_0_memory_MB": 2272.359375,
  "peak_gpu_0_memory_MB": 49.7109375,
  "training_duration": "0:00:01.345830",
  "training_start_epoch": 0,
  "training_epochs": 1,
  "epoch": 1,
  "training_accuracy": 0.7826995403259507,
  "training_loss": 0.978269465659794,
  "training_worker_0_memory_MB": 2272.359375,
  "training_gpu_0_memory_MB": 49.7109375,
  "validation_accuracy": 0.7251655629139073,
  "validation_loss": 1.3422881543636322,
  "best_validation_accuracy": 0.7251655629139073,
  "best_validation_loss": 1.3422881543636322
}