{
  "best_epoch": 3,
  "peak_worker_0_memory_MB": 2308.9375,
  "peak_gpu_0_memory_MB": 54.28173828125,
  "training_duration": "0:00:00.998324",
  "training_start_epoch": 0,
  "training_epochs": 3,
  "epoch": 3,
  "training_accuracy": 0.7894613583138174,
  "training_loss": 0.9088539467818701,
  "training_worker_0_memory_MB": 2308.9375,
  "training_gpu_0_memory_MB": 54.28173828125,
  "validation_accuracy": 0.7996688741721855,
  "validation_loss": 0.8857536941766739,
  "best_validation_accuracy": 0.7996688741721855,
  "best_validation_loss": 0.8857536941766739
}