{
  "best_epoch": 21,
  "peak_worker_0_memory_MB": 2319.46875,
  "peak_gpu_0_memory_MB": 51.08984375,
  "training_duration": "0:00:06.370577",
  "training_start_epoch": 0,
  "training_epochs": 23,
  "epoch": 23,
  "training_accuracy": 0.94192037470726,
  "training_loss": 0.36390750821846635,
  "training_worker_0_memory_MB": 2319.46875,
  "training_gpu_0_memory_MB": 51.08984375,
  "validation_accuracy": 0.793046357615894,
  "validation_loss": 0.9491765677928925,
  "best_validation_accuracy": 0.793046357615894,
  "best_validation_loss": 0.9490648806095123
}