{
  "best_epoch": 7,
  "peak_worker_0_memory_MB": 2273.13671875,
  "peak_gpu_0_memory_MB": 15.68994140625,
  "training_duration": "0:00:00.768787",
  "training_start_epoch": 0,
  "training_epochs": 7,
  "epoch": 7,
  "training_accuracy": 0.8675762439807384,
  "training_loss": 0.4874117374420166,
  "training_worker_0_memory_MB": 2273.13671875,
  "training_gpu_0_memory_MB": 15.68994140625,
  "validation_accuracy": 0.8145695364238411,
  "validation_loss": 1.0973468661308288,
  "best_validation_accuracy": 0.8145695364238411,
  "best_validation_loss": 1.0973468661308288
}