{
  "best_epoch": 6,
  "peak_worker_0_memory_MB": 2371.23046875,
  "peak_gpu_0_memory_MB": 89.33056640625,
  "training_duration": "0:00:03.410653",
  "training_start_epoch": 0,
  "training_epochs": 6,
  "epoch": 6,
  "training_accuracy": 0.8083293326932309,
  "training_loss": 0.9386231353264729,
  "training_worker_0_memory_MB": 2371.23046875,
  "training_gpu_0_memory_MB": 89.33056640625,
  "validation_accuracy": 0.7847682119205298,
  "validation_loss": 0.9838634252548217,
  "best_validation_accuracy": 0.7847682119205298,
  "best_validation_loss": 0.9838634252548217
}