{
  "best_epoch": 2,
  "peak_worker_0_memory_MB": 2371.23046875,
  "peak_gpu_0_memory_MB": 89.33056640625,
  "training_duration": "0:00:01.450368",
  "training_start_epoch": 0,
  "training_epochs": 2,
  "epoch": 2,
  "training_accuracy": 0.5198031685069611,
  "training_loss": 2.3417209969222093,
  "training_worker_0_memory_MB": 2371.23046875,
  "training_gpu_0_memory_MB": 89.33056640625,
  "validation_accuracy": 0.7102649006622517,
  "validation_loss": 1.5518867373466492,
  "best_validation_accuracy": 0.7102649006622517,
  "best_validation_loss": 1.5518867373466492
}