{
  "best_epoch": 0,
  "peak_worker_0_memory_MB": 2288.81640625,
  "peak_gpu_0_memory_MB": 49.984375,
  "training_duration": "0:00:00.709476",
  "training_start_epoch": 0,
  "training_epochs": 0,
  "epoch": 0,
  "training_accuracy": 0.04053489343919766,
  "training_loss": 4.142583263547797,
  "training_worker_0_memory_MB": 2288.81640625,
  "training_gpu_0_memory_MB": 49.984375,
  "validation_accuracy": 0.19536423841059603,
  "validation_loss": 3.852844762802124,
  "best_validation_accuracy": 0.19536423841059603,
  "best_validation_loss": 3.852844762802124
}