{
  "best_epoch": 27,
  "peak_worker_0_memory_MB": 2327.01171875,
  "peak_gpu_0_memory_MB": 69.92529296875,
  "training_duration": "0:00:07.785256",
  "training_start_epoch": 0,
  "training_epochs": 28,
  "epoch": 28,
  "training_accuracy": 0.9747030356357237,
  "training_loss": 0.1556470078519649,
  "training_worker_0_memory_MB": 2327.01171875,
  "training_gpu_0_memory_MB": 69.92529296875,
  "validation_accuracy": 0.8079470198675497,
  "validation_loss": 0.8844901025295258,
  "best_validation_accuracy": 0.8079470198675497,
  "best_validation_loss": 0.8568911701440811
}