{
  "best_epoch": 7,
  "peak_worker_0_memory_MB": 2371.23046875,
  "peak_gpu_0_memory_MB": 89.33056640625,
  "training_duration": "0:00:03.817567",
  "training_start_epoch": 0,
  "training_epochs": 7,
  "epoch": 7,
  "training_accuracy": 0.8331733077292367,
  "training_loss": 0.8529394555637855,
  "training_worker_0_memory_MB": 2371.23046875,
  "training_gpu_0_memory_MB": 89.33056640625,
  "validation_accuracy": 0.7798013245033113,
  "validation_loss": 0.955279552936554,
  "best_validation_accuracy": 0.7798013245033113,
  "best_validation_loss": 0.955279552936554
}