{
  "best_epoch": 5,
  "peak_worker_0_memory_MB": 2371.23046875,
  "peak_gpu_0_memory_MB": 89.33056640625,
  "training_duration": "0:00:02.860180",
  "training_start_epoch": 0,
  "training_epochs": 5,
  "epoch": 5,
  "training_accuracy": 0.7407585213634181,
  "training_loss": 1.275123663531005,
  "training_worker_0_memory_MB": 2371.23046875,
  "training_gpu_0_memory_MB": 89.33056640625,
  "validation_accuracy": 0.7715231788079471,
  "validation_loss": 1.0525431394577027,
  "best_validation_accuracy": 0.7715231788079471,
  "best_validation_loss": 1.0525431394577027
}