{
  "best_epoch": 10,
  "peak_worker_0_memory_MB": 2314.08984375,
  "peak_gpu_0_memory_MB": 51.12255859375,
  "training_duration": "0:00:07.250180",
  "training_start_epoch": 0,
  "training_epochs": 10,
  "epoch": 10,
  "training_accuracy": 0.5628917676556624,
  "training_loss": 2.289166585395211,
  "training_worker_0_memory_MB": 2314.08984375,
  "training_gpu_0_memory_MB": 51.12255859375,
  "validation_accuracy": 0.7615894039735099,
  "validation_loss": 1.1119042217731476,
  "best_validation_accuracy": 0.7615894039735099,
  "best_validation_loss": 1.1119042217731476
}