{
  "best_epoch": 45,
  "peak_worker_0_memory_MB": 2326.80078125,
  "peak_gpu_0_memory_MB": 69.92529296875,
  "training_duration": "0:00:14.302110",
  "training_start_epoch": 0,
  "training_epochs": 54,
  "epoch": 54,
  "training_accuracy": 0.9762428508578971,
  "training_loss": 0.12178204659398438,
  "training_worker_0_memory_MB": 2326.80078125,
  "training_gpu_0_memory_MB": 69.92529296875,
  "validation_accuracy": 0.8112582781456954,
  "validation_loss": 0.9107023298740387,
  "best_validation_accuracy": 0.8129139072847682,
  "best_validation_loss": 0.8498142957687378
}