{
  "best_epoch": 32,
  "peak_worker_0_memory_MB": 2326.80078125,
  "peak_gpu_0_memory_MB": 69.92529296875,
  "training_duration": "0:00:08.840124",
  "training_start_epoch": 0,
  "training_epochs": 33,
  "epoch": 33,
  "training_accuracy": 0.9476462824461065,
  "training_loss": 0.3224559183129006,
  "training_worker_0_memory_MB": 2326.80078125,
  "training_gpu_0_memory_MB": 69.92529296875,
  "validation_accuracy": 0.8013245033112583,
  "validation_loss": 0.9212993681430817,
  "best_validation_accuracy": 0.8013245033112583,
  "best_validation_loss": 0.8943499982357025
}