{
  "best_epoch": 29,
  "peak_worker_0_memory_MB": 2326.80078125,
  "peak_gpu_0_memory_MB": 69.92529296875,
  "training_duration": "0:00:08.322681",
  "training_start_epoch": 0,
  "training_epochs": 31,
  "epoch": 31,
  "training_accuracy": 0.9443466783985922,
  "training_loss": 0.3657760370729698,
  "training_worker_0_memory_MB": 2326.80078125,
  "training_gpu_0_memory_MB": 69.92529296875,
  "validation_accuracy": 0.8013245033112583,
  "validation_loss": 0.9420822918415069,
  "best_validation_accuracy": 0.7996688741721855,
  "best_validation_loss": 0.9222714364528656
}