{
  "best_epoch": 26,
  "peak_worker_0_memory_MB": 2331.171875,
  "peak_gpu_0_memory_MB": 65.09326171875,
  "training_duration": "0:00:06.539017",
  "training_start_epoch": 0,
  "training_epochs": 26,
  "epoch": 26,
  "training_accuracy": 0.8163934426229508,
  "training_loss": 0.8525251550460929,
  "training_worker_0_memory_MB": 2331.171875,
  "training_gpu_0_memory_MB": 65.09326171875,
  "validation_accuracy": 0.7798013245033113,
  "validation_loss": 1.0667461574077606,
  "best_validation_accuracy": 0.7798013245033113,
  "best_validation_loss": 1.0667461574077606
}