{
  "best_epoch": 20,
  "peak_worker_0_memory_MB": 2331.171875,
  "peak_gpu_0_memory_MB": 65.09326171875,
  "training_duration": "0:00:05.069996",
  "training_start_epoch": 0,
  "training_epochs": 20,
  "epoch": 20,
  "training_accuracy": 0.7641686182669789,
  "training_loss": 1.118185917832958,
  "training_worker_0_memory_MB": 2331.171875,
  "training_gpu_0_memory_MB": 65.09326171875,
  "validation_accuracy": 0.7533112582781457,
  "validation_loss": 1.204147344827652,
  "best_validation_accuracy": 0.7533112582781457,
  "best_validation_loss": 1.204147344827652
}