{
  "best_epoch": 12,
  "peak_worker_0_memory_MB": 2331.171875,
  "peak_gpu_0_memory_MB": 65.09326171875,
  "training_duration": "0:00:03.141492",
  "training_start_epoch": 0,
  "training_epochs": 12,
  "epoch": 12,
  "training_accuracy": 0.6196721311475409,
  "training_loss": 1.734894483836729,
  "training_worker_0_memory_MB": 2331.171875,
  "training_gpu_0_memory_MB": 65.09326171875,
  "validation_accuracy": 0.6887417218543046,
  "validation_loss": 1.6240833401679993,
  "best_validation_accuracy": 0.6887417218543046,
  "best_validation_loss": 1.6240833401679993
}