{
  "best_epoch": 11,
  "peak_worker_0_memory_MB": 2331.171875,
  "peak_gpu_0_memory_MB": 65.09326171875,
  "training_duration": "0:00:02.892360",
  "training_start_epoch": 0,
  "training_epochs": 11,
  "epoch": 11,
  "training_accuracy": 0.5976580796252927,
  "training_loss": 1.8456540694877284,
  "training_worker_0_memory_MB": 2331.171875,
  "training_gpu_0_memory_MB": 65.09326171875,
  "validation_accuracy": 0.6837748344370861,
  "validation_loss": 1.7171582937240601,
  "best_validation_accuracy": 0.6837748344370861,
  "best_validation_loss": 1.7171582937240601
}