{
  "best_epoch": 48,
  "peak_worker_0_memory_MB": 2331.171875,
  "peak_gpu_0_memory_MB": 65.09326171875,
  "training_duration": "0:00:13.034958",
  "training_start_epoch": 0,
  "training_epochs": 53,
  "epoch": 53,
  "training_accuracy": 0.8946135831381733,
  "training_loss": 0.44730060625432144,
  "training_worker_0_memory_MB": 2331.171875,
  "training_gpu_0_memory_MB": 65.09326171875,
  "validation_accuracy": 0.7980132450331126,
  "validation_loss": 1.0367537975311278,
  "best_validation_accuracy": 0.7963576158940397,
  "best_validation_loss": 0.9721189558506012
}