{
  "best_epoch": 16,
  "peak_worker_0_memory_MB": 2318.34765625,
  "peak_gpu_0_memory_MB": 58.2568359375,
  "training_duration": "0:00:04.867467",
  "training_start_epoch": 0,
  "training_epochs": 16,
  "epoch": 16,
  "training_accuracy": 0.9639243290805103,
  "training_loss": 0.2170390397724178,
  "training_worker_0_memory_MB": 2318.34765625,
  "training_gpu_0_memory_MB": 58.2568359375,
  "validation_accuracy": 0.8029801324503312,
  "validation_loss": 0.9039695411920547,
  "best_validation_accuracy": 0.8029801324503312,
  "best_validation_loss": 0.9039695411920547
}