{
  "best_epoch": 7,
  "peak_worker_0_memory_MB": 2318.34765625,
  "peak_gpu_0_memory_MB": 58.2568359375,
  "training_duration": "0:00:02.308418",
  "training_start_epoch": 0,
  "training_epochs": 7,
  "epoch": 7,
  "training_accuracy": 0.8471183457985042,
  "training_loss": 0.9946899579630958,
  "training_worker_0_memory_MB": 2318.34765625,
  "training_gpu_0_memory_MB": 58.2568359375,
  "validation_accuracy": 0.7632450331125827,
  "validation_loss": 1.2289075791835784,
  "best_validation_accuracy": 0.7632450331125827,
  "best_validation_loss": 1.2289075791835784
}