{
  "best_epoch": 8,
  "peak_worker_0_memory_MB": 2318.34765625,
  "peak_gpu_0_memory_MB": 58.2568359375,
  "training_duration": "0:00:02.595589",
  "training_start_epoch": 0,
  "training_epochs": 8,
  "epoch": 8,
  "training_accuracy": 0.8785745710514739,
  "training_loss": 0.8018037631279893,
  "training_worker_0_memory_MB": 2318.34765625,
  "training_gpu_0_memory_MB": 58.2568359375,
  "validation_accuracy": 0.7748344370860927,
  "validation_loss": 1.1606658458709718,
  "best_validation_accuracy": 0.7748344370860927,
  "best_validation_loss": 1.1606658458709718
}