{
  "best_epoch": 21,
  "peak_worker_0_memory_MB": 2331.171875,
  "peak_gpu_0_memory_MB": 65.09326171875,
  "training_duration": "0:00:05.974149",
  "training_start_epoch": 0,
  "training_epochs": 23,
  "epoch": 23,
  "training_accuracy": 0.9519906323185011,
  "training_loss": 0.2887147197972483,
  "training_worker_0_memory_MB": 2331.171875,
  "training_gpu_0_memory_MB": 65.09326171875,
  "validation_accuracy": 0.804635761589404,
  "validation_loss": 0.9024004220962525,
  "best_validation_accuracy": 0.804635761589404,
  "best_validation_loss": 0.8914440155029297
}