{
  "best_epoch": 3,
  "peak_worker_0_memory_MB": 2331.171875,
  "peak_gpu_0_memory_MB": 65.09326171875,
  "training_duration": "0:00:00.978472",
  "training_start_epoch": 0,
  "training_epochs": 3,
  "epoch": 3,
  "training_accuracy": 0.4262295081967213,
  "training_loss": 2.7099401701742143,
  "training_worker_0_memory_MB": 2331.171875,
  "training_gpu_0_memory_MB": 65.09326171875,
  "validation_accuracy": 0.5380794701986755,
  "validation_loss": 2.3842736721038817,
  "best_validation_accuracy": 0.5380794701986755,
  "best_validation_loss": 2.3842736721038817
}