{
  "best_epoch": 5,
  "peak_worker_0_memory_MB": 2330.69921875,
  "peak_gpu_0_memory_MB": 65.09326171875,
  "training_duration": "0:00:01.574336",
  "training_start_epoch": 0,
  "training_epochs": 5,
  "epoch": 5,
  "training_accuracy": 0.18384074941451992,
  "training_loss": 3.6128097612466386,
  "training_worker_0_memory_MB": 2330.69921875,
  "training_gpu_0_memory_MB": 65.09326171875,
  "validation_accuracy": 0.2533112582781457,
  "validation_loss": 3.5126710176467895,
  "best_validation_accuracy": 0.2533112582781457,
  "best_validation_loss": 3.5126710176467895
}