{
  "best_epoch": 72,
  "peak_worker_0_memory_MB": 2330.69921875,
  "peak_gpu_0_memory_MB": 65.09326171875,
  "training_duration": "0:00:19.601328",
  "training_start_epoch": 0,
  "training_epochs": 73,
  "epoch": 73,
  "training_accuracy": 0.8997658079625293,
  "training_loss": 0.672011795773435,
  "training_worker_0_memory_MB": 2330.69921875,
  "training_gpu_0_memory_MB": 65.09326171875,
  "validation_accuracy": 0.7698675496688742,
  "validation_loss": 1.1120921075344086,
  "best_validation_accuracy": 0.7682119205298014,
  "best_validation_loss": 1.0943681955337525
}