{
  "best_epoch": 18,
  "peak_worker_0_memory_MB": 2330.69921875,
  "peak_gpu_0_memory_MB": 65.09326171875,
  "training_duration": "0:00:05.043642",
  "training_start_epoch": 0,
  "training_epochs": 18,
  "epoch": 18,
  "training_accuracy": 0.4344262295081967,
  "training_loss": 2.7776650777503624,
  "training_worker_0_memory_MB": 2330.69921875,
  "training_gpu_0_memory_MB": 65.09326171875,
  "validation_accuracy": 0.46192052980132453,
  "validation_loss": 2.7367748022079468,
  "best_validation_accuracy": 0.46192052980132453,
  "best_validation_loss": 2.7367748022079468
}