{
  "best_epoch": 51,
  "peak_worker_0_memory_MB": 2330.69921875,
  "peak_gpu_0_memory_MB": 65.09326171875,
  "training_duration": "0:00:13.845782",
  "training_start_epoch": 0,
  "training_epochs": 51,
  "epoch": 51,
  "training_accuracy": 0.8072599531615925,
  "training_loss": 1.1834419218461905,
  "training_worker_0_memory_MB": 2330.69921875,
  "training_gpu_0_memory_MB": 65.09326171875,
  "validation_accuracy": 0.7235099337748344,
  "validation_loss": 1.4451078653335572,
  "best_validation_accuracy": 0.7235099337748344,
  "best_validation_loss": 1.4451078653335572
}