{
  "best_epoch": 80,
  "peak_worker_0_memory_MB": 2330.69921875,
  "peak_gpu_0_memory_MB": 65.09326171875,
  "training_duration": "0:00:21.665803",
  "training_start_epoch": 0,
  "training_epochs": 81,
  "epoch": 81,
  "training_accuracy": 0.9182669789227166,
  "training_loss": 0.5547977218877024,
  "training_worker_0_memory_MB": 2330.69921875,
  "training_gpu_0_memory_MB": 65.09326171875,
  "validation_accuracy": 0.7764900662251656,
  "validation_loss": 1.07791308760643,
  "best_validation_accuracy": 0.7731788079470199,
  "best_validation_loss": 1.0432006537914276
}