{
  "best_epoch": 10,
  "peak_worker_0_memory_MB": 2269.69921875,
  "peak_gpu_0_memory_MB": 8.73193359375,
  "training_duration": "0:00:02.618737",
  "training_start_epoch": 0,
  "training_epochs": 18,
  "epoch": 18,
  "training_accuracy": 0.9126619306310071,
  "training_loss": 0.3231596907502727,
  "training_worker_0_memory_MB": 2269.69921875,
  "training_gpu_0_memory_MB": 8.73193359375,
  "validation_accuracy": 0.8278145695364238,
  "validation_loss": 0.8742511928081512,
  "best_validation_accuracy": 0.8311258278145696,
  "best_validation_loss": 0.8392050743103028
}