{
  "best_epoch": 36,
  "peak_worker_0_memory_MB": 2330.921875,
  "peak_gpu_0_memory_MB": 65.09326171875,
  "training_duration": "0:00:10.183633",
  "training_start_epoch": 0,
  "training_epochs": 38,
  "epoch": 38,
  "training_accuracy": 0.8653395784543325,
  "training_loss": 0.5625792003389615,
  "training_worker_0_memory_MB": 2330.921875,
  "training_gpu_0_memory_MB": 65.09326171875,
  "validation_accuracy": 0.7980132450331126,
  "validation_loss": 0.8846084952354432,
  "best_validation_accuracy": 0.7963576158940397,
  "best_validation_loss": 0.872127041220665
}