{
  "best_epoch": 20,
  "peak_worker_0_memory_MB": 2330.921875,
  "peak_gpu_0_memory_MB": 65.09326171875,
  "training_duration": "0:00:05.476111",
  "training_start_epoch": 0,
  "training_epochs": 20,
  "epoch": 20,
  "training_accuracy": 0.7653395784543325,
  "training_loss": 1.0084532686133882,
  "training_worker_0_memory_MB": 2330.921875,
  "training_gpu_0_memory_MB": 65.09326171875,
  "validation_accuracy": 0.7831125827814569,
  "validation_loss": 0.9873578786849976,
  "best_validation_accuracy": 0.7831125827814569,
  "best_validation_loss": 0.9873578786849976
}