{
  "best_epoch": 34,
  "peak_worker_0_memory_MB": 2330.921875,
  "peak_gpu_0_memory_MB": 65.09326171875,
  "training_duration": "0:00:09.408002",
  "training_start_epoch": 0,
  "training_epochs": 35,
  "epoch": 35,
  "training_accuracy": 0.855503512880562,
  "training_loss": 0.597761086118755,
  "training_worker_0_memory_MB": 2330.921875,
  "training_gpu_0_memory_MB": 65.09326171875,
  "validation_accuracy": 0.8013245033112583,
  "validation_loss": 0.9435543149709702,
  "best_validation_accuracy": 0.7963576158940397,
  "best_validation_loss": 0.8885737895965576
}