{
  "best_epoch": 8,
  "peak_worker_0_memory_MB": 2271.109375,
  "peak_gpu_0_memory_MB": 15.515625,
  "training_duration": "0:00:00.741750",
  "training_start_epoch": 0,
  "training_epochs": 8,
  "epoch": 8,
  "training_accuracy": 0.4839486356340289,
  "training_loss": 2.827887976169586,
  "training_worker_0_memory_MB": 2271.109375,
  "training_gpu_0_memory_MB": 15.515625,
  "validation_accuracy": 0.5844370860927153,
  "validation_loss": 2.732180881500244,
  "best_validation_accuracy": 0.5844370860927153,
  "best_validation_loss": 2.732180881500244
}