{
  "best_epoch": 27,
  "peak_worker_0_memory_MB": 2271.109375,
  "peak_gpu_0_memory_MB": 15.515625,
  "training_duration": "0:00:02.600754",
  "training_start_epoch": 0,
  "training_epochs": 28,
  "epoch": 28,
  "training_accuracy": 0.8619582664526485,
  "training_loss": 0.6943973332643509,
  "training_worker_0_memory_MB": 2271.109375,
  "training_gpu_0_memory_MB": 15.515625,
  "validation_accuracy": 0.8112582781456954,
  "validation_loss": 1.1982502579689025,
  "best_validation_accuracy": 0.8096026490066225,
  "best_validation_loss": 1.1946972250938415
}