{
  "best_epoch": 3,
  "peak_worker_0_memory_MB": 2283.15625,
  "peak_gpu_0_memory_MB": 49.984375,
  "training_duration": "0:00:02.669292",
  "training_start_epoch": 0,
  "training_epochs": 3,
  "epoch": 3,
  "training_accuracy": 0.34099456748850815,
  "training_loss": 2.759614298218175,
  "training_worker_0_memory_MB": 2283.15625,
  "training_gpu_0_memory_MB": 49.984375,
  "validation_accuracy": 0.46688741721854304,
  "validation_loss": 2.5115346193313597,
  "best_validation_accuracy": 0.46688741721854304,
  "best_validation_loss": 2.5115346193313597
}