{
  "best_epoch": 15,
  "peak_worker_0_memory_MB": 2283.15625,
  "peak_gpu_0_memory_MB": 49.984375,
  "training_duration": "0:00:16.560985",
  "training_start_epoch": 0,
  "training_epochs": 24,
  "epoch": 24,
  "training_accuracy": 0.890513999164229,
  "training_loss": 0.384137758494992,
  "training_worker_0_memory_MB": 2283.15625,
  "training_gpu_0_memory_MB": 49.984375,
  "validation_accuracy": 0.7847682119205298,
  "validation_loss": 1.11924569606781,
  "best_validation_accuracy": 0.7731788079470199,
  "best_validation_loss": 1.0505010545253755
}