{
  "best_epoch": 2,
  "peak_worker_0_memory_MB": 2317.36328125,
  "peak_gpu_0_memory_MB": 51.4853515625,
  "training_duration": "0:00:00.765513",
  "training_start_epoch": 0,
  "training_epochs": 2,
  "epoch": 2,
  "training_accuracy": 0.2651053864168618,
  "training_loss": 3.6721673332043547,
  "training_worker_0_memory_MB": 2317.36328125,
  "training_gpu_0_memory_MB": 51.4853515625,
  "validation_accuracy": 0.33112582781456956,
  "validation_loss": 3.4767570018768312,
  "best_validation_accuracy": 0.33112582781456956,
  "best_validation_loss": 3.4767570018768312
}