{
  "best_epoch": 56,
  "peak_worker_0_memory_MB": 2317.36328125,
  "peak_gpu_0_memory_MB": 51.4853515625,
  "training_duration": "0:00:15.395464",
  "training_start_epoch": 0,
  "training_epochs": 57,
  "epoch": 57,
  "training_accuracy": 0.9601873536299765,
  "training_loss": 0.2514060998140876,
  "training_worker_0_memory_MB": 2317.36328125,
  "training_gpu_0_memory_MB": 51.4853515625,
  "validation_accuracy": 0.7913907284768212,
  "validation_loss": 0.9210608422756195,
  "best_validation_accuracy": 0.7913907284768212,
  "best_validation_loss": 0.8938389480113983
}