{
  "best_epoch": 17,
  "peak_worker_0_memory_MB": 2317.36328125,
  "peak_gpu_0_memory_MB": 51.4853515625,
  "training_duration": "0:00:04.737683",
  "training_start_epoch": 0,
  "training_epochs": 17,
  "epoch": 17,
  "training_accuracy": 0.7173302107728338,
  "training_loss": 1.6256667197640262,
  "training_worker_0_memory_MB": 2317.36328125,
  "training_gpu_0_memory_MB": 51.4853515625,
  "validation_accuracy": 0.7036423841059603,
  "validation_loss": 1.719202446937561,
  "best_validation_accuracy": 0.7036423841059603,
  "best_validation_loss": 1.719202446937561
}