{
  "best_epoch": 48,
  "peak_worker_0_memory_MB": 2317.36328125,
  "peak_gpu_0_memory_MB": 51.4853515625,
  "training_duration": "0:00:14.329990",
  "training_start_epoch": 0,
  "training_epochs": 53,
  "epoch": 53,
  "training_accuracy": 0.9533957845433255,
  "training_loss": 0.2943732226962474,
  "training_worker_0_memory_MB": 2317.36328125,
  "training_gpu_0_memory_MB": 51.4853515625,
  "validation_accuracy": 0.793046357615894,
  "validation_loss": 0.9525162220001221,
  "best_validation_accuracy": 0.7897350993377483,
  "best_validation_loss": 0.9277784645557403
}