{
  "best_epoch": 20,
  "peak_worker_0_memory_MB": 2317.36328125,
  "peak_gpu_0_memory_MB": 51.4853515625,
  "training_duration": "0:00:05.529067",
  "training_start_epoch": 0,
  "training_epochs": 20,
  "epoch": 20,
  "training_accuracy": 0.7653395784543325,
  "training_loss": 1.358669922423007,
  "training_worker_0_memory_MB": 2317.36328125,
  "training_gpu_0_memory_MB": 51.4853515625,
  "validation_accuracy": 0.7218543046357616,
  "validation_loss": 1.4954717636108399,
  "best_validation_accuracy": 0.7218543046357616,
  "best_validation_loss": 1.4954717636108399
}