{
  "best_epoch": 29,
  "peak_worker_0_memory_MB": 2317.36328125,
  "peak_gpu_0_memory_MB": 51.4853515625,
  "training_duration": "0:00:07.913809",
  "training_start_epoch": 0,
  "training_epochs": 29,
  "epoch": 29,
  "training_accuracy": 0.8548009367681498,
  "training_loss": 0.839809022732635,
  "training_worker_0_memory_MB": 2317.36328125,
  "training_gpu_0_memory_MB": 51.4853515625,
  "validation_accuracy": 0.7682119205298014,
  "validation_loss": 1.157281482219696,
  "best_validation_accuracy": 0.7682119205298014,
  "best_validation_loss": 1.157281482219696
}