{
  "best_epoch": 11,
  "peak_worker_0_memory_MB": 2317.36328125,
  "peak_gpu_0_memory_MB": 51.4853515625,
  "training_duration": "0:00:03.147091",
  "training_start_epoch": 0,
  "training_epochs": 11,
  "epoch": 11,
  "training_accuracy": 0.5686182669789227,
  "training_loss": 2.3441651668121564,
  "training_worker_0_memory_MB": 2317.36328125,
  "training_gpu_0_memory_MB": 51.4853515625,
  "validation_accuracy": 0.5993377483443708,
  "validation_loss": 2.306555986404419,
  "best_validation_accuracy": 0.5993377483443708,
  "best_validation_loss": 2.306555986404419
}