{
  "best_epoch": 17,
  "peak_worker_0_memory_MB": 2319.734375,
  "peak_gpu_0_memory_MB": 51.08984375,
  "training_duration": "0:00:04.638606",
  "training_start_epoch": 0,
  "training_epochs": 17,
  "epoch": 17,
  "training_accuracy": 0.5887587822014052,
  "training_loss": 1.9081597933128698,
  "training_worker_0_memory_MB": 2319.734375,
  "training_gpu_0_memory_MB": 51.08984375,
  "validation_accuracy": 0.6854304635761589,
  "validation_loss": 1.6776964902877807,
  "best_validation_accuracy": 0.6854304635761589,
  "best_validation_loss": 1.6776964902877807
}