{
  "best_epoch": 36,
  "peak_worker_0_memory_MB": 2319.734375,
  "peak_gpu_0_memory_MB": 51.08984375,
  "training_duration": "0:00:09.632545",
  "training_start_epoch": 0,
  "training_epochs": 36,
  "epoch": 36,
  "training_accuracy": 0.7971896955503512,
  "training_loss": 1.027259800861131,
  "training_worker_0_memory_MB": 2319.734375,
  "training_gpu_0_memory_MB": 51.08984375,
  "validation_accuracy": 0.7682119205298014,
  "validation_loss": 1.0340591728687287,
  "best_validation_accuracy": 0.7682119205298014,
  "best_validation_loss": 1.0340591728687287
}