{
  "best_epoch": 48,
  "peak_worker_0_memory_MB": 2319.734375,
  "peak_gpu_0_memory_MB": 51.08984375,
  "training_duration": "0:00:12.736768",
  "training_start_epoch": 0,
  "training_epochs": 48,
  "epoch": 48,
  "training_accuracy": 0.8451990632318501,
  "training_loss": 0.7685416643299273,
  "training_worker_0_memory_MB": 2319.734375,
  "training_gpu_0_memory_MB": 51.08984375,
  "validation_accuracy": 0.7831125827814569,
  "validation_loss": 0.9330835580825806,
  "best_validation_accuracy": 0.7831125827814569,
  "best_validation_loss": 0.9330835580825806
}