{
  "best_epoch": 3,
  "peak_worker_0_memory_MB": 2311.1015625,
  "peak_gpu_0_memory_MB": 43.572265625,
  "training_duration": "0:00:00.962522",
  "training_start_epoch": 0,
  "training_epochs": 3,
  "epoch": 3,
  "training_accuracy": 0.1740046838407494,
  "training_loss": 3.3819820489456403,
  "training_worker_0_memory_MB": 2311.1015625,
  "training_gpu_0_memory_MB": 43.572265625,
  "validation_accuracy": 0.3824503311258278,
  "validation_loss": 3.075787615776062,
  "best_validation_accuracy": 0.3824503311258278,
  "best_validation_loss": 3.075787615776062
}