{
  "best_epoch": 61,
  "peak_worker_0_memory_MB": 2311.1015625,
  "peak_gpu_0_memory_MB": 43.572265625,
  "training_duration": "0:00:17.355942",
  "training_start_epoch": 0,
  "training_epochs": 69,
  "epoch": 69,
  "training_accuracy": 0.717096018735363,
  "training_loss": 1.084181457313139,
  "training_worker_0_memory_MB": 2311.1015625,
  "training_gpu_0_memory_MB": 43.572265625,
  "validation_accuracy": 0.7880794701986755,
  "validation_loss": 0.9457956731319428,
  "best_validation_accuracy": 0.7847682119205298,
  "best_validation_loss": 0.9122679144144058
}