{
  "best_epoch": 61,
  "peak_worker_0_memory_MB": 2311.1015625,
  "peak_gpu_0_memory_MB": 43.572265625,
  "training_duration": "0:00:15.620550",
  "training_start_epoch": 0,
  "training_epochs": 62,
  "epoch": 62,
  "training_accuracy": 0.7140515222482435,
  "training_loss": 1.1374996731530373,
  "training_worker_0_memory_MB": 2311.1015625,
  "training_gpu_0_memory_MB": 43.572265625,
  "validation_accuracy": 0.7864238410596026,
  "validation_loss": 0.9300274193286896,
  "best_validation_accuracy": 0.7847682119205298,
  "best_validation_loss": 0.9122679144144058
}