{
  "best_epoch": 40,
  "peak_worker_0_memory_MB": 2317.36328125,
  "peak_gpu_0_memory_MB": 51.4853515625,
  "training_duration": "0:00:12.442424",
  "training_start_epoch": 0,
  "training_epochs": 47,
  "epoch": 47,
  "training_accuracy": 0.988056206088993,
  "training_loss": 0.07458587680289995,
  "training_worker_0_memory_MB": 2317.36328125,
  "training_gpu_0_memory_MB": 51.4853515625,
  "validation_accuracy": 0.804635761589404,
  "validation_loss": 0.9490128517150879,
  "best_validation_accuracy": 0.8062913907284768,
  "best_validation_loss": 0.8831563711166381
}