{
  "best_epoch": 2,
  "peak_worker_0_memory_MB": 2317.36328125,
  "peak_gpu_0_memory_MB": 51.4853515625,
  "training_duration": "0:00:00.747012",
  "training_start_epoch": 0,
  "training_epochs": 2,
  "epoch": 2,
  "training_accuracy": 0.29414519906323183,
  "training_loss": 3.170594137106369,
  "training_worker_0_memory_MB": 2317.36328125,
  "training_gpu_0_memory_MB": 51.4853515625,
  "validation_accuracy": 0.40397350993377484,
  "validation_loss": 2.966169762611389,
  "best_validation_accuracy": 0.40397350993377484,
  "best_validation_loss": 2.966169762611389
}