{
  "best_epoch": 15,
  "peak_worker_0_memory_MB": 2317.36328125,
  "peak_gpu_0_memory_MB": 51.4853515625,
  "training_duration": "0:00:04.188009",
  "training_start_epoch": 0,
  "training_epochs": 15,
  "epoch": 15,
  "training_accuracy": 0.751288056206089,
  "training_loss": 1.4437384925671477,
  "training_worker_0_memory_MB": 2317.36328125,
  "training_gpu_0_memory_MB": 51.4853515625,
  "validation_accuracy": 0.7201986754966887,
  "validation_loss": 1.6059048056602478,
  "best_validation_accuracy": 0.7201986754966887,
  "best_validation_loss": 1.6059048056602478
}