{
  "best_epoch": 5,
  "peak_worker_0_memory_MB": 2269.83203125,
  "peak_gpu_0_memory_MB": 15.515625,
  "training_duration": "0:00:00.538074",
  "training_start_epoch": 0,
  "training_epochs": 5,
  "epoch": 5,
  "training_accuracy": 0.5955056179775281,
  "training_loss": 2.600809860229492,
  "training_worker_0_memory_MB": 2269.83203125,
  "training_gpu_0_memory_MB": 15.515625,
  "validation_accuracy": 0.7367549668874173,
  "validation_loss": 2.455204939842224,
  "best_validation_accuracy": 0.7367549668874173,
  "best_validation_loss": 2.455204939842224
}