{
  "best_epoch": 1,
  "peak_worker_0_memory_MB": 2268.359375,
  "peak_gpu_0_memory_MB": 8.73193359375,
  "training_duration": "0:00:00.284220",
  "training_start_epoch": 0,
  "training_epochs": 1,
  "epoch": 1,
  "training_accuracy": 0.7388215628917677,
  "training_loss": 1.4639108118258024,
  "training_worker_0_memory_MB": 2268.359375,
  "training_gpu_0_memory_MB": 8.73193359375,
  "validation_accuracy": 0.7748344370860927,
  "validation_loss": 1.1852995932102204,
  "best_validation_accuracy": 0.7748344370860927,
  "best_validation_loss": 1.1852995932102204
}