{
  "best_epoch": 49,
  "peak_worker_0_memory_MB": 2328.6875,
  "peak_gpu_0_memory_MB": 61.63037109375,
  "training_duration": "0:00:13.513174",
  "training_start_epoch": 0,
  "training_epochs": 50,
  "epoch": 50,
  "training_accuracy": 0.8468384074941452,
  "training_loss": 0.9356212028816565,
  "training_worker_0_memory_MB": 2328.6875,
  "training_gpu_0_memory_MB": 61.63037109375,
  "validation_accuracy": 0.7582781456953642,
  "validation_loss": 1.2359189569950104,
  "best_validation_accuracy": 0.7566225165562914,
  "best_validation_loss": 1.2121611714363099
}