{
  "best_epoch": 37,
  "peak_worker_0_memory_MB": 2328.6875,
  "peak_gpu_0_memory_MB": 61.63037109375,
  "training_duration": "0:00:10.028348",
  "training_start_epoch": 0,
  "training_epochs": 37,
  "epoch": 37,
  "training_accuracy": 0.7536299765807962,
  "training_loss": 1.3737544488551012,
  "training_worker_0_memory_MB": 2328.6875,
  "training_gpu_0_memory_MB": 61.63037109375,
  "validation_accuracy": 0.7152317880794702,
  "validation_loss": 1.4704495549201966,
  "best_validation_accuracy": 0.7152317880794702,
  "best_validation_loss": 1.4704495549201966
}