{
  "best_epoch": 26,
  "peak_worker_0_memory_MB": 2328.6875,
  "peak_gpu_0_memory_MB": 61.63037109375,
  "training_duration": "0:00:07.151159",
  "training_start_epoch": 0,
  "training_epochs": 26,
  "epoch": 26,
  "training_accuracy": 0.6255269320843091,
  "training_loss": 1.945266579514119,
  "training_worker_0_memory_MB": 2328.6875,
  "training_gpu_0_memory_MB": 61.63037109375,
  "validation_accuracy": 0.6490066225165563,
  "validation_loss": 1.8855612993240356,
  "best_validation_accuracy": 0.6490066225165563,
  "best_validation_loss": 1.8855612993240356
}