{
  "best_epoch": 4,
  "peak_worker_0_memory_MB": 2328.6875,
  "peak_gpu_0_memory_MB": 61.63037109375,
  "training_duration": "0:00:01.300447",
  "training_start_epoch": 0,
  "training_epochs": 4,
  "epoch": 4,
  "training_accuracy": 0.19274004683840748,
  "training_loss": 3.5397368438208283,
  "training_worker_0_memory_MB": 2328.6875,
  "training_gpu_0_memory_MB": 61.63037109375,
  "validation_accuracy": 0.2996688741721854,
  "validation_loss": 3.3977551460266113,
  "best_validation_accuracy": 0.2996688741721854,
  "best_validation_loss": 3.3977551460266113
}