{
  "best_epoch": 11,
  "peak_worker_0_memory_MB": 2328.6875,
  "peak_gpu_0_memory_MB": 61.63037109375,
  "training_duration": "0:00:03.149716",
  "training_start_epoch": 0,
  "training_epochs": 11,
  "epoch": 11,
  "training_accuracy": 0.34262295081967215,
  "training_loss": 3.0011083403630043,
  "training_worker_0_memory_MB": 2328.6875,
  "training_gpu_0_memory_MB": 61.63037109375,
  "validation_accuracy": 0.4370860927152318,
  "validation_loss": 2.883920741081238,
  "best_validation_accuracy": 0.4370860927152318,
  "best_validation_loss": 2.883920741081238
}