{
  "best_epoch": 89,
  "peak_worker_0_memory_MB": 2370.390625,
  "peak_gpu_0_memory_MB": 89.33056640625,
  "training_duration": "0:00:44.721907",
  "training_start_epoch": 0,
  "training_epochs": 89,
  "epoch": 89,
  "training_accuracy": 0.4589534325492079,
  "training_loss": 2.268330717814788,
  "training_worker_0_memory_MB": 2370.390625,
  "training_gpu_0_memory_MB": 89.33056640625,
  "validation_accuracy": 0.7251655629139073,
  "validation_loss": 1.416532862186432,
  "best_validation_accuracy": 0.7251655629139073,
  "best_validation_loss": 1.416532862186432
}