{
  "best_epoch": 84,
  "peak_worker_0_memory_MB": 2370.390625,
  "peak_gpu_0_memory_MB": 89.33056640625,
  "training_duration": "0:00:42.201996",
  "training_start_epoch": 0,
  "training_epochs": 84,
  "epoch": 84,
  "training_accuracy": 0.4471915506481037,
  "training_loss": 2.3258384102173433,
  "training_worker_0_memory_MB": 2370.390625,
  "training_gpu_0_memory_MB": 89.33056640625,
  "validation_accuracy": 0.7218543046357616,
  "validation_loss": 1.4604697525501251,
  "best_validation_accuracy": 0.7218543046357616,
  "best_validation_loss": 1.4604697525501251
}