{
  "best_epoch": 17,
  "peak_worker_0_memory_MB": 2370.390625,
  "peak_gpu_0_memory_MB": 89.33056640625,
  "training_duration": "0:00:09.016766",
  "training_start_epoch": 0,
  "training_epochs": 17,
  "epoch": 17,
  "training_accuracy": 0.14786365818530964,
  "training_loss": 3.54657597214211,
  "training_worker_0_memory_MB": 2370.390625,
  "training_gpu_0_memory_MB": 89.33056640625,
  "validation_accuracy": 0.4685430463576159,
  "validation_loss": 3.1679800271987917,
  "best_validation_accuracy": 0.4685430463576159,
  "best_validation_loss": 3.1679800271987917
}