{
  "best_epoch": 29,
  "peak_worker_0_memory_MB": 2271.328125,
  "peak_gpu_0_memory_MB": 15.515625,
  "training_duration": "0:00:02.399688",
  "training_start_epoch": 0,
  "training_epochs": 30,
  "epoch": 30,
  "training_accuracy": 0.8852327447833066,
  "training_loss": 0.33274134397506716,
  "training_worker_0_memory_MB": 2271.328125,
  "training_gpu_0_memory_MB": 15.515625,
  "validation_accuracy": 0.8195364238410596,
  "validation_loss": 1.179111522436142,
  "best_validation_accuracy": 0.8228476821192053,
  "best_validation_loss": 1.1202052861452103
}