{
  "best_epoch": 21,
  "peak_worker_0_memory_MB": 2298.41015625,
  "peak_gpu_0_memory_MB": 50.91064453125,
  "training_duration": "0:00:14.557609",
  "training_start_epoch": 0,
  "training_epochs": 21,
  "epoch": 21,
  "training_accuracy": 0.41537818637693275,
  "training_loss": 2.5182717411141646,
  "training_worker_0_memory_MB": 2298.41015625,
  "training_gpu_0_memory_MB": 50.91064453125,
  "validation_accuracy": 0.6539735099337748,
  "validation_loss": 1.5237151861190796,
  "best_validation_accuracy": 0.6539735099337748,
  "best_validation_loss": 1.5237151861190796
}