{
  "best_epoch": 53,
  "peak_worker_0_memory_MB": 2298.41015625,
  "peak_gpu_0_memory_MB": 50.91064453125,
  "training_duration": "0:00:35.930804",
  "training_start_epoch": 0,
  "training_epochs": 53,
  "epoch": 53,
  "training_accuracy": 0.4575846218136231,
  "training_loss": 2.3800758813556873,
  "training_worker_0_memory_MB": 2298.41015625,
  "training_gpu_0_memory_MB": 50.91064453125,
  "validation_accuracy": 0.6920529801324503,
  "validation_loss": 1.223249390721321,
  "best_validation_accuracy": 0.6920529801324503,
  "best_validation_loss": 1.223249390721321
}