{
  "best_epoch": 9,
  "peak_worker_0_memory_MB": 2298.41015625,
  "peak_gpu_0_memory_MB": 50.91064453125,
  "training_duration": "0:00:06.593157",
  "training_start_epoch": 0,
  "training_epochs": 9,
  "epoch": 9,
  "training_accuracy": 0.304220643543669,
  "training_loss": 2.9441149548480383,
  "training_worker_0_memory_MB": 2298.41015625,
  "training_gpu_0_memory_MB": 50.91064453125,
  "validation_accuracy": 0.5761589403973509,
  "validation_loss": 2.0989827871322633,
  "best_validation_accuracy": 0.5761589403973509,
  "best_validation_loss": 2.0989827871322633
}