{
  "best_epoch": 3,
  "peak_worker_0_memory_MB": 2298.41015625,
  "peak_gpu_0_memory_MB": 50.91064453125,
  "training_duration": "0:00:02.624714",
  "training_start_epoch": 0,
  "training_epochs": 3,
  "epoch": 3,
  "training_accuracy": 0.15796071876305892,
  "training_loss": 3.645606229179784,
  "training_worker_0_memory_MB": 2298.41015625,
  "training_gpu_0_memory_MB": 50.91064453125,
  "validation_accuracy": 0.271523178807947,
  "validation_loss": 3.07840518951416,
  "best_validation_accuracy": 0.271523178807947,
  "best_validation_loss": 3.07840518951416
}