{
  "best_epoch": 28,
  "peak_worker_0_memory_MB": 2298.41015625,
  "peak_gpu_0_memory_MB": 50.91064453125,
  "training_duration": "0:00:19.236302",
  "training_start_epoch": 0,
  "training_epochs": 28,
  "epoch": 28,
  "training_accuracy": 0.4036773923944839,
  "training_loss": 2.545653958069651,
  "training_worker_0_memory_MB": 2298.41015625,
  "training_gpu_0_memory_MB": 50.91064453125,
  "validation_accuracy": 0.6655629139072847,
  "validation_loss": 1.3889312148094177,
  "best_validation_accuracy": 0.6655629139072847,
  "best_validation_loss": 1.3889312148094177
}