{
  "best_epoch": 30,
  "peak_worker_0_memory_MB": 2298.41015625,
  "peak_gpu_0_memory_MB": 50.91064453125,
  "training_duration": "0:00:21.901502",
  "training_start_epoch": 0,
  "training_epochs": 32,
  "epoch": 32,
  "training_accuracy": 0.42331801086502296,
  "training_loss": 2.597191660027755,
  "training_worker_0_memory_MB": 2298.41015625,
  "training_gpu_0_memory_MB": 50.91064453125,
  "validation_accuracy": 0.6639072847682119,
  "validation_loss": 1.3708163380622864,
  "best_validation_accuracy": 0.6490066225165563,
  "best_validation_loss": 1.364930772781372
}