{
  "best_epoch": 43,
  "peak_worker_0_memory_MB": 2298.41015625,
  "peak_gpu_0_memory_MB": 50.91064453125,
  "training_duration": "0:00:30.590526",
  "training_start_epoch": 0,
  "training_epochs": 45,
  "epoch": 45,
  "training_accuracy": 0.4559130798161304,
  "training_loss": 2.4064579606056213,
  "training_worker_0_memory_MB": 2298.41015625,
  "training_gpu_0_memory_MB": 50.91064453125,
  "validation_accuracy": 0.6854304635761589,
  "validation_loss": 1.3148167967796325,
  "best_validation_accuracy": 0.6920529801324503,
  "best_validation_loss": 1.2988288760185243
}