{
  "best_epoch": 1,
  "peak_worker_0_memory_MB": 2266.03515625,
  "peak_gpu_0_memory_MB": 13.20458984375,
  "training_duration": "0:00:00.680745",
  "training_start_epoch": 0,
  "training_epochs": 7,
  "epoch": 7,
  "training_accuracy": 0.8619582664526485,
  "training_loss": 0.3825688652694225,
  "training_worker_0_memory_MB": 2266.03515625,
  "training_gpu_0_memory_MB": 13.20458984375,
  "validation_accuracy": 0.6821192052980133,
  "validation_loss": 1.2980628788471222,
  "best_validation_accuracy": 0.804635761589404,
  "best_validation_loss": 1.0832831025123597
}