{
  "best_epoch": 42,
  "peak_worker_0_memory_MB": 2298.41015625,
  "peak_gpu_0_memory_MB": 50.91064453125,
  "training_duration": "0:00:28.758090",
  "training_start_epoch": 0,
  "training_epochs": 42,
  "epoch": 42,
  "training_accuracy": 0.7793564563309653,
  "training_loss": 0.8019131249503085,
  "training_worker_0_memory_MB": 2298.41015625,
  "training_gpu_0_memory_MB": 50.91064453125,
  "validation_accuracy": 0.7913907284768212,
  "validation_loss": 0.9653567522764206,
  "best_validation_accuracy": 0.7913907284768212,
  "best_validation_loss": 0.9653567522764206
}