{
  "best_epoch": 27,
  "peak_worker_0_memory_MB": 2298.41015625,
  "peak_gpu_0_memory_MB": 50.91064453125,
  "training_duration": "0:00:19.433971",
  "training_start_epoch": 0,
  "training_epochs": 28,
  "epoch": 28,
  "training_accuracy": 0.7183451734224823,
  "training_loss": 1.0646664280640452,
  "training_worker_0_memory_MB": 2298.41015625,
  "training_gpu_0_memory_MB": 50.91064453125,
  "validation_accuracy": 0.7665562913907285,
  "validation_loss": 1.015061181783676,
  "best_validation_accuracy": 0.7649006622516556,
  "best_validation_loss": 1.0083682090044022
}