{
  "best_epoch": 9,
  "peak_worker_0_memory_MB": 2367.51171875,
  "peak_gpu_0_memory_MB": 89.33056640625,
  "training_duration": "0:00:06.004781",
  "training_start_epoch": 0,
  "training_epochs": 10,
  "epoch": 10,
  "training_accuracy": 0.9792366778684589,
  "training_loss": 0.17701585875212691,
  "training_worker_0_memory_MB": 2367.51171875,
  "training_gpu_0_memory_MB": 89.33056640625,
  "validation_accuracy": 0.7963576158940397,
  "validation_loss": 0.9055347442626953,
  "best_validation_accuracy": 0.7947019867549668,
  "best_validation_loss": 0.8768605530261994
}