{
  "best_epoch": 40,
  "peak_worker_0_memory_MB": 2319.734375,
  "peak_gpu_0_memory_MB": 51.08984375,
  "training_duration": "0:00:10.323948",
  "training_start_epoch": 0,
  "training_epochs": 40,
  "epoch": 40,
  "training_accuracy": 0.8323185011709602,
  "training_loss": 0.9451530611337121,
  "training_worker_0_memory_MB": 2319.734375,
  "training_gpu_0_memory_MB": 51.08984375,
  "validation_accuracy": 0.7649006622516556,
  "validation_loss": 1.1050994157791139,
  "best_validation_accuracy": 0.7649006622516556,
  "best_validation_loss": 1.1050994157791139
}