{
  "best_epoch": 70,
  "peak_worker_0_memory_MB": 2319.734375,
  "peak_gpu_0_memory_MB": 51.08984375,
  "training_duration": "0:00:18.088620",
  "training_start_epoch": 0,
  "training_epochs": 71,
  "epoch": 71,
  "training_accuracy": 0.9318501170960187,
  "training_loss": 0.3979726718432868,
  "training_worker_0_memory_MB": 2319.734375,
  "training_gpu_0_memory_MB": 51.08984375,
  "validation_accuracy": 0.793046357615894,
  "validation_loss": 0.9320113658905029,
  "best_validation_accuracy": 0.7913907284768212,
  "best_validation_loss": 0.9220193445682525
}