{
  "best_epoch": 87,
  "peak_worker_0_memory_MB": 2319.734375,
  "peak_gpu_0_memory_MB": 51.08984375,
  "training_duration": "0:00:23.612202",
  "training_start_epoch": 0,
  "training_epochs": 93,
  "epoch": 93,
  "training_accuracy": 0.9618266978922717,
  "training_loss": 0.23052073170000048,
  "training_worker_0_memory_MB": 2319.734375,
  "training_gpu_0_memory_MB": 51.08984375,
  "validation_accuracy": 0.7996688741721855,
  "validation_loss": 0.9346283614635468,
  "best_validation_accuracy": 0.7963576158940397,
  "best_validation_loss": 0.8681384354829789
}