{
  "best_epoch": 61,
  "peak_worker_0_memory_MB": 2319.734375,
  "peak_gpu_0_memory_MB": 51.08984375,
  "training_duration": "0:00:16.338201",
  "training_start_epoch": 0,
  "training_epochs": 64,
  "epoch": 64,
  "training_accuracy": 0.9201405152224824,
  "training_loss": 0.48370093463072134,
  "training_worker_0_memory_MB": 2319.734375,
  "training_gpu_0_memory_MB": 51.08984375,
  "validation_accuracy": 0.7864238410596026,
  "validation_loss": 0.9346818447113037,
  "best_validation_accuracy": 0.7864238410596026,
  "best_validation_loss": 0.9231562435626983
}