{
  "best_epoch": 45,
  "peak_worker_0_memory_MB": 2317.36328125,
  "peak_gpu_0_memory_MB": 51.4853515625,
  "training_duration": "0:00:13.075405",
  "training_start_epoch": 0,
  "training_epochs": 46,
  "epoch": 46,
  "training_accuracy": 0.9215456674473068,
  "training_loss": 0.47236748195406214,
  "training_worker_0_memory_MB": 2317.36328125,
  "training_gpu_0_memory_MB": 51.4853515625,
  "validation_accuracy": 0.7847682119205298,
  "validation_loss": 0.9952751874923706,
  "best_validation_accuracy": 0.7831125827814569,
  "best_validation_loss": 0.9907272517681122
}