{
  "best_epoch": 22,
  "peak_worker_0_memory_MB": 2317.36328125,
  "peak_gpu_0_memory_MB": 51.4853515625,
  "training_duration": "0:00:06.398900",
  "training_start_epoch": 0,
  "training_epochs": 22,
  "epoch": 22,
  "training_accuracy": 0.7550351288056206,
  "training_loss": 1.376136915007634,
  "training_worker_0_memory_MB": 2317.36328125,
  "training_gpu_0_memory_MB": 51.4853515625,
  "validation_accuracy": 0.7185430463576159,
  "validation_loss": 1.5456014633178712,
  "best_validation_accuracy": 0.7185430463576159,
  "best_validation_loss": 1.5456014633178712
}