{
  "best_epoch": 11,
  "peak_worker_0_memory_MB": 2328.29296875,
  "peak_gpu_0_memory_MB": 64.7041015625,
  "training_duration": "0:00:03.312761",
  "training_start_epoch": 0,
  "training_epochs": 12,
  "epoch": 12,
  "training_accuracy": 0.9356505401596994,
  "training_loss": 0.3890279756108327,
  "training_worker_0_memory_MB": 2328.29296875,
  "training_gpu_0_memory_MB": 64.7041015625,
  "validation_accuracy": 0.7963576158940397,
  "validation_loss": 0.967191731929779,
  "best_validation_accuracy": 0.793046357615894,
  "best_validation_loss": 0.9466058671474457
}