{
  "best_epoch": 3,
  "peak_worker_0_memory_MB": 2298.41015625,
  "peak_gpu_0_memory_MB": 50.91064453125,
  "training_duration": "0:00:02.691717",
  "training_start_epoch": 0,
  "training_epochs": 3,
  "epoch": 3,
  "training_accuracy": 0.3209360635185959,
  "training_loss": 2.8984153709913554,
  "training_worker_0_memory_MB": 2298.41015625,
  "training_gpu_0_memory_MB": 50.91064453125,
  "validation_accuracy": 0.4900662251655629,
  "validation_loss": 2.519106459617615,
  "best_validation_accuracy": 0.4900662251655629,
  "best_validation_loss": 2.519106459617615
}