{
  "best_epoch": 0,
  "peak_worker_0_memory_MB": 2298.41015625,
  "peak_gpu_0_memory_MB": 50.91064453125,
  "training_duration": "0:00:00.650120",
  "training_start_epoch": 0,
  "training_epochs": 0,
  "epoch": 0,
  "training_accuracy": 0.045967404931048894,
  "training_loss": 4.14003660804347,
  "training_worker_0_memory_MB": 2298.41015625,
  "training_gpu_0_memory_MB": 50.91064453125,
  "validation_accuracy": 0.1986754966887417,
  "validation_loss": 3.7887848138809206,
  "best_validation_accuracy": 0.1986754966887417,
  "best_validation_loss": 3.7887848138809206
}