{
  "best_epoch": 7,
  "peak_worker_0_memory_MB": 2365.1484375,
  "peak_gpu_0_memory_MB": 89.33056640625,
  "training_duration": "0:00:03.958682",
  "training_start_epoch": 0,
  "training_epochs": 7,
  "epoch": 7,
  "training_accuracy": 0.6751080172827653,
  "training_loss": 1.7519323516438026,
  "training_worker_0_memory_MB": 2365.1484375,
  "training_gpu_0_memory_MB": 89.33056640625,
  "validation_accuracy": 0.7251655629139073,
  "validation_loss": 1.4418249130249023,
  "best_validation_accuracy": 0.7251655629139073,
  "best_validation_loss": 1.4418249130249023
}