{
  "best_epoch": 12,
  "peak_worker_0_memory_MB": 2365.1484375,
  "peak_gpu_0_memory_MB": 89.33056640625,
  "training_duration": "0:00:06.320978",
  "training_start_epoch": 0,
  "training_epochs": 12,
  "epoch": 12,
  "training_accuracy": 0.8408545367258762,
  "training_loss": 0.9331931888147165,
  "training_worker_0_memory_MB": 2365.1484375,
  "training_gpu_0_memory_MB": 89.33056640625,
  "validation_accuracy": 0.7748344370860927,
  "validation_loss": 1.0579649090766907,
  "best_validation_accuracy": 0.7748344370860927,
  "best_validation_loss": 1.0579649090766907
}