{
  "best_epoch": 11,
  "peak_worker_0_memory_MB": 2271.57421875,
  "peak_gpu_0_memory_MB": 15.515625,
  "training_duration": "0:00:00.953653",
  "training_start_epoch": 0,
  "training_epochs": 11,
  "epoch": 11,
  "training_accuracy": 0.8723916532905297,
  "training_loss": 0.5607609018683434,
  "training_worker_0_memory_MB": 2271.57421875,
  "training_gpu_0_memory_MB": 15.515625,
  "validation_accuracy": 0.8261589403973509,
  "validation_loss": 1.1256106674671174,
  "best_validation_accuracy": 0.8261589403973509,
  "best_validation_loss": 1.1256106674671174
}