{
  "best_epoch": 14,
  "peak_worker_0_memory_MB": 2271.57421875,
  "peak_gpu_0_memory_MB": 15.515625,
  "training_duration": "0:00:01.349815",
  "training_start_epoch": 0,
  "training_epochs": 16,
  "epoch": 16,
  "training_accuracy": 0.884430176565008,
  "training_loss": 0.3858052968978882,
  "training_worker_0_memory_MB": 2271.57421875,
  "training_gpu_0_memory_MB": 15.515625,
  "validation_accuracy": 0.8228476821192053,
  "validation_loss": 1.1179123938083648,
  "best_validation_accuracy": 0.8129139072847682,
  "best_validation_loss": 1.1106110274791718
}