{
  "best_epoch": 14,
  "peak_worker_0_memory_MB": 2271.57421875,
  "peak_gpu_0_memory_MB": 15.515625,
  "training_duration": "0:00:01.669995",
  "training_start_epoch": 0,
  "training_epochs": 20,
  "epoch": 20,
  "training_accuracy": 0.8836276083467095,
  "training_loss": 0.3224601559340954,
  "training_worker_0_memory_MB": 2271.57421875,
  "training_gpu_0_memory_MB": 15.515625,
  "validation_accuracy": 0.8062913907284768,
  "validation_loss": 1.1737991452217102,
  "best_validation_accuracy": 0.8129139072847682,
  "best_validation_loss": 1.1106110274791718
}