{
  "best_epoch": 4,
  "peak_worker_0_memory_MB": 2271.57421875,
  "peak_gpu_0_memory_MB": 15.515625,
  "training_duration": "0:00:00.403348",
  "training_start_epoch": 0,
  "training_epochs": 4,
  "epoch": 4,
  "training_accuracy": 0.6364365971107544,
  "training_loss": 2.2616445899009703,
  "training_worker_0_memory_MB": 2271.57421875,
  "training_gpu_0_memory_MB": 15.515625,
  "validation_accuracy": 0.7119205298013245,
  "validation_loss": 2.059241843223572,
  "best_validation_accuracy": 0.7119205298013245,
  "best_validation_loss": 2.059241843223572
}