{
  "best_epoch": 20,
  "peak_worker_0_memory_MB": 2317.36328125,
  "peak_gpu_0_memory_MB": 51.4853515625,
  "training_duration": "0:00:05.514195",
  "training_start_epoch": 0,
  "training_epochs": 20,
  "epoch": 20,
  "training_accuracy": 0.9648711943793911,
  "training_loss": 0.22898336622252394,
  "training_worker_0_memory_MB": 2317.36328125,
  "training_gpu_0_memory_MB": 51.4853515625,
  "validation_accuracy": 0.7996688741721855,
  "validation_loss": 0.898014634847641,
  "best_validation_accuracy": 0.7996688741721855,
  "best_validation_loss": 0.898014634847641
}