{
  "best_epoch": 23,
  "peak_worker_0_memory_MB": 2327.0078125,
  "peak_gpu_0_memory_MB": 69.92529296875,
  "training_duration": "0:00:06.140941",
  "training_start_epoch": 0,
  "training_epochs": 23,
  "epoch": 23,
  "training_accuracy": 0.9177298724153101,
  "training_loss": 0.5017870801190535,
  "training_worker_0_memory_MB": 2327.0078125,
  "training_gpu_0_memory_MB": 69.92529296875,
  "validation_accuracy": 0.7996688741721855,
  "validation_loss": 0.9320519149303437,
  "best_validation_accuracy": 0.7996688741721855,
  "best_validation_loss": 0.9320519149303437
}