{
  "best_epoch": 1,
  "peak_worker_0_memory_MB": 2327.0078125,
  "peak_gpu_0_memory_MB": 69.92529296875,
  "training_duration": "0:00:00.501022",
  "training_start_epoch": 0,
  "training_epochs": 1,
  "epoch": 1,
  "training_accuracy": 0.17993840739111305,
  "training_loss": 3.418697774410248,
  "training_worker_0_memory_MB": 2327.0078125,
  "training_gpu_0_memory_MB": 69.92529296875,
  "validation_accuracy": 0.26655629139072845,
  "validation_loss": 3.1807225942611694,
  "best_validation_accuracy": 0.26655629139072845,
  "best_validation_loss": 3.1807225942611694
}