{
  "best_epoch": 6,
  "peak_worker_0_memory_MB": 2327.0078125,
  "peak_gpu_0_memory_MB": 69.92529296875,
  "training_duration": "0:00:01.774881",
  "training_start_epoch": 0,
  "training_epochs": 6,
  "epoch": 6,
  "training_accuracy": 0.5439947206335239,
  "training_loss": 2.186931573682361,
  "training_worker_0_memory_MB": 2327.0078125,
  "training_gpu_0_memory_MB": 69.92529296875,
  "validation_accuracy": 0.6142384105960265,
  "validation_loss": 2.009298121929169,
  "best_validation_accuracy": 0.6142384105960265,
  "best_validation_loss": 2.009298121929169
}