{
  "best_epoch": 14,
  "peak_worker_0_memory_MB": 2327.0078125,
  "peak_gpu_0_memory_MB": 69.92529296875,
  "training_duration": "0:00:03.811763",
  "training_start_epoch": 0,
  "training_epochs": 14,
  "epoch": 14,
  "training_accuracy": 0.8167619885613726,
  "training_loss": 1.0169107740124066,
  "training_worker_0_memory_MB": 2327.0078125,
  "training_gpu_0_memory_MB": 69.92529296875,
  "validation_accuracy": 0.7615894039735099,
  "validation_loss": 1.1289433121681214,
  "best_validation_accuracy": 0.7615894039735099,
  "best_validation_loss": 1.1289433121681214
}