{
  "best_epoch": 11,
  "peak_worker_0_memory_MB": 2271.32421875,
  "peak_gpu_0_memory_MB": 15.515625,
  "training_duration": "0:00:01.250096",
  "training_start_epoch": 0,
  "training_epochs": 13,
  "epoch": 13,
  "training_accuracy": 0.8836276083467095,
  "training_loss": 0.36578344851732253,
  "training_worker_0_memory_MB": 2271.32421875,
  "training_gpu_0_memory_MB": 15.515625,
  "validation_accuracy": 0.8096026490066225,
  "validation_loss": 1.136036503314972,
  "best_validation_accuracy": 0.8112582781456954,
  "best_validation_loss": 1.1009985089302063
}