{
  "best_epoch": 13,
  "peak_worker_0_memory_MB": 2328.3125,
  "peak_gpu_0_memory_MB": 64.7041015625,
  "training_duration": "0:00:03.555588",
  "training_start_epoch": 0,
  "training_epochs": 13,
  "epoch": 13,
  "training_accuracy": 0.9495068107092531,
  "training_loss": 0.3140727693020408,
  "training_worker_0_memory_MB": 2328.3125,
  "training_gpu_0_memory_MB": 64.7041015625,
  "validation_accuracy": 0.7996688741721855,
  "validation_loss": 0.9739972531795502,
  "best_validation_accuracy": 0.7996688741721855,
  "best_validation_loss": 0.9739972531795502
}