{
  "best_epoch": 10,
  "peak_worker_0_memory_MB": 2328.3125,
  "peak_gpu_0_memory_MB": 64.7041015625,
  "training_duration": "0:00:02.792629",
  "training_start_epoch": 0,
  "training_epochs": 10,
  "epoch": 10,
  "training_accuracy": 0.9185063410051667,
  "training_loss": 0.5143082931415358,
  "training_worker_0_memory_MB": 2328.3125,
  "training_gpu_0_memory_MB": 64.7041015625,
  "validation_accuracy": 0.7864238410596026,
  "validation_loss": 1.0265526354312897,
  "best_validation_accuracy": 0.7864238410596026,
  "best_validation_loss": 1.0265526354312897
}