{
  "best_epoch": 7,
  "peak_worker_0_memory_MB": 2328.3125,
  "peak_gpu_0_memory_MB": 64.7041015625,
  "training_duration": "0:00:02.025155",
  "training_start_epoch": 0,
  "training_epochs": 7,
  "epoch": 7,
  "training_accuracy": 0.8454673555659934,
  "training_loss": 0.9243706687172847,
  "training_worker_0_memory_MB": 2328.3125,
  "training_gpu_0_memory_MB": 64.7041015625,
  "validation_accuracy": 0.7665562913907285,
  "validation_loss": 1.1914990365505218,
  "best_validation_accuracy": 0.7665562913907285,
  "best_validation_loss": 1.1914990365505218
}