{
  "best_epoch": 0,
  "peak_worker_0_memory_MB": 2270.7265625,
  "peak_gpu_0_memory_MB": 8.73193359375,
  "training_duration": "0:00:00.137145",
  "training_start_epoch": 0,
  "training_epochs": 0,
  "epoch": 0,
  "training_accuracy": 0.31884663602173,
  "training_loss": 3.7089031307320846,
  "training_worker_0_memory_MB": 2270.7265625,
  "training_gpu_0_memory_MB": 8.73193359375,
  "validation_accuracy": 0.38079470198675497,
  "validation_loss": 3.188089609146118,
  "best_validation_accuracy": 0.38079470198675497,
  "best_validation_loss": 3.188089609146118
}