{
  "best_epoch": 25,
  "peak_worker_0_memory_MB": 2270.7265625,
  "peak_gpu_0_memory_MB": 8.73193359375,
  "training_duration": "0:00:04.010770",
  "training_start_epoch": 0,
  "training_epochs": 27,
  "epoch": 27,
  "training_accuracy": 0.9126619306310071,
  "training_loss": 0.3162216916680336,
  "training_worker_0_memory_MB": 2270.7265625,
  "training_gpu_0_memory_MB": 8.73193359375,
  "validation_accuracy": 0.8261589403973509,
  "validation_loss": 0.8549919709563255,
  "best_validation_accuracy": 0.8278145695364238,
  "best_validation_loss": 0.848100158572197
}