{
  "best_epoch": 16,
  "peak_worker_0_memory_MB": 2308.46484375,
  "peak_gpu_0_memory_MB": 54.28173828125,
  "training_duration": "0:00:04.537946",
  "training_start_epoch": 0,
  "training_epochs": 17,
  "epoch": 17,
  "training_accuracy": 0.9669789227166277,
  "training_loss": 0.19693209308741697,
  "training_worker_0_memory_MB": 2308.46484375,
  "training_gpu_0_memory_MB": 54.28173828125,
  "validation_accuracy": 0.7980132450331126,
  "validation_loss": 0.909812581539154,
  "best_validation_accuracy": 0.7963576158940397,
  "best_validation_loss": 0.8649900019168854
}