{
  "best_epoch": 2,
  "peak_worker_0_memory_MB": 2268.421875,
  "peak_gpu_0_memory_MB": 15.416015625,
  "training_duration": "0:00:00.570497",
  "training_start_epoch": 0,
  "training_epochs": 6,
  "epoch": 6,
  "training_accuracy": 0.8619582664526485,
  "training_loss": 0.3600680485367775,
  "training_worker_0_memory_MB": 2268.421875,
  "training_gpu_0_memory_MB": 15.416015625,
  "validation_accuracy": 0.6192052980132451,
  "validation_loss": 1.4073594212532043,
  "best_validation_accuracy": 0.706953642384106,
  "best_validation_loss": 1.1217890799045562
}