{
  "best_epoch": 89,
  "peak_worker_0_memory_MB": 2311.26171875,
  "peak_gpu_0_memory_MB": 58.2568359375,
  "training_duration": "0:00:28.522975",
  "training_start_epoch": 0,
  "training_epochs": 97,
  "epoch": 97,
  "training_accuracy": 0.9766827980642323,
  "training_loss": 0.1408276147623029,
  "training_worker_0_memory_MB": 2311.26171875,
  "training_gpu_0_memory_MB": 58.2568359375,
  "validation_accuracy": 0.8079470198675497,
  "validation_loss": 0.916484946012497,
  "best_validation_accuracy": 0.8062913907284768,
  "best_validation_loss": 0.8623364120721817
}