{
  "best_epoch": 6,
  "peak_worker_0_memory_MB": 2311.01171875,
  "peak_gpu_0_memory_MB": 58.2568359375,
  "training_duration": "0:00:02.433986",
  "training_start_epoch": 0,
  "training_epochs": 6,
  "epoch": 6,
  "training_accuracy": 0.25758908930928287,
  "training_loss": 3.1727901266680822,
  "training_worker_0_memory_MB": 2311.01171875,
  "training_gpu_0_memory_MB": 58.2568359375,
  "validation_accuracy": 0.33112582781456956,
  "validation_loss": 3.1259613990783692,
  "best_validation_accuracy": 0.33112582781456956,
  "best_validation_loss": 3.1259613990783692
}