{
  "best_epoch": 71,
  "peak_worker_0_memory_MB": 2311.26171875,
  "peak_gpu_0_memory_MB": 58.2568359375,
  "training_duration": "0:00:22.292528",
  "training_start_epoch": 0,
  "training_epochs": 75,
  "epoch": 75,
  "training_accuracy": 0.9593048834139903,
  "training_loss": 0.29030862047026557,
  "training_worker_0_memory_MB": 2311.26171875,
  "training_gpu_0_memory_MB": 58.2568359375,
  "validation_accuracy": 0.7980132450331126,
  "validation_loss": 0.9224398910999299,
  "best_validation_accuracy": 0.793046357615894,
  "best_validation_loss": 0.9066896975040436
}