{
  "best_epoch": 78,
  "peak_worker_0_memory_MB": 2311.26171875,
  "peak_gpu_0_memory_MB": 58.2568359375,
  "training_duration": "0:00:23.993386",
  "training_start_epoch": 0,
  "training_epochs": 81,
  "epoch": 81,
  "training_accuracy": 0.9621645402551694,
  "training_loss": 0.2243212809165319,
  "training_worker_0_memory_MB": 2311.26171875,
  "training_gpu_0_memory_MB": 58.2568359375,
  "validation_accuracy": 0.8013245033112583,
  "validation_loss": 0.9003860145807266,
  "best_validation_accuracy": 0.8013245033112583,
  "best_validation_loss": 0.8907856225967408
}