{
  "best_epoch": 25,
  "peak_worker_0_memory_MB": 2311.26171875,
  "peak_gpu_0_memory_MB": 58.2568359375,
  "training_duration": "0:00:08.023956",
  "training_start_epoch": 0,
  "training_epochs": 25,
  "epoch": 25,
  "training_accuracy": 0.7173339199296085,
  "training_loss": 1.6192461649576824,
  "training_worker_0_memory_MB": 2311.26171875,
  "training_gpu_0_memory_MB": 58.2568359375,
  "validation_accuracy": 0.6754966887417219,
  "validation_loss": 1.754423487186432,
  "best_validation_accuracy": 0.6754966887417219,
  "best_validation_loss": 1.754423487186432
}