{
  "best_epoch": 66,
  "peak_worker_0_memory_MB": 2311.26171875,
  "peak_gpu_0_memory_MB": 58.2568359375,
  "training_duration": "0:00:20.317765",
  "training_start_epoch": 0,
  "training_epochs": 68,
  "epoch": 68,
  "training_accuracy": 0.9505059392872856,
  "training_loss": 0.32269928097310996,
  "training_worker_0_memory_MB": 2311.26171875,
  "training_gpu_0_memory_MB": 58.2568359375,
  "validation_accuracy": 0.7963576158940397,
  "validation_loss": 0.9425745964050293,
  "best_validation_accuracy": 0.7947019867549668,
  "best_validation_loss": 0.9200042307376861
}