{
  "best_epoch": 47,
  "peak_worker_0_memory_MB": 2311.26171875,
  "peak_gpu_0_memory_MB": 58.2568359375,
  "training_duration": "0:00:14.913131",
  "training_start_epoch": 0,
  "training_epochs": 49,
  "epoch": 49,
  "training_accuracy": 0.9067311922569292,
  "training_loss": 0.6254923819667764,
  "training_worker_0_memory_MB": 2311.26171875,
  "training_gpu_0_memory_MB": 58.2568359375,
  "validation_accuracy": 0.7814569536423841,
  "validation_loss": 1.101213848590851,
  "best_validation_accuracy": 0.7731788079470199,
  "best_validation_loss": 1.0938865542411804
}