{
  "best_epoch": 3,
  "peak_worker_0_memory_MB": 2316.54296875,
  "peak_gpu_0_memory_MB": 51.12255859375,
  "training_duration": "0:00:02.615094",
  "training_start_epoch": 0,
  "training_epochs": 3,
  "epoch": 3,
  "training_accuracy": 0.7755954868366067,
  "training_loss": 0.9813618957996368,
  "training_worker_0_memory_MB": 2316.54296875,
  "training_gpu_0_memory_MB": 51.12255859375,
  "validation_accuracy": 0.7814569536423841,
  "validation_loss": 1.1552349030971527,
  "best_validation_accuracy": 0.7814569536423841,
  "best_validation_loss": 1.1552349030971527
}