{
  "best_epoch": 16,
  "peak_worker_0_memory_MB": 2313.4765625,
  "peak_gpu_0_memory_MB": 54.728515625,
  "training_duration": "0:00:04.402561",
  "training_start_epoch": 0,
  "training_epochs": 20,
  "epoch": 20,
  "training_accuracy": 0.9732902847079542,
  "training_loss": 0.13238613272982616,
  "training_worker_0_memory_MB": 2313.4765625,
  "training_gpu_0_memory_MB": 54.728515625,
  "validation_accuracy": 0.8079470198675497,
  "validation_loss": 0.8560815632343293,
  "best_validation_accuracy": 0.8013245033112583,
  "best_validation_loss": 0.8540893495082855
}