{
  "best_epoch": 16,
  "peak_worker_0_memory_MB": 2313.4765625,
  "peak_gpu_0_memory_MB": 54.728515625,
  "training_duration": "0:00:04.609532",
  "training_start_epoch": 0,
  "training_epochs": 21,
  "epoch": 21,
  "training_accuracy": 0.9744643381273848,
  "training_loss": 0.12137704059757569,
  "training_worker_0_memory_MB": 2313.4765625,
  "training_gpu_0_memory_MB": 54.728515625,
  "validation_accuracy": 0.8029801324503312,
  "validation_loss": 0.9040346682071686,
  "best_validation_accuracy": 0.8013245033112583,
  "best_validation_loss": 0.8540893495082855
}