{
  "best_epoch": 16,
  "peak_worker_0_memory_MB": 2313.4765625,
  "peak_gpu_0_memory_MB": 54.728515625,
  "training_duration": "0:00:03.986113",
  "training_start_epoch": 0,
  "training_epochs": 18,
  "epoch": 18,
  "training_accuracy": 0.9656589374816554,
  "training_loss": 0.16755831917678868,
  "training_worker_0_memory_MB": 2313.4765625,
  "training_gpu_0_memory_MB": 54.728515625,
  "validation_accuracy": 0.8079470198675497,
  "validation_loss": 0.904654997587204,
  "best_validation_accuracy": 0.8013245033112583,
  "best_validation_loss": 0.8540893495082855
}