{
  "best_epoch": 2,
  "peak_worker_0_memory_MB": 2365.1484375,
  "peak_gpu_0_memory_MB": 75.88427734375,
  "training_duration": "0:00:02.342414",
  "training_start_epoch": 0,
  "training_epochs": 4,
  "epoch": 4,
  "training_accuracy": 0.7438790206433029,
  "training_loss": 0.9686822918535188,
  "training_worker_0_memory_MB": 2365.1484375,
  "training_gpu_0_memory_MB": 75.88427734375,
  "validation_accuracy": 0.8062913907284768,
  "validation_loss": 1.0426129400730133,
  "best_validation_accuracy": 0.7980132450331126,
  "best_validation_loss": 0.9900811374187469
}