{
  "best_epoch": 30,
  "peak_worker_0_memory_MB": 2317.36328125,
  "peak_gpu_0_memory_MB": 51.4853515625,
  "training_duration": "0:00:08.795432",
  "training_start_epoch": 0,
  "training_epochs": 33,
  "epoch": 33,
  "training_accuracy": 0.9573770491803278,
  "training_loss": 0.2693010575290936,
  "training_worker_0_memory_MB": 2317.36328125,
  "training_gpu_0_memory_MB": 51.4853515625,
  "validation_accuracy": 0.793046357615894,
  "validation_loss": 0.9195013165473938,
  "best_validation_accuracy": 0.793046357615894,
  "best_validation_loss": 0.9063909173011779
}