{
  "best_epoch": 36,
  "peak_worker_0_memory_MB": 2317.36328125,
  "peak_gpu_0_memory_MB": 51.4853515625,
  "training_duration": "0:00:09.825497",
  "training_start_epoch": 0,
  "training_epochs": 37,
  "epoch": 37,
  "training_accuracy": 0.9646370023419204,
  "training_loss": 0.21366542566623262,
  "training_worker_0_memory_MB": 2317.36328125,
  "training_gpu_0_memory_MB": 51.4853515625,
  "validation_accuracy": 0.7980132450331126,
  "validation_loss": 0.9113314867019653,
  "best_validation_accuracy": 0.7963576158940397,
  "best_validation_loss": 0.8853436410427094
}