{
  "best_epoch": 24,
  "peak_worker_0_memory_MB": 2317.36328125,
  "peak_gpu_0_memory_MB": 51.4853515625,
  "training_duration": "0:00:06.459711",
  "training_start_epoch": 0,
  "training_epochs": 24,
  "epoch": 24,
  "training_accuracy": 0.9194379391100702,
  "training_loss": 0.4894328664487867,
  "training_worker_0_memory_MB": 2317.36328125,
  "training_gpu_0_memory_MB": 51.4853515625,
  "validation_accuracy": 0.7847682119205298,
  "validation_loss": 0.9898469746112823,
  "best_validation_accuracy": 0.7847682119205298,
  "best_validation_loss": 0.9898469746112823
}