{
  "best_epoch": 5,
  "peak_worker_0_memory_MB": 2273.39453125,
  "peak_gpu_0_memory_MB": 15.68994140625,
  "training_duration": "0:00:01.221074",
  "training_start_epoch": 0,
  "training_epochs": 13,
  "epoch": 13,
  "training_accuracy": 0.8731942215088283,
  "training_loss": 0.29697827324271203,
  "training_worker_0_memory_MB": 2273.39453125,
  "training_gpu_0_memory_MB": 15.68994140625,
  "validation_accuracy": 0.8013245033112583,
  "validation_loss": 1.1973211228847505,
  "best_validation_accuracy": 0.8261589403973509,
  "best_validation_loss": 1.0889803767204285
}