{
  "best_epoch": 10,
  "peak_worker_0_memory_MB": 2370.390625,
  "peak_gpu_0_memory_MB": 89.33056640625,
  "training_duration": "0:00:05.349685",
  "training_start_epoch": 0,
  "training_epochs": 10,
  "epoch": 10,
  "training_accuracy": 0.5412866058569371,
  "training_loss": 2.55883679499153,
  "training_worker_0_memory_MB": 2370.390625,
  "training_gpu_0_memory_MB": 89.33056640625,
  "validation_accuracy": 0.652317880794702,
  "validation_loss": 2.1255093932151796,
  "best_validation_accuracy": 0.652317880794702,
  "best_validation_loss": 2.1255093932151796
}