{
  "best_epoch": 54,
  "peak_worker_0_memory_MB": 2370.390625,
  "peak_gpu_0_memory_MB": 89.33056640625,
  "training_duration": "0:00:29.252818",
  "training_start_epoch": 0,
  "training_epochs": 60,
  "epoch": 60,
  "training_accuracy": 0.9780364858377341,
  "training_loss": 0.17882877292523858,
  "training_worker_0_memory_MB": 2370.390625,
  "training_gpu_0_memory_MB": 89.33056640625,
  "validation_accuracy": 0.8029801324503312,
  "validation_loss": 0.8827869892120361,
  "best_validation_accuracy": 0.7996688741721855,
  "best_validation_loss": 0.8796766757965088
}