{
  "best_epoch": 33,
  "peak_worker_0_memory_MB": 2370.390625,
  "peak_gpu_0_memory_MB": 89.33056640625,
  "training_duration": "0:00:16.397108",
  "training_start_epoch": 0,
  "training_epochs": 33,
  "epoch": 33,
  "training_accuracy": 0.8863418146903504,
  "training_loss": 0.7136122707192224,
  "training_worker_0_memory_MB": 2370.390625,
  "training_gpu_0_memory_MB": 89.33056640625,
  "validation_accuracy": 0.7831125827814569,
  "validation_loss": 0.9843430995941163,
  "best_validation_accuracy": 0.7831125827814569,
  "best_validation_loss": 0.9843430995941163
}