{
  "best_epoch": 54,
  "peak_worker_0_memory_MB": 2370.390625,
  "peak_gpu_0_memory_MB": 89.33056640625,
  "training_duration": "0:00:28.305949",
  "training_start_epoch": 0,
  "training_epochs": 58,
  "epoch": 58,
  "training_accuracy": 0.9774363898223716,
  "training_loss": 0.19427944276169057,
  "training_worker_0_memory_MB": 2370.390625,
  "training_gpu_0_memory_MB": 89.33056640625,
  "validation_accuracy": 0.804635761589404,
  "validation_loss": 0.9015589743852616,
  "best_validation_accuracy": 0.7996688741721855,
  "best_validation_loss": 0.8796766757965088
}