{
  "best_epoch": 15,
  "peak_worker_0_memory_MB": 2269.69921875,
  "peak_gpu_0_memory_MB": 8.73193359375,
  "training_duration": "0:00:02.557976",
  "training_start_epoch": 0,
  "training_epochs": 17,
  "epoch": 17,
  "training_accuracy": 0.9089009611366485,
  "training_loss": 0.385742202793297,
  "training_worker_0_memory_MB": 2269.69921875,
  "training_gpu_0_memory_MB": 8.73193359375,
  "validation_accuracy": 0.8311258278145696,
  "validation_loss": 0.8542250037193299,
  "best_validation_accuracy": 0.8327814569536424,
  "best_validation_loss": 0.852742400765419
}