{
  "best_epoch": 0,
  "peak_worker_0_memory_MB": 2297.5234375,
  "peak_gpu_0_memory_MB": 51.12255859375,
  "training_duration": "0:00:00.671500",
  "training_start_epoch": 0,
  "training_epochs": 0,
  "epoch": 0,
  "training_accuracy": 0.44922691182615965,
  "training_loss": 2.4721920004016473,
  "training_worker_0_memory_MB": 2297.5234375,
  "training_gpu_0_memory_MB": 51.12255859375,
  "validation_accuracy": 0.706953642384106,
  "validation_loss": 1.3564940214157104,
  "best_validation_accuracy": 0.706953642384106,
  "best_validation_loss": 1.3564940214157104
}