{
  "best_epoch": 14,
  "peak_worker_0_memory_MB": 2331.171875,
  "peak_gpu_0_memory_MB": 65.09326171875,
  "training_duration": "0:00:04.027818",
  "training_start_epoch": 0,
  "training_epochs": 15,
  "epoch": 15,
  "training_accuracy": 0.9299765807962529,
  "training_loss": 0.46750347783316426,
  "training_worker_0_memory_MB": 2331.171875,
  "training_gpu_0_memory_MB": 65.09326171875,
  "validation_accuracy": 0.7798013245033113,
  "validation_loss": 0.9452911019325256,
  "best_validation_accuracy": 0.7731788079470199,
  "best_validation_loss": 0.9428796410560608
}