{
  "best_epoch": 6,
  "peak_worker_0_memory_MB": 2365.1484375,
  "peak_gpu_0_memory_MB": 84.50341796875,
  "training_duration": "0:00:03.408482",
  "training_start_epoch": 0,
  "training_epochs": 6,
  "epoch": 6,
  "training_accuracy": 0.7864858377340375,
  "training_loss": 1.273577117737923,
  "training_worker_0_memory_MB": 2365.1484375,
  "training_gpu_0_memory_MB": 84.50341796875,
  "validation_accuracy": 0.7533112582781457,
  "validation_loss": 1.2063642740249634,
  "best_validation_accuracy": 0.7533112582781457,
  "best_validation_loss": 1.2063642740249634
}