{
  "best_epoch": 2,
  "peak_worker_0_memory_MB": 2365.1484375,
  "peak_gpu_0_memory_MB": 84.50341796875,
  "training_duration": "0:00:01.450503",
  "training_start_epoch": 0,
  "training_epochs": 2,
  "epoch": 2,
  "training_accuracy": 0.4819971195391263,
  "training_loss": 2.8916420645386207,
  "training_worker_0_memory_MB": 2365.1484375,
  "training_gpu_0_memory_MB": 84.50341796875,
  "validation_accuracy": 0.6175496688741722,
  "validation_loss": 2.2951265573501587,
  "best_validation_accuracy": 0.6175496688741722,
  "best_validation_loss": 2.2951265573501587
}