{
  "best_epoch": 44,
  "peak_worker_0_memory_MB": 2312.5625,
  "peak_gpu_0_memory_MB": 51.12255859375,
  "training_duration": "0:00:31.049281",
  "training_start_epoch": 0,
  "training_epochs": 46,
  "epoch": 46,
  "training_accuracy": 0.725031341412453,
  "training_loss": 1.0327613667437905,
  "training_worker_0_memory_MB": 2312.5625,
  "training_gpu_0_memory_MB": 51.12255859375,
  "validation_accuracy": 0.7847682119205298,
  "validation_loss": 0.945911967754364,
  "best_validation_accuracy": 0.7831125827814569,
  "best_validation_loss": 0.9229543268680572
}