{
  "best_epoch": 0,
  "peak_worker_0_memory_MB": 2317.11328125,
  "peak_gpu_0_memory_MB": 51.4853515625,
  "training_duration": "0:00:00.239359",
  "training_start_epoch": 0,
  "training_epochs": 0,
  "epoch": 0,
  "training_accuracy": 0.14730679156908666,
  "training_loss": 4.040458134750821,
  "training_worker_0_memory_MB": 2317.11328125,
  "training_gpu_0_memory_MB": 51.4853515625,
  "validation_accuracy": 0.2433774834437086,
  "validation_loss": 3.7788057565689086,
  "best_validation_accuracy": 0.2433774834437086,
  "best_validation_loss": 3.7788057565689086
}