{
  "best_epoch": 8,
  "peak_worker_0_memory_MB": 2317.11328125,
  "peak_gpu_0_memory_MB": 51.4853515625,
  "training_duration": "0:00:02.376719",
  "training_start_epoch": 0,
  "training_epochs": 8,
  "epoch": 8,
  "training_accuracy": 0.7009367681498829,
  "training_loss": 1.6831949540038607,
  "training_worker_0_memory_MB": 2317.11328125,
  "training_gpu_0_memory_MB": 51.4853515625,
  "validation_accuracy": 0.7052980132450332,
  "validation_loss": 1.6853765487670898,
  "best_validation_accuracy": 0.7052980132450332,
  "best_validation_loss": 1.6853765487670898
}