{
  "best_epoch": 66,
  "peak_worker_0_memory_MB": 2327.01171875,
  "peak_gpu_0_memory_MB": 69.92529296875,
  "training_duration": "0:00:17.332213",
  "training_start_epoch": 0,
  "training_epochs": 66,
  "epoch": 66,
  "training_accuracy": 0.9628244610646722,
  "training_loss": 0.24185774671948618,
  "training_worker_0_memory_MB": 2327.01171875,
  "training_gpu_0_memory_MB": 69.92529296875,
  "validation_accuracy": 0.8062913907284768,
  "validation_loss": 0.8852046191692352,
  "best_validation_accuracy": 0.8062913907284768,
  "best_validation_loss": 0.8852046191692352
}