{
  "best_epoch": 5,
  "peak_worker_0_memory_MB": 2312.5625,
  "peak_gpu_0_memory_MB": 51.12255859375,
  "training_duration": "0:00:03.889688",
  "training_start_epoch": 0,
  "training_epochs": 5,
  "epoch": 5,
  "training_accuracy": 0.5959047221061429,
  "training_loss": 1.6526137527666593,
  "training_worker_0_memory_MB": 2312.5625,
  "training_gpu_0_memory_MB": 51.12255859375,
  "validation_accuracy": 0.7450331125827815,
  "validation_loss": 1.1707731485366821,
  "best_validation_accuracy": 0.7450331125827815,
  "best_validation_loss": 1.1707731485366821
}