{
  "best_epoch": 10,
  "peak_worker_0_memory_MB": 2312.5625,
  "peak_gpu_0_memory_MB": 51.12255859375,
  "training_duration": "0:00:09.055951",
  "training_start_epoch": 0,
  "training_epochs": 13,
  "epoch": 13,
  "training_accuracy": 0.7425825323861261,
  "training_loss": 0.958928152134544,
  "training_worker_0_memory_MB": 2312.5625,
  "training_gpu_0_memory_MB": 51.12255859375,
  "validation_accuracy": 0.7831125827814569,
  "validation_loss": 0.9764457374811173,
  "best_validation_accuracy": 0.7814569536423841,
  "best_validation_loss": 0.9502063035964966
}