{
  "best_epoch": 0,
  "peak_worker_0_memory_MB": 2317.37890625,
  "peak_gpu_0_memory_MB": 51.4853515625,
  "training_duration": "0:00:00.251991",
  "training_start_epoch": 0,
  "training_epochs": 0,
  "epoch": 0,
  "training_accuracy": 0.10866510538641687,
  "training_loss": 4.1236250720806975,
  "training_worker_0_memory_MB": 2317.37890625,
  "training_gpu_0_memory_MB": 51.4853515625,
  "validation_accuracy": 0.27483443708609273,
  "validation_loss": 4.001050114631653,
  "best_validation_accuracy": 0.27483443708609273,
  "best_validation_loss": 4.001050114631653
}