{
  "best_epoch": 28,
  "peak_worker_0_memory_MB": 2313.4765625,
  "peak_gpu_0_memory_MB": 54.728515625,
  "training_duration": "0:00:07.935007",
  "training_start_epoch": 0,
  "training_epochs": 35,
  "epoch": 35,
  "training_accuracy": 0.9818021719988259,
  "training_loss": 0.0999924882694527,
  "training_worker_0_memory_MB": 2313.4765625,
  "training_gpu_0_memory_MB": 54.728515625,
  "validation_accuracy": 0.7996688741721855,
  "validation_loss": 0.8632159620523453,
  "best_validation_accuracy": 0.8029801324503312,
  "best_validation_loss": 0.8583829820156097
}