{
  "best_epoch": 10,
  "peak_worker_0_memory_MB": 2371.23046875,
  "peak_gpu_0_memory_MB": 89.33056640625,
  "training_duration": "0:00:05.178656",
  "training_start_epoch": 0,
  "training_epochs": 10,
  "epoch": 10,
  "training_accuracy": 0.67822851656265,
  "training_loss": 1.4491384011188537,
  "training_worker_0_memory_MB": 2371.23046875,
  "training_gpu_0_memory_MB": 89.33056640625,
  "validation_accuracy": 0.7715231788079471,
  "validation_loss": 1.0900317013263703,
  "best_validation_accuracy": 0.7715231788079471,
  "best_validation_loss": 1.0900317013263703
}