{
  "best_epoch": 16,
  "peak_worker_0_memory_MB": 2371.23046875,
  "peak_gpu_0_memory_MB": 89.33056640625,
  "training_duration": "0:00:07.970136",
  "training_start_epoch": 0,
  "training_epochs": 16,
  "epoch": 16,
  "training_accuracy": 0.785885741718675,
  "training_loss": 0.940632831959324,
  "training_worker_0_memory_MB": 2371.23046875,
  "training_gpu_0_memory_MB": 89.33056640625,
  "validation_accuracy": 0.7831125827814569,
  "validation_loss": 0.9336055994033814,
  "best_validation_accuracy": 0.7831125827814569,
  "best_validation_loss": 0.9336055994033814
}