{
  "best_epoch": 11,
  "peak_worker_0_memory_MB": 2297.12109375,
  "peak_gpu_0_memory_MB": 50.91064453125,
  "training_duration": "0:00:08.148221",
  "training_start_epoch": 0,
  "training_epochs": 11,
  "epoch": 11,
  "training_accuracy": 0.6088591725867113,
  "training_loss": 1.6037041482172514,
  "training_worker_0_memory_MB": 2297.12109375,
  "training_gpu_0_memory_MB": 50.91064453125,
  "validation_accuracy": 0.7218543046357616,
  "validation_loss": 1.2825321435928345,
  "best_validation_accuracy": 0.7218543046357616,
  "best_validation_loss": 1.2825321435928345
}