{
  "best_epoch": 5,
  "peak_worker_0_memory_MB": 2328.3125,
  "peak_gpu_0_memory_MB": 64.7041015625,
  "training_duration": "0:00:01.513135",
  "training_start_epoch": 0,
  "training_epochs": 5,
  "epoch": 5,
  "training_accuracy": 0.6526538280883044,
  "training_loss": 1.9772052177742345,
  "training_worker_0_memory_MB": 2328.3125,
  "training_gpu_0_memory_MB": 64.7041015625,
  "validation_accuracy": 0.6506622516556292,
  "validation_loss": 1.9440697312355042,
  "best_validation_accuracy": 0.6506622516556292,
  "best_validation_loss": 1.9440697312355042
}