{
  "best_epoch": 12,
  "peak_worker_0_memory_MB": 2328.3125,
  "peak_gpu_0_memory_MB": 64.7041015625,
  "training_duration": "0:00:03.255038",
  "training_start_epoch": 0,
  "training_epochs": 12,
  "epoch": 12,
  "training_accuracy": 0.906763738844528,
  "training_loss": 0.6178804048851355,
  "training_worker_0_memory_MB": 2328.3125,
  "training_gpu_0_memory_MB": 64.7041015625,
  "validation_accuracy": 0.7715231788079471,
  "validation_loss": 1.1211709380149841,
  "best_validation_accuracy": 0.7715231788079471,
  "best_validation_loss": 1.1211709380149841
}