{
  "best_epoch": 23,
  "peak_worker_0_memory_MB": 2328.3125,
  "peak_gpu_0_memory_MB": 64.7041015625,
  "training_duration": "0:00:06.218023",
  "training_start_epoch": 0,
  "training_epochs": 24,
  "epoch": 24,
  "training_accuracy": 0.9751056834194457,
  "training_loss": 0.15432348057850084,
  "training_worker_0_memory_MB": 2328.3125,
  "training_gpu_0_memory_MB": 64.7041015625,
  "validation_accuracy": 0.7996688741721855,
  "validation_loss": 0.9559788048267365,
  "best_validation_accuracy": 0.7980132450331126,
  "best_validation_loss": 0.9330429315567017
}