{
  "best_epoch": 5,
  "peak_worker_0_memory_MB": 2317.37890625,
  "peak_gpu_0_memory_MB": 51.4853515625,
  "training_duration": "0:00:01.561103",
  "training_start_epoch": 0,
  "training_epochs": 5,
  "epoch": 5,
  "training_accuracy": 0.7283372365339579,
  "training_loss": 1.4960586935726565,
  "training_worker_0_memory_MB": 2317.37890625,
  "training_gpu_0_memory_MB": 51.4853515625,
  "validation_accuracy": 0.7268211920529801,
  "validation_loss": 1.4435426712036132,
  "best_validation_accuracy": 0.7268211920529801,
  "best_validation_loss": 1.4435426712036132
}