{
  "best_epoch": 16,
  "peak_worker_0_memory_MB": 2319.7421875,
  "peak_gpu_0_memory_MB": 51.08984375,
  "training_duration": "0:00:04.260976",
  "training_start_epoch": 0,
  "training_epochs": 16,
  "epoch": 16,
  "training_accuracy": 0.9351288056206088,
  "training_loss": 0.4097111142838179,
  "training_worker_0_memory_MB": 2319.7421875,
  "training_gpu_0_memory_MB": 51.08984375,
  "validation_accuracy": 0.7897350993377483,
  "validation_loss": 0.9126808792352676,
  "best_validation_accuracy": 0.7897350993377483,
  "best_validation_loss": 0.9126808792352676
}