{
  "best_epoch": 16,
  "peak_worker_0_memory_MB": 2319.7421875,
  "peak_gpu_0_memory_MB": 51.08984375,
  "training_duration": "0:00:04.802688",
  "training_start_epoch": 0,
  "training_epochs": 18,
  "epoch": 18,
  "training_accuracy": 0.9498829039812646,
  "training_loss": 0.3251911490710814,
  "training_worker_0_memory_MB": 2319.7421875,
  "training_gpu_0_memory_MB": 51.08984375,
  "validation_accuracy": 0.7913907284768212,
  "validation_loss": 0.9203249633312225,
  "best_validation_accuracy": 0.7897350993377483,
  "best_validation_loss": 0.9126808792352676
}