{
  "best_epoch": 1,
  "peak_worker_0_memory_MB": 2287.21484375,
  "peak_gpu_0_memory_MB": 30.3212890625,
  "training_duration": "0:00:00.296096",
  "training_start_epoch": 0,
  "training_epochs": 1,
  "epoch": 1,
  "training_accuracy": 0.5039699122440451,
  "training_loss": 2.414345427563316,
  "training_worker_0_memory_MB": 2287.21484375,
  "training_gpu_0_memory_MB": 30.3212890625,
  "validation_accuracy": 0.5894039735099338,
  "validation_loss": 2.10955011844635,
  "best_validation_accuracy": 0.5894039735099338,
  "best_validation_loss": 2.10955011844635
}