{
  "best_epoch": 6,
  "peak_worker_0_memory_MB": 2370.390625,
  "peak_gpu_0_memory_MB": 89.33056640625,
  "training_duration": "0:00:03.401814",
  "training_start_epoch": 0,
  "training_epochs": 6,
  "epoch": 6,
  "training_accuracy": 0.43038886221795486,
  "training_loss": 3.246788043102235,
  "training_worker_0_memory_MB": 2370.390625,
  "training_gpu_0_memory_MB": 89.33056640625,
  "validation_accuracy": 0.5380794701986755,
  "validation_loss": 2.947663736343384,
  "best_validation_accuracy": 0.5380794701986755,
  "best_validation_loss": 2.947663736343384
}