{
  "best_epoch": 40,
  "peak_worker_0_memory_MB": 2370.390625,
  "peak_gpu_0_memory_MB": 89.33056640625,
  "training_duration": "0:00:19.738336",
  "training_start_epoch": 0,
  "training_epochs": 40,
  "epoch": 40,
  "training_accuracy": 0.9215074411905905,
  "training_loss": 0.5755267461747614,
  "training_worker_0_memory_MB": 2370.390625,
  "training_gpu_0_memory_MB": 89.33056640625,
  "validation_accuracy": 0.7831125827814569,
  "validation_loss": 0.9727126657962799,
  "best_validation_accuracy": 0.7831125827814569,
  "best_validation_loss": 0.9727126657962799
}