{
  "best_epoch": 7,
  "peak_worker_0_memory_MB": 2326.80078125,
  "peak_gpu_0_memory_MB": 69.92529296875,
  "training_duration": "0:00:02.070733",
  "training_start_epoch": 0,
  "training_epochs": 7,
  "epoch": 7,
  "training_accuracy": 0.62384513858337,
  "training_loss": 1.9505897180901632,
  "training_worker_0_memory_MB": 2326.80078125,
  "training_gpu_0_memory_MB": 69.92529296875,
  "validation_accuracy": 0.6605960264900662,
  "validation_loss": 1.8316789865493774,
  "best_validation_accuracy": 0.6605960264900662,
  "best_validation_loss": 1.8316789865493774
}