{
  "best_epoch": 3,
  "peak_worker_0_memory_MB": 2269.6171875,
  "peak_gpu_0_memory_MB": 8.73193359375,
  "training_duration": "0:00:00.547062",
  "training_start_epoch": 0,
  "training_epochs": 3,
  "epoch": 3,
  "training_accuracy": 0.8788132051817802,
  "training_loss": 0.5967148667887637,
  "training_worker_0_memory_MB": 2269.6171875,
  "training_gpu_0_memory_MB": 8.73193359375,
  "validation_accuracy": 0.8278145695364238,
  "validation_loss": 0.9163005411624908,
  "best_validation_accuracy": 0.8278145695364238,
  "best_validation_loss": 0.9163005411624908
}