{
  "best_epoch": 3,
  "peak_worker_0_memory_MB": 2294.54296875,
  "peak_gpu_0_memory_MB": 50.91064453125,
  "training_duration": "0:00:03.294805",
  "training_start_epoch": 0,
  "training_epochs": 4,
  "epoch": 4,
  "training_accuracy": 0.873380693689929,
  "training_loss": 0.5549846083710068,
  "training_worker_0_memory_MB": 2294.54296875,
  "training_gpu_0_memory_MB": 50.91064453125,
  "validation_accuracy": 0.7566225165562914,
  "validation_loss": 1.3435091495513916,
  "best_validation_accuracy": 0.7533112582781457,
  "best_validation_loss": 1.3133523344993592
}