{
  "best_epoch": 3,
  "peak_worker_0_memory_MB": 2294.54296875,
  "peak_gpu_0_memory_MB": 50.91064453125,
  "training_duration": "0:00:03.955622",
  "training_start_epoch": 0,
  "training_epochs": 5,
  "epoch": 5,
  "training_accuracy": 0.919765984120351,
  "training_loss": 0.35134642649638026,
  "training_worker_0_memory_MB": 2294.54296875,
  "training_gpu_0_memory_MB": 50.91064453125,
  "validation_accuracy": 0.7698675496688742,
  "validation_loss": 1.5087097942829133,
  "best_validation_accuracy": 0.7533112582781457,
  "best_validation_loss": 1.3133523344993592
}