{
  "best_epoch": 9,
  "peak_worker_0_memory_MB": 2267.3125,
  "peak_gpu_0_memory_MB": 15.12060546875,
  "training_duration": "0:00:01.470851",
  "training_start_epoch": 0,
  "training_epochs": 15,
  "epoch": 15,
  "training_accuracy": 0.877207062600321,
  "training_loss": 0.30529982298612596,
  "training_worker_0_memory_MB": 2267.3125,
  "training_gpu_0_memory_MB": 15.12060546875,
  "validation_accuracy": 0.7135761589403974,
  "validation_loss": 1.1783952474594117,
  "best_validation_accuracy": 0.8162251655629139,
  "best_validation_loss": 1.1007431745529175
}