{
  "best_epoch": 1,
  "peak_worker_0_memory_MB": 2267.484375,
  "peak_gpu_0_memory_MB": 7.4111328125,
  "training_duration": "0:00:01.027913",
  "training_start_epoch": 0,
  "training_epochs": 6,
  "epoch": 6,
  "training_accuracy": 0.8600083577099875,
  "training_loss": 0.9769783212166083,
  "training_worker_0_memory_MB": 2267.484375,
  "training_gpu_0_memory_MB": 7.4111328125,
  "validation_accuracy": 0.6655629139072847,
  "validation_loss": 2.3269033789634705,
  "best_validation_accuracy": 0.8079470198675497,
  "best_validation_loss": 1.636167860031128
}