{
  "best_epoch": 5,
  "peak_worker_0_memory_MB": 2314.08984375,
  "peak_gpu_0_memory_MB": 51.12255859375,
  "training_duration": "0:00:03.975273",
  "training_start_epoch": 0,
  "training_epochs": 5,
  "epoch": 5,
  "training_accuracy": 0.23735896364396156,
  "training_loss": 3.183779760410911,
  "training_worker_0_memory_MB": 2314.08984375,
  "training_gpu_0_memory_MB": 51.12255859375,
  "validation_accuracy": 0.37748344370860926,
  "validation_loss": 2.790845799446106,
  "best_validation_accuracy": 0.37748344370860926,
  "best_validation_loss": 2.790845799446106
}