{
  "best_epoch": 30,
  "peak_worker_0_memory_MB": 2314.08984375,
  "peak_gpu_0_memory_MB": 51.12255859375,
  "training_duration": "0:00:26.869919",
  "training_start_epoch": 0,
  "training_epochs": 39,
  "epoch": 39,
  "training_accuracy": 0.7872962808190556,
  "training_loss": 0.8230339249497965,
  "training_worker_0_memory_MB": 2314.08984375,
  "training_gpu_0_memory_MB": 51.12255859375,
  "validation_accuracy": 0.7831125827814569,
  "validation_loss": 0.9687406420707703,
  "best_validation_accuracy": 0.7781456953642384,
  "best_validation_loss": 0.9321700125932694
}