{
  "best_epoch": 0,
  "peak_worker_0_memory_MB": 2314.08984375,
  "peak_gpu_0_memory_MB": 51.12255859375,
  "training_duration": "0:00:00.638573",
  "training_start_epoch": 0,
  "training_epochs": 0,
  "epoch": 0,
  "training_accuracy": 0.020894274968658588,
  "training_loss": 4.375056768718519,
  "training_worker_0_memory_MB": 2314.08984375,
  "training_gpu_0_memory_MB": 51.12255859375,
  "validation_accuracy": 0.1291390728476821,
  "validation_loss": 4.110543727874756,
  "best_validation_accuracy": 0.1291390728476821,
  "best_validation_loss": 4.110543727874756
}