{
  "best_epoch": 30,
  "peak_worker_0_memory_MB": 2314.08984375,
  "peak_gpu_0_memory_MB": 51.12255859375,
  "training_duration": "0:00:23.502797",
  "training_start_epoch": 0,
  "training_epochs": 34,
  "epoch": 34,
  "training_accuracy": 0.7684914333472629,
  "training_loss": 0.9084308414082778,
  "training_worker_0_memory_MB": 2314.08984375,
  "training_gpu_0_memory_MB": 51.12255859375,
  "validation_accuracy": 0.7748344370860927,
  "validation_loss": 0.9652070105075836,
  "best_validation_accuracy": 0.7781456953642384,
  "best_validation_loss": 0.9321700125932694
}