{
  "best_epoch": 2,
  "peak_worker_0_memory_MB": 2371.23046875,
  "peak_gpu_0_memory_MB": 89.33056640625,
  "training_duration": "0:00:01.467892",
  "training_start_epoch": 0,
  "training_epochs": 2,
  "epoch": 2,
  "training_accuracy": 0.5049207873259721,
  "training_loss": 2.434921037149793,
  "training_worker_0_memory_MB": 2371.23046875,
  "training_gpu_0_memory_MB": 89.33056640625,
  "validation_accuracy": 0.6970198675496688,
  "validation_loss": 1.6455484867095946,
  "best_validation_accuracy": 0.6970198675496688,
  "best_validation_loss": 1.6455484867095946
}