{
  "best_epoch": 1,
  "peak_worker_0_memory_MB": 2371.23046875,
  "peak_gpu_0_memory_MB": 89.33056640625,
  "training_duration": "0:00:00.978581",
  "training_start_epoch": 0,
  "training_epochs": 1,
  "epoch": 1,
  "training_accuracy": 0.34313490158425347,
  "training_loss": 3.092924864237545,
  "training_worker_0_memory_MB": 2371.23046875,
  "training_gpu_0_memory_MB": 89.33056640625,
  "validation_accuracy": 0.6225165562913907,
  "validation_loss": 2.2102668285369873,
  "best_validation_accuracy": 0.6225165562913907,
  "best_validation_loss": 2.2102668285369873
}