{
  "best_epoch": 30,
  "peak_worker_0_memory_MB": 2319.734375,
  "peak_gpu_0_memory_MB": 51.08984375,
  "training_duration": "0:00:09.020135",
  "training_start_epoch": 0,
  "training_epochs": 32,
  "epoch": 32,
  "training_accuracy": 0.9817330210772833,
  "training_loss": 0.13654318240596286,
  "training_worker_0_memory_MB": 2319.734375,
  "training_gpu_0_memory_MB": 51.08984375,
  "validation_accuracy": 0.7897350993377483,
  "validation_loss": 0.9437537133693695,
  "best_validation_accuracy": 0.793046357615894,
  "best_validation_loss": 0.8876049071550369
}