{
  "best_epoch": 10,
  "peak_worker_0_memory_MB": 2319.734375,
  "peak_gpu_0_memory_MB": 51.08984375,
  "training_duration": "0:00:02.958093",
  "training_start_epoch": 0,
  "training_epochs": 10,
  "epoch": 10,
  "training_accuracy": 0.8107728337236534,
  "training_loss": 1.0928161366661984,
  "training_worker_0_memory_MB": 2319.734375,
  "training_gpu_0_memory_MB": 51.08984375,
  "validation_accuracy": 0.7549668874172185,
  "validation_loss": 1.263251781463623,
  "best_validation_accuracy": 0.7549668874172185,
  "best_validation_loss": 1.263251781463623
}