{
  "best_epoch": 26,
  "peak_worker_0_memory_MB": 2319.734375,
  "peak_gpu_0_memory_MB": 51.08984375,
  "training_duration": "0:00:07.675811",
  "training_start_epoch": 0,
  "training_epochs": 27,
  "epoch": 27,
  "training_accuracy": 0.9711943793911006,
  "training_loss": 0.20362463304355963,
  "training_worker_0_memory_MB": 2319.734375,
  "training_gpu_0_memory_MB": 51.08984375,
  "validation_accuracy": 0.7913907284768212,
  "validation_loss": 0.9117177426815033,
  "best_validation_accuracy": 0.7980132450331126,
  "best_validation_loss": 0.8912415891885758
}