{
  "best_epoch": 51,
  "peak_worker_0_memory_MB": 2279.3984375,
  "peak_gpu_0_memory_MB": 25.87255859375,
  "training_duration": "0:00:07.383643",
  "training_start_epoch": 0,
  "training_epochs": 51,
  "epoch": 51,
  "training_accuracy": 0.44463017133305477,
  "training_loss": 1.9638043234222813,
  "training_worker_0_memory_MB": 2279.3984375,
  "training_gpu_0_memory_MB": 25.87255859375,
  "validation_accuracy": 0.7152317880794702,
  "validation_loss": 1.2284586071968078,
  "best_validation_accuracy": 0.7152317880794702,
  "best_validation_loss": 1.2284586071968078
}