{
  "best_epoch": 0,
  "peak_worker_0_memory_MB": 2279.12109375,
  "peak_gpu_0_memory_MB": 25.87255859375,
  "training_duration": "0:00:00.140890",
  "training_start_epoch": 0,
  "training_epochs": 0,
  "epoch": 0,
  "training_accuracy": 0.09527789385708316,
  "training_loss": 3.800564125964516,
  "training_worker_0_memory_MB": 2279.12109375,
  "training_gpu_0_memory_MB": 25.87255859375,
  "validation_accuracy": 0.14735099337748345,
  "validation_loss": 3.3256664514541625,
  "best_validation_accuracy": 0.14735099337748345,
  "best_validation_loss": 3.3256664514541625
}