{
  "best_epoch": 1,
  "peak_worker_0_memory_MB": 0,
  "training_duration": "0:00:05.814853",
  "training_start_epoch": 0,
  "training_epochs": 1,
  "epoch": 1,
  "training_accuracy": 0.6662265962554008,
  "training_loss": 2.008520728759183,
  "training_worker_0_memory_MB": 0.0,
  "validation_accuracy": 0.7218543046357616,
  "validation_loss": 1.6609456896781922,
  "best_validation_accuracy": 0.7218543046357616,
  "best_validation_loss": 1.6609456896781922
}