{
  "best_epoch": 6,
  "peak_worker_0_memory_MB": 0,
  "training_duration": "0:00:33.595074",
  "training_start_epoch": 0,
  "training_epochs": 12,
  "epoch": 12,
  "training_accuracy": 0.9971195391262602,
  "training_loss": 0.03059555235397042,
  "training_worker_0_memory_MB": 0.0,
  "validation_accuracy": 0.7748344370860927,
  "validation_loss": 0.9865849494934082,
  "best_validation_accuracy": 0.7913907284768212,
  "best_validation_loss": 0.9644352495670319
}