{
  "best_epoch": 12,
  "peak_worker_0_memory_MB": 2317.36328125,
  "peak_gpu_0_memory_MB": 51.4853515625,
  "training_duration": "0:00:03.531215",
  "training_start_epoch": 0,
  "training_epochs": 12,
  "epoch": 12,
  "training_accuracy": 0.8644028103044497,
  "training_loss": 0.7688125300763259,
  "training_worker_0_memory_MB": 2317.36328125,
  "training_gpu_0_memory_MB": 51.4853515625,
  "validation_accuracy": 0.7798013245033113,
  "validation_loss": 1.0766364634037018,
  "best_validation_accuracy": 0.7798013245033113,
  "best_validation_loss": 1.0766364634037018
}