{
  "best_epoch": 4,
  "peak_worker_0_memory_MB": 2317.36328125,
  "peak_gpu_0_memory_MB": 51.4853515625,
  "training_duration": "0:00:01.300951",
  "training_start_epoch": 0,
  "training_epochs": 4,
  "epoch": 4,
  "training_accuracy": 0.5473067915690867,
  "training_loss": 2.3532953742724745,
  "training_worker_0_memory_MB": 2317.36328125,
  "training_gpu_0_memory_MB": 51.4853515625,
  "validation_accuracy": 0.6291390728476821,
  "validation_loss": 2.1377880573272705,
  "best_validation_accuracy": 0.6291390728476821,
  "best_validation_loss": 2.1377880573272705
}