{
  "best_epoch": 0,
  "peak_worker_0_memory_MB": 2271.57421875,
  "peak_gpu_0_memory_MB": 15.515625,
  "training_duration": "0:00:00.081943",
  "training_start_epoch": 0,
  "training_epochs": 0,
  "epoch": 0,
  "training_accuracy": 0.20786516853932585,
  "training_loss": 3.5752440094947815,
  "training_worker_0_memory_MB": 2271.57421875,
  "training_gpu_0_memory_MB": 15.515625,
  "validation_accuracy": 0.7251655629139073,
  "validation_loss": 1.9765034556388854,
  "best_validation_accuracy": 0.7251655629139073,
  "best_validation_loss": 1.9765034556388854
}