{
  "best_epoch": 10,
  "peak_worker_0_memory_MB": 2269.83203125,
  "peak_gpu_0_memory_MB": 15.515625,
  "training_duration": "0:00:00.906120",
  "training_start_epoch": 0,
  "training_epochs": 10,
  "epoch": 10,
  "training_accuracy": 0.8715890850722311,
  "training_loss": 0.5484848305583,
  "training_worker_0_memory_MB": 2269.83203125,
  "training_gpu_0_memory_MB": 15.515625,
  "validation_accuracy": 0.8245033112582781,
  "validation_loss": 1.1386622726917266,
  "best_validation_accuracy": 0.8245033112582781,
  "best_validation_loss": 1.1386622726917266
}