{
  "best_epoch": 38,
  "peak_worker_0_memory_MB": 2267.3125,
  "peak_gpu_0_memory_MB": 13.12939453125,
  "training_duration": "0:00:03.220552",
  "training_start_epoch": 0,
  "training_epochs": 38,
  "epoch": 38,
  "training_accuracy": 0.8330658105939005,
  "training_loss": 0.9375758767127991,
  "training_worker_0_memory_MB": 2267.3125,
  "training_gpu_0_memory_MB": 13.12939453125,
  "validation_accuracy": 0.793046357615894,
  "validation_loss": 1.3358940482139587,
  "best_validation_accuracy": 0.793046357615894,
  "best_validation_loss": 1.3358940482139587
}