{
  "best_epoch": 40,
  "peak_worker_0_memory_MB": 2267.3125,
  "peak_gpu_0_memory_MB": 13.12939453125,
  "training_duration": "0:00:03.385980",
  "training_start_epoch": 0,
  "training_epochs": 40,
  "epoch": 40,
  "training_accuracy": 0.8451043338683788,
  "training_loss": 0.8855648428201676,
  "training_worker_0_memory_MB": 2267.3125,
  "training_gpu_0_memory_MB": 13.12939453125,
  "validation_accuracy": 0.8096026490066225,
  "validation_loss": 1.2782877922058105,
  "best_validation_accuracy": 0.8096026490066225,
  "best_validation_loss": 1.2782877922058105
}