{
  "best_epoch": 57,
  "peak_worker_0_memory_MB": 2267.3125,
  "peak_gpu_0_memory_MB": 13.12939453125,
  "training_duration": "0:00:05.045040",
  "training_start_epoch": 0,
  "training_epochs": 60,
  "epoch": 60,
  "training_accuracy": 0.8820224719101124,
  "training_loss": 0.4912735015153885,
  "training_worker_0_memory_MB": 2267.3125,
  "training_gpu_0_memory_MB": 13.12939453125,
  "validation_accuracy": 0.8096026490066225,
  "validation_loss": 1.1172102868556977,
  "best_validation_accuracy": 0.8096026490066225,
  "best_validation_loss": 1.1035965979099274
}