{
  "best_epoch": 16,
  "peak_worker_0_memory_MB": 2319.46875,
  "peak_gpu_0_memory_MB": 51.08984375,
  "training_duration": "0:00:06.737152",
  "training_start_epoch": 0,
  "training_epochs": 25,
  "epoch": 25,
  "training_accuracy": 0.992271662763466,
  "training_loss": 0.05840835931585796,
  "training_worker_0_memory_MB": 2319.46875,
  "training_gpu_0_memory_MB": 51.08984375,
  "validation_accuracy": 0.7963576158940397,
  "validation_loss": 0.9777600288391113,
  "best_validation_accuracy": 0.7947019867549668,
  "best_validation_loss": 0.884747463464737
}