{
  "best_epoch": 48,
  "peak_worker_0_memory_MB": 2331.171875,
  "peak_gpu_0_memory_MB": 65.09326171875,
  "training_duration": "0:00:13.278032",
  "training_start_epoch": 0,
  "training_epochs": 48,
  "epoch": 48,
  "training_accuracy": 0.9318501170960187,
  "training_loss": 0.4716907334861471,
  "training_worker_0_memory_MB": 2331.171875,
  "training_gpu_0_memory_MB": 65.09326171875,
  "validation_accuracy": 0.7814569536423841,
  "validation_loss": 1.000101089477539,
  "best_validation_accuracy": 0.7814569536423841,
  "best_validation_loss": 1.000101089477539
}