{
  "best_epoch": 56,
  "peak_worker_0_memory_MB": 2331.171875,
  "peak_gpu_0_memory_MB": 65.09326171875,
  "training_duration": "0:00:15.734239",
  "training_start_epoch": 0,
  "training_epochs": 57,
  "epoch": 57,
  "training_accuracy": 0.9454332552693209,
  "training_loss": 0.32817501341229055,
  "training_worker_0_memory_MB": 2331.171875,
  "training_gpu_0_memory_MB": 65.09326171875,
  "validation_accuracy": 0.7897350993377483,
  "validation_loss": 0.9533805787563324,
  "best_validation_accuracy": 0.7864238410596026,
  "best_validation_loss": 0.9320503830909729
}