{
  "best_epoch": 17,
  "peak_worker_0_memory_MB": 2331.171875,
  "peak_gpu_0_memory_MB": 65.09326171875,
  "training_duration": "0:00:04.778899",
  "training_start_epoch": 0,
  "training_epochs": 17,
  "epoch": 17,
  "training_accuracy": 0.6487119437939111,
  "training_loss": 2.0013055463335405,
  "training_worker_0_memory_MB": 2331.171875,
  "training_gpu_0_memory_MB": 65.09326171875,
  "validation_accuracy": 0.6440397350993378,
  "validation_loss": 2.056195890903473,
  "best_validation_accuracy": 0.6440397350993378,
  "best_validation_loss": 2.056195890903473
}