{
  "best_epoch": 48,
  "peak_worker_0_memory_MB": 2331.171875,
  "peak_gpu_0_memory_MB": 65.09326171875,
  "training_duration": "0:00:13.558611",
  "training_start_epoch": 0,
  "training_epochs": 49,
  "epoch": 49,
  "training_accuracy": 0.9306791569086651,
  "training_loss": 0.4509641634884165,
  "training_worker_0_memory_MB": 2331.171875,
  "training_gpu_0_memory_MB": 65.09326171875,
  "validation_accuracy": 0.7831125827814569,
  "validation_loss": 1.01628634929657,
  "best_validation_accuracy": 0.7814569536423841,
  "best_validation_loss": 1.000101089477539
}