{
  "best_epoch": 77,
  "peak_worker_0_memory_MB": 2331.171875,
  "peak_gpu_0_memory_MB": 65.09326171875,
  "training_duration": "0:00:22.590339",
  "training_start_epoch": 0,
  "training_epochs": 82,
  "epoch": 82,
  "training_accuracy": 0.9765807962529274,
  "training_loss": 0.14243797018234408,
  "training_worker_0_memory_MB": 2331.171875,
  "training_gpu_0_memory_MB": 65.09326171875,
  "validation_accuracy": 0.804635761589404,
  "validation_loss": 0.9057467401027679,
  "best_validation_accuracy": 0.8029801324503312,
  "best_validation_loss": 0.8824099779129029
}