{
  "best_epoch": 34,
  "peak_worker_0_memory_MB": 2331.171875,
  "peak_gpu_0_memory_MB": 65.09326171875,
  "training_duration": "0:00:09.736489",
  "training_start_epoch": 0,
  "training_epochs": 35,
  "epoch": 35,
  "training_accuracy": 0.8742388758782201,
  "training_loss": 0.8188720220950112,
  "training_worker_0_memory_MB": 2331.171875,
  "training_gpu_0_memory_MB": 65.09326171875,
  "validation_accuracy": 0.7566225165562914,
  "validation_loss": 1.2537528455257416,
  "best_validation_accuracy": 0.7549668874172185,
  "best_validation_loss": 1.2025057911872863
}