{
  "best_epoch": 14,
  "peak_worker_0_memory_MB": 2331.171875,
  "peak_gpu_0_memory_MB": 65.09326171875,
  "training_duration": "0:00:03.953169",
  "training_start_epoch": 0,
  "training_epochs": 14,
  "epoch": 14,
  "training_accuracy": 0.563231850117096,
  "training_loss": 2.320008060825405,
  "training_worker_0_memory_MB": 2331.171875,
  "training_gpu_0_memory_MB": 65.09326171875,
  "validation_accuracy": 0.5844370860927153,
  "validation_loss": 2.3066123485565186,
  "best_validation_accuracy": 0.5844370860927153,
  "best_validation_loss": 2.3066123485565186
}