{
  "best_epoch": 6,
  "peak_worker_0_memory_MB": 2331.171875,
  "peak_gpu_0_memory_MB": 65.09326171875,
  "training_duration": "0:00:01.799501",
  "training_start_epoch": 0,
  "training_epochs": 6,
  "epoch": 6,
  "training_accuracy": 0.3002341920374707,
  "training_loss": 3.155496376663891,
  "training_worker_0_memory_MB": 2331.171875,
  "training_gpu_0_memory_MB": 65.09326171875,
  "validation_accuracy": 0.3708609271523179,
  "validation_loss": 3.0534123182296753,
  "best_validation_accuracy": 0.3708609271523179,
  "best_validation_loss": 3.0534123182296753
}