{
  "best_epoch": 21,
  "peak_worker_0_memory_MB": 2331.171875,
  "peak_gpu_0_memory_MB": 65.09326171875,
  "training_duration": "0:00:05.861099",
  "training_start_epoch": 0,
  "training_epochs": 21,
  "epoch": 21,
  "training_accuracy": 0.7252927400468384,
  "training_loss": 1.6351697320368752,
  "training_worker_0_memory_MB": 2331.171875,
  "training_gpu_0_memory_MB": 65.09326171875,
  "validation_accuracy": 0.695364238410596,
  "validation_loss": 1.740971577167511,
  "best_validation_accuracy": 0.695364238410596,
  "best_validation_loss": 1.740971577167511
}