{
  "best_epoch": 34,
  "peak_worker_0_memory_MB": 2327.01171875,
  "peak_gpu_0_memory_MB": 69.92529296875,
  "training_duration": "0:00:09.558197",
  "training_start_epoch": 0,
  "training_epochs": 35,
  "epoch": 35,
  "training_accuracy": 0.9617245930488342,
  "training_loss": 0.20271767706920704,
  "training_worker_0_memory_MB": 2327.01171875,
  "training_gpu_0_memory_MB": 69.92529296875,
  "validation_accuracy": 0.8096026490066225,
  "validation_loss": 0.8602723896503448,
  "best_validation_accuracy": 0.8112582781456954,
  "best_validation_loss": 0.8448433578014374
}