{
  "best_epoch": 0,
  "peak_worker_0_memory_MB": 2367.51171875,
  "peak_gpu_0_memory_MB": 75.88427734375,
  "training_duration": "0:00:03.680229",
  "training_start_epoch": 0,
  "training_epochs": 7,
  "epoch": 7,
  "training_accuracy": 0.9959193470955353,
  "training_loss": 0.023180891125185687,
  "training_worker_0_memory_MB": 2367.51171875,
  "training_gpu_0_memory_MB": 75.88427734375,
  "validation_accuracy": 0.7814569536423841,
  "validation_loss": 1.3562992334365844,
  "best_validation_accuracy": 0.7831125827814569,
  "best_validation_loss": 0.9955675959587097
}