{
  "best_epoch": 42,
  "peak_worker_0_memory_MB": 2313.53515625,
  "peak_gpu_0_memory_MB": 54.728515625,
  "training_duration": "0:00:08.512174",
  "training_start_epoch": 0,
  "training_epochs": 43,
  "epoch": 43,
  "training_accuracy": 0.8987378925741121,
  "training_loss": 0.5092749181720946,
  "training_worker_0_memory_MB": 2313.53515625,
  "training_gpu_0_memory_MB": 54.728515625,
  "validation_accuracy": 0.7963576158940397,
  "validation_loss": 0.9554066121578216,
  "best_validation_accuracy": 0.7913907284768212,
  "best_validation_loss": 0.934235030412674
}