{
  "best_epoch": 44,
  "peak_worker_0_memory_MB": 2313.53515625,
  "peak_gpu_0_memory_MB": 54.728515625,
  "training_duration": "0:00:09.481895",
  "training_start_epoch": 0,
  "training_epochs": 48,
  "epoch": 48,
  "training_accuracy": 0.9046081596712651,
  "training_loss": 0.46851246941972663,
  "training_worker_0_memory_MB": 2313.53515625,
  "training_gpu_0_memory_MB": 54.728515625,
  "validation_accuracy": 0.793046357615894,
  "validation_loss": 0.9457492262125016,
  "best_validation_accuracy": 0.7980132450331126,
  "best_validation_loss": 0.9144931346178055
}