{
  "best_epoch": 16,
  "peak_worker_0_memory_MB": 2316.046875,
  "peak_gpu_0_memory_MB": 62.47802734375,
  "training_duration": "0:00:05.579807",
  "training_start_epoch": 0,
  "training_epochs": 19,
  "epoch": 19,
  "training_accuracy": 0.788056206088993,
  "training_loss": 0.8342985457448817,
  "training_worker_0_memory_MB": 2316.046875,
  "training_gpu_0_memory_MB": 62.47802734375,
  "validation_accuracy": 0.7996688741721855,
  "validation_loss": 0.916369405388832,
  "best_validation_accuracy": 0.793046357615894,
  "best_validation_loss": 0.8929415822029114
}