{
  "best_epoch": 19,
  "peak_worker_0_memory_MB": 2328.29296875,
  "peak_gpu_0_memory_MB": 64.7041015625,
  "training_duration": "0:00:05.820949",
  "training_start_epoch": 0,
  "training_epochs": 21,
  "epoch": 21,
  "training_accuracy": 0.9516204790981682,
  "training_loss": 0.21823720600622804,
  "training_worker_0_memory_MB": 2328.29296875,
  "training_gpu_0_memory_MB": 64.7041015625,
  "validation_accuracy": 0.8096026490066225,
  "validation_loss": 0.9658769547939301,
  "best_validation_accuracy": 0.804635761589404,
  "best_validation_loss": 0.9224403083324433
}