{
  "best_epoch": 2,
  "peak_worker_0_memory_MB": 2319.46875,
  "peak_gpu_0_memory_MB": 51.08984375,
  "training_duration": "0:00:00.703210",
  "training_start_epoch": 0,
  "training_epochs": 2,
  "epoch": 2,
  "training_accuracy": 0.2611241217798595,
  "training_loss": 3.1323768950220363,
  "training_worker_0_memory_MB": 2319.46875,
  "training_gpu_0_memory_MB": 51.08984375,
  "validation_accuracy": 0.41225165562913907,
  "validation_loss": 2.8664671421051025,
  "best_validation_accuracy": 0.41225165562913907,
  "best_validation_loss": 2.8664671421051025
}