{
  "best_epoch": 21,
  "peak_worker_0_memory_MB": 2319.46875,
  "peak_gpu_0_memory_MB": 51.08984375,
  "training_duration": "0:00:05.167679",
  "training_start_epoch": 0,
  "training_epochs": 21,
  "epoch": 21,
  "training_accuracy": 0.8882903981264637,
  "training_loss": 0.5856292105432767,
  "training_worker_0_memory_MB": 2319.46875,
  "training_gpu_0_memory_MB": 51.08984375,
  "validation_accuracy": 0.7913907284768212,
  "validation_loss": 0.9814818799495697,
  "best_validation_accuracy": 0.7913907284768212,
  "best_validation_loss": 0.9814818799495697
}