{
  "best_epoch": 26,
  "peak_worker_0_memory_MB": 2319.46875,
  "peak_gpu_0_memory_MB": 51.08984375,
  "training_duration": "0:00:08.449027",
  "training_start_epoch": 0,
  "training_epochs": 35,
  "epoch": 35,
  "training_accuracy": 0.9459016393442623,
  "training_loss": 0.29532524476300426,
  "training_worker_0_memory_MB": 2319.46875,
  "training_gpu_0_memory_MB": 51.08984375,
  "validation_accuracy": 0.793046357615894,
  "validation_loss": 1.0242319524288177,
  "best_validation_accuracy": 0.793046357615894,
  "best_validation_loss": 0.9441675305366516
}