{
  "best_epoch": 7,
  "peak_worker_0_memory_MB": 2317.36328125,
  "peak_gpu_0_memory_MB": 51.4853515625,
  "training_duration": "0:00:02.215076",
  "training_start_epoch": 0,
  "training_epochs": 7,
  "epoch": 7,
  "training_accuracy": 0.6653395784543326,
  "training_loss": 1.8927533430839651,
  "training_worker_0_memory_MB": 2317.36328125,
  "training_gpu_0_memory_MB": 51.4853515625,
  "validation_accuracy": 0.6754966887417219,
  "validation_loss": 1.8788808107376098,
  "best_validation_accuracy": 0.6754966887417219,
  "best_validation_loss": 1.8788808107376098
}