{
  "best_epoch": 23,
  "peak_worker_0_memory_MB": 2317.36328125,
  "peak_gpu_0_memory_MB": 51.4853515625,
  "training_duration": "0:00:06.710729",
  "training_start_epoch": 0,
  "training_epochs": 24,
  "epoch": 24,
  "training_accuracy": 0.9468384074941452,
  "training_loss": 0.3330915423471536,
  "training_worker_0_memory_MB": 2317.36328125,
  "training_gpu_0_memory_MB": 51.4853515625,
  "validation_accuracy": 0.793046357615894,
  "validation_loss": 0.9717630624771119,
  "best_validation_accuracy": 0.7913907284768212,
  "best_validation_loss": 0.9678873598575592
}