{
  "best_epoch": 3,
  "peak_worker_0_memory_MB": 2287.2109375,
  "peak_gpu_0_memory_MB": 30.3212890625,
  "training_duration": "0:00:00.623289",
  "training_start_epoch": 0,
  "training_epochs": 3,
  "epoch": 3,
  "training_accuracy": 0.9218554116172168,
  "training_loss": 0.3533644452691078,
  "training_worker_0_memory_MB": 2287.2109375,
  "training_gpu_0_memory_MB": 30.3212890625,
  "validation_accuracy": 0.793046357615894,
  "validation_loss": 0.9142607152462006,
  "best_validation_accuracy": 0.793046357615894,
  "best_validation_loss": 0.9142607152462006
}