{
  "best_epoch": 30,
  "peak_worker_0_memory_MB": 2319.734375,
  "peak_gpu_0_memory_MB": 51.08984375,
  "training_duration": "0:00:09.687212",
  "training_start_epoch": 0,
  "training_epochs": 37,
  "epoch": 37,
  "training_accuracy": 0.9611241217798595,
  "training_loss": 0.22022186264173307,
  "training_worker_0_memory_MB": 2319.734375,
  "training_gpu_0_memory_MB": 51.08984375,
  "validation_accuracy": 0.8013245033112583,
  "validation_loss": 0.9217757940292358,
  "best_validation_accuracy": 0.7996688741721855,
  "best_validation_loss": 0.8830698311328888
}