{
  "best_epoch": 21,
  "peak_worker_0_memory_MB": 2319.734375,
  "peak_gpu_0_memory_MB": 51.08984375,
  "training_duration": "0:00:05.651593",
  "training_start_epoch": 0,
  "training_epochs": 21,
  "epoch": 21,
  "training_accuracy": 0.9035128805620609,
  "training_loss": 0.5564043437367054,
  "training_worker_0_memory_MB": 2319.734375,
  "training_gpu_0_memory_MB": 51.08984375,
  "validation_accuracy": 0.7897350993377483,
  "validation_loss": 0.9321044564247132,
  "best_validation_accuracy": 0.7897350993377483,
  "best_validation_loss": 0.9321044564247132
}