{
  "best_epoch": 8,
  "peak_worker_0_memory_MB": 2319.734375,
  "peak_gpu_0_memory_MB": 51.08984375,
  "training_duration": "0:00:02.333091",
  "training_start_epoch": 0,
  "training_epochs": 8,
  "epoch": 8,
  "training_accuracy": 0.6653395784543326,
  "training_loss": 1.635535119184807,
  "training_worker_0_memory_MB": 2319.734375,
  "training_gpu_0_memory_MB": 51.08984375,
  "validation_accuracy": 0.7102649006622517,
  "validation_loss": 1.4948033809661865,
  "best_validation_accuracy": 0.7102649006622517,
  "best_validation_loss": 1.4948033809661865
}