{
  "best_epoch": 3,
  "peak_worker_0_memory_MB": 2379.60546875,
  "peak_gpu_0_memory_MB": 89.33056640625,
  "training_duration": "0:00:02.920444",
  "training_start_epoch": 0,
  "training_epochs": 5,
  "epoch": 5,
  "training_accuracy": 0.9900384061449832,
  "training_loss": 0.07066957750677608,
  "training_worker_0_memory_MB": 2379.60546875,
  "training_gpu_0_memory_MB": 89.33056640625,
  "validation_accuracy": 0.804635761589404,
  "validation_loss": 0.9516729176044464,
  "best_validation_accuracy": 0.7963576158940397,
  "best_validation_loss": 0.9277122318744659
}