{
  "best_epoch": 21,
  "peak_worker_0_memory_MB": 0,
  "training_duration": "0:00:13.019518",
  "training_start_epoch": 0,
  "training_epochs": 23,
  "epoch": 23,
  "training_accuracy": 0.9104166666666667,
  "training_loss": 0.43478940270448985,
  "training_reg_loss": 0.0,
  "training_worker_0_memory_MB": 0.0,
  "validation_accuracy": 0.7866666666666666,
  "validation_loss": 1.1407015860080718,
  "validation_reg_loss": 0.0,
  "best_validation_accuracy": 0.7833333333333333,
  "best_validation_loss": 1.1122621715068817,
  "best_validation_reg_loss": 0.0
}