{
  "best_epoch": 18,
  "peak_worker_0_memory_MB": 2287.21484375,
  "peak_gpu_0_memory_MB": 30.3212890625,
  "training_duration": "0:00:02.992863",
  "training_start_epoch": 0,
  "training_epochs": 18,
  "epoch": 18,
  "training_accuracy": 0.5378186376932721,
  "training_loss": 2.073488379779615,
  "training_worker_0_memory_MB": 2287.21484375,
  "training_gpu_0_memory_MB": 30.3212890625,
  "validation_accuracy": 0.6539735099337748,
  "validation_loss": 1.8852845788002015,
  "best_validation_accuracy": 0.6539735099337748,
  "best_validation_loss": 1.8852845788002015
}