{
  "best_epoch": 63,
  "peak_worker_0_memory_MB": 2287.21484375,
  "peak_gpu_0_memory_MB": 30.3212890625,
  "training_duration": "0:00:10.731158",
  "training_start_epoch": 0,
  "training_epochs": 67,
  "epoch": 67,
  "training_accuracy": 0.766402005850397,
  "training_loss": 0.9363530670341692,
  "training_worker_0_memory_MB": 2287.21484375,
  "training_gpu_0_memory_MB": 30.3212890625,
  "validation_accuracy": 0.7798013245033113,
  "validation_loss": 0.9449402928352356,
  "best_validation_accuracy": 0.7798013245033113,
  "best_validation_loss": 0.9386616766452789
}