{
  "best_epoch": 83,
  "peak_worker_0_memory_MB": 2287.21484375,
  "peak_gpu_0_memory_MB": 30.3212890625,
  "training_duration": "0:00:13.441696",
  "training_start_epoch": 0,
  "training_epochs": 84,
  "epoch": 84,
  "training_accuracy": 0.7843710823234433,
  "training_loss": 0.8572276046401576,
  "training_worker_0_memory_MB": 2287.21484375,
  "training_gpu_0_memory_MB": 30.3212890625,
  "validation_accuracy": 0.7913907284768212,
  "validation_loss": 0.910279369354248,
  "best_validation_accuracy": 0.7897350993377483,
  "best_validation_loss": 0.8859708905220032
}