{
  "best_epoch": 38,
  "peak_worker_0_memory_MB": 2287.21484375,
  "peak_gpu_0_memory_MB": 30.3212890625,
  "training_duration": "0:00:06.158454",
  "training_start_epoch": 0,
  "training_epochs": 38,
  "epoch": 38,
  "training_accuracy": 0.6878395319682407,
  "training_loss": 1.3478452829938186,
  "training_worker_0_memory_MB": 2287.21484375,
  "training_gpu_0_memory_MB": 30.3212890625,
  "validation_accuracy": 0.7549668874172185,
  "validation_loss": 1.1912677824497222,
  "best_validation_accuracy": 0.7549668874172185,
  "best_validation_loss": 1.1912677824497222
}