{
  "best_epoch": 50,
  "peak_worker_0_memory_MB": 2287.21484375,
  "peak_gpu_0_memory_MB": 30.3212890625,
  "training_duration": "0:00:08.055536",
  "training_start_epoch": 0,
  "training_epochs": 50,
  "epoch": 50,
  "training_accuracy": 0.7317175094024237,
  "training_loss": 1.1354443666182066,
  "training_worker_0_memory_MB": 2287.21484375,
  "training_gpu_0_memory_MB": 30.3212890625,
  "validation_accuracy": 0.7715231788079471,
  "validation_loss": 1.0255983114242553,
  "best_validation_accuracy": 0.7715231788079471,
  "best_validation_loss": 1.0255983114242553
}