{
  "best_epoch": 36,
  "peak_worker_0_memory_MB": 2287.21484375,
  "peak_gpu_0_memory_MB": 30.3212890625,
  "training_duration": "0:00:05.837251",
  "training_start_epoch": 0,
  "training_epochs": 36,
  "epoch": 36,
  "training_accuracy": 0.6815712494776431,
  "training_loss": 1.3924746215343475,
  "training_worker_0_memory_MB": 2287.21484375,
  "training_gpu_0_memory_MB": 30.3212890625,
  "validation_accuracy": 0.7566225165562914,
  "validation_loss": 1.217929184436798,
  "best_validation_accuracy": 0.7566225165562914,
  "best_validation_loss": 1.217929184436798
}