{
  "best_epoch": 69,
  "peak_worker_0_memory_MB": 2287.21484375,
  "peak_gpu_0_memory_MB": 30.3212890625,
  "training_duration": "0:00:11.199153",
  "training_start_epoch": 0,
  "training_epochs": 70,
  "epoch": 70,
  "training_accuracy": 0.7755954868366067,
  "training_loss": 0.9623973118631464,
  "training_worker_0_memory_MB": 2287.21484375,
  "training_gpu_0_memory_MB": 30.3212890625,
  "validation_accuracy": 0.7814569536423841,
  "validation_loss": 0.9216846525669098,
  "best_validation_accuracy": 0.7781456953642384,
  "best_validation_loss": 0.9027064263820648
}