{
  "best_epoch": 46,
  "peak_worker_0_memory_MB": 2287.21484375,
  "peak_gpu_0_memory_MB": 30.3212890625,
  "training_duration": "0:00:07.449753",
  "training_start_epoch": 0,
  "training_epochs": 46,
  "epoch": 46,
  "training_accuracy": 0.7267028834099457,
  "training_loss": 1.1774184421489113,
  "training_worker_0_memory_MB": 2287.21484375,
  "training_gpu_0_memory_MB": 30.3212890625,
  "validation_accuracy": 0.7649006622516556,
  "validation_loss": 1.0678316295146941,
  "best_validation_accuracy": 0.7649006622516556,
  "best_validation_loss": 1.0678316295146941
}