{
  "best_epoch": 19,
  "peak_worker_0_memory_MB": 2316.54296875,
  "peak_gpu_0_memory_MB": 51.12255859375,
  "training_duration": "0:00:16.460690",
  "training_start_epoch": 0,
  "training_epochs": 24,
  "epoch": 24,
  "training_accuracy": 0.8332636857501045,
  "training_loss": 0.6109140452585722,
  "training_worker_0_memory_MB": 2316.54296875,
  "training_gpu_0_memory_MB": 51.12255859375,
  "validation_accuracy": 0.7963576158940397,
  "validation_loss": 1.0117483913898468,
  "best_validation_accuracy": 0.7897350993377483,
  "best_validation_loss": 0.9334060847759247
}