{
  "best_epoch": 15,
  "peak_worker_0_memory_MB": 2316.54296875,
  "peak_gpu_0_memory_MB": 51.12255859375,
  "training_duration": "0:00:12.514177",
  "training_start_epoch": 0,
  "training_epochs": 18,
  "epoch": 18,
  "training_accuracy": 0.8010865022983702,
  "training_loss": 0.7492817773630744,
  "training_worker_0_memory_MB": 2316.54296875,
  "training_gpu_0_memory_MB": 51.12255859375,
  "validation_accuracy": 0.7897350993377483,
  "validation_loss": 0.9579344868659974,
  "best_validation_accuracy": 0.7880794701986755,
  "best_validation_loss": 0.9363145530223846
}