{
  "best_epoch": 26,
  "peak_worker_0_memory_MB": 2317.37890625,
  "peak_gpu_0_memory_MB": 51.4853515625,
  "training_duration": "0:00:07.563407",
  "training_start_epoch": 0,
  "training_epochs": 28,
  "epoch": 28,
  "training_accuracy": 0.9637002341920374,
  "training_loss": 0.23870789537678905,
  "training_worker_0_memory_MB": 2317.37890625,
  "training_gpu_0_memory_MB": 51.4853515625,
  "validation_accuracy": 0.7947019867549668,
  "validation_loss": 0.9184182405471801,
  "best_validation_accuracy": 0.7947019867549668,
  "best_validation_loss": 0.8931416004896164
}