{
  "best_epoch": 30,
  "peak_worker_0_memory_MB": 2317.37890625,
  "peak_gpu_0_memory_MB": 51.4853515625,
  "training_duration": "0:00:08.072061",
  "training_start_epoch": 0,
  "training_epochs": 30,
  "epoch": 30,
  "training_accuracy": 0.9681498829039813,
  "training_loss": 0.20556388739774475,
  "training_worker_0_memory_MB": 2317.37890625,
  "training_gpu_0_memory_MB": 51.4853515625,
  "validation_accuracy": 0.7980132450331126,
  "validation_loss": 0.8836904525756836,
  "best_validation_accuracy": 0.7980132450331126,
  "best_validation_loss": 0.8836904525756836
}