{
  "best_epoch": 3,
  "peak_worker_0_memory_MB": 2317.37890625,
  "peak_gpu_0_memory_MB": 51.4853515625,
  "training_duration": "0:00:01.026790",
  "training_start_epoch": 0,
  "training_epochs": 3,
  "epoch": 3,
  "training_accuracy": 0.40796252927400467,
  "training_loss": 2.9460819194565957,
  "training_worker_0_memory_MB": 2317.37890625,
  "training_gpu_0_memory_MB": 51.4853515625,
  "validation_accuracy": 0.4817880794701987,
  "validation_loss": 2.7508384227752685,
  "best_validation_accuracy": 0.4817880794701987,
  "best_validation_loss": 2.7508384227752685
}