{
  "best_epoch": 48,
  "peak_worker_0_memory_MB": 2319.734375,
  "peak_gpu_0_memory_MB": 51.08984375,
  "training_duration": "0:00:12.595215",
  "training_start_epoch": 0,
  "training_epochs": 51,
  "epoch": 51,
  "training_accuracy": 0.9822014051522249,
  "training_loss": 0.13113316231921537,
  "training_worker_0_memory_MB": 2319.734375,
  "training_gpu_0_memory_MB": 51.08984375,
  "validation_accuracy": 0.7947019867549668,
  "validation_loss": 0.9442662537097931,
  "best_validation_accuracy": 0.7947019867549668,
  "best_validation_loss": 0.8943336367607116
}