{
  "best_epoch": 4,
  "peak_worker_0_memory_MB": 2319.734375,
  "peak_gpu_0_memory_MB": 51.08984375,
  "training_duration": "0:00:01.220620",
  "training_start_epoch": 0,
  "training_epochs": 4,
  "epoch": 4,
  "training_accuracy": 0.3725995316159251,
  "training_loss": 2.976083641621604,
  "training_worker_0_memory_MB": 2319.734375,
  "training_gpu_0_memory_MB": 51.08984375,
  "validation_accuracy": 0.4552980132450331,
  "validation_loss": 2.8211033582687377,
  "best_validation_accuracy": 0.4552980132450331,
  "best_validation_loss": 2.8211033582687377
}