{
  "best_epoch": 30,
  "peak_worker_0_memory_MB": 2319.734375,
  "peak_gpu_0_memory_MB": 51.08984375,
  "training_duration": "0:00:08.322937",
  "training_start_epoch": 0,
  "training_epochs": 33,
  "epoch": 33,
  "training_accuracy": 0.9433255269320843,
  "training_loss": 0.3516097017633381,
  "training_worker_0_memory_MB": 2319.734375,
  "training_gpu_0_memory_MB": 51.08984375,
  "validation_accuracy": 0.7864238410596026,
  "validation_loss": 0.9509827435016632,
  "best_validation_accuracy": 0.7864238410596026,
  "best_validation_loss": 0.9439834833145142
}