{
  "best_epoch": 25,
  "peak_worker_0_memory_MB": 2271.57421875,
  "peak_gpu_0_memory_MB": 15.515625,
  "training_duration": "0:00:02.240314",
  "training_start_epoch": 0,
  "training_epochs": 26,
  "epoch": 26,
  "training_accuracy": 0.884430176565008,
  "training_loss": 0.39501814395189283,
  "training_worker_0_memory_MB": 2271.57421875,
  "training_gpu_0_memory_MB": 15.515625,
  "validation_accuracy": 0.8096026490066225,
  "validation_loss": 1.104197359085083,
  "best_validation_accuracy": 0.8112582781456954,
  "best_validation_loss": 1.0903055787086486
}