{
  "best_epoch": 18,
  "peak_worker_0_memory_MB": 2327.01171875,
  "peak_gpu_0_memory_MB": 69.92529296875,
  "training_duration": "0:00:06.421924",
  "training_start_epoch": 0,
  "training_epochs": 24,
  "epoch": 24,
  "training_accuracy": 0.9698636163660361,
  "training_loss": 0.16168063687574533,
  "training_worker_0_memory_MB": 2327.01171875,
  "training_gpu_0_memory_MB": 69.92529296875,
  "validation_accuracy": 0.8029801324503312,
  "validation_loss": 0.8838508009910584,
  "best_validation_accuracy": 0.804635761589404,
  "best_validation_loss": 0.8753174722194672
}