{
  "best_epoch": 9,
  "peak_worker_0_memory_MB": 2371.23046875,
  "peak_gpu_0_memory_MB": 89.33056640625,
  "training_duration": "0:00:07.607382",
  "training_start_epoch": 0,
  "training_epochs": 14,
  "epoch": 14,
  "training_accuracy": 0.9889582333173308,
  "training_loss": 0.065556081367358,
  "training_worker_0_memory_MB": 2371.23046875,
  "training_gpu_0_memory_MB": 89.33056640625,
  "validation_accuracy": 0.8079470198675497,
  "validation_loss": 1.0062259614467621,
  "best_validation_accuracy": 0.8013245033112583,
  "best_validation_loss": 0.8976109892129898
}