{
  "best_epoch": 21,
  "peak_worker_0_memory_MB": 2308.9375,
  "peak_gpu_0_memory_MB": 54.28173828125,
  "training_duration": "0:00:06.093168",
  "training_start_epoch": 0,
  "training_epochs": 24,
  "epoch": 24,
  "training_accuracy": 0.8327868852459016,
  "training_loss": 0.6640127545862056,
  "training_worker_0_memory_MB": 2308.9375,
  "training_gpu_0_memory_MB": 54.28173828125,
  "validation_accuracy": 0.8013245033112583,
  "validation_loss": 0.9634412527084351,
  "best_validation_accuracy": 0.793046357615894,
  "best_validation_loss": 0.9379845023155212
}