{
  "best_epoch": 5,
  "peak_worker_0_memory_MB": 2308.9375,
  "peak_gpu_0_memory_MB": 54.28173828125,
  "training_duration": "0:00:01.469877",
  "training_start_epoch": 0,
  "training_epochs": 5,
  "epoch": 5,
  "training_accuracy": 0.5578454332552694,
  "training_loss": 1.9276387958384271,
  "training_worker_0_memory_MB": 2308.9375,
  "training_gpu_0_memory_MB": 54.28173828125,
  "validation_accuracy": 0.7019867549668874,
  "validation_loss": 1.5363673925399781,
  "best_validation_accuracy": 0.7019867549668874,
  "best_validation_loss": 1.5363673925399781
}