{
  "best_epoch": 5,
  "peak_worker_0_memory_MB": 2326.80078125,
  "peak_gpu_0_memory_MB": 69.92529296875,
  "training_duration": "0:00:01.543314",
  "training_start_epoch": 0,
  "training_epochs": 5,
  "epoch": 5,
  "training_accuracy": 0.5391553013638364,
  "training_loss": 2.3051634430885315,
  "training_worker_0_memory_MB": 2326.80078125,
  "training_gpu_0_memory_MB": 69.92529296875,
  "validation_accuracy": 0.6009933774834437,
  "validation_loss": 2.141110920906067,
  "best_validation_accuracy": 0.6009933774834437,
  "best_validation_loss": 2.141110920906067
}