{
  "best_epoch": 77,
  "peak_worker_0_memory_MB": 2313.4765625,
  "peak_gpu_0_memory_MB": 54.728515625,
  "training_duration": "0:00:16.396565",
  "training_start_epoch": 0,
  "training_epochs": 78,
  "epoch": 78,
  "training_accuracy": 0.7889638978573525,
  "training_loss": 1.1592147140591234,
  "training_worker_0_memory_MB": 2313.4765625,
  "training_gpu_0_memory_MB": 54.728515625,
  "validation_accuracy": 0.7450331125827815,
  "validation_loss": 1.3173835754394532,
  "best_validation_accuracy": 0.7450331125827815,
  "best_validation_loss": 1.3045425295829773
}