{
  "best_epoch": 33,
  "peak_worker_0_memory_MB": 2313.4765625,
  "peak_gpu_0_memory_MB": 54.728515625,
  "training_duration": "0:00:07.049477",
  "training_start_epoch": 0,
  "training_epochs": 33,
  "epoch": 33,
  "training_accuracy": 0.48899324919283826,
  "training_loss": 2.4005996032997414,
  "training_worker_0_memory_MB": 2313.4765625,
  "training_gpu_0_memory_MB": 54.728515625,
  "validation_accuracy": 0.543046357615894,
  "validation_loss": 2.3548877477645873,
  "best_validation_accuracy": 0.543046357615894,
  "best_validation_loss": 2.3548877477645873
}