{
  "best_epoch": 59,
  "peak_worker_0_memory_MB": 2313.4765625,
  "peak_gpu_0_memory_MB": 54.728515625,
  "training_duration": "0:00:12.653136",
  "training_start_epoch": 0,
  "training_epochs": 60,
  "epoch": 60,
  "training_accuracy": 0.720575286175521,
  "training_loss": 1.5229521504154913,
  "training_worker_0_memory_MB": 2313.4765625,
  "training_gpu_0_memory_MB": 54.728515625,
  "validation_accuracy": 0.7102649006622517,
  "validation_loss": 1.6095990777015685,
  "best_validation_accuracy": 0.706953642384106,
  "best_validation_loss": 1.6068087697029114
}