{
  "best_epoch": 98,
  "peak_worker_0_memory_MB": 2313.4765625,
  "peak_gpu_0_memory_MB": 54.728515625,
  "training_duration": "0:00:20.531566",
  "training_start_epoch": 0,
  "training_epochs": 98,
  "epoch": 98,
  "training_accuracy": 0.8450249486351629,
  "training_loss": 0.8705344178058483,
  "training_worker_0_memory_MB": 2313.4765625,
  "training_gpu_0_memory_MB": 54.728515625,
  "validation_accuracy": 0.7649006622516556,
  "validation_loss": 1.1222691774368285,
  "best_validation_accuracy": 0.7649006622516556,
  "best_validation_loss": 1.1222691774368285
}