{
  "best_epoch": 25,
  "peak_worker_0_memory_MB": 2313.4765625,
  "peak_gpu_0_memory_MB": 54.728515625,
  "training_duration": "0:00:05.387324",
  "training_start_epoch": 0,
  "training_epochs": 25,
  "epoch": 25,
  "training_accuracy": 0.3959495157029645,
  "training_loss": 2.721906167489511,
  "training_worker_0_memory_MB": 2313.4765625,
  "training_gpu_0_memory_MB": 54.728515625,
  "validation_accuracy": 0.47019867549668876,
  "validation_loss": 2.6652342081069946,
  "best_validation_accuracy": 0.47019867549668876,
  "best_validation_loss": 2.6652342081069946
}