{
  "best_epoch": 90,
  "peak_worker_0_memory_MB": 2313.4765625,
  "peak_gpu_0_memory_MB": 54.728515625,
  "training_duration": "0:00:18.878497",
  "training_start_epoch": 0,
  "training_epochs": 90,
  "epoch": 90,
  "training_accuracy": 0.8189022600528324,
  "training_loss": 0.9823280606004927,
  "training_worker_0_memory_MB": 2313.4765625,
  "training_gpu_0_memory_MB": 54.728515625,
  "validation_accuracy": 0.7582781456953642,
  "validation_loss": 1.1679286360740662,
  "best_validation_accuracy": 0.7582781456953642,
  "best_validation_loss": 1.1679286360740662
}