{
  "best_epoch": 84,
  "peak_worker_0_memory_MB": 2313.4765625,
  "peak_gpu_0_memory_MB": 54.728515625,
  "training_duration": "0:00:17.635218",
  "training_start_epoch": 0,
  "training_epochs": 84,
  "epoch": 84,
  "training_accuracy": 0.8074552392133842,
  "training_loss": 1.0638765063550737,
  "training_worker_0_memory_MB": 2313.4765625,
  "training_gpu_0_memory_MB": 54.728515625,
  "validation_accuracy": 0.7549668874172185,
  "validation_loss": 1.2430731415748597,
  "best_validation_accuracy": 0.7549668874172185,
  "best_validation_loss": 1.2430731415748597
}