{
  "best_epoch": 71,
  "peak_worker_0_memory_MB": 2313.4765625,
  "peak_gpu_0_memory_MB": 54.728515625,
  "training_duration": "0:00:15.147542",
  "training_start_epoch": 0,
  "training_epochs": 72,
  "epoch": 72,
  "training_accuracy": 0.7648958027590256,
  "training_loss": 1.2648897469043732,
  "training_worker_0_memory_MB": 2313.4765625,
  "training_gpu_0_memory_MB": 54.728515625,
  "validation_accuracy": 0.7317880794701986,
  "validation_loss": 1.4239014029502868,
  "best_validation_accuracy": 0.7317880794701986,
  "best_validation_loss": 1.399963927268982
}