{
  "best_epoch": 58,
  "peak_worker_0_memory_MB": 2313.4765625,
  "peak_gpu_0_memory_MB": 54.728515625,
  "training_duration": "0:00:12.238251",
  "training_start_epoch": 0,
  "training_epochs": 58,
  "epoch": 58,
  "training_accuracy": 0.7009098914000587,
  "training_loss": 1.585286350161941,
  "training_worker_0_memory_MB": 2313.4765625,
  "training_gpu_0_memory_MB": 54.728515625,
  "validation_accuracy": 0.7003311258278145,
  "validation_loss": 1.6200953364372253,
  "best_validation_accuracy": 0.7003311258278145,
  "best_validation_loss": 1.6200953364372253
}