{
  "best_epoch": 7,
  "peak_worker_0_memory_MB": 2319.734375,
  "peak_gpu_0_memory_MB": 51.08984375,
  "training_duration": "0:00:02.153760",
  "training_start_epoch": 0,
  "training_epochs": 7,
  "epoch": 7,
  "training_accuracy": 0.9545667447306792,
  "training_loss": 0.29088942172811993,
  "training_worker_0_memory_MB": 2319.734375,
  "training_gpu_0_memory_MB": 51.08984375,
  "validation_accuracy": 0.7980132450331126,
  "validation_loss": 0.9001685976982117,
  "best_validation_accuracy": 0.7980132450331126,
  "best_validation_loss": 0.9001685976982117
}