{
  "best_epoch": 33,
  "peak_worker_0_memory_MB": 2313.53515625,
  "peak_gpu_0_memory_MB": 54.728515625,
  "training_duration": "0:00:07.143271",
  "training_start_epoch": 0,
  "training_epochs": 33,
  "epoch": 33,
  "training_accuracy": 0.9283827414147344,
  "training_loss": 0.4188233434602066,
  "training_worker_0_memory_MB": 2313.53515625,
  "training_gpu_0_memory_MB": 54.728515625,
  "validation_accuracy": 0.793046357615894,
  "validation_loss": 0.944546002149582,
  "best_validation_accuracy": 0.793046357615894,
  "best_validation_loss": 0.944546002149582
}