{
  "best_epoch": 23,
  "peak_worker_0_memory_MB": 2313.53515625,
  "peak_gpu_0_memory_MB": 54.728515625,
  "training_duration": "0:00:05.256507",
  "training_start_epoch": 0,
  "training_epochs": 24,
  "epoch": 24,
  "training_accuracy": 0.8890519518638098,
  "training_loss": 0.7050328977681972,
  "training_worker_0_memory_MB": 2313.53515625,
  "training_gpu_0_memory_MB": 54.728515625,
  "validation_accuracy": 0.7715231788079471,
  "validation_loss": 1.1106877505779267,
  "best_validation_accuracy": 0.7665562913907285,
  "best_validation_loss": 1.1054164111614226
}