{
  "best_epoch": 1,
  "peak_worker_0_memory_MB": 2313.53515625,
  "peak_gpu_0_memory_MB": 54.728515625,
  "training_duration": "0:00:00.413076",
  "training_start_epoch": 0,
  "training_epochs": 1,
  "epoch": 1,
  "training_accuracy": 0.21074258878778984,
  "training_loss": 3.7792787066212408,
  "training_worker_0_memory_MB": 2313.53515625,
  "training_gpu_0_memory_MB": 54.728515625,
  "validation_accuracy": 0.20860927152317882,
  "validation_loss": 3.539232540130615,
  "best_validation_accuracy": 0.20860927152317882,
  "best_validation_loss": 3.539232540130615
}