{
  "best_epoch": 50,
  "peak_worker_0_memory_MB": 2313.53515625,
  "peak_gpu_0_memory_MB": 54.728515625,
  "training_duration": "0:00:10.909875",
  "training_start_epoch": 0,
  "training_epochs": 51,
  "epoch": 51,
  "training_accuracy": 0.9653654241267978,
  "training_loss": 0.20043556626748155,
  "training_worker_0_memory_MB": 2313.53515625,
  "training_gpu_0_memory_MB": 54.728515625,
  "validation_accuracy": 0.804635761589404,
  "validation_loss": 0.8755426585674286,
  "best_validation_accuracy": 0.804635761589404,
  "best_validation_loss": 0.8444202542304993
}