{
  "best_epoch": 11,
  "peak_worker_0_memory_MB": 2313.53515625,
  "peak_gpu_0_memory_MB": 54.728515625,
  "training_duration": "0:00:02.511796",
  "training_start_epoch": 0,
  "training_epochs": 11,
  "epoch": 11,
  "training_accuracy": 0.6651012621074259,
  "training_loss": 1.8226185220259208,
  "training_worker_0_memory_MB": 2313.53515625,
  "training_gpu_0_memory_MB": 54.728515625,
  "validation_accuracy": 0.652317880794702,
  "validation_loss": 1.895255696773529,
  "best_validation_accuracy": 0.652317880794702,
  "best_validation_loss": 1.895255696773529
}