{
  "best_epoch": 3,
  "peak_worker_0_memory_MB": 2313.53515625,
  "peak_gpu_0_memory_MB": 54.728515625,
  "training_duration": "0:00:00.831118",
  "training_start_epoch": 0,
  "training_epochs": 3,
  "epoch": 3,
  "training_accuracy": 0.2632814793073085,
  "training_loss": 3.1868160212481462,
  "training_worker_0_memory_MB": 2313.53515625,
  "training_gpu_0_memory_MB": 54.728515625,
  "validation_accuracy": 0.3360927152317881,
  "validation_loss": 3.091444420814514,
  "best_validation_accuracy": 0.3360927152317881,
  "best_validation_loss": 3.091444420814514
}