{
  "best_epoch": 42,
  "peak_worker_0_memory_MB": 2313.53515625,
  "peak_gpu_0_memory_MB": 54.728515625,
  "training_duration": "0:00:09.240347",
  "training_start_epoch": 0,
  "training_epochs": 43,
  "epoch": 43,
  "training_accuracy": 0.9533313765776343,
  "training_loss": 0.27224847508801353,
  "training_worker_0_memory_MB": 2313.53515625,
  "training_gpu_0_memory_MB": 54.728515625,
  "validation_accuracy": 0.8029801324503312,
  "validation_loss": 0.8967025935649872,
  "best_validation_accuracy": 0.8013245033112583,
  "best_validation_loss": 0.8811186909675598
}