{
  "best_epoch": 11,
  "peak_worker_0_memory_MB": 2287.45703125,
  "peak_gpu_0_memory_MB": 30.3212890625,
  "training_duration": "0:00:01.977284",
  "training_start_epoch": 0,
  "training_epochs": 11,
  "epoch": 11,
  "training_accuracy": 0.8190555787714167,
  "training_loss": 0.8360068374558499,
  "training_worker_0_memory_MB": 2287.45703125,
  "training_gpu_0_memory_MB": 30.3212890625,
  "validation_accuracy": 0.7798013245033113,
  "validation_loss": 0.9506788551807404,
  "best_validation_accuracy": 0.7798013245033113,
  "best_validation_loss": 0.9506788551807404
}