{
  "best_epoch": 19,
  "peak_worker_0_memory_MB": 2287.45703125,
  "peak_gpu_0_memory_MB": 30.3212890625,
  "training_duration": "0:00:03.447170",
  "training_start_epoch": 0,
  "training_epochs": 20,
  "epoch": 20,
  "training_accuracy": 0.8788132051817802,
  "training_loss": 0.518743023276329,
  "training_worker_0_memory_MB": 2287.45703125,
  "training_gpu_0_memory_MB": 30.3212890625,
  "validation_accuracy": 0.7963576158940397,
  "validation_loss": 0.8855704605579376,
  "best_validation_accuracy": 0.7980132450331126,
  "best_validation_loss": 0.8751188397407532
}