{
  "best_epoch": 19,
  "peak_worker_0_memory_MB": 2287.45703125,
  "peak_gpu_0_memory_MB": 30.3212890625,
  "training_duration": "0:00:03.284988",
  "training_start_epoch": 0,
  "training_epochs": 19,
  "epoch": 19,
  "training_accuracy": 0.8646050982030924,
  "training_loss": 0.558017007614437,
  "training_worker_0_memory_MB": 2287.45703125,
  "training_gpu_0_memory_MB": 30.3212890625,
  "validation_accuracy": 0.7980132450331126,
  "validation_loss": 0.8751188397407532,
  "best_validation_accuracy": 0.7980132450331126,
  "best_validation_loss": 0.8751188397407532
}