{
  "best_epoch": 26,
  "peak_worker_0_memory_MB": 2316.2890625,
  "peak_gpu_0_memory_MB": 62.47802734375,
  "training_duration": "0:00:07.084322",
  "training_start_epoch": 0,
  "training_epochs": 26,
  "epoch": 26,
  "training_accuracy": 0.8754098360655738,
  "training_loss": 0.5932409532034575,
  "training_worker_0_memory_MB": 2316.2890625,
  "training_gpu_0_memory_MB": 62.47802734375,
  "validation_accuracy": 0.7996688741721855,
  "validation_loss": 0.8923265278339386,
  "best_validation_accuracy": 0.7996688741721855,
  "best_validation_loss": 0.8923265278339386
}