{
  "best_epoch": 30,
  "peak_worker_0_memory_MB": 2316.2890625,
  "peak_gpu_0_memory_MB": 62.47802734375,
  "training_duration": "0:00:08.892860",
  "training_start_epoch": 0,
  "training_epochs": 33,
  "epoch": 33,
  "training_accuracy": 0.8988290398126464,
  "training_loss": 0.4624604854121137,
  "training_worker_0_memory_MB": 2316.2890625,
  "training_gpu_0_memory_MB": 62.47802734375,
  "validation_accuracy": 0.804635761589404,
  "validation_loss": 0.9130555689334869,
  "best_validation_accuracy": 0.8013245033112583,
  "best_validation_loss": 0.8825617104768753
}