{
  "best_epoch": 40,
  "peak_worker_0_memory_MB": 2316.2890625,
  "peak_gpu_0_memory_MB": 62.47802734375,
  "training_duration": "0:00:11.549684",
  "training_start_epoch": 0,
  "training_epochs": 43,
  "epoch": 43,
  "training_accuracy": 0.9208430913348946,
  "training_loss": 0.3396438026606147,
  "training_worker_0_memory_MB": 2316.2890625,
  "training_gpu_0_memory_MB": 62.47802734375,
  "validation_accuracy": 0.8079470198675497,
  "validation_loss": 0.8961247622966766,
  "best_validation_accuracy": 0.8062913907284768,
  "best_validation_loss": 0.8707254499197006
}