{
  "best_epoch": 40,
  "peak_worker_0_memory_MB": 2316.2890625,
  "peak_gpu_0_memory_MB": 62.47802734375,
  "training_duration": "0:00:11.262468",
  "training_start_epoch": 0,
  "training_epochs": 42,
  "epoch": 42,
  "training_accuracy": 0.9203747072599532,
  "training_loss": 0.34950429979544967,
  "training_worker_0_memory_MB": 2316.2890625,
  "training_gpu_0_memory_MB": 62.47802734375,
  "validation_accuracy": 0.8096026490066225,
  "validation_loss": 0.9096221804618836,
  "best_validation_accuracy": 0.8062913907284768,
  "best_validation_loss": 0.8707254499197006
}