{
  "best_epoch": 30,
  "peak_worker_0_memory_MB": 2317.37890625,
  "peak_gpu_0_memory_MB": 51.4853515625,
  "training_duration": "0:00:09.136096",
  "training_start_epoch": 0,
  "training_epochs": 34,
  "epoch": 34,
  "training_accuracy": 0.9718969555035128,
  "training_loss": 0.17098493206856855,
  "training_worker_0_memory_MB": 2317.37890625,
  "training_gpu_0_memory_MB": 51.4853515625,
  "validation_accuracy": 0.804635761589404,
  "validation_loss": 0.890428239107132,
  "best_validation_accuracy": 0.8013245033112583,
  "best_validation_loss": 0.8877972006797791
}