{
  "best_epoch": 36,
  "peak_worker_0_memory_MB": 2317.37890625,
  "peak_gpu_0_memory_MB": 51.4853515625,
  "training_duration": "0:00:09.892872",
  "training_start_epoch": 0,
  "training_epochs": 37,
  "epoch": 37,
  "training_accuracy": 0.9782201405152224,
  "training_loss": 0.14225076517062402,
  "training_worker_0_memory_MB": 2317.37890625,
  "training_gpu_0_memory_MB": 51.4853515625,
  "validation_accuracy": 0.8079470198675497,
  "validation_loss": 0.908848661184311,
  "best_validation_accuracy": 0.8062913907284768,
  "best_validation_loss": 0.8838159203529358
}