{
  "best_epoch": 40,
  "peak_worker_0_memory_MB": 2317.37890625,
  "peak_gpu_0_memory_MB": 51.4853515625,
  "training_duration": "0:00:10.941842",
  "training_start_epoch": 0,
  "training_epochs": 41,
  "epoch": 41,
  "training_accuracy": 0.9845433255269321,
  "training_loss": 0.11021462755639162,
  "training_worker_0_memory_MB": 2317.37890625,
  "training_gpu_0_memory_MB": 51.4853515625,
  "validation_accuracy": 0.8079470198675497,
  "validation_loss": 0.8916224360466003,
  "best_validation_accuracy": 0.8112582781456954,
  "best_validation_loss": 0.8800167441368103
}