{
  "best_epoch": 2,
  "peak_worker_0_memory_MB": 2317.37890625,
  "peak_gpu_0_memory_MB": 51.4853515625,
  "training_duration": "0:00:00.822865",
  "training_start_epoch": 0,
  "training_epochs": 2,
  "epoch": 2,
  "training_accuracy": 0.43723653395784545,
  "training_loss": 2.804508856873014,
  "training_worker_0_memory_MB": 2317.37890625,
  "training_gpu_0_memory_MB": 51.4853515625,
  "validation_accuracy": 0.5463576158940397,
  "validation_loss": 2.548779582977295,
  "best_validation_accuracy": 0.5463576158940397,
  "best_validation_loss": 2.548779582977295
}