{
  "best_epoch": 32,
  "peak_worker_0_memory_MB": 2310.2265625,
  "peak_gpu_0_memory_MB": 46.67724609375,
  "training_duration": "0:00:07.146156",
  "training_start_epoch": 0,
  "training_epochs": 32,
  "epoch": 32,
  "training_accuracy": 0.9339594951570297,
  "training_loss": 0.38047276050956164,
  "training_worker_0_memory_MB": 2310.2265625,
  "training_gpu_0_memory_MB": 46.67724609375,
  "validation_accuracy": 0.7897350993377483,
  "validation_loss": 0.9633632838726044,
  "best_validation_accuracy": 0.7897350993377483,
  "best_validation_loss": 0.9633632838726044
}