{
  "best_epoch": 11,
  "peak_worker_0_memory_MB": 2310.2265625,
  "peak_gpu_0_memory_MB": 46.67724609375,
  "training_duration": "0:00:02.595491",
  "training_start_epoch": 0,
  "training_epochs": 11,
  "epoch": 11,
  "training_accuracy": 0.7053125917229234,
  "training_loss": 1.7505332915871232,
  "training_worker_0_memory_MB": 2310.2265625,
  "training_gpu_0_memory_MB": 46.67724609375,
  "validation_accuracy": 0.6672185430463576,
  "validation_loss": 1.882946503162384,
  "best_validation_accuracy": 0.6672185430463576,
  "best_validation_loss": 1.882946503162384
}