{
  "best_epoch": 13,
  "peak_worker_0_memory_MB": 2310.2265625,
  "peak_gpu_0_memory_MB": 46.67724609375,
  "training_duration": "0:00:03.029981",
  "training_start_epoch": 0,
  "training_epochs": 13,
  "epoch": 13,
  "training_accuracy": 0.761960669210449,
  "training_loss": 1.4603293449790389,
  "training_worker_0_memory_MB": 2310.2265625,
  "training_gpu_0_memory_MB": 46.67724609375,
  "validation_accuracy": 0.7019867549668874,
  "validation_loss": 1.6516937732696533,
  "best_validation_accuracy": 0.7019867549668874,
  "best_validation_loss": 1.6516937732696533
}