{
  "best_epoch": 0,
  "peak_worker_0_memory_MB": 2268.36328125,
  "peak_gpu_0_memory_MB": 8.73193359375,
  "training_duration": "0:00:00.134459",
  "training_start_epoch": 0,
  "training_epochs": 0,
  "epoch": 0,
  "training_accuracy": 0.5553698286669453,
  "training_loss": 2.396679755888487,
  "training_worker_0_memory_MB": 2268.36328125,
  "training_gpu_0_memory_MB": 8.73193359375,
  "validation_accuracy": 0.7615894039735099,
  "validation_loss": 1.3172584414482116,
  "best_validation_accuracy": 0.7615894039735099,
  "best_validation_loss": 1.3172584414482116
}