{
  "best_epoch": 30,
  "peak_worker_0_memory_MB": 2316.30078125,
  "peak_gpu_0_memory_MB": 62.47802734375,
  "training_duration": "0:00:09.140870",
  "training_start_epoch": 0,
  "training_epochs": 34,
  "epoch": 34,
  "training_accuracy": 0.911943793911007,
  "training_loss": 0.37380042494232973,
  "training_worker_0_memory_MB": 2316.30078125,
  "training_gpu_0_memory_MB": 62.47802734375,
  "validation_accuracy": 0.8079470198675497,
  "validation_loss": 0.8873755633831024,
  "best_validation_accuracy": 0.8096026490066225,
  "best_validation_loss": 0.8682024151086807
}