{
  "best_epoch": 30,
  "peak_worker_0_memory_MB": 2316.30078125,
  "peak_gpu_0_memory_MB": 62.47802734375,
  "training_duration": "0:00:09.410545",
  "training_start_epoch": 0,
  "training_epochs": 35,
  "epoch": 35,
  "training_accuracy": 0.9166276346604215,
  "training_loss": 0.36654384278539404,
  "training_worker_0_memory_MB": 2316.30078125,
  "training_gpu_0_memory_MB": 62.47802734375,
  "validation_accuracy": 0.8079470198675497,
  "validation_loss": 0.9426606714725494,
  "best_validation_accuracy": 0.8096026490066225,
  "best_validation_loss": 0.8682024151086807
}