{
  "best_epoch": 21,
  "peak_worker_0_memory_MB": 2316.30078125,
  "peak_gpu_0_memory_MB": 62.47802734375,
  "training_duration": "0:00:05.770473",
  "training_start_epoch": 0,
  "training_epochs": 21,
  "epoch": 21,
  "training_accuracy": 0.8754098360655738,
  "training_loss": 0.59447521416109,
  "training_worker_0_memory_MB": 2316.30078125,
  "training_gpu_0_memory_MB": 62.47802734375,
  "validation_accuracy": 0.7980132450331126,
  "validation_loss": 0.899993497133255,
  "best_validation_accuracy": 0.7980132450331126,
  "best_validation_loss": 0.899993497133255
}