{
  "best_epoch": 8,
  "peak_worker_0_memory_MB": 2316.30078125,
  "peak_gpu_0_memory_MB": 62.47802734375,
  "training_duration": "0:00:02.309053",
  "training_start_epoch": 0,
  "training_epochs": 8,
  "epoch": 8,
  "training_accuracy": 0.6716627634660421,
  "training_loss": 1.5193872362820071,
  "training_worker_0_memory_MB": 2316.30078125,
  "training_gpu_0_memory_MB": 62.47802734375,
  "validation_accuracy": 0.7350993377483444,
  "validation_loss": 1.301387906074524,
  "best_validation_accuracy": 0.7350993377483444,
  "best_validation_loss": 1.301387906074524
}