{
  "best_epoch": 30,
  "peak_worker_0_memory_MB": 2316.30078125,
  "peak_gpu_0_memory_MB": 62.47802734375,
  "training_duration": "0:00:10.168733",
  "training_start_epoch": 0,
  "training_epochs": 38,
  "epoch": 38,
  "training_accuracy": 0.9231850117096019,
  "training_loss": 0.32788590464129375,
  "training_worker_0_memory_MB": 2316.30078125,
  "training_gpu_0_memory_MB": 62.47802734375,
  "validation_accuracy": 0.8096026490066225,
  "validation_loss": 0.8950929939746857,
  "best_validation_accuracy": 0.8096026490066225,
  "best_validation_loss": 0.8682024151086807
}