{
  "best_epoch": 0,
  "peak_worker_0_memory_MB": 2266.03515625,
  "peak_gpu_0_memory_MB": 13.20458984375,
  "training_duration": "0:00:00.475839",
  "training_start_epoch": 0,
  "training_epochs": 5,
  "epoch": 5,
  "training_accuracy": 0.8081861958266453,
  "training_loss": 1.0346807718276978,
  "training_worker_0_memory_MB": 2266.03515625,
  "training_gpu_0_memory_MB": 13.20458984375,
  "validation_accuracy": 0.6572847682119205,
  "validation_loss": 2.3325542330741884,
  "best_validation_accuracy": 0.6754966887417219,
  "best_validation_loss": 1.4427398443222046
}