{
  "best_epoch": 9,
  "peak_worker_0_memory_MB": 0,
  "training_duration": "0:01:14.055596",
  "training_start_epoch": 0,
  "training_epochs": 12,
  "epoch": 12,
  "training_accuracy": 0.9960393662986078,
  "training_loss": 0.032477806279620595,
  "training_worker_0_memory_MB": 0.0,
  "validation_accuracy": 0.7781456953642384,
  "validation_loss": 0.9699512958526612,
  "best_validation_accuracy": 0.7781456953642384,
  "best_validation_loss": 0.9647505462169648
}