{
  "best_epoch": 2,
  "peak_worker_0_memory_MB": 0,
  "training_duration": "0:00:14.717333",
  "training_start_epoch": 0,
  "training_epochs": 2,
  "epoch": 2,
  "training_accuracy": 0.8317330772923668,
  "training_loss": 1.5306030379906865,
  "training_worker_0_memory_MB": 0.0,
  "validation_accuracy": 0.7284768211920529,
  "validation_loss": 1.4625668406486512,
  "best_validation_accuracy": 0.7284768211920529,
  "best_validation_loss": 1.4625668406486512
}