{
  "best_epoch": 9,
  "peak_worker_0_memory_MB": 2371.23046875,
  "peak_gpu_0_memory_MB": 89.33056640625,
  "training_duration": "0:00:05.145538",
  "training_start_epoch": 0,
  "training_epochs": 10,
  "epoch": 10,
  "training_accuracy": 0.37133941430628903,
  "training_loss": 2.8684946125700272,
  "training_worker_0_memory_MB": 2371.23046875,
  "training_gpu_0_memory_MB": 89.33056640625,
  "validation_accuracy": 0.7566225165562914,
  "validation_loss": 1.0708118736743928,
  "best_validation_accuracy": 0.7582781456953642,
  "best_validation_loss": 1.0210072100162506
}