{
  "best_epoch": 24,
  "peak_worker_0_memory_MB": 2371.23046875,
  "peak_gpu_0_memory_MB": 89.33056640625,
  "training_duration": "0:00:13.978745",
  "training_start_epoch": 0,
  "training_epochs": 29,
  "epoch": 29,
  "training_accuracy": 0.4626740278444551,
  "training_loss": 2.545087811601071,
  "training_worker_0_memory_MB": 2371.23046875,
  "training_gpu_0_memory_MB": 89.33056640625,
  "validation_accuracy": 0.7897350993377483,
  "validation_loss": 1.0171488881111146,
  "best_validation_accuracy": 0.7798013245033113,
  "best_validation_loss": 0.9714807987213134
}