{
  "best_epoch": 24,
  "peak_worker_0_memory_MB": 2371.23046875,
  "peak_gpu_0_memory_MB": 89.33056640625,
  "training_duration": "0:00:14.916441",
  "training_start_epoch": 0,
  "training_epochs": 31,
  "epoch": 31,
  "training_accuracy": 0.4510321651464234,
  "training_loss": 2.573808106757302,
  "training_worker_0_memory_MB": 2371.23046875,
  "training_gpu_0_memory_MB": 89.33056640625,
  "validation_accuracy": 0.7864238410596026,
  "validation_loss": 1.005919736623764,
  "best_validation_accuracy": 0.7798013245033113,
  "best_validation_loss": 0.9714807987213134
}