{
  "best_epoch": 4,
  "peak_worker_0_memory_MB": 2286.5859375,
  "peak_gpu_0_memory_MB": 30.3212890625,
  "training_duration": "0:00:00.806097",
  "training_start_epoch": 0,
  "training_epochs": 4,
  "epoch": 4,
  "training_accuracy": 0.7200167154199749,
  "training_loss": 1.483732228216372,
  "training_worker_0_memory_MB": 2286.5859375,
  "training_gpu_0_memory_MB": 30.3212890625,
  "validation_accuracy": 0.7119205298013245,
  "validation_loss": 1.5315531730651855,
  "best_validation_accuracy": 0.7119205298013245,
  "best_validation_loss": 1.5315531730651855
}