{
  "best_epoch": 8,
  "peak_worker_0_memory_MB": 2286.5859375,
  "peak_gpu_0_memory_MB": 30.3212890625,
  "training_duration": "0:00:01.463743",
  "training_start_epoch": 0,
  "training_epochs": 8,
  "epoch": 8,
  "training_accuracy": 0.8533221897200167,
  "training_loss": 0.747566243535594,
  "training_worker_0_memory_MB": 2286.5859375,
  "training_gpu_0_memory_MB": 30.3212890625,
  "validation_accuracy": 0.7715231788079471,
  "validation_loss": 1.0448348939418792,
  "best_validation_accuracy": 0.7715231788079471,
  "best_validation_loss": 1.0448348939418792
}