{
  "best_epoch": 15,
  "peak_worker_0_memory_MB": 2286.5859375,
  "peak_gpu_0_memory_MB": 30.3212890625,
  "training_duration": "0:00:03.564086",
  "training_start_epoch": 0,
  "training_epochs": 21,
  "epoch": 21,
  "training_accuracy": 0.9573756790639365,
  "training_loss": 0.1959064534228099,
  "training_worker_0_memory_MB": 2286.5859375,
  "training_gpu_0_memory_MB": 30.3212890625,
  "validation_accuracy": 0.7996688741721855,
  "validation_loss": 0.8683785259723663,
  "best_validation_accuracy": 0.7947019867549668,
  "best_validation_loss": 0.8653420299291611
}