{
  "best_epoch": 26,
  "peak_worker_0_memory_MB": 2316.89453125,
  "peak_gpu_0_memory_MB": 51.4853515625,
  "training_duration": "0:00:07.483612",
  "training_start_epoch": 0,
  "training_epochs": 26,
  "epoch": 26,
  "training_accuracy": 0.9690866510538642,
  "training_loss": 0.19979940666191615,
  "training_worker_0_memory_MB": 2316.89453125,
  "training_gpu_0_memory_MB": 51.4853515625,
  "validation_accuracy": 0.7980132450331126,
  "validation_loss": 0.8789827466011048,
  "best_validation_accuracy": 0.7980132450331126,
  "best_validation_loss": 0.8789827466011048
}