{
  "best_epoch": 26,
  "peak_worker_0_memory_MB": 2316.89453125,
  "peak_gpu_0_memory_MB": 51.4853515625,
  "training_duration": "0:00:07.770885",
  "training_start_epoch": 0,
  "training_epochs": 27,
  "epoch": 27,
  "training_accuracy": 0.9728337236533958,
  "training_loss": 0.18170480630291042,
  "training_worker_0_memory_MB": 2316.89453125,
  "training_gpu_0_memory_MB": 51.4853515625,
  "validation_accuracy": 0.7980132450331126,
  "validation_loss": 0.8991416811943054,
  "best_validation_accuracy": 0.7980132450331126,
  "best_validation_loss": 0.8789827466011048
}