{
  "best_epoch": 1,
  "peak_worker_0_memory_MB": 2316.89453125,
  "peak_gpu_0_memory_MB": 51.4853515625,
  "training_duration": "0:00:00.530994",
  "training_start_epoch": 0,
  "training_epochs": 1,
  "epoch": 1,
  "training_accuracy": 0.24847775175644027,
  "training_loss": 3.4252245248253668,
  "training_worker_0_memory_MB": 2316.89453125,
  "training_gpu_0_memory_MB": 51.4853515625,
  "validation_accuracy": 0.36258278145695366,
  "validation_loss": 3.1356643199920655,
  "best_validation_accuracy": 0.36258278145695366,
  "best_validation_loss": 3.1356643199920655
}