{
  "best_epoch": 21,
  "peak_worker_0_memory_MB": 2316.89453125,
  "peak_gpu_0_memory_MB": 51.4853515625,
  "training_duration": "0:00:06.681199",
  "training_start_epoch": 0,
  "training_epochs": 23,
  "epoch": 23,
  "training_accuracy": 0.9590163934426229,
  "training_loss": 0.25777276972336555,
  "training_worker_0_memory_MB": 2316.89453125,
  "training_gpu_0_memory_MB": 51.4853515625,
  "validation_accuracy": 0.7947019867549668,
  "validation_loss": 0.9271825551986694,
  "best_validation_accuracy": 0.7913907284768212,
  "best_validation_loss": 0.921585887670517
}