{
  "best_epoch": 6,
  "peak_worker_0_memory_MB": 2316.89453125,
  "peak_gpu_0_memory_MB": 51.4853515625,
  "training_duration": "0:00:01.942170",
  "training_start_epoch": 0,
  "training_epochs": 6,
  "epoch": 6,
  "training_accuracy": 0.6763466042154567,
  "training_loss": 1.8443419274999135,
  "training_worker_0_memory_MB": 2316.89453125,
  "training_gpu_0_memory_MB": 51.4853515625,
  "validation_accuracy": 0.6920529801324503,
  "validation_loss": 1.8027146100997924,
  "best_validation_accuracy": 0.6920529801324503,
  "best_validation_loss": 1.8027146100997924
}