{
  "best_epoch": 3,
  "peak_worker_0_memory_MB": 2326.74609375,
  "peak_gpu_0_memory_MB": 69.92529296875,
  "training_duration": "0:00:02.459841",
  "training_start_epoch": 0,
  "training_epochs": 8,
  "epoch": 8,
  "training_accuracy": 0.9909810822701276,
  "training_loss": 0.04112974887377479,
  "training_worker_0_memory_MB": 2326.74609375,
  "training_gpu_0_memory_MB": 69.92529296875,
  "validation_accuracy": 0.8013245033112583,
  "validation_loss": 1.04007688164711,
  "best_validation_accuracy": 0.8062913907284768,
  "best_validation_loss": 0.8968480408191681
}