{
  "best_epoch": 3,
  "peak_worker_0_memory_MB": 2326.74609375,
  "peak_gpu_0_memory_MB": 69.92529296875,
  "training_duration": "0:00:01.367218",
  "training_start_epoch": 0,
  "training_epochs": 4,
  "epoch": 4,
  "training_accuracy": 0.9703035635723714,
  "training_loss": 0.14119199678922692,
  "training_worker_0_memory_MB": 2326.74609375,
  "training_gpu_0_memory_MB": 69.92529296875,
  "validation_accuracy": 0.8029801324503312,
  "validation_loss": 0.9375441074371338,
  "best_validation_accuracy": 0.8062913907284768,
  "best_validation_loss": 0.8968480408191681
}