{
  "best_epoch": 8,
  "peak_worker_0_memory_MB": 0,
  "training_duration": "0:01:28.160095",
  "training_start_epoch": 0,
  "training_epochs": 8,
  "epoch": 8,
  "training_accuracy": 0.530296698704555,
  "training_loss": 1.7387328712563765,
  "training_reg_loss": 0.0,
  "training_worker_0_memory_MB": 0.0,
  "validation_accuracy": 0.4735099337748344,
  "validation_loss": 2.1054091453552246,
  "validation_reg_loss": 0.0,
  "best_validation_accuracy": 0.4735099337748344,
  "best_validation_loss": 2.1054091453552246,
  "best_validation_reg_loss": 0.0
}