{
  "best_epoch": 2,
  "peak_worker_0_memory_MB": 2287.45703125,
  "peak_gpu_0_memory_MB": 30.3212890625,
  "training_duration": "0:00:00.668833",
  "training_start_epoch": 0,
  "training_epochs": 3,
  "epoch": 3,
  "training_accuracy": 0.9381529460927706,
  "training_loss": 0.2425992865311472,
  "training_worker_0_memory_MB": 2287.45703125,
  "training_gpu_0_memory_MB": 30.3212890625,
  "validation_accuracy": 0.7880794701986755,
  "validation_loss": 0.9884808480739593,
  "best_validation_accuracy": 0.7847682119205298,
  "best_validation_loss": 0.8979674234986306
}