{
  "best_epoch": 54,
  "peak_worker_0_memory_MB": 2371.23046875,
  "peak_gpu_0_memory_MB": 89.33056640625,
  "training_duration": "0:00:29.852277",
  "training_start_epoch": 0,
  "training_epochs": 61,
  "epoch": 61,
  "training_accuracy": 0.5397263562169947,
  "training_loss": 1.7518637216728152,
  "training_worker_0_memory_MB": 2371.23046875,
  "training_gpu_0_memory_MB": 89.33056640625,
  "validation_accuracy": 0.7831125827814569,
  "validation_loss": 0.9195288777351379,
  "best_validation_accuracy": 0.7798013245033113,
  "best_validation_loss": 0.9177495628595352
}