{
  "best_epoch": 28,
  "peak_worker_0_memory_MB": 2371.23046875,
  "peak_gpu_0_memory_MB": 89.33056640625,
  "training_duration": "0:00:14.404623",
  "training_start_epoch": 0,
  "training_epochs": 29,
  "epoch": 29,
  "training_accuracy": 0.4627940470475276,
  "training_loss": 2.127387452671546,
  "training_worker_0_memory_MB": 2371.23046875,
  "training_gpu_0_memory_MB": 89.33056640625,
  "validation_accuracy": 0.7731788079470199,
  "validation_loss": 1.0515669524669646,
  "best_validation_accuracy": 0.7698675496688742,
  "best_validation_loss": 1.0508137404918672
}