{
  "best_epoch": 0,
  "peak_worker_0_memory_MB": 2313.53515625,
  "peak_gpu_0_memory_MB": 54.728515625,
  "training_duration": "0:00:00.205976",
  "training_start_epoch": 0,
  "training_epochs": 0,
  "epoch": 0,
  "training_accuracy": 0.1332550631053713,
  "training_loss": 4.02051708874879,
  "training_worker_0_memory_MB": 2313.53515625,
  "training_gpu_0_memory_MB": 54.728515625,
  "validation_accuracy": 0.15894039735099338,
  "validation_loss": 3.7298339366912843,
  "best_validation_accuracy": 0.15894039735099338,
  "best_validation_loss": 3.7298339366912843
}