{
  "best_epoch": 5,
  "peak_worker_0_memory_MB": 2317.984375,
  "peak_gpu_0_memory_MB": 51.84521484375,
  "training_duration": "0:00:01.552220",
  "training_start_epoch": 0,
  "training_epochs": 5,
  "epoch": 5,
  "training_accuracy": 0.7037191809444212,
  "training_loss": 1.4285511578384198,
  "training_worker_0_memory_MB": 2317.984375,
  "training_gpu_0_memory_MB": 51.84521484375,
  "validation_accuracy": 0.7698675496688742,
  "validation_loss": 1.251501053571701,
  "best_validation_accuracy": 0.7698675496688742,
  "best_validation_loss": 1.251501053571701
}