{
  "best_epoch": 7,
  "peak_worker_0_memory_MB": 2317.984375,
  "peak_gpu_0_memory_MB": 51.84521484375,
  "training_duration": "0:00:02.067596",
  "training_start_epoch": 0,
  "training_epochs": 7,
  "epoch": 7,
  "training_accuracy": 0.795653990806519,
  "training_loss": 0.982672139217979,
  "training_worker_0_memory_MB": 2317.984375,
  "training_gpu_0_memory_MB": 51.84521484375,
  "validation_accuracy": 0.7798013245033113,
  "validation_loss": 1.080229103565216,
  "best_validation_accuracy": 0.7798013245033113,
  "best_validation_loss": 1.080229103565216
}