{
  "best_epoch": 11,
  "peak_worker_0_memory_MB": 2287.45703125,
  "peak_gpu_0_memory_MB": 30.3212890625,
  "training_duration": "0:00:01.905933",
  "training_start_epoch": 0,
  "training_epochs": 11,
  "epoch": 11,
  "training_accuracy": 0.914751358127873,
  "training_loss": 0.40162209107687596,
  "training_worker_0_memory_MB": 2287.45703125,
  "training_gpu_0_memory_MB": 30.3212890625,
  "validation_accuracy": 0.793046357615894,
  "validation_loss": 0.8666391372680664,
  "best_validation_accuracy": 0.793046357615894,
  "best_validation_loss": 0.8666391372680664
}