{
  "best_epoch": 15,
  "peak_worker_0_memory_MB": 2287.45703125,
  "peak_gpu_0_memory_MB": 30.3212890625,
  "training_duration": "0:00:03.727078",
  "training_start_epoch": 0,
  "training_epochs": 22,
  "epoch": 22,
  "training_accuracy": 0.970748015043878,
  "training_loss": 0.14904358502673476,
  "training_worker_0_memory_MB": 2287.45703125,
  "training_gpu_0_memory_MB": 30.3212890625,
  "validation_accuracy": 0.8079470198675497,
  "validation_loss": 0.889854097366333,
  "best_validation_accuracy": 0.7996688741721855,
  "best_validation_loss": 0.8490728378295899
}