{
  "best_epoch": 25,
  "peak_worker_0_memory_MB": 2370.390625,
  "peak_gpu_0_memory_MB": 89.33056640625,
  "training_duration": "0:00:18.621259",
  "training_start_epoch": 0,
  "training_epochs": 32,
  "epoch": 32,
  "training_accuracy": 0.992438790206433,
  "training_loss": 0.06820753358930122,
  "training_worker_0_memory_MB": 2370.390625,
  "training_gpu_0_memory_MB": 89.33056640625,
  "validation_accuracy": 0.8062913907284768,
  "validation_loss": 0.9359451472759247,
  "best_validation_accuracy": 0.8013245033112583,
  "best_validation_loss": 0.8841901093721389
}