{
  "best_epoch": 16,
  "peak_worker_0_memory_MB": 2370.390625,
  "peak_gpu_0_memory_MB": 89.33056640625,
  "training_duration": "0:00:08.603768",
  "training_start_epoch": 0,
  "training_epochs": 17,
  "epoch": 17,
  "training_accuracy": 0.9837974075852136,
  "training_loss": 0.14561895821385712,
  "training_worker_0_memory_MB": 2370.390625,
  "training_gpu_0_memory_MB": 89.33056640625,
  "validation_accuracy": 0.8013245033112583,
  "validation_loss": 0.9081674158573151,
  "best_validation_accuracy": 0.8029801324503312,
  "best_validation_loss": 0.8929122447967529
}