{
  "best_epoch": 19,
  "peak_worker_0_memory_MB": 2284.25,
  "peak_gpu_0_memory_MB": 49.984375,
  "training_duration": "0:00:17.736791",
  "training_start_epoch": 0,
  "training_epochs": 26,
  "epoch": 26,
  "training_accuracy": 0.8775595486836607,
  "training_loss": 0.42201847583055496,
  "training_worker_0_memory_MB": 2284.25,
  "training_gpu_0_memory_MB": 49.984375,
  "validation_accuracy": 0.7897350993377483,
  "validation_loss": 1.107299256324768,
  "best_validation_accuracy": 0.7880794701986755,
  "best_validation_loss": 1.0287764489650726
}