{
  "best_epoch": 7,
  "peak_worker_0_memory_MB": 2284.25,
  "peak_gpu_0_memory_MB": 49.984375,
  "training_duration": "0:00:05.239917",
  "training_start_epoch": 0,
  "training_epochs": 7,
  "epoch": 7,
  "training_accuracy": 0.642290012536565,
  "training_loss": 1.5196640303260402,
  "training_worker_0_memory_MB": 2284.25,
  "training_gpu_0_memory_MB": 49.984375,
  "validation_accuracy": 0.7235099337748344,
  "validation_loss": 1.3040574789047241,
  "best_validation_accuracy": 0.7235099337748344,
  "best_validation_loss": 1.3040574789047241
}