{
  "best_epoch": 18,
  "peak_worker_0_memory_MB": 2328.6875,
  "peak_gpu_0_memory_MB": 61.63037109375,
  "training_duration": "0:00:05.397123",
  "training_start_epoch": 0,
  "training_epochs": 18,
  "epoch": 18,
  "training_accuracy": 0.9334894613583138,
  "training_loss": 0.4426205006997977,
  "training_worker_0_memory_MB": 2328.6875,
  "training_gpu_0_memory_MB": 61.63037109375,
  "validation_accuracy": 0.793046357615894,
  "validation_loss": 0.9928323924541473,
  "best_validation_accuracy": 0.793046357615894,
  "best_validation_loss": 0.9928323924541473
}