{
  "best_epoch": 15,
  "peak_worker_0_memory_MB": 2271.328125,
  "peak_gpu_0_memory_MB": 15.515625,
  "training_duration": "0:00:01.240643",
  "training_start_epoch": 0,
  "training_epochs": 15,
  "epoch": 15,
  "training_accuracy": 0.8691813804173355,
  "training_loss": 0.6410596594214439,
  "training_worker_0_memory_MB": 2271.328125,
  "training_gpu_0_memory_MB": 15.515625,
  "validation_accuracy": 0.8211920529801324,
  "validation_loss": 1.1528711557388305,
  "best_validation_accuracy": 0.8211920529801324,
  "best_validation_loss": 1.1528711557388305
}