{
  "best_epoch": 25,
  "peak_worker_0_memory_MB": 2271.328125,
  "peak_gpu_0_memory_MB": 15.515625,
  "training_duration": "0:00:02.097130",
  "training_start_epoch": 0,
  "training_epochs": 26,
  "epoch": 26,
  "training_accuracy": 0.8884430176565008,
  "training_loss": 0.3524018622934818,
  "training_worker_0_memory_MB": 2271.328125,
  "training_gpu_0_memory_MB": 15.515625,
  "validation_accuracy": 0.8162251655629139,
  "validation_loss": 1.1028527975082398,
  "best_validation_accuracy": 0.8228476821192053,
  "best_validation_loss": 1.0879314541816711
}