{
  "best_epoch": 19,
  "peak_worker_0_memory_MB": 2313.41015625,
  "peak_gpu_0_memory_MB": 54.728515625,
  "training_duration": "0:00:04.674310",
  "training_start_epoch": 0,
  "training_epochs": 19,
  "epoch": 19,
  "training_accuracy": 0.7469914881127091,
  "training_loss": 1.5076299861625388,
  "training_worker_0_memory_MB": 2313.41015625,
  "training_gpu_0_memory_MB": 54.728515625,
  "validation_accuracy": 0.6986754966887417,
  "validation_loss": 1.6961489200592041,
  "best_validation_accuracy": 0.6986754966887417,
  "best_validation_loss": 1.6961489200592041
}