{
  "best_epoch": 50,
  "peak_worker_0_memory_MB": 2313.41015625,
  "peak_gpu_0_memory_MB": 54.728515625,
  "training_duration": "0:00:11.891358",
  "training_start_epoch": 0,
  "training_epochs": 50,
  "epoch": 50,
  "training_accuracy": 0.9354270619313179,
  "training_loss": 0.3586975675490167,
  "training_worker_0_memory_MB": 2313.41015625,
  "training_gpu_0_memory_MB": 54.728515625,
  "validation_accuracy": 0.7913907284768212,
  "validation_loss": 0.9113406032323838,
  "best_validation_accuracy": 0.7913907284768212,
  "best_validation_loss": 0.9113406032323838
}