{
  "best_epoch": 77,
  "peak_worker_0_memory_MB": 2313.4765625,
  "peak_gpu_0_memory_MB": 54.728515625,
  "training_duration": "0:00:19.159723",
  "training_start_epoch": 0,
  "training_epochs": 82,
  "epoch": 82,
  "training_accuracy": 0.9738773114176695,
  "training_loss": 0.13567053664613654,
  "training_worker_0_memory_MB": 2313.4765625,
  "training_gpu_0_memory_MB": 54.728515625,
  "validation_accuracy": 0.7947019867549668,
  "validation_loss": 0.908479368686676,
  "best_validation_accuracy": 0.793046357615894,
  "best_validation_loss": 0.8566121220588684
}