{
  "best_epoch": 50,
  "peak_worker_0_memory_MB": 2313.41015625,
  "peak_gpu_0_memory_MB": 54.728515625,
  "training_duration": "0:00:12.123000",
  "training_start_epoch": 0,
  "training_epochs": 51,
  "epoch": 51,
  "training_accuracy": 0.939536248899325,
  "training_loss": 0.3522249827230418,
  "training_worker_0_memory_MB": 2313.41015625,
  "training_gpu_0_memory_MB": 54.728515625,
  "validation_accuracy": 0.7913907284768212,
  "validation_loss": 0.929715883731842,
  "best_validation_accuracy": 0.7913907284768212,
  "best_validation_loss": 0.9113406032323838
}