{
  "best_epoch": 54,
  "peak_worker_0_memory_MB": 2313.41015625,
  "peak_gpu_0_memory_MB": 54.728515625,
  "training_duration": "0:00:13.030804",
  "training_start_epoch": 0,
  "training_epochs": 55,
  "epoch": 55,
  "training_accuracy": 0.9462870560610508,
  "training_loss": 0.300430661826222,
  "training_worker_0_memory_MB": 2313.41015625,
  "training_gpu_0_memory_MB": 54.728515625,
  "validation_accuracy": 0.793046357615894,
  "validation_loss": 0.9356820225715637,
  "best_validation_accuracy": 0.7897350993377483,
  "best_validation_loss": 0.9005620777606964
}