{
  "best_epoch": 11,
  "peak_worker_0_memory_MB": 2379.60546875,
  "peak_gpu_0_memory_MB": 89.33056640625,
  "training_duration": "0:00:06.463041",
  "training_start_epoch": 0,
  "training_epochs": 13,
  "epoch": 13,
  "training_accuracy": 0.9011041766682669,
  "training_loss": 0.5041650699750158,
  "training_worker_0_memory_MB": 2379.60546875,
  "training_gpu_0_memory_MB": 89.33056640625,
  "validation_accuracy": 0.793046357615894,
  "validation_loss": 0.9425796151161194,
  "best_validation_accuracy": 0.7913907284768212,
  "best_validation_loss": 0.9079394459724426
}