{
  "best_epoch": 16,
  "peak_worker_0_memory_MB": 2330.9140625,
  "peak_gpu_0_memory_MB": 65.09326171875,
  "training_duration": "0:00:06.835113",
  "training_start_epoch": 0,
  "training_epochs": 23,
  "epoch": 23,
  "training_accuracy": 0.9852459016393442,
  "training_loss": 0.09378496943903503,
  "training_worker_0_memory_MB": 2330.9140625,
  "training_gpu_0_memory_MB": 65.09326171875,
  "validation_accuracy": 0.804635761589404,
  "validation_loss": 0.9059114038944245,
  "best_validation_accuracy": 0.8013245033112583,
  "best_validation_loss": 0.86939078271389
}