{
  "best_epoch": 26,
  "peak_worker_0_memory_MB": 2313.5546875,
  "peak_gpu_0_memory_MB": 54.728515625,
  "training_duration": "0:00:05.907985",
  "training_start_epoch": 0,
  "training_epochs": 26,
  "epoch": 26,
  "training_accuracy": 0.7408277076606986,
  "training_loss": 1.4805753606337089,
  "training_worker_0_memory_MB": 2313.5546875,
  "training_gpu_0_memory_MB": 54.728515625,
  "validation_accuracy": 0.7003311258278145,
  "validation_loss": 1.6220634818077087,
  "best_validation_accuracy": 0.7003311258278145,
  "best_validation_loss": 1.6220634818077087
}