{
  "best_epoch": 18,
  "peak_worker_0_memory_MB": 2313.5546875,
  "peak_gpu_0_memory_MB": 54.728515625,
  "training_duration": "0:00:04.144281",
  "training_start_epoch": 0,
  "training_epochs": 18,
  "epoch": 18,
  "training_accuracy": 0.5961256237158791,
  "training_loss": 2.074327795593827,
  "training_worker_0_memory_MB": 2313.5546875,
  "training_gpu_0_memory_MB": 54.728515625,
  "validation_accuracy": 0.609271523178808,
  "validation_loss": 2.12209312915802,
  "best_validation_accuracy": 0.609271523178808,
  "best_validation_loss": 2.12209312915802
}