{
  "best_epoch": 89,
  "peak_worker_0_memory_MB": 2313.5546875,
  "peak_gpu_0_memory_MB": 54.728515625,
  "training_duration": "0:00:19.916750",
  "training_start_epoch": 0,
  "training_epochs": 90,
  "epoch": 90,
  "training_accuracy": 0.9580275902553567,
  "training_loss": 0.2211776404745049,
  "training_worker_0_memory_MB": 2313.5546875,
  "training_gpu_0_memory_MB": 54.728515625,
  "validation_accuracy": 0.8013245033112583,
  "validation_loss": 0.8595127761363983,
  "best_validation_accuracy": 0.8029801324503312,
  "best_validation_loss": 0.856074920296669
}