{
  "best_epoch": 0,
  "peak_worker_0_memory_MB": 0,
  "training_duration": "0:00:04.335860",
  "training_start_epoch": 0,
  "training_epochs": 0,
  "epoch": 0,
  "training_accuracy": 0.13497701629753447,
  "training_loss": 3.5878718213031164,
  "training_reg_loss": 0.0,
  "training_worker_0_memory_MB": 0.0,
  "validation_accuracy": 0.1423841059602649,
  "validation_loss": 3.4549156665802,
  "validation_reg_loss": 0.0,
  "best_validation_accuracy": 0.1423841059602649,
  "best_validation_loss": 3.4549156665802,
  "best_validation_reg_loss": 0.0
}