{
  "best_epoch": 35,
  "peak_worker_0_memory_MB": 2313.53515625,
  "peak_gpu_0_memory_MB": 54.728515625,
  "training_duration": "0:00:08.960256",
  "training_start_epoch": 0,
  "training_epochs": 43,
  "epoch": 43,
  "training_accuracy": 0.9788670384502495,
  "training_loss": 0.12267436356180245,
  "training_worker_0_memory_MB": 2313.53515625,
  "training_gpu_0_memory_MB": 54.728515625,
  "validation_accuracy": 0.8013245033112583,
  "validation_loss": 0.9010754138231277,
  "best_validation_accuracy": 0.8062913907284768,
  "best_validation_loss": 0.8712852001190186
}