{
  "best_epoch": 11,
  "peak_worker_0_memory_MB": 2313.53515625,
  "peak_gpu_0_memory_MB": 54.728515625,
  "training_duration": "0:00:02.445620",
  "training_start_epoch": 0,
  "training_epochs": 11,
  "epoch": 11,
  "training_accuracy": 0.8077487525682419,
  "training_loss": 1.1595410660461143,
  "training_worker_0_memory_MB": 2313.53515625,
  "training_gpu_0_memory_MB": 54.728515625,
  "validation_accuracy": 0.7317880794701986,
  "validation_loss": 1.4152934670448303,
  "best_validation_accuracy": 0.7317880794701986,
  "best_validation_loss": 1.4152934670448303
}