{
  "best_epoch": 26,
  "peak_worker_0_memory_MB": 2316.30078125,
  "peak_gpu_0_memory_MB": 62.47802734375,
  "training_duration": "0:00:06.934285",
  "training_start_epoch": 0,
  "training_epochs": 26,
  "epoch": 26,
  "training_accuracy": 0.768384074941452,
  "training_loss": 1.0868572984168778,
  "training_worker_0_memory_MB": 2316.30078125,
  "training_gpu_0_memory_MB": 62.47802734375,
  "validation_accuracy": 0.7831125827814569,
  "validation_loss": 1.0444805204868317,
  "best_validation_accuracy": 0.7831125827814569,
  "best_validation_loss": 1.0444805204868317
}