{
  "best_epoch": 11,
  "peak_worker_0_memory_MB": 2316.30078125,
  "peak_gpu_0_memory_MB": 62.47802734375,
  "training_duration": "0:00:03.057873",
  "training_start_epoch": 0,
  "training_epochs": 11,
  "epoch": 11,
  "training_accuracy": 0.5377049180327869,
  "training_loss": 2.111122629535732,
  "training_worker_0_memory_MB": 2316.30078125,
  "training_gpu_0_memory_MB": 62.47802734375,
  "validation_accuracy": 0.6870860927152318,
  "validation_loss": 1.8060129284858704,
  "best_validation_accuracy": 0.6870860927152318,
  "best_validation_loss": 1.8060129284858704
}