{
  "best_epoch": 24,
  "peak_worker_0_memory_MB": 2316.30078125,
  "peak_gpu_0_memory_MB": 62.47802734375,
  "training_duration": "0:00:06.423768",
  "training_start_epoch": 0,
  "training_epochs": 24,
  "epoch": 24,
  "training_accuracy": 0.7482435597189696,
  "training_loss": 1.1664664069218422,
  "training_worker_0_memory_MB": 2316.30078125,
  "training_gpu_0_memory_MB": 62.47802734375,
  "validation_accuracy": 0.7698675496688742,
  "validation_loss": 1.1236817061901092,
  "best_validation_accuracy": 0.7698675496688742,
  "best_validation_loss": 1.1236817061901092
}