{
  "best_epoch": 61,
  "peak_worker_0_memory_MB": 2316.30078125,
  "peak_gpu_0_memory_MB": 62.47802734375,
  "training_duration": "0:00:17.623971",
  "training_start_epoch": 0,
  "training_epochs": 68,
  "epoch": 68,
  "training_accuracy": 0.9028103044496487,
  "training_loss": 0.40776339017633184,
  "training_worker_0_memory_MB": 2316.30078125,
  "training_gpu_0_memory_MB": 62.47802734375,
  "validation_accuracy": 0.8062913907284768,
  "validation_loss": 0.9197461307048798,
  "best_validation_accuracy": 0.8096026490066225,
  "best_validation_loss": 0.8757138073444366
}