{
  "best_epoch": 13,
  "peak_worker_0_memory_MB": 2316.03515625,
  "peak_gpu_0_memory_MB": 62.47802734375,
  "training_duration": "0:00:04.796852",
  "training_start_epoch": 0,
  "training_epochs": 17,
  "epoch": 17,
  "training_accuracy": 0.9105386416861827,
  "training_loss": 0.35697872180547285,
  "training_worker_0_memory_MB": 2316.03515625,
  "training_gpu_0_memory_MB": 62.47802734375,
  "validation_accuracy": 0.8029801324503312,
  "validation_loss": 0.9617941081523895,
  "best_validation_accuracy": 0.804635761589404,
  "best_validation_loss": 0.8910302668809891
}