{
  "best_epoch": 15,
  "peak_worker_0_memory_MB": 2331.171875,
  "peak_gpu_0_memory_MB": 65.09326171875,
  "training_duration": "0:00:04.547364",
  "training_start_epoch": 0,
  "training_epochs": 15,
  "epoch": 15,
  "training_accuracy": 0.794847775175644,
  "training_loss": 1.2488825783800723,
  "training_worker_0_memory_MB": 2331.171875,
  "training_gpu_0_memory_MB": 65.09326171875,
  "validation_accuracy": 0.7268211920529801,
  "validation_loss": 1.4580294132232665,
  "best_validation_accuracy": 0.7268211920529801,
  "best_validation_loss": 1.4580294132232665
}