{
  "best_epoch": 0,
  "peak_worker_0_memory_MB": 2331.171875,
  "peak_gpu_0_memory_MB": 65.09326171875,
  "training_duration": "0:00:00.268758",
  "training_start_epoch": 0,
  "training_epochs": 0,
  "epoch": 0,
  "training_accuracy": 0.13864168618266978,
  "training_loss": 4.077735007698856,
  "training_worker_0_memory_MB": 2331.171875,
  "training_gpu_0_memory_MB": 65.09326171875,
  "validation_accuracy": 0.2847682119205298,
  "validation_loss": 3.9010122537612917,
  "best_validation_accuracy": 0.2847682119205298,
  "best_validation_loss": 3.9010122537612917
}