{
  "best_epoch": 3,
  "peak_worker_0_memory_MB": 2331.171875,
  "peak_gpu_0_memory_MB": 65.09326171875,
  "training_duration": "0:00:01.135049",
  "training_start_epoch": 0,
  "training_epochs": 3,
  "epoch": 3,
  "training_accuracy": 0.2859484777517564,
  "training_loss": 3.196111376605817,
  "training_worker_0_memory_MB": 2331.171875,
  "training_gpu_0_memory_MB": 65.09326171875,
  "validation_accuracy": 0.3758278145695364,
  "validation_loss": 3.0258529663085936,
  "best_validation_accuracy": 0.3758278145695364,
  "best_validation_loss": 3.0258529663085936
}