{
  "best_epoch": 20,
  "peak_worker_0_memory_MB": 2331.171875,
  "peak_gpu_0_memory_MB": 65.09326171875,
  "training_duration": "0:00:05.965047",
  "training_start_epoch": 0,
  "training_epochs": 20,
  "epoch": 20,
  "training_accuracy": 0.8756440281030445,
  "training_loss": 0.8225442002068705,
  "training_worker_0_memory_MB": 2331.171875,
  "training_gpu_0_memory_MB": 65.09326171875,
  "validation_accuracy": 0.7649006622516556,
  "validation_loss": 1.177728110551834,
  "best_validation_accuracy": 0.7649006622516556,
  "best_validation_loss": 1.177728110551834
}