{
  "best_epoch": 16,
  "peak_worker_0_memory_MB": 2309.84765625,
  "peak_gpu_0_memory_MB": 42.29736328125,
  "training_duration": "0:00:05.879899",
  "training_start_epoch": 0,
  "training_epochs": 23,
  "epoch": 23,
  "training_accuracy": 0.982903981264637,
  "training_loss": 0.10939595748239489,
  "training_worker_0_memory_MB": 2309.84765625,
  "training_gpu_0_memory_MB": 42.29736328125,
  "validation_accuracy": 0.8096026490066225,
  "validation_loss": 0.9249800503253937,
  "best_validation_accuracy": 0.8029801324503312,
  "best_validation_loss": 0.8722693234682083
}