{
  "best_epoch": 0,
  "peak_worker_0_memory_MB": 2273.13671875,
  "peak_gpu_0_memory_MB": 15.68994140625,
  "training_duration": "0:00:00.084960",
  "training_start_epoch": 0,
  "training_epochs": 0,
  "epoch": 0,
  "training_accuracy": 0.13242375601926162,
  "training_loss": 3.990822494029999,
  "training_worker_0_memory_MB": 2273.13671875,
  "training_gpu_0_memory_MB": 15.68994140625,
  "validation_accuracy": 0.36920529801324503,
  "validation_loss": 3.4455364465713503,
  "best_validation_accuracy": 0.36920529801324503,
  "best_validation_loss": 3.4455364465713503
}