{
  "best_epoch": 14,
  "peak_worker_0_memory_MB": 2286.5859375,
  "peak_gpu_0_memory_MB": 30.3212890625,
  "training_duration": "0:00:02.469198",
  "training_start_epoch": 0,
  "training_epochs": 14,
  "epoch": 14,
  "training_accuracy": 0.9109903886335144,
  "training_loss": 0.43830073115072754,
  "training_worker_0_memory_MB": 2286.5859375,
  "training_gpu_0_memory_MB": 30.3212890625,
  "validation_accuracy": 0.7847682119205298,
  "validation_loss": 0.9444834589958191,
  "best_validation_accuracy": 0.7847682119205298,
  "best_validation_loss": 0.9444834589958191
}