{
  "best_epoch": 19,
  "peak_worker_0_memory_MB": 2328.6875,
  "peak_gpu_0_memory_MB": 61.63037109375,
  "training_duration": "0:00:04.874566",
  "training_start_epoch": 0,
  "training_epochs": 19,
  "epoch": 19,
  "training_accuracy": 0.7786885245901639,
  "training_loss": 1.2622435973651374,
  "training_worker_0_memory_MB": 2328.6875,
  "training_gpu_0_memory_MB": 61.63037109375,
  "validation_accuracy": 0.7268211920529801,
  "validation_loss": 1.4010672569274902,
  "best_validation_accuracy": 0.7268211920529801,
  "best_validation_loss": 1.4010672569274902
}