{
  "best_epoch": 31,
  "peak_worker_0_memory_MB": 2328.6875,
  "peak_gpu_0_memory_MB": 61.63037109375,
  "training_duration": "0:00:08.037206",
  "training_start_epoch": 0,
  "training_epochs": 32,
  "epoch": 32,
  "training_accuracy": 0.9058548009367682,
  "training_loss": 0.598603881561934,
  "training_worker_0_memory_MB": 2328.6875,
  "training_gpu_0_memory_MB": 61.63037109375,
  "validation_accuracy": 0.7831125827814569,
  "validation_loss": 1.061422884464264,
  "best_validation_accuracy": 0.7814569536423841,
  "best_validation_loss": 1.0423846900463105
}