{
  "best_epoch": 7,
  "peak_worker_0_memory_MB": 2328.6875,
  "peak_gpu_0_memory_MB": 61.63037109375,
  "training_duration": "0:00:01.921476",
  "training_start_epoch": 0,
  "training_epochs": 7,
  "epoch": 7,
  "training_accuracy": 0.41943793911007027,
  "training_loss": 2.7430264665119686,
  "training_worker_0_memory_MB": 2328.6875,
  "training_gpu_0_memory_MB": 61.63037109375,
  "validation_accuracy": 0.49834437086092714,
  "validation_loss": 2.611607551574707,
  "best_validation_accuracy": 0.49834437086092714,
  "best_validation_loss": 2.611607551574707
}