{
  "best_epoch": 61,
  "peak_worker_0_memory_MB": 2328.6875,
  "peak_gpu_0_memory_MB": 61.63037109375,
  "training_duration": "0:00:15.613111",
  "training_start_epoch": 0,
  "training_epochs": 63,
  "epoch": 63,
  "training_accuracy": 0.9688524590163935,
  "training_loss": 0.17126148105112474,
  "training_worker_0_memory_MB": 2328.6875,
  "training_gpu_0_memory_MB": 61.63037109375,
  "validation_accuracy": 0.804635761589404,
  "validation_loss": 0.8762868881225586,
  "best_validation_accuracy": 0.804635761589404,
  "best_validation_loss": 0.8637623935937881
}