{
  "best_epoch": 43,
  "peak_worker_0_memory_MB": 2298.41015625,
  "peak_gpu_0_memory_MB": 50.91064453125,
  "training_duration": "0:00:30.793987",
  "training_start_epoch": 0,
  "training_epochs": 45,
  "epoch": 45,
  "training_accuracy": 0.7709987463435019,
  "training_loss": 0.8072570421193775,
  "training_worker_0_memory_MB": 2298.41015625,
  "training_gpu_0_memory_MB": 50.91064453125,
  "validation_accuracy": 0.7814569536423841,
  "validation_loss": 0.9892822802066803,
  "best_validation_accuracy": 0.7748344370860927,
  "best_validation_loss": 0.9716579973697662
}