{
  "best_epoch": 17,
  "peak_worker_0_memory_MB": 2298.41015625,
  "peak_gpu_0_memory_MB": 50.91064453125,
  "training_duration": "0:00:12.000666",
  "training_start_epoch": 0,
  "training_epochs": 17,
  "epoch": 17,
  "training_accuracy": 0.5691600501462599,
  "training_loss": 1.7245535881895768,
  "training_worker_0_memory_MB": 2298.41015625,
  "training_gpu_0_memory_MB": 50.91064453125,
  "validation_accuracy": 0.6887417218543046,
  "validation_loss": 1.420187735557556,
  "best_validation_accuracy": 0.6887417218543046,
  "best_validation_loss": 1.420187735557556
}