{
  "best_epoch": 13,
  "peak_worker_0_memory_MB": 2298.41015625,
  "peak_gpu_0_memory_MB": 50.91064453125,
  "training_duration": "0:00:09.320309",
  "training_start_epoch": 0,
  "training_epochs": 13,
  "epoch": 13,
  "training_accuracy": 0.4926870037609695,
  "training_loss": 2.080947778726879,
  "training_worker_0_memory_MB": 2298.41015625,
  "training_gpu_0_memory_MB": 50.91064453125,
  "validation_accuracy": 0.6142384105960265,
  "validation_loss": 1.7652172207832337,
  "best_validation_accuracy": 0.6142384105960265,
  "best_validation_loss": 1.7652172207832337
}