{
  "best_epoch": 2,
  "peak_worker_0_memory_MB": 2267.484375,
  "peak_gpu_0_memory_MB": 7.4111328125,
  "training_duration": "0:00:00.556510",
  "training_start_epoch": 0,
  "training_epochs": 3,
  "epoch": 3,
  "training_accuracy": 0.8980359381529461,
  "training_loss": 0.45616619681057174,
  "training_worker_0_memory_MB": 2267.484375,
  "training_gpu_0_memory_MB": 7.4111328125,
  "validation_accuracy": 0.8311258278145696,
  "validation_loss": 0.8949350088834762,
  "best_validation_accuracy": 0.8261589403973509,
  "best_validation_loss": 0.8697420179843902
}