{
  "best_epoch": 4,
  "peak_worker_0_memory_MB": 2267.484375,
  "peak_gpu_0_memory_MB": 7.4111328125,
  "training_duration": "0:00:01.143241",
  "training_start_epoch": 0,
  "training_epochs": 7,
  "epoch": 7,
  "training_accuracy": 0.9059757626410364,
  "training_loss": 0.34500846345173686,
  "training_worker_0_memory_MB": 2267.484375,
  "training_gpu_0_memory_MB": 7.4111328125,
  "validation_accuracy": 0.8278145695364238,
  "validation_loss": 0.9147213518619537,
  "best_validation_accuracy": 0.8294701986754967,
  "best_validation_loss": 0.8597751080989837
}