{
  "best_epoch": 12,
  "peak_worker_0_memory_MB": 2313.5546875,
  "peak_gpu_0_memory_MB": 54.728515625,
  "training_duration": "0:00:02.903212",
  "training_start_epoch": 0,
  "training_epochs": 12,
  "epoch": 12,
  "training_accuracy": 0.9495157029644848,
  "training_loss": 0.2939503805504905,
  "training_worker_0_memory_MB": 2313.5546875,
  "training_gpu_0_memory_MB": 54.728515625,
  "validation_accuracy": 0.7947019867549668,
  "validation_loss": 0.9205569088459015,
  "best_validation_accuracy": 0.7947019867549668,
  "best_validation_loss": 0.9205569088459015
}