{
  "best_epoch": 7,
  "peak_worker_0_memory_MB": 2313.5546875,
  "peak_gpu_0_memory_MB": 54.728515625,
  "training_duration": "0:00:01.819345",
  "training_start_epoch": 0,
  "training_epochs": 7,
  "epoch": 7,
  "training_accuracy": 0.8861168183152334,
  "training_loss": 0.7291742519096092,
  "training_worker_0_memory_MB": 2313.5546875,
  "training_gpu_0_memory_MB": 54.728515625,
  "validation_accuracy": 0.7682119205298014,
  "validation_loss": 1.129740571975708,
  "best_validation_accuracy": 0.7682119205298014,
  "best_validation_loss": 1.129740571975708
}