{
  "best_epoch": 20,
  "peak_worker_0_memory_MB": 2313.5546875,
  "peak_gpu_0_memory_MB": 54.728515625,
  "training_duration": "0:00:06.136143",
  "training_start_epoch": 0,
  "training_epochs": 27,
  "epoch": 27,
  "training_accuracy": 0.990901085999413,
  "training_loss": 0.05736721034541174,
  "training_worker_0_memory_MB": 2313.5546875,
  "training_gpu_0_memory_MB": 54.728515625,
  "validation_accuracy": 0.7963576158940397,
  "validation_loss": 0.9344378411769867,
  "best_validation_accuracy": 0.8079470198675497,
  "best_validation_loss": 0.859893137216568
}