{
  "best_epoch": 5,
  "peak_worker_0_memory_MB": 2273.13671875,
  "peak_gpu_0_memory_MB": 15.68994140625,
  "training_duration": "0:00:00.576712",
  "training_start_epoch": 0,
  "training_epochs": 5,
  "epoch": 5,
  "training_accuracy": 0.8467094703049759,
  "training_loss": 0.7804448455572128,
  "training_worker_0_memory_MB": 2273.13671875,
  "training_gpu_0_memory_MB": 15.68994140625,
  "validation_accuracy": 0.8228476821192053,
  "validation_loss": 1.1250515699386596,
  "best_validation_accuracy": 0.8228476821192053,
  "best_validation_loss": 1.1250515699386596
}