{
  "best_epoch": 4,
  "peak_worker_0_memory_MB": 2268.359375,
  "peak_gpu_0_memory_MB": 8.73193359375,
  "training_duration": "0:00:01.139627",
  "training_start_epoch": 0,
  "training_epochs": 7,
  "epoch": 7,
  "training_accuracy": 0.9055578771416631,
  "training_loss": 0.343456541629214,
  "training_worker_0_memory_MB": 2268.359375,
  "training_gpu_0_memory_MB": 8.73193359375,
  "validation_accuracy": 0.8261589403973509,
  "validation_loss": 0.9043247520923614,
  "best_validation_accuracy": 0.8327814569536424,
  "best_validation_loss": 0.8487478494644165
}