{
  "best_epoch": 4,
  "peak_worker_0_memory_MB": 2268.359375,
  "peak_gpu_0_memory_MB": 8.73193359375,
  "training_duration": "0:00:02.013953",
  "training_start_epoch": 0,
  "training_epochs": 13,
  "epoch": 13,
  "training_accuracy": 0.9030505641454242,
  "training_loss": 0.33611681743672017,
  "training_worker_0_memory_MB": 2268.359375,
  "training_gpu_0_memory_MB": 8.73193359375,
  "validation_accuracy": 0.8178807947019867,
  "validation_loss": 0.9975844383239746,
  "best_validation_accuracy": 0.8327814569536424,
  "best_validation_loss": 0.8487478494644165
}