{
  "best_epoch": 10,
  "peak_worker_0_memory_MB": 2328.0390625,
  "peak_gpu_0_memory_MB": 64.7041015625,
  "training_duration": "0:00:02.691592",
  "training_start_epoch": 0,
  "training_epochs": 10,
  "epoch": 10,
  "training_accuracy": 0.8248003757632691,
  "training_loss": 0.8966992515236584,
  "training_worker_0_memory_MB": 2328.0390625,
  "training_gpu_0_memory_MB": 64.7041015625,
  "validation_accuracy": 0.7698675496688742,
  "validation_loss": 1.049173539876938,
  "best_validation_accuracy": 0.7698675496688742,
  "best_validation_loss": 1.049173539876938
}