{
  "best_epoch": 7,
  "peak_worker_0_memory_MB": 2328.0390625,
  "peak_gpu_0_memory_MB": 64.7041015625,
  "training_duration": "0:00:01.960190",
  "training_start_epoch": 0,
  "training_epochs": 7,
  "epoch": 7,
  "training_accuracy": 0.7360263034288398,
  "training_loss": 1.317167370177027,
  "training_worker_0_memory_MB": 2328.0390625,
  "training_gpu_0_memory_MB": 64.7041015625,
  "validation_accuracy": 0.7450331125827815,
  "validation_loss": 1.251768308877945,
  "best_validation_accuracy": 0.7450331125827815,
  "best_validation_loss": 1.251768308877945
}