{
  "best_epoch": 19,
  "peak_worker_0_memory_MB": 2328.0390625,
  "peak_gpu_0_memory_MB": 64.7041015625,
  "training_duration": "0:00:06.593136",
  "training_start_epoch": 0,
  "training_epochs": 26,
  "epoch": 26,
  "training_accuracy": 0.9466885861906998,
  "training_loss": 0.269603997246543,
  "training_worker_0_memory_MB": 2328.0390625,
  "training_gpu_0_memory_MB": 64.7041015625,
  "validation_accuracy": 0.804635761589404,
  "validation_loss": 0.9304701447486877,
  "best_validation_accuracy": 0.7963576158940397,
  "best_validation_loss": 0.9071672558784485
}