{
  "best_epoch": 2,
  "peak_worker_0_memory_MB": 2317.37890625,
  "peak_gpu_0_memory_MB": 51.4853515625,
  "training_duration": "0:00:00.777220",
  "training_start_epoch": 0,
  "training_epochs": 2,
  "epoch": 2,
  "training_accuracy": 0.2543325526932084,
  "training_loss": 3.2408280230280178,
  "training_worker_0_memory_MB": 2317.37890625,
  "training_gpu_0_memory_MB": 51.4853515625,
  "validation_accuracy": 0.3923841059602649,
  "validation_loss": 3.0219641447067263,
  "best_validation_accuracy": 0.3923841059602649,
  "best_validation_loss": 3.0219641447067263
}