{
  "best_epoch": 40,
  "peak_worker_0_memory_MB": 2317.37890625,
  "peak_gpu_0_memory_MB": 51.4853515625,
  "training_duration": "0:00:11.875168",
  "training_start_epoch": 0,
  "training_epochs": 45,
  "epoch": 45,
  "training_accuracy": 0.980327868852459,
  "training_loss": 0.12540651029392855,
  "training_worker_0_memory_MB": 2317.37890625,
  "training_gpu_0_memory_MB": 51.4853515625,
  "validation_accuracy": 0.8029801324503312,
  "validation_loss": 0.8964125990867615,
  "best_validation_accuracy": 0.7996688741721855,
  "best_validation_loss": 0.8738007724285126
}