{
  "best_epoch": 11,
  "peak_worker_0_memory_MB": 2317.37890625,
  "peak_gpu_0_memory_MB": 51.4853515625,
  "training_duration": "0:00:03.153877",
  "training_start_epoch": 0,
  "training_epochs": 11,
  "epoch": 11,
  "training_accuracy": 0.7688524590163934,
  "training_loss": 1.3035962981964224,
  "training_worker_0_memory_MB": 2317.37890625,
  "training_gpu_0_memory_MB": 51.4853515625,
  "validation_accuracy": 0.7284768211920529,
  "validation_loss": 1.4047877430915832,
  "best_validation_accuracy": 0.7284768211920529,
  "best_validation_loss": 1.4047877430915832
}