{
  "best_epoch": 2,
  "peak_worker_0_memory_MB": 2379.60546875,
  "peak_gpu_0_memory_MB": 89.33056640625,
  "training_duration": "0:00:01.425361",
  "training_start_epoch": 0,
  "training_epochs": 2,
  "epoch": 2,
  "training_accuracy": 0.18110897743638982,
  "training_loss": 3.498342324759214,
  "training_worker_0_memory_MB": 2379.60546875,
  "training_gpu_0_memory_MB": 89.33056640625,
  "validation_accuracy": 0.49337748344370863,
  "validation_loss": 2.992300009727478,
  "best_validation_accuracy": 0.49337748344370863,
  "best_validation_loss": 2.992300009727478
}