{
  "best_epoch": 16,
  "peak_worker_0_memory_MB": 2379.60546875,
  "peak_gpu_0_memory_MB": 89.33056640625,
  "training_duration": "0:00:08.074535",
  "training_start_epoch": 0,
  "training_epochs": 16,
  "epoch": 16,
  "training_accuracy": 0.5696111377820451,
  "training_loss": 1.7749888523844362,
  "training_worker_0_memory_MB": 2379.60546875,
  "training_gpu_0_memory_MB": 89.33056640625,
  "validation_accuracy": 0.7632450331125827,
  "validation_loss": 1.094405061006546,
  "best_validation_accuracy": 0.7632450331125827,
  "best_validation_loss": 1.094405061006546
}