{
  "best_epoch": 2,
  "peak_worker_0_memory_MB": 2312.75390625,
  "peak_gpu_0_memory_MB": 51.84521484375,
  "training_duration": "0:00:01.072340",
  "training_start_epoch": 0,
  "training_epochs": 3,
  "epoch": 3,
  "training_accuracy": 0.9218554116172168,
  "training_loss": 0.3360135465076095,
  "training_worker_0_memory_MB": 2312.75390625,
  "training_gpu_0_memory_MB": 51.84521484375,
  "validation_accuracy": 0.793046357615894,
  "validation_loss": 1.1732592821121215,
  "best_validation_accuracy": 0.7847682119205298,
  "best_validation_loss": 1.0309868276119232
}