{
  "best_epoch": 3,
  "peak_worker_0_memory_MB": 2268.2578125,
  "peak_gpu_0_memory_MB": 8.73193359375,
  "training_duration": "0:00:00.527094",
  "training_start_epoch": 0,
  "training_epochs": 3,
  "epoch": 3,
  "training_accuracy": 0.8616798997074802,
  "training_loss": 0.7603526389912555,
  "training_worker_0_memory_MB": 2268.2578125,
  "training_gpu_0_memory_MB": 8.73193359375,
  "validation_accuracy": 0.8129139072847682,
  "validation_loss": 0.986083447933197,
  "best_validation_accuracy": 0.8129139072847682,
  "best_validation_loss": 0.986083447933197
}