{
  "best_epoch": 21,
  "peak_worker_0_memory_MB": 2319.48828125,
  "peak_gpu_0_memory_MB": 51.08984375,
  "training_duration": "0:00:05.883327",
  "training_start_epoch": 0,
  "training_epochs": 22,
  "epoch": 22,
  "training_accuracy": 0.9215456674473068,
  "training_loss": 0.443511780295799,
  "training_worker_0_memory_MB": 2319.48828125,
  "training_gpu_0_memory_MB": 51.08984375,
  "validation_accuracy": 0.7897350993377483,
  "validation_loss": 0.9417275190353394,
  "best_validation_accuracy": 0.7897350993377483,
  "best_validation_loss": 0.9223575294017792
}