{
  "best_epoch": 3,
  "peak_worker_0_memory_MB": 2319.48828125,
  "peak_gpu_0_memory_MB": 51.08984375,
  "training_duration": "0:00:00.990271",
  "training_start_epoch": 0,
  "training_epochs": 3,
  "epoch": 3,
  "training_accuracy": 0.3946135831381733,
  "training_loss": 2.8449948047524067,
  "training_worker_0_memory_MB": 2319.48828125,
  "training_gpu_0_memory_MB": 51.08984375,
  "validation_accuracy": 0.5149006622516556,
  "validation_loss": 2.5637527227401735,
  "best_validation_accuracy": 0.5149006622516556,
  "best_validation_loss": 2.5637527227401735
}