{
  "best_epoch": 26,
  "peak_worker_0_memory_MB": 2313.5546875,
  "peak_gpu_0_memory_MB": 54.728515625,
  "training_duration": "0:00:05.784656",
  "training_start_epoch": 0,
  "training_epochs": 27,
  "epoch": 27,
  "training_accuracy": 0.8969768124449663,
  "training_loss": 0.6588270404824504,
  "training_worker_0_memory_MB": 2313.5546875,
  "training_gpu_0_memory_MB": 54.728515625,
  "validation_accuracy": 0.7698675496688742,
  "validation_loss": 1.0919206321239472,
  "best_validation_accuracy": 0.7715231788079471,
  "best_validation_loss": 1.082252323627472
}