{
  "best_epoch": 44,
  "peak_worker_0_memory_MB": 2313.5546875,
  "peak_gpu_0_memory_MB": 54.728515625,
  "training_duration": "0:00:09.792080",
  "training_start_epoch": 0,
  "training_epochs": 46,
  "epoch": 46,
  "training_accuracy": 0.9539184032873496,
  "training_loss": 0.2688536489451373,
  "training_worker_0_memory_MB": 2313.5546875,
  "training_gpu_0_memory_MB": 54.728515625,
  "validation_accuracy": 0.8062913907284768,
  "validation_loss": 0.887441235780716,
  "best_validation_accuracy": 0.804635761589404,
  "best_validation_loss": 0.8734089493751526
}