{
  "best_epoch": 50,
  "peak_worker_0_memory_MB": 2313.5546875,
  "peak_gpu_0_memory_MB": 54.728515625,
  "training_duration": "0:00:11.470264",
  "training_start_epoch": 0,
  "training_epochs": 54,
  "epoch": 54,
  "training_accuracy": 0.9630173172879366,
  "training_loss": 0.2008973934032299,
  "training_worker_0_memory_MB": 2313.5546875,
  "training_gpu_0_memory_MB": 54.728515625,
  "validation_accuracy": 0.8096026490066225,
  "validation_loss": 0.8528957366943359,
  "best_validation_accuracy": 0.8062913907284768,
  "best_validation_loss": 0.8462416887283325
}