{
  "best_epoch": 2,
  "peak_worker_0_memory_MB": 2280.74609375,
  "peak_gpu_0_memory_MB": 25.87255859375,
  "training_duration": "0:00:00.767642",
  "training_start_epoch": 0,
  "training_epochs": 4,
  "epoch": 4,
  "training_accuracy": 0.9690764730463853,
  "training_loss": 0.1343768925258988,
  "training_worker_0_memory_MB": 2280.74609375,
  "training_gpu_0_memory_MB": 25.87255859375,
  "validation_accuracy": 0.7980132450331126,
  "validation_loss": 0.9374140918254852,
  "best_validation_accuracy": 0.7947019867549668,
  "best_validation_loss": 0.8930295735597611
}