{
  "best_epoch": 2,
  "peak_worker_0_memory_MB": 2280.91796875,
  "peak_gpu_0_memory_MB": 25.87255859375,
  "training_duration": "0:00:01.082172",
  "training_start_epoch": 0,
  "training_epochs": 6,
  "epoch": 6,
  "training_accuracy": 0.9882992060175512,
  "training_loss": 0.06313927334390189,
  "training_worker_0_memory_MB": 2280.91796875,
  "training_gpu_0_memory_MB": 25.87255859375,
  "validation_accuracy": 0.7963576158940397,
  "validation_loss": 0.992669016122818,
  "best_validation_accuracy": 0.7947019867549668,
  "best_validation_loss": 0.8930295735597611
}