{
  "best_epoch": 11,
  "peak_worker_0_memory_MB": 2311.93359375,
  "peak_gpu_0_memory_MB": 51.12255859375,
  "training_duration": "0:00:12.589498",
  "training_start_epoch": 0,
  "training_epochs": 18,
  "epoch": 18,
  "training_accuracy": 0.8838278311742582,
  "training_loss": 0.42976669457397965,
  "training_worker_0_memory_MB": 2311.93359375,
  "training_gpu_0_memory_MB": 51.12255859375,
  "validation_accuracy": 0.7913907284768212,
  "validation_loss": 1.10711207985878,
  "best_validation_accuracy": 0.7880794701986755,
  "best_validation_loss": 0.9722046852111816
}