{
  "best_epoch": 34,
  "peak_worker_0_memory_MB": 2317.36328125,
  "peak_gpu_0_memory_MB": 51.4853515625,
  "training_duration": "0:00:09.792600",
  "training_start_epoch": 0,
  "training_epochs": 35,
  "epoch": 35,
  "training_accuracy": 0.9728337236533958,
  "training_loss": 0.17260804739016206,
  "training_worker_0_memory_MB": 2317.36328125,
  "training_gpu_0_memory_MB": 51.4853515625,
  "validation_accuracy": 0.8029801324503312,
  "validation_loss": 0.9318216234445572,
  "best_validation_accuracy": 0.7980132450331126,
  "best_validation_loss": 0.8744560241699219
}