{
  "best_epoch": 10,
  "peak_worker_0_memory_MB": 2319.48828125,
  "peak_gpu_0_memory_MB": 51.08984375,
  "training_duration": "0:00:03.014604",
  "training_start_epoch": 0,
  "training_epochs": 11,
  "epoch": 11,
  "training_accuracy": 0.9744730679156909,
  "training_loss": 0.17700932208281844,
  "training_worker_0_memory_MB": 2319.48828125,
  "training_gpu_0_memory_MB": 51.08984375,
  "validation_accuracy": 0.7996688741721855,
  "validation_loss": 0.9156366586685181,
  "best_validation_accuracy": 0.7963576158940397,
  "best_validation_loss": 0.9024219930171966
}