{
  "best_epoch": 1,
  "peak_worker_0_memory_MB": 2327.01171875,
  "peak_gpu_0_memory_MB": 69.92529296875,
  "training_duration": "0:00:00.502077",
  "training_start_epoch": 0,
  "training_epochs": 1,
  "epoch": 1,
  "training_accuracy": 0.17773867135943686,
  "training_loss": 3.401283002561993,
  "training_worker_0_memory_MB": 2327.01171875,
  "training_gpu_0_memory_MB": 69.92529296875,
  "validation_accuracy": 0.27483443708609273,
  "validation_loss": 3.206346368789673,
  "best_validation_accuracy": 0.27483443708609273,
  "best_validation_loss": 3.206346368789673
}