{
  "best_epoch": 17,
  "peak_worker_0_memory_MB": 2311.93359375,
  "peak_gpu_0_memory_MB": 51.12255859375,
  "training_duration": "0:00:11.771744",
  "training_start_epoch": 0,
  "training_epochs": 17,
  "epoch": 17,
  "training_accuracy": 0.6531550355202674,
  "training_loss": 1.3886728631822687,
  "training_worker_0_memory_MB": 2311.93359375,
  "training_gpu_0_memory_MB": 51.12255859375,
  "validation_accuracy": 0.7649006622516556,
  "validation_loss": 1.078964740037918,
  "best_validation_accuracy": 0.7649006622516556,
  "best_validation_loss": 1.078964740037918
}