{
  "best_epoch": 32,
  "peak_worker_0_memory_MB": 2311.93359375,
  "peak_gpu_0_memory_MB": 51.12255859375,
  "training_duration": "0:00:26.750447",
  "training_start_epoch": 0,
  "training_epochs": 40,
  "epoch": 40,
  "training_accuracy": 0.8044295862933556,
  "training_loss": 0.7173666326623214,
  "training_worker_0_memory_MB": 2311.93359375,
  "training_gpu_0_memory_MB": 51.12255859375,
  "validation_accuracy": 0.7913907284768212,
  "validation_loss": 0.970899248123169,
  "best_validation_accuracy": 0.7913907284768212,
  "best_validation_loss": 0.911606976389885
}