{
  "best_epoch": 18,
  "peak_worker_0_memory_MB": 2316.54296875,
  "peak_gpu_0_memory_MB": 51.12255859375,
  "training_duration": "0:00:12.633081",
  "training_start_epoch": 0,
  "training_epochs": 18,
  "epoch": 18,
  "training_accuracy": 0.48391140827413287,
  "training_loss": 2.1122457196837976,
  "training_worker_0_memory_MB": 2316.54296875,
  "training_gpu_0_memory_MB": 51.12255859375,
  "validation_accuracy": 0.6887417218543046,
  "validation_loss": 1.473511552810669,
  "best_validation_accuracy": 0.6887417218543046,
  "best_validation_loss": 1.473511552810669
}