{
  "best_epoch": 37,
  "peak_worker_0_memory_MB": 2316.54296875,
  "peak_gpu_0_memory_MB": 51.12255859375,
  "training_duration": "0:00:26.091209",
  "training_start_epoch": 0,
  "training_epochs": 38,
  "epoch": 38,
  "training_accuracy": 0.6280819055578771,
  "training_loss": 1.4264824202186184,
  "training_worker_0_memory_MB": 2316.54296875,
  "training_gpu_0_memory_MB": 51.12255859375,
  "validation_accuracy": 0.7781456953642384,
  "validation_loss": 0.9978566467761993,
  "best_validation_accuracy": 0.7731788079470199,
  "best_validation_loss": 0.9922596991062165
}