{
  "best_epoch": 44,
  "peak_worker_0_memory_MB": 2316.54296875,
  "peak_gpu_0_memory_MB": 51.12255859375,
  "training_duration": "0:00:34.071105",
  "training_start_epoch": 0,
  "training_epochs": 50,
  "epoch": 50,
  "training_accuracy": 0.6677810279983285,
  "training_loss": 1.250915339118556,
  "training_worker_0_memory_MB": 2316.54296875,
  "training_gpu_0_memory_MB": 51.12255859375,
  "validation_accuracy": 0.7715231788079471,
  "validation_loss": 0.9297247558832169,
  "best_validation_accuracy": 0.7698675496688742,
  "best_validation_loss": 0.9267557799816132
}