{
  "best_epoch": 3,
  "peak_worker_0_memory_MB": 2316.54296875,
  "peak_gpu_0_memory_MB": 51.12255859375,
  "training_duration": "0:00:02.616896",
  "training_start_epoch": 0,
  "training_epochs": 3,
  "epoch": 3,
  "training_accuracy": 0.08232344337651483,
  "training_loss": 4.139143284998442,
  "training_worker_0_memory_MB": 2316.54296875,
  "training_gpu_0_memory_MB": 51.12255859375,
  "validation_accuracy": 0.14735099337748345,
  "validation_loss": 3.504428672790527,
  "best_validation_accuracy": 0.14735099337748345,
  "best_validation_loss": 3.504428672790527
}