{
  "best_epoch": 44,
  "peak_worker_0_memory_MB": 2316.54296875,
  "peak_gpu_0_memory_MB": 51.12255859375,
  "training_duration": "0:00:33.403202",
  "training_start_epoch": 0,
  "training_epochs": 49,
  "epoch": 49,
  "training_accuracy": 0.6456330965315503,
  "training_loss": 1.3535970574931095,
  "training_worker_0_memory_MB": 2316.54296875,
  "training_gpu_0_memory_MB": 51.12255859375,
  "validation_accuracy": 0.7731788079470199,
  "validation_loss": 0.9418910026550293,
  "best_validation_accuracy": 0.7698675496688742,
  "best_validation_loss": 0.9267557799816132
}