{
  "best_epoch": 1,
  "peak_worker_0_memory_MB": 2313.53515625,
  "peak_gpu_0_memory_MB": 54.728515625,
  "training_duration": "0:00:00.452043",
  "training_start_epoch": 0,
  "training_epochs": 1,
  "epoch": 1,
  "training_accuracy": 0.6480774875256824,
  "training_loss": 1.829432741359428,
  "training_worker_0_memory_MB": 2313.53515625,
  "training_gpu_0_memory_MB": 54.728515625,
  "validation_accuracy": 0.7235099337748344,
  "validation_loss": 1.386071616411209,
  "best_validation_accuracy": 0.7235099337748344,
  "best_validation_loss": 1.386071616411209
}