{
  "best_epoch": 2,
  "peak_worker_0_memory_MB": 2326.80078125,
  "peak_gpu_0_memory_MB": 69.92529296875,
  "training_duration": "0:00:00.760223",
  "training_start_epoch": 0,
  "training_epochs": 2,
  "epoch": 2,
  "training_accuracy": 0.18081830180378355,
  "training_loss": 3.446404082907571,
  "training_worker_0_memory_MB": 2326.80078125,
  "training_gpu_0_memory_MB": 69.92529296875,
  "validation_accuracy": 0.2433774834437086,
  "validation_loss": 3.3260529756546022,
  "best_validation_accuracy": 0.2433774834437086,
  "best_validation_loss": 3.3260529756546022
}