{
  "best_epoch": 46,
  "peak_worker_0_memory_MB": 2326.80078125,
  "peak_gpu_0_memory_MB": 69.92529296875,
  "training_duration": "0:00:12.646953",
  "training_start_epoch": 0,
  "training_epochs": 49,
  "epoch": 49,
  "training_accuracy": 0.9579850417949846,
  "training_loss": 0.26565770287480617,
  "training_worker_0_memory_MB": 2326.80078125,
  "training_gpu_0_memory_MB": 69.92529296875,
  "validation_accuracy": 0.8013245033112583,
  "validation_loss": 0.9430422365665436,
  "best_validation_accuracy": 0.7980132450331126,
  "best_validation_loss": 0.9045359492301941
}