{
  "best_epoch": 36,
  "peak_worker_0_memory_MB": 2326.80078125,
  "peak_gpu_0_memory_MB": 69.92529296875,
  "training_duration": "0:00:09.395300",
  "training_start_epoch": 0,
  "training_epochs": 36,
  "epoch": 36,
  "training_accuracy": 0.9304883413990321,
  "training_loss": 0.4867212790995836,
  "training_worker_0_memory_MB": 2326.80078125,
  "training_gpu_0_memory_MB": 69.92529296875,
  "validation_accuracy": 0.7864238410596026,
  "validation_loss": 1.0014047980308534,
  "best_validation_accuracy": 0.7864238410596026,
  "best_validation_loss": 1.0014047980308534
}