{
  "best_epoch": 3,
  "peak_worker_0_memory_MB": 2292.06640625,
  "peak_gpu_0_memory_MB": 49.984375,
  "training_duration": "0:00:02.642460",
  "training_start_epoch": 0,
  "training_epochs": 3,
  "epoch": 3,
  "training_accuracy": 0.6631842875052236,
  "training_loss": 1.4367118948384334,
  "training_worker_0_memory_MB": 2292.06640625,
  "training_gpu_0_memory_MB": 49.984375,
  "validation_accuracy": 0.7400662251655629,
  "validation_loss": 1.2264117896556854,
  "best_validation_accuracy": 0.7400662251655629,
  "best_validation_loss": 1.2264117896556854
}