{
  "best_epoch": 5,
  "peak_worker_0_memory_MB": 2292.06640625,
  "peak_gpu_0_memory_MB": 49.984375,
  "training_duration": "0:00:10.048353",
  "training_start_epoch": 0,
  "training_epochs": 14,
  "epoch": 14,
  "training_accuracy": 0.8503969912244045,
  "training_loss": 0.626089378407127,
  "training_worker_0_memory_MB": 2292.06640625,
  "training_gpu_0_memory_MB": 49.984375,
  "validation_accuracy": 0.8029801324503312,
  "validation_loss": 1.4747957646846772,
  "best_validation_accuracy": 0.7764900662251656,
  "best_validation_loss": 1.0911813020706176
}