{
  "best_epoch": 40,
  "peak_worker_0_memory_MB": 2319.48828125,
  "peak_gpu_0_memory_MB": 51.08984375,
  "training_duration": "0:00:13.571389",
  "training_start_epoch": 0,
  "training_epochs": 49,
  "epoch": 49,
  "training_accuracy": 0.9843091334894614,
  "training_loss": 0.11007793408943646,
  "training_worker_0_memory_MB": 2319.48828125,
  "training_gpu_0_memory_MB": 51.08984375,
  "validation_accuracy": 0.7947019867549668,
  "validation_loss": 0.9480481684207916,
  "best_validation_accuracy": 0.793046357615894,
  "best_validation_loss": 0.8934176951646805
}