{
  "best_epoch": 34,
  "peak_worker_0_memory_MB": 2319.48828125,
  "peak_gpu_0_memory_MB": 51.08984375,
  "training_duration": "0:00:09.819359",
  "training_start_epoch": 0,
  "training_epochs": 35,
  "epoch": 35,
  "training_accuracy": 0.9651053864168618,
  "training_loss": 0.2457548366553748,
  "training_worker_0_memory_MB": 2319.48828125,
  "training_gpu_0_memory_MB": 51.08984375,
  "validation_accuracy": 0.793046357615894,
  "validation_loss": 0.9682818710803985,
  "best_validation_accuracy": 0.7880794701986755,
  "best_validation_loss": 0.9172901272773742
}