{
  "best_epoch": 40,
  "peak_worker_0_memory_MB": 2319.48828125,
  "peak_gpu_0_memory_MB": 51.08984375,
  "training_duration": "0:00:11.972736",
  "training_start_epoch": 0,
  "training_epochs": 43,
  "epoch": 43,
  "training_accuracy": 0.978688524590164,
  "training_loss": 0.15198683249416636,
  "training_worker_0_memory_MB": 2319.48828125,
  "training_gpu_0_memory_MB": 51.08984375,
  "validation_accuracy": 0.7947019867549668,
  "validation_loss": 0.9223291516304016,
  "best_validation_accuracy": 0.793046357615894,
  "best_validation_loss": 0.8934176951646805
}