{
  "best_epoch": 9,
  "peak_worker_0_memory_MB": 2313.4765625,
  "peak_gpu_0_memory_MB": 54.728515625,
  "training_duration": "0:00:02.348305",
  "training_start_epoch": 0,
  "training_epochs": 9,
  "epoch": 9,
  "training_accuracy": 0.9603756970942178,
  "training_loss": 0.2015726123419073,
  "training_worker_0_memory_MB": 2313.4765625,
  "training_gpu_0_memory_MB": 54.728515625,
  "validation_accuracy": 0.7996688741721855,
  "validation_loss": 0.8779475510120391,
  "best_validation_accuracy": 0.7996688741721855,
  "best_validation_loss": 0.8779475510120391
}