{
  "best_epoch": 12,
  "peak_worker_0_memory_MB": 2313.4765625,
  "peak_gpu_0_memory_MB": 54.728515625,
  "training_duration": "0:00:03.275255",
  "training_start_epoch": 0,
  "training_epochs": 13,
  "epoch": 13,
  "training_accuracy": 0.9815086586439683,
  "training_loss": 0.09893056605425146,
  "training_worker_0_memory_MB": 2313.4765625,
  "training_gpu_0_memory_MB": 54.728515625,
  "validation_accuracy": 0.7996688741721855,
  "validation_loss": 0.9076707899570465,
  "best_validation_accuracy": 0.8062913907284768,
  "best_validation_loss": 0.8762011289596557
}