{
  "best_epoch": 7,
  "peak_worker_0_memory_MB": 2271.23046875,
  "peak_gpu_0_memory_MB": 15.515625,
  "training_duration": "0:00:00.683622",
  "training_start_epoch": 0,
  "training_epochs": 7,
  "epoch": 7,
  "training_accuracy": 0.8579454253611557,
  "training_loss": 0.7282506555318833,
  "training_worker_0_memory_MB": 2271.23046875,
  "training_gpu_0_memory_MB": 15.515625,
  "validation_accuracy": 0.8145695364238411,
  "validation_loss": 1.162440264225006,
  "best_validation_accuracy": 0.8145695364238411,
  "best_validation_loss": 1.162440264225006
}