{
  "best_epoch": 11,
  "peak_worker_0_memory_MB": 2271.23046875,
  "peak_gpu_0_memory_MB": 15.515625,
  "training_duration": "0:00:01.370025",
  "training_start_epoch": 0,
  "training_epochs": 15,
  "epoch": 15,
  "training_accuracy": 0.8780096308186196,
  "training_loss": 0.32393699884414673,
  "training_worker_0_memory_MB": 2271.23046875,
  "training_gpu_0_memory_MB": 15.515625,
  "validation_accuracy": 0.8112582781456954,
  "validation_loss": 1.1510042607784272,
  "best_validation_accuracy": 0.8129139072847682,
  "best_validation_loss": 1.091501921415329
}