{
  "best_epoch": 13,
  "peak_worker_0_memory_MB": 2319.734375,
  "peak_gpu_0_memory_MB": 51.08984375,
  "training_duration": "0:00:03.673685",
  "training_start_epoch": 0,
  "training_epochs": 13,
  "epoch": 13,
  "training_accuracy": 0.9756440281030445,
  "training_loss": 0.16934830573067736,
  "training_worker_0_memory_MB": 2319.734375,
  "training_gpu_0_memory_MB": 51.08984375,
  "validation_accuracy": 0.7947019867549668,
  "validation_loss": 0.8945789515972138,
  "best_validation_accuracy": 0.7947019867549668,
  "best_validation_loss": 0.8945789515972138
}