{
  "best_epoch": 48,
  "peak_worker_0_memory_MB": 2317.37890625,
  "peak_gpu_0_memory_MB": 51.4853515625,
  "training_duration": "0:00:14.216851",
  "training_start_epoch": 0,
  "training_epochs": 50,
  "epoch": 50,
  "training_accuracy": 0.9599531615925059,
  "training_loss": 0.25168638643044144,
  "training_worker_0_memory_MB": 2317.37890625,
  "training_gpu_0_memory_MB": 51.4853515625,
  "validation_accuracy": 0.7996688741721855,
  "validation_loss": 0.951451987028122,
  "best_validation_accuracy": 0.7947019867549668,
  "best_validation_loss": 0.8930971086025238
}