{
  "best_epoch": 45,
  "peak_worker_0_memory_MB": 2317.37890625,
  "peak_gpu_0_memory_MB": 51.4853515625,
  "training_duration": "0:00:12.858252",
  "training_start_epoch": 0,
  "training_epochs": 45,
  "epoch": 45,
  "training_accuracy": 0.9468384074941452,
  "training_loss": 0.3197652864367215,
  "training_worker_0_memory_MB": 2317.37890625,
  "training_gpu_0_memory_MB": 51.4853515625,
  "validation_accuracy": 0.7947019867549668,
  "validation_loss": 0.919594943523407,
  "best_validation_accuracy": 0.7947019867549668,
  "best_validation_loss": 0.919594943523407
}