{
  "best_epoch": 13,
  "peak_worker_0_memory_MB": 2317.37890625,
  "peak_gpu_0_memory_MB": 51.4853515625,
  "training_duration": "0:00:03.917012",
  "training_start_epoch": 0,
  "training_epochs": 13,
  "epoch": 13,
  "training_accuracy": 0.6693208430913349,
  "training_loss": 1.866603344234068,
  "training_worker_0_memory_MB": 2317.37890625,
  "training_gpu_0_memory_MB": 51.4853515625,
  "validation_accuracy": 0.6837748344370861,
  "validation_loss": 1.8874328851699829,
  "best_validation_accuracy": 0.6837748344370861,
  "best_validation_loss": 1.8874328851699829
}