{
  "best_epoch": 4,
  "peak_worker_0_memory_MB": 2317.37890625,
  "peak_gpu_0_memory_MB": 51.4853515625,
  "training_duration": "0:00:01.431809",
  "training_start_epoch": 0,
  "training_epochs": 4,
  "epoch": 4,
  "training_accuracy": 0.2981264637002342,
  "training_loss": 3.1768036208935637,
  "training_worker_0_memory_MB": 2317.37890625,
  "training_gpu_0_memory_MB": 51.4853515625,
  "validation_accuracy": 0.3824503311258278,
  "validation_loss": 3.0289104700088503,
  "best_validation_accuracy": 0.3824503311258278,
  "best_validation_loss": 3.0289104700088503
}