{
  "best_epoch": 0,
  "peak_worker_0_memory_MB": 2317.37890625,
  "peak_gpu_0_memory_MB": 51.4853515625,
  "training_duration": "0:00:00.266889",
  "training_start_epoch": 0,
  "training_epochs": 0,
  "epoch": 0,
  "training_accuracy": 0.12903981264637002,
  "training_loss": 4.1019713736292145,
  "training_worker_0_memory_MB": 2317.37890625,
  "training_gpu_0_memory_MB": 51.4853515625,
  "validation_accuracy": 0.3079470198675497,
  "validation_loss": 3.9672994375228883,
  "best_validation_accuracy": 0.3079470198675497,
  "best_validation_loss": 3.9672994375228883
}