{
  "best_epoch": 29,
  "peak_worker_0_memory_MB": 2261.49609375,
  "peak_gpu_0_memory_MB": 13.12939453125,
  "training_duration": "0:00:03.419036",
  "training_start_epoch": 0,
  "training_epochs": 33,
  "epoch": 33,
  "training_accuracy": 0.8860353130016051,
  "training_loss": 0.33218680173158643,
  "training_worker_0_memory_MB": 2261.49609375,
  "training_gpu_0_memory_MB": 13.12939453125,
  "validation_accuracy": 0.8079470198675497,
  "validation_loss": 1.0914715051651,
  "best_validation_accuracy": 0.8129139072847682,
  "best_validation_loss": 1.0496467024087905
}