{
  "best_epoch": 16,
  "peak_worker_0_memory_MB": 2331.171875,
  "peak_gpu_0_memory_MB": 65.09326171875,
  "training_duration": "0:00:06.072291",
  "training_start_epoch": 0,
  "training_epochs": 23,
  "epoch": 23,
  "training_accuracy": 0.9747072599531615,
  "training_loss": 0.1441164388696649,
  "training_worker_0_memory_MB": 2331.171875,
  "training_gpu_0_memory_MB": 65.09326171875,
  "validation_accuracy": 0.8062913907284768,
  "validation_loss": 0.9127145171165466,
  "best_validation_accuracy": 0.7996688741721855,
  "best_validation_loss": 0.8791936367750168
}