{
  "best_epoch": 15,
  "peak_worker_0_memory_MB": 2313.5546875,
  "peak_gpu_0_memory_MB": 54.728515625,
  "training_duration": "0:00:03.668412",
  "training_start_epoch": 0,
  "training_epochs": 15,
  "epoch": 15,
  "training_accuracy": 0.9592016436747872,
  "training_loss": 0.2355206956466039,
  "training_worker_0_memory_MB": 2313.5546875,
  "training_gpu_0_memory_MB": 54.728515625,
  "validation_accuracy": 0.8062913907284768,
  "validation_loss": 0.8724812150001526,
  "best_validation_accuracy": 0.8062913907284768,
  "best_validation_loss": 0.8724812150001526
}