{
  "best_epoch": 8,
  "peak_worker_0_memory_MB": 2313.5546875,
  "peak_gpu_0_memory_MB": 54.728515625,
  "training_duration": "0:00:02.112623",
  "training_start_epoch": 0,
  "training_epochs": 8,
  "epoch": 8,
  "training_accuracy": 0.8908130319929557,
  "training_loss": 0.6543538912578866,
  "training_worker_0_memory_MB": 2313.5546875,
  "training_gpu_0_memory_MB": 54.728515625,
  "validation_accuracy": 0.7781456953642384,
  "validation_loss": 1.0776895761489869,
  "best_validation_accuracy": 0.7781456953642384,
  "best_validation_loss": 1.0776895761489869
}