{
  "best_epoch": 2,
  "peak_worker_0_memory_MB": 2370.390625,
  "peak_gpu_0_memory_MB": 89.33056640625,
  "training_duration": "0:00:01.561848",
  "training_start_epoch": 0,
  "training_epochs": 2,
  "epoch": 2,
  "training_accuracy": 0.21675468074891982,
  "training_loss": 3.5526672283201726,
  "training_worker_0_memory_MB": 2370.390625,
  "training_gpu_0_memory_MB": 89.33056640625,
  "validation_accuracy": 0.4817880794701987,
  "validation_loss": 3.230540633201599,
  "best_validation_accuracy": 0.4817880794701987,
  "best_validation_loss": 3.230540633201599
}