{
  "best_epoch": 10,
  "peak_worker_0_memory_MB": 2370.390625,
  "peak_gpu_0_memory_MB": 89.33056640625,
  "training_duration": "0:00:05.833277",
  "training_start_epoch": 0,
  "training_epochs": 10,
  "epoch": 10,
  "training_accuracy": 0.564690350456073,
  "training_loss": 2.2325816145380033,
  "training_worker_0_memory_MB": 2370.390625,
  "training_gpu_0_memory_MB": 89.33056640625,
  "validation_accuracy": 0.6986754966887417,
  "validation_loss": 1.7333027243614196,
  "best_validation_accuracy": 0.6986754966887417,
  "best_validation_loss": 1.7333027243614196
}