{
  "best_epoch": 20,
  "peak_worker_0_memory_MB": 2370.390625,
  "peak_gpu_0_memory_MB": 89.33056640625,
  "training_duration": "0:00:11.111420",
  "training_start_epoch": 0,
  "training_epochs": 20,
  "epoch": 20,
  "training_accuracy": 0.7694431108977436,
  "training_loss": 1.193402034180765,
  "training_worker_0_memory_MB": 2370.390625,
  "training_gpu_0_memory_MB": 89.33056640625,
  "validation_accuracy": 0.7649006622516556,
  "validation_loss": 1.0912479162216187,
  "best_validation_accuracy": 0.7649006622516556,
  "best_validation_loss": 1.0912479162216187
}