{
  "best_epoch": 46,
  "peak_worker_0_memory_MB": 2370.390625,
  "peak_gpu_0_memory_MB": 89.33056640625,
  "training_duration": "0:00:27.581443",
  "training_start_epoch": 0,
  "training_epochs": 53,
  "epoch": 53,
  "training_accuracy": 0.9620739318290926,
  "training_loss": 0.22315544145935365,
  "training_worker_0_memory_MB": 2370.390625,
  "training_gpu_0_memory_MB": 89.33056640625,
  "validation_accuracy": 0.8013245033112583,
  "validation_loss": 0.8895186305046081,
  "best_validation_accuracy": 0.8013245033112583,
  "best_validation_loss": 0.8860618889331817
}