{
  "best_epoch": 33,
  "peak_worker_0_memory_MB": 2370.390625,
  "peak_gpu_0_memory_MB": 89.33056640625,
  "training_duration": "0:00:17.620099",
  "training_start_epoch": 0,
  "training_epochs": 33,
  "epoch": 33,
  "training_accuracy": 0.9012241958713394,
  "training_loss": 0.5777256579799507,
  "training_worker_0_memory_MB": 2370.390625,
  "training_gpu_0_memory_MB": 89.33056640625,
  "validation_accuracy": 0.7880794701986755,
  "validation_loss": 0.9360437721014023,
  "best_validation_accuracy": 0.7880794701986755,
  "best_validation_loss": 0.9360437721014023
}