{
  "best_epoch": 56,
  "peak_worker_0_memory_MB": 2313.53515625,
  "peak_gpu_0_memory_MB": 54.728515625,
  "training_duration": "0:00:12.552418",
  "training_start_epoch": 0,
  "training_epochs": 59,
  "epoch": 59,
  "training_accuracy": 0.962723803933079,
  "training_loss": 0.1973853243721856,
  "training_worker_0_memory_MB": 2313.53515625,
  "training_gpu_0_memory_MB": 54.728515625,
  "validation_accuracy": 0.8079470198675497,
  "validation_loss": 0.8733646035194397,
  "best_validation_accuracy": 0.8079470198675497,
  "best_validation_loss": 0.8625077426433563
}