{
  "best_epoch": 56,
  "peak_worker_0_memory_MB": 2313.53515625,
  "peak_gpu_0_memory_MB": 54.728515625,
  "training_duration": "0:00:12.968696",
  "training_start_epoch": 0,
  "training_epochs": 61,
  "epoch": 61,
  "training_accuracy": 0.9636043439976519,
  "training_loss": 0.18796575704106577,
  "training_worker_0_memory_MB": 2313.53515625,
  "training_gpu_0_memory_MB": 54.728515625,
  "validation_accuracy": 0.8062913907284768,
  "validation_loss": 0.8768334269523621,
  "best_validation_accuracy": 0.8079470198675497,
  "best_validation_loss": 0.8625077426433563
}