{
  "best_epoch": 29,
  "peak_worker_0_memory_MB": 2313.53515625,
  "peak_gpu_0_memory_MB": 54.728515625,
  "training_duration": "0:00:06.277926",
  "training_start_epoch": 0,
  "training_epochs": 29,
  "epoch": 29,
  "training_accuracy": 0.8875843850895215,
  "training_loss": 0.6865036167480327,
  "training_worker_0_memory_MB": 2313.53515625,
  "training_gpu_0_memory_MB": 54.728515625,
  "validation_accuracy": 0.7715231788079471,
  "validation_loss": 1.0973417639732361,
  "best_validation_accuracy": 0.7715231788079471,
  "best_validation_loss": 1.0973417639732361
}