{
  "best_epoch": 63,
  "peak_worker_0_memory_MB": 2313.53515625,
  "peak_gpu_0_memory_MB": 54.728515625,
  "training_duration": "0:00:13.636782",
  "training_start_epoch": 0,
  "training_epochs": 64,
  "epoch": 64,
  "training_accuracy": 0.9671265042559436,
  "training_loss": 0.17004263842547382,
  "training_worker_0_memory_MB": 2313.53515625,
  "training_gpu_0_memory_MB": 54.728515625,
  "validation_accuracy": 0.804635761589404,
  "validation_loss": 0.8626591861248016,
  "best_validation_accuracy": 0.804635761589404,
  "best_validation_loss": 0.859850424528122
}