{
  "best_epoch": 56,
  "peak_worker_0_memory_MB": 2313.53515625,
  "peak_gpu_0_memory_MB": 54.728515625,
  "training_duration": "0:00:12.345026",
  "training_start_epoch": 0,
  "training_epochs": 58,
  "epoch": 58,
  "training_accuracy": 0.9609627238039331,
  "training_loss": 0.20551883042962463,
  "training_worker_0_memory_MB": 2313.53515625,
  "training_gpu_0_memory_MB": 54.728515625,
  "validation_accuracy": 0.8062913907284768,
  "validation_loss": 0.8739507496356964,
  "best_validation_accuracy": 0.8079470198675497,
  "best_validation_loss": 0.8625077426433563
}