{
  "best_epoch": 63,
  "peak_worker_0_memory_MB": 2313.53515625,
  "peak_gpu_0_memory_MB": 54.728515625,
  "training_duration": "0:00:14.285375",
  "training_start_epoch": 0,
  "training_epochs": 67,
  "epoch": 67,
  "training_accuracy": 0.971822717933666,
  "training_loss": 0.15603642703758347,
  "training_worker_0_memory_MB": 2313.53515625,
  "training_gpu_0_memory_MB": 54.728515625,
  "validation_accuracy": 0.8013245033112583,
  "validation_loss": 0.8621526658535004,
  "best_validation_accuracy": 0.804635761589404,
  "best_validation_loss": 0.859850424528122
}