{
  "best_epoch": 1,
  "peak_worker_0_memory_MB": 2287.45703125,
  "peak_gpu_0_memory_MB": 30.3212890625,
  "training_duration": "0:00:00.312946",
  "training_start_epoch": 0,
  "training_epochs": 1,
  "epoch": 1,
  "training_accuracy": 0.6890931884663603,
  "training_loss": 1.549338383109946,
  "training_worker_0_memory_MB": 2287.45703125,
  "training_gpu_0_memory_MB": 30.3212890625,
  "validation_accuracy": 0.7350993377483444,
  "validation_loss": 1.254361915588379,
  "best_validation_accuracy": 0.7350993377483444,
  "best_validation_loss": 1.254361915588379
}