{
  "best_epoch": 5,
  "peak_worker_0_memory_MB": 2287.45703125,
  "peak_gpu_0_memory_MB": 30.3212890625,
  "training_duration": "0:00:02.222483",
  "training_start_epoch": 0,
  "training_epochs": 13,
  "epoch": 13,
  "training_accuracy": 0.9845382365231926,
  "training_loss": 0.06681993937021807,
  "training_worker_0_memory_MB": 2287.45703125,
  "training_gpu_0_memory_MB": 30.3212890625,
  "validation_accuracy": 0.7864238410596026,
  "validation_loss": 1.0715043783187865,
  "best_validation_accuracy": 0.804635761589404,
  "best_validation_loss": 0.8946656286716461
}