{
  "best_epoch": 5,
  "peak_worker_0_memory_MB": 2287.45703125,
  "peak_gpu_0_memory_MB": 30.3212890625,
  "training_duration": "0:00:01.433640",
  "training_start_epoch": 0,
  "training_epochs": 8,
  "epoch": 8,
  "training_accuracy": 0.9665691600501463,
  "training_loss": 0.13638676673566041,
  "training_worker_0_memory_MB": 2287.45703125,
  "training_gpu_0_memory_MB": 30.3212890625,
  "validation_accuracy": 0.7996688741721855,
  "validation_loss": 0.9657346963882446,
  "best_validation_accuracy": 0.804635761589404,
  "best_validation_loss": 0.8946656286716461
}