{
  "best_epoch": 3,
  "peak_worker_0_memory_MB": 2271.32421875,
  "peak_gpu_0_memory_MB": 15.515625,
  "training_duration": "0:00:01.031704",
  "training_start_epoch": 0,
  "training_epochs": 11,
  "epoch": 11,
  "training_accuracy": 0.8756019261637239,
  "training_loss": 0.30876464024186134,
  "training_worker_0_memory_MB": 2271.32421875,
  "training_gpu_0_memory_MB": 15.515625,
  "validation_accuracy": 0.6970198675496688,
  "validation_loss": 1.307798045873642,
  "best_validation_accuracy": 0.7980132450331126,
  "best_validation_loss": 1.101545614004135
}