{
  "best_epoch": 48,
  "peak_worker_0_memory_MB": 2371.23046875,
  "peak_gpu_0_memory_MB": 89.33056640625,
  "training_duration": "0:00:23.322368",
  "training_start_epoch": 0,
  "training_epochs": 48,
  "epoch": 48,
  "training_accuracy": 0.3757801248199712,
  "training_loss": 2.4649432924867587,
  "training_worker_0_memory_MB": 2371.23046875,
  "training_gpu_0_memory_MB": 89.33056640625,
  "validation_accuracy": 0.75,
  "validation_loss": 1.1352694511413575,
  "best_validation_accuracy": 0.75,
  "best_validation_loss": 1.1352694511413575
}