{
  "best_epoch": 40,
  "peak_worker_0_memory_MB": 2371.23046875,
  "peak_gpu_0_memory_MB": 89.33056640625,
  "training_duration": "0:00:21.884734",
  "training_start_epoch": 0,
  "training_epochs": 45,
  "epoch": 45,
  "training_accuracy": 0.3760201632261162,
  "training_loss": 2.473706707699608,
  "training_worker_0_memory_MB": 2371.23046875,
  "training_gpu_0_memory_MB": 89.33056640625,
  "validation_accuracy": 0.7417218543046358,
  "validation_loss": 1.1786591947078704,
  "best_validation_accuracy": 0.7433774834437086,
  "best_validation_loss": 1.1785183489322661
}