{
  "best_epoch": 74,
  "peak_worker_0_memory_MB": 2371.23046875,
  "peak_gpu_0_memory_MB": 89.33056640625,
  "training_duration": "0:00:37.169120",
  "training_start_epoch": 0,
  "training_epochs": 77,
  "epoch": 77,
  "training_accuracy": 0.40194431108977435,
  "training_loss": 2.3359177267278426,
  "training_worker_0_memory_MB": 2371.23046875,
  "training_gpu_0_memory_MB": 89.33056640625,
  "validation_accuracy": 0.7649006622516556,
  "validation_loss": 1.0659219741821289,
  "best_validation_accuracy": 0.7649006622516556,
  "best_validation_loss": 1.062154084444046
}