{
  "best_epoch": 26,
  "peak_worker_0_memory_MB": 2316.2890625,
  "peak_gpu_0_memory_MB": 62.47802734375,
  "training_duration": "0:00:07.386260",
  "training_start_epoch": 0,
  "training_epochs": 29,
  "epoch": 29,
  "training_accuracy": 0.6426229508196721,
  "training_loss": 1.2946026538735005,
  "training_worker_0_memory_MB": 2316.2890625,
  "training_gpu_0_memory_MB": 62.47802734375,
  "validation_accuracy": 0.7947019867549668,
  "validation_loss": 0.9329233646392823,
  "best_validation_accuracy": 0.793046357615894,
  "best_validation_loss": 0.9144279807806015
}