{
  "best_epoch": 11,
  "peak_worker_0_memory_MB": 2316.2890625,
  "peak_gpu_0_memory_MB": 62.47802734375,
  "training_duration": "0:00:02.933226",
  "training_start_epoch": 0,
  "training_epochs": 11,
  "epoch": 11,
  "training_accuracy": 0.5522248243559719,
  "training_loss": 1.7035583827032972,
  "training_worker_0_memory_MB": 2316.2890625,
  "training_gpu_0_memory_MB": 62.47802734375,
  "validation_accuracy": 0.7781456953642384,
  "validation_loss": 1.0726848483085631,
  "best_validation_accuracy": 0.7781456953642384,
  "best_validation_loss": 1.0726848483085631
}