{
  "best_epoch": 61,
  "peak_worker_0_memory_MB": 2316.2890625,
  "peak_gpu_0_memory_MB": 62.47802734375,
  "training_duration": "0:00:16.647733",
  "training_start_epoch": 0,
  "training_epochs": 67,
  "epoch": 67,
  "training_accuracy": 0.6836065573770492,
  "training_loss": 1.0862914136986235,
  "training_worker_0_memory_MB": 2316.2890625,
  "training_gpu_0_memory_MB": 62.47802734375,
  "validation_accuracy": 0.8029801324503312,
  "validation_loss": 0.9524284780025483,
  "best_validation_accuracy": 0.8029801324503312,
  "best_validation_loss": 0.8783217698335648
}