{
  "best_epoch": 8,
  "peak_worker_0_memory_MB": 2316.2890625,
  "peak_gpu_0_memory_MB": 62.47802734375,
  "training_duration": "0:00:02.187055",
  "training_start_epoch": 0,
  "training_epochs": 8,
  "epoch": 8,
  "training_accuracy": 0.505152224824356,
  "training_loss": 1.9032082344169048,
  "training_worker_0_memory_MB": 2316.2890625,
  "training_gpu_0_memory_MB": 62.47802734375,
  "validation_accuracy": 0.7649006622516556,
  "validation_loss": 1.1636081337928772,
  "best_validation_accuracy": 0.7649006622516556,
  "best_validation_loss": 1.1636081337928772
}