{
  "best_epoch": 48,
  "peak_worker_0_memory_MB": 2271.328125,
  "peak_gpu_0_memory_MB": 15.515625,
  "training_duration": "0:00:04.260969",
  "training_start_epoch": 0,
  "training_epochs": 54,
  "epoch": 54,
  "training_accuracy": 0.884430176565008,
  "training_loss": 0.34000261351466177,
  "training_worker_0_memory_MB": 2271.328125,
  "training_gpu_0_memory_MB": 15.515625,
  "validation_accuracy": 0.8178807947019867,
  "validation_loss": 1.1872225403785706,
  "best_validation_accuracy": 0.8162251655629139,
  "best_validation_loss": 1.1057138562202453
}