{
  "best_epoch": 33,
  "peak_worker_0_memory_MB": 2271.328125,
  "peak_gpu_0_memory_MB": 15.515625,
  "training_duration": "0:00:02.946850",
  "training_start_epoch": 0,
  "training_epochs": 37,
  "epoch": 37,
  "training_accuracy": 0.8836276083467095,
  "training_loss": 0.46917955577373505,
  "training_worker_0_memory_MB": 2271.328125,
  "training_gpu_0_memory_MB": 15.515625,
  "validation_accuracy": 0.8162251655629139,
  "validation_loss": 1.1647679448127746,
  "best_validation_accuracy": 0.8145695364238411,
  "best_validation_loss": 1.1172642648220061
}