{
  "best_epoch": 48,
  "peak_worker_0_memory_MB": 2271.328125,
  "peak_gpu_0_memory_MB": 15.515625,
  "training_duration": "0:00:03.796889",
  "training_start_epoch": 0,
  "training_epochs": 48,
  "epoch": 48,
  "training_accuracy": 0.8860353130016051,
  "training_loss": 0.3619963459670544,
  "training_worker_0_memory_MB": 2271.328125,
  "training_gpu_0_memory_MB": 15.515625,
  "validation_accuracy": 0.8162251655629139,
  "validation_loss": 1.1057138562202453,
  "best_validation_accuracy": 0.8162251655629139,
  "best_validation_loss": 1.1057138562202453
}