{
  "best_epoch": 5,
  "peak_worker_0_memory_MB": 2311.359375,
  "peak_gpu_0_memory_MB": 58.2568359375,
  "training_duration": "0:00:01.562021",
  "training_start_epoch": 0,
  "training_epochs": 5,
  "epoch": 5,
  "training_accuracy": 0.4964804223493181,
  "training_loss": 2.487227681610319,
  "training_worker_0_memory_MB": 2311.359375,
  "training_gpu_0_memory_MB": 58.2568359375,
  "validation_accuracy": 0.5496688741721855,
  "validation_loss": 2.3638335824012757,
  "best_validation_accuracy": 0.5496688741721855,
  "best_validation_loss": 2.3638335824012757
}