{
  "best_epoch": 37,
  "peak_worker_0_memory_MB": 2311.359375,
  "peak_gpu_0_memory_MB": 58.2568359375,
  "training_duration": "0:00:10.221690",
  "training_start_epoch": 0,
  "training_epochs": 38,
  "epoch": 38,
  "training_accuracy": 0.978002639683238,
  "training_loss": 0.1339767019574841,
  "training_worker_0_memory_MB": 2311.359375,
  "training_gpu_0_memory_MB": 58.2568359375,
  "validation_accuracy": 0.804635761589404,
  "validation_loss": 0.9333700358867645,
  "best_validation_accuracy": 0.8062913907284768,
  "best_validation_loss": 0.851413556933403
}