{
  "best_epoch": 6,
  "peak_worker_0_memory_MB": 2311.359375,
  "peak_gpu_0_memory_MB": 58.2568359375,
  "training_duration": "0:00:01.824788",
  "training_start_epoch": 0,
  "training_epochs": 6,
  "epoch": 6,
  "training_accuracy": 0.5717113946326441,
  "training_loss": 2.212253577179379,
  "training_worker_0_memory_MB": 2311.359375,
  "training_gpu_0_memory_MB": 58.2568359375,
  "validation_accuracy": 0.6076158940397351,
  "validation_loss": 2.1491987705230713,
  "best_validation_accuracy": 0.6076158940397351,
  "best_validation_loss": 2.1491987705230713
}