{
  "best_epoch": 27,
  "peak_worker_0_memory_MB": 2311.359375,
  "peak_gpu_0_memory_MB": 58.2568359375,
  "training_duration": "0:00:07.605161",
  "training_start_epoch": 0,
  "training_epochs": 28,
  "epoch": 28,
  "training_accuracy": 0.961284645842499,
  "training_loss": 0.2513761322220994,
  "training_worker_0_memory_MB": 2311.359375,
  "training_gpu_0_memory_MB": 58.2568359375,
  "validation_accuracy": 0.7996688741721855,
  "validation_loss": 0.9000274240970612,
  "best_validation_accuracy": 0.8029801324503312,
  "best_validation_loss": 0.8751396626234055
}