{
  "best_epoch": 8,
  "peak_worker_0_memory_MB": 2311.359375,
  "peak_gpu_0_memory_MB": 58.2568359375,
  "training_duration": "0:00:02.349594",
  "training_start_epoch": 0,
  "training_epochs": 8,
  "epoch": 8,
  "training_accuracy": 0.6810382754069512,
  "training_loss": 1.7556801587343216,
  "training_worker_0_memory_MB": 2311.359375,
  "training_gpu_0_memory_MB": 58.2568359375,
  "validation_accuracy": 0.6821192052980133,
  "validation_loss": 1.7883623600006104,
  "best_validation_accuracy": 0.6821192052980133,
  "best_validation_loss": 1.7883623600006104
}