{
  "best_epoch": 45,
  "peak_worker_0_memory_MB": 2311.359375,
  "peak_gpu_0_memory_MB": 58.2568359375,
  "training_duration": "0:00:13.346974",
  "training_start_epoch": 0,
  "training_epochs": 50,
  "epoch": 50,
  "training_accuracy": 0.9872415310162781,
  "training_loss": 0.07142291413361414,
  "training_worker_0_memory_MB": 2311.359375,
  "training_gpu_0_memory_MB": 58.2568359375,
  "validation_accuracy": 0.8096026490066225,
  "validation_loss": 0.87433722615242,
  "best_validation_accuracy": 0.8062913907284768,
  "best_validation_loss": 0.846473902463913
}