{
  "best_epoch": 17,
  "peak_worker_0_memory_MB": 2311.359375,
  "peak_gpu_0_memory_MB": 58.2568359375,
  "training_duration": "0:00:04.717855",
  "training_start_epoch": 0,
  "training_epochs": 17,
  "epoch": 17,
  "training_accuracy": 0.9016717993840739,
  "training_loss": 0.6448090488298072,
  "training_worker_0_memory_MB": 2311.359375,
  "training_gpu_0_memory_MB": 58.2568359375,
  "validation_accuracy": 0.7748344370860927,
  "validation_loss": 1.0896037638187408,
  "best_validation_accuracy": 0.7748344370860927,
  "best_validation_loss": 1.0896037638187408
}