{
  "best_epoch": 56,
  "peak_worker_0_memory_MB": 2271.57421875,
  "peak_gpu_0_memory_MB": 15.515625,
  "training_duration": "0:00:04.742840",
  "training_start_epoch": 0,
  "training_epochs": 57,
  "epoch": 57,
  "training_accuracy": 0.884430176565008,
  "training_loss": 0.37313669472932814,
  "training_worker_0_memory_MB": 2271.57421875,
  "training_gpu_0_memory_MB": 15.515625,
  "validation_accuracy": 0.8261589403973509,
  "validation_loss": 1.0958465158939361,
  "best_validation_accuracy": 0.8162251655629139,
  "best_validation_loss": 1.0949306190013885
}