{
  "best_epoch": 50,
  "peak_worker_0_memory_MB": 2365.1484375,
  "peak_gpu_0_memory_MB": 89.33056640625,
  "training_duration": "0:00:23.799414",
  "training_start_epoch": 0,
  "training_epochs": 51,
  "epoch": 51,
  "training_accuracy": 0.7373979836773884,
  "training_loss": 1.4837170620910993,
  "training_worker_0_memory_MB": 2365.1484375,
  "training_gpu_0_memory_MB": 89.33056640625,
  "validation_accuracy": 0.7268211920529801,
  "validation_loss": 1.3353973150253295,
  "best_validation_accuracy": 0.7268211920529801,
  "best_validation_loss": 1.3277676403522491
}