{
  "best_epoch": 36,
  "peak_worker_0_memory_MB": 2365.1484375,
  "peak_gpu_0_memory_MB": 89.33056640625,
  "training_duration": "0:00:17.005509",
  "training_start_epoch": 0,
  "training_epochs": 36,
  "epoch": 36,
  "training_accuracy": 0.6259001440230437,
  "training_loss": 2.0747983082560184,
  "training_worker_0_memory_MB": 2365.1484375,
  "training_gpu_0_memory_MB": 89.33056640625,
  "validation_accuracy": 0.7003311258278145,
  "validation_loss": 1.7522380709648133,
  "best_validation_accuracy": 0.7003311258278145,
  "best_validation_loss": 1.7522380709648133
}