{
  "best_epoch": 8,
  "peak_worker_0_memory_MB": 2365.1484375,
  "peak_gpu_0_memory_MB": 89.33056640625,
  "training_duration": "0:00:04.158134",
  "training_start_epoch": 0,
  "training_epochs": 8,
  "epoch": 8,
  "training_accuracy": 0.27208353336533847,
  "training_loss": 3.536549291537918,
  "training_worker_0_memory_MB": 2365.1484375,
  "training_gpu_0_memory_MB": 89.33056640625,
  "validation_accuracy": 0.5099337748344371,
  "validation_loss": 3.330630159378052,
  "best_validation_accuracy": 0.5099337748344371,
  "best_validation_loss": 3.330630159378052
}