{
  "best_epoch": 78,
  "peak_worker_0_memory_MB": 2365.1484375,
  "peak_gpu_0_memory_MB": 89.33056640625,
  "training_duration": "0:00:36.143734",
  "training_start_epoch": 0,
  "training_epochs": 78,
  "epoch": 78,
  "training_accuracy": 0.8624579932789246,
  "training_loss": 0.8334913331133719,
  "training_worker_0_memory_MB": 2365.1484375,
  "training_gpu_0_memory_MB": 89.33056640625,
  "validation_accuracy": 0.7715231788079471,
  "validation_loss": 1.0422955572605133,
  "best_validation_accuracy": 0.7715231788079471,
  "best_validation_loss": 1.0422955572605133
}