{
  "best_epoch": 40,
  "peak_worker_0_memory_MB": 2365.1484375,
  "peak_gpu_0_memory_MB": 89.33056640625,
  "training_duration": "0:00:18.816118",
  "training_start_epoch": 0,
  "training_epochs": 40,
  "epoch": 40,
  "training_accuracy": 0.6589054248679789,
  "training_loss": 1.9015493247345203,
  "training_worker_0_memory_MB": 2365.1484375,
  "training_gpu_0_memory_MB": 89.33056640625,
  "validation_accuracy": 0.7119205298013245,
  "validation_loss": 1.5972687125205993,
  "best_validation_accuracy": 0.7119205298013245,
  "best_validation_loss": 1.5972687125205993
}