{
  "best_epoch": 50,
  "peak_worker_0_memory_MB": 2365.1484375,
  "peak_gpu_0_memory_MB": 89.33056640625,
  "training_duration": "0:00:23.342235",
  "training_start_epoch": 0,
  "training_epochs": 50,
  "epoch": 50,
  "training_accuracy": 0.7299567930868939,
  "training_loss": 1.5203298748904512,
  "training_worker_0_memory_MB": 2365.1484375,
  "training_gpu_0_memory_MB": 89.33056640625,
  "validation_accuracy": 0.7268211920529801,
  "validation_loss": 1.3277676403522491,
  "best_validation_accuracy": 0.7268211920529801,
  "best_validation_loss": 1.3277676403522491
}