{
  "best_epoch": 64,
  "peak_worker_0_memory_MB": 2365.1484375,
  "peak_gpu_0_memory_MB": 89.33056640625,
  "training_duration": "0:00:29.708983",
  "training_start_epoch": 0,
  "training_epochs": 64,
  "epoch": 64,
  "training_accuracy": 0.8026884301488239,
  "training_loss": 1.1242913403583847,
  "training_worker_0_memory_MB": 2365.1484375,
  "training_gpu_0_memory_MB": 89.33056640625,
  "validation_accuracy": 0.7615894039735099,
  "validation_loss": 1.1574011087417602,
  "best_validation_accuracy": 0.7615894039735099,
  "best_validation_loss": 1.1574011087417602
}