{
  "best_epoch": 5,
  "peak_worker_0_memory_MB": 2313.5546875,
  "peak_gpu_0_memory_MB": 54.728515625,
  "training_duration": "0:00:02.284462",
  "training_start_epoch": 0,
  "training_epochs": 9,
  "epoch": 9,
  "training_accuracy": 0.9935427061931318,
  "training_loss": 0.044717634476169395,
  "training_worker_0_memory_MB": 2313.5546875,
  "training_gpu_0_memory_MB": 54.728515625,
  "validation_accuracy": 0.7947019867549668,
  "validation_loss": 0.939296555519104,
  "best_validation_accuracy": 0.7947019867549668,
  "best_validation_loss": 0.8605190455913544
}