{
  "best_epoch": 16,
  "peak_worker_0_memory_MB": 2271.57421875,
  "peak_gpu_0_memory_MB": 15.515625,
  "training_duration": "0:00:01.971568",
  "training_start_epoch": 0,
  "training_epochs": 23,
  "epoch": 23,
  "training_accuracy": 0.8860353130016051,
  "training_loss": 0.32855879366397855,
  "training_worker_0_memory_MB": 2271.57421875,
  "training_gpu_0_memory_MB": 15.515625,
  "validation_accuracy": 0.8129139072847682,
  "validation_loss": 1.1312520384788514,
  "best_validation_accuracy": 0.8145695364238411,
  "best_validation_loss": 1.089825415611267
}