{
  "best_epoch": 8,
  "peak_worker_0_memory_MB": 2269.44140625,
  "peak_gpu_0_memory_MB": 15.416015625,
  "training_duration": "0:00:01.165427",
  "training_start_epoch": 0,
  "training_epochs": 13,
  "epoch": 13,
  "training_accuracy": 0.8764044943820225,
  "training_loss": 0.33335288390517237,
  "training_worker_0_memory_MB": 2269.44140625,
  "training_gpu_0_memory_MB": 15.416015625,
  "validation_accuracy": 0.8029801324503312,
  "validation_loss": 1.1275470972061157,
  "best_validation_accuracy": 0.8195364238410596,
  "best_validation_loss": 1.0631804943084717
}