{
  "best_epoch": 10,
  "peak_worker_0_memory_MB": 2270.7265625,
  "peak_gpu_0_memory_MB": 8.73193359375,
  "training_duration": "0:00:02.002936",
  "training_start_epoch": 0,
  "training_epochs": 13,
  "epoch": 13,
  "training_accuracy": 0.9030505641454242,
  "training_loss": 0.41449439447177083,
  "training_worker_0_memory_MB": 2270.7265625,
  "training_gpu_0_memory_MB": 8.73193359375,
  "validation_accuracy": 0.8327814569536424,
  "validation_loss": 0.8812383532524108,
  "best_validation_accuracy": 0.8294701986754967,
  "best_validation_loss": 0.8595051169395447
}