{
  "best_epoch": 10,
  "peak_worker_0_memory_MB": 2268.2578125,
  "peak_gpu_0_memory_MB": 8.71728515625,
  "training_duration": "0:00:01.652868",
  "training_start_epoch": 0,
  "training_epochs": 11,
  "epoch": 11,
  "training_accuracy": 0.9109903886335144,
  "training_loss": 0.34480185100906774,
  "training_worker_0_memory_MB": 2268.2578125,
  "training_gpu_0_memory_MB": 8.71728515625,
  "validation_accuracy": 0.8294701986754967,
  "validation_loss": 0.8702631652355194,
  "best_validation_accuracy": 0.8311258278145696,
  "best_validation_loss": 0.8349786430597306
}