{
  "best_epoch": 69,
  "peak_worker_0_memory_MB": 2370.390625,
  "peak_gpu_0_memory_MB": 89.33056640625,
  "training_duration": "0:00:34.594411",
  "training_start_epoch": 0,
  "training_epochs": 72,
  "epoch": 72,
  "training_accuracy": 0.806168987037926,
  "training_loss": 0.821966607607048,
  "training_worker_0_memory_MB": 2370.390625,
  "training_gpu_0_memory_MB": 89.33056640625,
  "validation_accuracy": 0.793046357615894,
  "validation_loss": 0.9203534483909607,
  "best_validation_accuracy": 0.7963576158940397,
  "best_validation_loss": 0.9077846765518188
}