{
  "best_epoch": 53,
  "peak_worker_0_memory_MB": 2370.390625,
  "peak_gpu_0_memory_MB": 89.33056640625,
  "training_duration": "0:00:25.705832",
  "training_start_epoch": 0,
  "training_epochs": 53,
  "epoch": 53,
  "training_accuracy": 0.7530004800768123,
  "training_loss": 1.0868119984182694,
  "training_worker_0_memory_MB": 2370.390625,
  "training_gpu_0_memory_MB": 89.33056640625,
  "validation_accuracy": 0.7764900662251656,
  "validation_loss": 0.939670866727829,
  "best_validation_accuracy": 0.7764900662251656,
  "best_validation_loss": 0.939670866727829
}