{
  "best_epoch": 37,
  "peak_worker_0_memory_MB": 2370.390625,
  "peak_gpu_0_memory_MB": 89.33056640625,
  "training_duration": "0:00:17.972738",
  "training_start_epoch": 0,
  "training_epochs": 37,
  "epoch": 37,
  "training_accuracy": 0.6639462313970236,
  "training_loss": 1.4790628793585392,
  "training_worker_0_memory_MB": 2370.390625,
  "training_gpu_0_memory_MB": 89.33056640625,
  "validation_accuracy": 0.7649006622516556,
  "validation_loss": 1.0792405724525451,
  "best_validation_accuracy": 0.7649006622516556,
  "best_validation_loss": 1.0792405724525451
}