{
  "best_epoch": 83,
  "peak_worker_0_memory_MB": 2370.390625,
  "peak_gpu_0_memory_MB": 89.33056640625,
  "training_duration": "0:00:40.233838",
  "training_start_epoch": 0,
  "training_epochs": 84,
  "epoch": 84,
  "training_accuracy": 0.8355736917906865,
  "training_loss": 0.6995478593211137,
  "training_worker_0_memory_MB": 2370.390625,
  "training_gpu_0_memory_MB": 89.33056640625,
  "validation_accuracy": 0.8013245033112583,
  "validation_loss": 0.884837082028389,
  "best_validation_accuracy": 0.804635761589404,
  "best_validation_loss": 0.8844783693552017
}