{
  "best_epoch": 10,
  "peak_worker_0_memory_MB": 2287.45703125,
  "peak_gpu_0_memory_MB": 30.3212890625,
  "training_duration": "0:00:03.100813",
  "training_start_epoch": 0,
  "training_epochs": 18,
  "epoch": 18,
  "training_accuracy": 0.9431675720852486,
  "training_loss": 0.2051914983281964,
  "training_worker_0_memory_MB": 2287.45703125,
  "training_gpu_0_memory_MB": 30.3212890625,
  "validation_accuracy": 0.7996688741721855,
  "validation_loss": 0.9883869111537933,
  "best_validation_accuracy": 0.793046357615894,
  "best_validation_loss": 0.8896895766258239
}