{
  "best_epoch": 3,
  "peak_worker_0_memory_MB": 2287.45703125,
  "peak_gpu_0_memory_MB": 30.3212890625,
  "training_duration": "0:00:00.652496",
  "training_start_epoch": 0,
  "training_epochs": 3,
  "epoch": 3,
  "training_accuracy": 0.7726702883409946,
  "training_loss": 1.0757807320670079,
  "training_worker_0_memory_MB": 2287.45703125,
  "training_gpu_0_memory_MB": 30.3212890625,
  "validation_accuracy": 0.7715231788079471,
  "validation_loss": 1.0753894925117493,
  "best_validation_accuracy": 0.7715231788079471,
  "best_validation_loss": 1.0753894925117493
}