{
  "best_epoch": 40,
  "peak_worker_0_memory_MB": 2316.2890625,
  "peak_gpu_0_memory_MB": 62.47802734375,
  "training_duration": "0:00:11.376636",
  "training_start_epoch": 0,
  "training_epochs": 42,
  "epoch": 42,
  "training_accuracy": 0.8765807962529274,
  "training_loss": 0.6192205232470783,
  "training_worker_0_memory_MB": 2316.2890625,
  "training_gpu_0_memory_MB": 62.47802734375,
  "validation_accuracy": 0.7947019867549668,
  "validation_loss": 0.9348309576511383,
  "best_validation_accuracy": 0.7897350993377483,
  "best_validation_loss": 0.9170155167579651
}