{
  "best_epoch": 60,
  "peak_worker_0_memory_MB": 2316.2890625,
  "peak_gpu_0_memory_MB": 62.47802734375,
  "training_duration": "0:00:16.112757",
  "training_start_epoch": 0,
  "training_epochs": 60,
  "epoch": 60,
  "training_accuracy": 0.9271662763466042,
  "training_loss": 0.37363251509951123,
  "training_worker_0_memory_MB": 2316.2890625,
  "training_gpu_0_memory_MB": 62.47802734375,
  "validation_accuracy": 0.8112582781456954,
  "validation_loss": 0.8627967655658721,
  "best_validation_accuracy": 0.8112582781456954,
  "best_validation_loss": 0.8627967655658721
}