{
  "best_epoch": 40,
  "peak_worker_0_memory_MB": 2316.2890625,
  "peak_gpu_0_memory_MB": 62.47802734375,
  "training_duration": "0:00:10.863077",
  "training_start_epoch": 0,
  "training_epochs": 40,
  "epoch": 40,
  "training_accuracy": 0.868384074941452,
  "training_loss": 0.6599282915912458,
  "training_worker_0_memory_MB": 2316.2890625,
  "training_gpu_0_memory_MB": 62.47802734375,
  "validation_accuracy": 0.7897350993377483,
  "validation_loss": 0.9170155167579651,
  "best_validation_accuracy": 0.7897350993377483,
  "best_validation_loss": 0.9170155167579651
}