{
  "best_epoch": 27,
  "peak_worker_0_memory_MB": 2316.2890625,
  "peak_gpu_0_memory_MB": 62.47802734375,
  "training_duration": "0:00:07.640509",
  "training_start_epoch": 0,
  "training_epochs": 28,
  "epoch": 28,
  "training_accuracy": 0.8,
  "training_loss": 0.9895147040708742,
  "training_worker_0_memory_MB": 2316.2890625,
  "training_gpu_0_memory_MB": 62.47802734375,
  "validation_accuracy": 0.7781456953642384,
  "validation_loss": 1.0814080357551574,
  "best_validation_accuracy": 0.7764900662251656,
  "best_validation_loss": 1.0776858389377595
}