{
  "best_epoch": 61,
  "peak_worker_0_memory_MB": 2316.2890625,
  "peak_gpu_0_memory_MB": 62.47802734375,
  "training_duration": "0:00:17.660541",
  "training_start_epoch": 0,
  "training_epochs": 66,
  "epoch": 66,
  "training_accuracy": 0.931615925058548,
  "training_loss": 0.33728227241715386,
  "training_worker_0_memory_MB": 2316.2890625,
  "training_gpu_0_memory_MB": 62.47802734375,
  "validation_accuracy": 0.8129139072847682,
  "validation_loss": 0.8939703524112701,
  "best_validation_accuracy": 0.8096026490066225,
  "best_validation_loss": 0.8566029131412506
}