{
  "best_epoch": 61,
  "peak_worker_0_memory_MB": 2316.2890625,
  "peak_gpu_0_memory_MB": 62.47802734375,
  "training_duration": "0:00:18.191709",
  "training_start_epoch": 0,
  "training_epochs": 68,
  "epoch": 68,
  "training_accuracy": 0.9311475409836065,
  "training_loss": 0.3239374908048715,
  "training_worker_0_memory_MB": 2316.2890625,
  "training_gpu_0_memory_MB": 62.47802734375,
  "validation_accuracy": 0.8112582781456954,
  "validation_loss": 0.8911493718624115,
  "best_validation_accuracy": 0.8096026490066225,
  "best_validation_loss": 0.8566029131412506
}