{
  "best_epoch": 4,
  "peak_worker_0_memory_MB": 2318.34765625,
  "peak_gpu_0_memory_MB": 58.2568359375,
  "training_duration": "0:00:01.404034",
  "training_start_epoch": 0,
  "training_epochs": 4,
  "epoch": 4,
  "training_accuracy": 0.9571051473823141,
  "training_loss": 0.2504822515572111,
  "training_worker_0_memory_MB": 2318.34765625,
  "training_gpu_0_memory_MB": 58.2568359375,
  "validation_accuracy": 0.8079470198675497,
  "validation_loss": 0.9115649640560151,
  "best_validation_accuracy": 0.8079470198675497,
  "best_validation_loss": 0.9115649640560151
}