{
  "best_epoch": 0,
  "peak_worker_0_memory_MB": 2318.34765625,
  "peak_gpu_0_memory_MB": 58.2568359375,
  "training_duration": "0:00:00.264153",
  "training_start_epoch": 0,
  "training_epochs": 0,
  "epoch": 0,
  "training_accuracy": 0.2747470303563572,
  "training_loss": 3.270600484477149,
  "training_worker_0_memory_MB": 2318.34765625,
  "training_gpu_0_memory_MB": 58.2568359375,
  "validation_accuracy": 0.5397350993377483,
  "validation_loss": 2.395785093307495,
  "best_validation_accuracy": 0.5397350993377483,
  "best_validation_loss": 2.395785093307495
}