{
  "best_epoch": 1,
  "peak_worker_0_memory_MB": 2327.01171875,
  "peak_gpu_0_memory_MB": 69.92529296875,
  "training_duration": "0:00:00.503521",
  "training_start_epoch": 0,
  "training_epochs": 1,
  "epoch": 1,
  "training_accuracy": 0.17003959524857018,
  "training_loss": 3.378523369630178,
  "training_worker_0_memory_MB": 2327.01171875,
  "training_gpu_0_memory_MB": 69.92529296875,
  "validation_accuracy": 0.2781456953642384,
  "validation_loss": 3.1581637620925904,
  "best_validation_accuracy": 0.2781456953642384,
  "best_validation_loss": 3.1581637620925904
}