{
  "best_epoch": 11,
  "peak_worker_0_memory_MB": 2327.01171875,
  "peak_gpu_0_memory_MB": 69.92529296875,
  "training_duration": "0:00:03.059274",
  "training_start_epoch": 0,
  "training_epochs": 11,
  "epoch": 11,
  "training_accuracy": 0.7133743950725913,
  "training_loss": 1.3794251870777872,
  "training_worker_0_memory_MB": 2327.01171875,
  "training_gpu_0_memory_MB": 69.92529296875,
  "validation_accuracy": 0.7284768211920529,
  "validation_loss": 1.3372881650924682,
  "best_validation_accuracy": 0.7284768211920529,
  "best_validation_loss": 1.3372881650924682
}