{
  "best_epoch": 18,
  "peak_worker_0_memory_MB": 2327.01171875,
  "peak_gpu_0_memory_MB": 69.92529296875,
  "training_duration": "0:00:05.101968",
  "training_start_epoch": 0,
  "training_epochs": 19,
  "epoch": 19,
  "training_accuracy": 0.8550373955125385,
  "training_loss": 0.7665861391772827,
  "training_worker_0_memory_MB": 2327.01171875,
  "training_gpu_0_memory_MB": 69.92529296875,
  "validation_accuracy": 0.7864238410596026,
  "validation_loss": 1.004219114780426,
  "best_validation_accuracy": 0.7814569536423841,
  "best_validation_loss": 0.9879537761211395
}