{
  "best_epoch": 34,
  "peak_worker_0_memory_MB": 2327.01171875,
  "peak_gpu_0_memory_MB": 69.92529296875,
  "training_duration": "0:00:10.715691",
  "training_start_epoch": 0,
  "training_epochs": 41,
  "epoch": 41,
  "training_accuracy": 0.9414870215574132,
  "training_loss": 0.2892555986634559,
  "training_worker_0_memory_MB": 2327.01171875,
  "training_gpu_0_memory_MB": 69.92529296875,
  "validation_accuracy": 0.8062913907284768,
  "validation_loss": 0.9169904261827468,
  "best_validation_accuracy": 0.8079470198675497,
  "best_validation_loss": 0.8768692165613174
}