{
  "best_epoch": 14,
  "peak_worker_0_memory_MB": 2327.01171875,
  "peak_gpu_0_memory_MB": 69.92529296875,
  "training_duration": "0:00:03.825838",
  "training_start_epoch": 0,
  "training_epochs": 14,
  "epoch": 14,
  "training_accuracy": 0.7905851297844259,
  "training_loss": 1.099324508673615,
  "training_worker_0_memory_MB": 2327.01171875,
  "training_gpu_0_memory_MB": 69.92529296875,
  "validation_accuracy": 0.7582781456953642,
  "validation_loss": 1.134007328748703,
  "best_validation_accuracy": 0.7582781456953642,
  "best_validation_loss": 1.134007328748703
}