{
  "best_epoch": 10,
  "peak_worker_0_memory_MB": 2316.54296875,
  "peak_gpu_0_memory_MB": 51.12255859375,
  "training_duration": "0:00:09.155276",
  "training_start_epoch": 0,
  "training_epochs": 13,
  "epoch": 13,
  "training_accuracy": 0.8566652737150021,
  "training_loss": 0.5876246251558003,
  "training_worker_0_memory_MB": 2316.54296875,
  "training_gpu_0_memory_MB": 51.12255859375,
  "validation_accuracy": 0.7814569536423841,
  "validation_loss": 1.1246410608291626,
  "best_validation_accuracy": 0.7798013245033113,
  "best_validation_loss": 1.033134686946869
}