{
  "best_epoch": 7,
  "peak_worker_0_memory_MB": 2297.12109375,
  "peak_gpu_0_memory_MB": 50.91064453125,
  "training_duration": "0:00:05.473812",
  "training_start_epoch": 0,
  "training_epochs": 7,
  "epoch": 7,
  "training_accuracy": 0.4826577517760134,
  "training_loss": 2.2431560441067346,
  "training_worker_0_memory_MB": 2297.12109375,
  "training_gpu_0_memory_MB": 50.91064453125,
  "validation_accuracy": 0.6374172185430463,
  "validation_loss": 1.6634077668190002,
  "best_validation_accuracy": 0.6374172185430463,
  "best_validation_loss": 1.6634077668190002
}