{
  "best_epoch": 0,
  "peak_worker_0_memory_MB": 2314.08984375,
  "peak_gpu_0_memory_MB": 51.12255859375,
  "training_duration": "0:00:00.645470",
  "training_start_epoch": 0,
  "training_epochs": 0,
  "epoch": 0,
  "training_accuracy": 0.03175929795236105,
  "training_loss": 4.255514308025963,
  "training_worker_0_memory_MB": 2314.08984375,
  "training_gpu_0_memory_MB": 51.12255859375,
  "validation_accuracy": 0.1291390728476821,
  "validation_loss": 3.8315838098526003,
  "best_validation_accuracy": 0.1291390728476821,
  "best_validation_loss": 3.8315838098526003
}