{
  "best_epoch": 12,
  "peak_worker_0_memory_MB": 2314.08984375,
  "peak_gpu_0_memory_MB": 51.12255859375,
  "training_duration": "0:00:08.545130",
  "training_start_epoch": 0,
  "training_epochs": 12,
  "epoch": 12,
  "training_accuracy": 0.722524028416214,
  "training_loss": 1.1002533216225474,
  "training_worker_0_memory_MB": 2314.08984375,
  "training_gpu_0_memory_MB": 51.12255859375,
  "validation_accuracy": 0.7748344370860927,
  "validation_loss": 1.0107710778713226,
  "best_validation_accuracy": 0.7748344370860927,
  "best_validation_loss": 1.0107710778713226
}