{
  "best_epoch": 4,
  "peak_worker_0_memory_MB": 2319.48828125,
  "peak_gpu_0_memory_MB": 51.08984375,
  "training_duration": "0:00:01.302521",
  "training_start_epoch": 0,
  "training_epochs": 4,
  "epoch": 4,
  "training_accuracy": 0.4135831381733021,
  "training_loss": 2.8690117437448075,
  "training_worker_0_memory_MB": 2319.48828125,
  "training_gpu_0_memory_MB": 51.08984375,
  "validation_accuracy": 0.4966887417218543,
  "validation_loss": 2.6809834241867065,
  "best_validation_accuracy": 0.4966887417218543,
  "best_validation_loss": 2.6809834241867065
}