{
  "best_epoch": 40,
  "peak_worker_0_memory_MB": 2319.48828125,
  "peak_gpu_0_memory_MB": 51.08984375,
  "training_duration": "0:00:12.060553",
  "training_start_epoch": 0,
  "training_epochs": 45,
  "epoch": 45,
  "training_accuracy": 0.9772833723653396,
  "training_loss": 0.15664785978064608,
  "training_worker_0_memory_MB": 2319.48828125,
  "training_gpu_0_memory_MB": 51.08984375,
  "validation_accuracy": 0.7980132450331126,
  "validation_loss": 0.9112537682056427,
  "best_validation_accuracy": 0.7963576158940397,
  "best_validation_loss": 0.8821168273687363
}