{
  "best_epoch": 36,
  "peak_worker_0_memory_MB": 2319.48828125,
  "peak_gpu_0_memory_MB": 51.08984375,
  "training_duration": "0:00:10.002237",
  "training_start_epoch": 0,
  "training_epochs": 37,
  "epoch": 37,
  "training_accuracy": 0.964168618266979,
  "training_loss": 0.24126012378664158,
  "training_worker_0_memory_MB": 2319.48828125,
  "training_gpu_0_memory_MB": 51.08984375,
  "validation_accuracy": 0.7913907284768212,
  "validation_loss": 0.9219816863536835,
  "best_validation_accuracy": 0.7913907284768212,
  "best_validation_loss": 0.8927094995975494
}