{
  "best_epoch": 16,
  "peak_worker_0_memory_MB": 2313.5546875,
  "peak_gpu_0_memory_MB": 54.728515625,
  "training_duration": "0:00:03.801093",
  "training_start_epoch": 0,
  "training_epochs": 16,
  "epoch": 16,
  "training_accuracy": 0.9019665394775462,
  "training_loss": 0.6364805847406387,
  "training_worker_0_memory_MB": 2313.5546875,
  "training_gpu_0_memory_MB": 54.728515625,
  "validation_accuracy": 0.7715231788079471,
  "validation_loss": 1.0697919964790343,
  "best_validation_accuracy": 0.7715231788079471,
  "best_validation_loss": 1.0697919964790343
}