{
  "best_epoch": 10,
  "peak_worker_0_memory_MB": 2313.5546875,
  "peak_gpu_0_memory_MB": 54.728515625,
  "training_duration": "0:00:02.455673",
  "training_start_epoch": 0,
  "training_epochs": 10,
  "epoch": 10,
  "training_accuracy": 0.7992368652773701,
  "training_loss": 1.2782178697762665,
  "training_worker_0_memory_MB": 2313.5546875,
  "training_gpu_0_memory_MB": 54.728515625,
  "validation_accuracy": 0.7185430463576159,
  "validation_loss": 1.5056436717510224,
  "best_validation_accuracy": 0.7185430463576159,
  "best_validation_loss": 1.5056436717510224
}