{
  "best_epoch": 12,
  "peak_worker_0_memory_MB": 0,
  "training_duration": "0:00:07.134611",
  "training_start_epoch": 0,
  "training_epochs": 12,
  "epoch": 12,
  "training_accuracy": 0.7604166666666666,
  "training_loss": 1.5571645655130084,
  "training_reg_loss": 0.0,
  "training_worker_0_memory_MB": 0.0,
  "validation_accuracy": 0.6866666666666666,
  "validation_loss": 1.883140242099762,
  "validation_reg_loss": 0.0,
  "best_validation_accuracy": 0.6866666666666666,
  "best_validation_loss": 1.883140242099762,
  "best_validation_reg_loss": 0.0
}