{
  "best_epoch": 3,
  "peak_worker_0_memory_MB": 2271.57421875,
  "peak_gpu_0_memory_MB": 15.515625,
  "training_duration": "0:00:00.491769",
  "training_start_epoch": 0,
  "training_epochs": 5,
  "epoch": 5,
  "training_accuracy": 0.8659711075441413,
  "training_loss": 0.3950298435986042,
  "training_worker_0_memory_MB": 2271.57421875,
  "training_gpu_0_memory_MB": 15.515625,
  "validation_accuracy": 0.7897350993377483,
  "validation_loss": 1.1371429920196534,
  "best_validation_accuracy": 0.7980132450331126,
  "best_validation_loss": 1.1009782195091247
}