{
  "best_epoch": 1,
  "peak_worker_0_memory_MB": 2267.3125,
  "peak_gpu_0_memory_MB": 13.12939453125,
  "training_duration": "0:00:00.362649",
  "training_start_epoch": 0,
  "training_epochs": 3,
  "epoch": 3,
  "training_accuracy": 0.8467094703049759,
  "training_loss": 0.46263754591345785,
  "training_worker_0_memory_MB": 2267.3125,
  "training_gpu_0_memory_MB": 13.12939453125,
  "validation_accuracy": 0.6423841059602649,
  "validation_loss": 1.452291589975357,
  "best_validation_accuracy": 0.804635761589404,
  "best_validation_loss": 1.200840526819229
}