{
  "best_epoch": 6,
  "peak_worker_0_memory_MB": 2315.51171875,
  "peak_gpu_0_memory_MB": 51.84521484375,
  "training_duration": "0:00:02.343374",
  "training_start_epoch": 0,
  "training_epochs": 9,
  "epoch": 9,
  "training_accuracy": 0.9339740910990388,
  "training_loss": 0.2880670955698741,
  "training_worker_0_memory_MB": 2315.51171875,
  "training_gpu_0_memory_MB": 51.84521484375,
  "validation_accuracy": 0.7897350993377483,
  "validation_loss": 1.1158253312110902,
  "best_validation_accuracy": 0.7764900662251656,
  "best_validation_loss": 1.0756031930446626
}