{
  "best_epoch": 19,
  "peak_worker_0_memory_MB": 2271.06640625,
  "peak_gpu_0_memory_MB": 15.416015625,
  "training_duration": "0:00:02.040747",
  "training_start_epoch": 0,
  "training_epochs": 24,
  "epoch": 24,
  "training_accuracy": 0.8788121990369181,
  "training_loss": 0.3400669008493423,
  "training_worker_0_memory_MB": 2271.06640625,
  "training_gpu_0_memory_MB": 15.416015625,
  "validation_accuracy": 0.8112582781456954,
  "validation_loss": 1.1385055005550384,
  "best_validation_accuracy": 0.8178807947019867,
  "best_validation_loss": 1.07792729139328
}