{
  "best_epoch": 14,
  "peak_worker_0_memory_MB": 2271.06640625,
  "peak_gpu_0_memory_MB": 15.416015625,
  "training_duration": "0:00:01.480396",
  "training_start_epoch": 0,
  "training_epochs": 17,
  "epoch": 17,
  "training_accuracy": 0.8747993579454254,
  "training_loss": 0.44709410071372985,
  "training_worker_0_memory_MB": 2271.06640625,
  "training_gpu_0_memory_MB": 15.416015625,
  "validation_accuracy": 0.8245033112582781,
  "validation_loss": 1.0888578236103057,
  "best_validation_accuracy": 0.8112582781456954,
  "best_validation_loss": 1.0858313500881196
}