{
  "best_epoch": 43,
  "peak_worker_0_memory_MB": 2314.08984375,
  "peak_gpu_0_memory_MB": 51.12255859375,
  "training_duration": "0:00:29.377291",
  "training_start_epoch": 0,
  "training_epochs": 44,
  "epoch": 44,
  "training_accuracy": 0.6665273715002089,
  "training_loss": 1.3143496419254102,
  "training_worker_0_memory_MB": 2314.08984375,
  "training_gpu_0_memory_MB": 51.12255859375,
  "validation_accuracy": 0.7748344370860927,
  "validation_loss": 0.9384851515293121,
  "best_validation_accuracy": 0.7764900662251656,
  "best_validation_loss": 0.9310440003871918
}