{
  "best_epoch": 22,
  "peak_worker_0_memory_MB": 2314.08984375,
  "peak_gpu_0_memory_MB": 51.12255859375,
  "training_duration": "0:00:15.078954",
  "training_start_epoch": 0,
  "training_epochs": 22,
  "epoch": 22,
  "training_accuracy": 0.5223568742164647,
  "training_loss": 1.862025863245914,
  "training_worker_0_memory_MB": 2314.08984375,
  "training_gpu_0_memory_MB": 51.12255859375,
  "validation_accuracy": 0.7019867549668874,
  "validation_loss": 1.3399325609207153,
  "best_validation_accuracy": 0.7019867549668874,
  "best_validation_loss": 1.3399325609207153
}