{
  "best_epoch": 37,
  "peak_worker_0_memory_MB": 2314.08984375,
  "peak_gpu_0_memory_MB": 51.12255859375,
  "training_duration": "0:00:24.807471",
  "training_start_epoch": 0,
  "training_epochs": 37,
  "epoch": 37,
  "training_accuracy": 0.6527371500208943,
  "training_loss": 1.353951190647326,
  "training_worker_0_memory_MB": 2314.08984375,
  "training_gpu_0_memory_MB": 51.12255859375,
  "validation_accuracy": 0.7649006622516556,
  "validation_loss": 1.0025429725646973,
  "best_validation_accuracy": 0.7649006622516556,
  "best_validation_loss": 1.0025429725646973
}