{
  "best_epoch": 51,
  "peak_worker_0_memory_MB": 2314.08984375,
  "peak_gpu_0_memory_MB": 51.12255859375,
  "training_duration": "0:00:34.047197",
  "training_start_epoch": 0,
  "training_epochs": 51,
  "epoch": 51,
  "training_accuracy": 0.6857501044713749,
  "training_loss": 1.2105887030300342,
  "training_worker_0_memory_MB": 2314.08984375,
  "training_gpu_0_memory_MB": 51.12255859375,
  "validation_accuracy": 0.7864238410596026,
  "validation_loss": 0.9032258868217469,
  "best_validation_accuracy": 0.7864238410596026,
  "best_validation_loss": 0.9032258868217469
}