{
  "best_epoch": 27,
  "peak_worker_0_memory_MB": 2328.29296875,
  "peak_gpu_0_memory_MB": 64.7041015625,
  "training_duration": "0:00:07.308630",
  "training_start_epoch": 0,
  "training_epochs": 28,
  "epoch": 28,
  "training_accuracy": 0.2900422733677783,
  "training_loss": 2.856555098917947,
  "training_worker_0_memory_MB": 2328.29296875,
  "training_gpu_0_memory_MB": 64.7041015625,
  "validation_accuracy": 0.6009933774834437,
  "validation_loss": 2.263472592830658,
  "best_validation_accuracy": 0.5960264900662252,
  "best_validation_loss": 2.2545650959014893
}