{
  "best_epoch": 78,
  "peak_worker_0_memory_MB": 2328.29296875,
  "peak_gpu_0_memory_MB": 64.7041015625,
  "training_duration": "0:00:20.046309",
  "training_start_epoch": 0,
  "training_epochs": 78,
  "epoch": 78,
  "training_accuracy": 0.3893846876467825,
  "training_loss": 2.316090035794386,
  "training_worker_0_memory_MB": 2328.29296875,
  "training_gpu_0_memory_MB": 64.7041015625,
  "validation_accuracy": 0.7185430463576159,
  "validation_loss": 1.441413938999176,
  "best_validation_accuracy": 0.7185430463576159,
  "best_validation_loss": 1.441413938999176
}