{
  "best_epoch": 19,
  "peak_worker_0_memory_MB": 2328.29296875,
  "peak_gpu_0_memory_MB": 64.7041015625,
  "training_duration": "0:00:05.020021",
  "training_start_epoch": 0,
  "training_epochs": 19,
  "epoch": 19,
  "training_accuracy": 0.244246124941287,
  "training_loss": 3.0642470210345825,
  "training_worker_0_memory_MB": 2328.29296875,
  "training_gpu_0_memory_MB": 64.7041015625,
  "validation_accuracy": 0.5298013245033113,
  "validation_loss": 2.5538148164749144,
  "best_validation_accuracy": 0.5298013245033113,
  "best_validation_loss": 2.5538148164749144
}