{
  "best_epoch": 2,
  "peak_worker_0_memory_MB": 2328.29296875,
  "peak_gpu_0_memory_MB": 64.7041015625,
  "training_duration": "0:00:00.727347",
  "training_start_epoch": 0,
  "training_epochs": 2,
  "epoch": 2,
  "training_accuracy": 0.09488022545796149,
  "training_loss": 3.848115394364542,
  "training_worker_0_memory_MB": 2328.29296875,
  "training_gpu_0_memory_MB": 64.7041015625,
  "validation_accuracy": 0.2682119205298013,
  "validation_loss": 3.5407883405685423,
  "best_validation_accuracy": 0.2682119205298013,
  "best_validation_loss": 3.5407883405685423
}