{
  "best_epoch": 19,
  "peak_worker_0_memory_MB": 2328.29296875,
  "peak_gpu_0_memory_MB": 64.7041015625,
  "training_duration": "0:00:05.274147",
  "training_start_epoch": 0,
  "training_epochs": 20,
  "epoch": 20,
  "training_accuracy": 0.24682949741662752,
  "training_loss": 3.0528957523516755,
  "training_worker_0_memory_MB": 2328.29296875,
  "training_gpu_0_memory_MB": 64.7041015625,
  "validation_accuracy": 0.543046357615894,
  "validation_loss": 2.561908543109894,
  "best_validation_accuracy": 0.5298013245033113,
  "best_validation_loss": 2.5538148164749144
}