{
  "best_epoch": 0,
  "peak_worker_0_memory_MB": 2328.29296875,
  "peak_gpu_0_memory_MB": 64.7041015625,
  "training_duration": "0:00:00.233021",
  "training_start_epoch": 0,
  "training_epochs": 0,
  "epoch": 0,
  "training_accuracy": 0.024659464537341476,
  "training_loss": 4.256508165331029,
  "training_worker_0_memory_MB": 2328.29296875,
  "training_gpu_0_memory_MB": 64.7041015625,
  "validation_accuracy": 0.1837748344370861,
  "validation_loss": 4.0319520235061646,
  "best_validation_accuracy": 0.1837748344370861,
  "best_validation_loss": 4.0319520235061646
}