{
  "best_epoch": 89,
  "peak_worker_0_memory_MB": 2328.29296875,
  "peak_gpu_0_memory_MB": 64.7041015625,
  "training_duration": "0:00:22.844651",
  "training_start_epoch": 0,
  "training_epochs": 89,
  "epoch": 89,
  "training_accuracy": 0.39008924377642085,
  "training_loss": 2.271805713425821,
  "training_worker_0_memory_MB": 2328.29296875,
  "training_gpu_0_memory_MB": 64.7041015625,
  "validation_accuracy": 0.7350993377483444,
  "validation_loss": 1.3725723147392273,
  "best_validation_accuracy": 0.7350993377483444,
  "best_validation_loss": 1.3725723147392273
}