{
  "best_epoch": 2,
  "peak_worker_0_memory_MB": 2311.93359375,
  "peak_gpu_0_memory_MB": 51.12255859375,
  "training_duration": "0:00:02.608404",
  "training_start_epoch": 0,
  "training_epochs": 3,
  "epoch": 3,
  "training_accuracy": 0.6836606769745089,
  "training_loss": 1.350665365394793,
  "training_worker_0_memory_MB": 2311.93359375,
  "training_gpu_0_memory_MB": 51.12255859375,
  "validation_accuracy": 0.7566225165562914,
  "validation_loss": 1.1675898253917694,
  "best_validation_accuracy": 0.7533112582781457,
  "best_validation_loss": 1.0937651365995407
}