{
  "best_epoch": 3,
  "peak_worker_0_memory_MB": 2271.328125,
  "peak_gpu_0_memory_MB": 15.515625,
  "training_duration": "0:00:00.318709",
  "training_start_epoch": 0,
  "training_epochs": 3,
  "epoch": 3,
  "training_accuracy": 0.3467094703049759,
  "training_loss": 3.2629964113235475,
  "training_worker_0_memory_MB": 2271.328125,
  "training_gpu_0_memory_MB": 15.515625,
  "validation_accuracy": 0.5397350993377483,
  "validation_loss": 3.0263461589813234,
  "best_validation_accuracy": 0.5397350993377483,
  "best_validation_loss": 3.0263461589813234
}