{
  "best_epoch": 14,
  "peak_worker_0_memory_MB": 2271.328125,
  "peak_gpu_0_memory_MB": 15.515625,
  "training_duration": "0:00:01.168842",
  "training_start_epoch": 0,
  "training_epochs": 14,
  "epoch": 14,
  "training_accuracy": 0.8547351524879615,
  "training_loss": 0.7262165516614913,
  "training_worker_0_memory_MB": 2271.328125,
  "training_gpu_0_memory_MB": 15.515625,
  "validation_accuracy": 0.8062913907284768,
  "validation_loss": 1.18303102850914,
  "best_validation_accuracy": 0.8062913907284768,
  "best_validation_loss": 1.18303102850914
}