{
  "best_epoch": 29,
  "peak_worker_0_memory_MB": 2271.328125,
  "peak_gpu_0_memory_MB": 15.515625,
  "training_duration": "0:00:02.711058",
  "training_start_epoch": 0,
  "training_epochs": 34,
  "epoch": 34,
  "training_accuracy": 0.8860353130016051,
  "training_loss": 0.31057730242609977,
  "training_worker_0_memory_MB": 2271.328125,
  "training_gpu_0_memory_MB": 15.515625,
  "validation_accuracy": 0.8162251655629139,
  "validation_loss": 1.1704769730567932,
  "best_validation_accuracy": 0.8195364238410596,
  "best_validation_loss": 1.1147733092308045
}