{
  "best_epoch": 10,
  "peak_worker_0_memory_MB": 2287.21484375,
  "peak_gpu_0_memory_MB": 30.3212890625,
  "training_duration": "0:00:01.793842",
  "training_start_epoch": 0,
  "training_epochs": 10,
  "epoch": 10,
  "training_accuracy": 0.890513999164229,
  "training_loss": 0.5355775905282874,
  "training_worker_0_memory_MB": 2287.21484375,
  "training_gpu_0_memory_MB": 30.3212890625,
  "validation_accuracy": 0.7831125827814569,
  "validation_loss": 0.925506716966629,
  "best_validation_accuracy": 0.7831125827814569,
  "best_validation_loss": 0.925506716966629
}