{
  "best_epoch": 0,
  "peak_worker_0_memory_MB": 2316.03515625,
  "peak_gpu_0_memory_MB": 62.47802734375,
  "training_duration": "0:00:00.246229",
  "training_start_epoch": 0,
  "training_epochs": 0,
  "epoch": 0,
  "training_accuracy": 0.2079625292740047,
  "training_loss": 3.6274763363510814,
  "training_worker_0_memory_MB": 2316.03515625,
  "training_gpu_0_memory_MB": 62.47802734375,
  "validation_accuracy": 0.39072847682119205,
  "validation_loss": 2.9776103496551514,
  "best_validation_accuracy": 0.39072847682119205,
  "best_validation_loss": 2.9776103496551514
}