{
  "best_epoch": 0,
  "peak_worker_0_memory_MB": 2284.52734375,
  "peak_gpu_0_memory_MB": 30.3212890625,
  "training_duration": "0:00:00.150662",
  "training_start_epoch": 0,
  "training_epochs": 0,
  "epoch": 0,
  "training_accuracy": 0.21855411617216883,
  "training_loss": 3.4419688864758142,
  "training_worker_0_memory_MB": 2284.52734375,
  "training_gpu_0_memory_MB": 30.3212890625,
  "validation_accuracy": 0.3741721854304636,
  "validation_loss": 2.946700429916382,
  "best_validation_accuracy": 0.3741721854304636,
  "best_validation_loss": 2.946700429916382
}