{
  "best_epoch": 10,
  "peak_worker_0_memory_MB": 2284.52734375,
  "peak_gpu_0_memory_MB": 30.3212890625,
  "training_duration": "0:00:02.687027",
  "training_start_epoch": 0,
  "training_epochs": 15,
  "epoch": 15,
  "training_accuracy": 0.9715837860426243,
  "training_loss": 0.14352760709037907,
  "training_worker_0_memory_MB": 2284.52734375,
  "training_gpu_0_memory_MB": 30.3212890625,
  "validation_accuracy": 0.7996688741721855,
  "validation_loss": 0.8767926782369614,
  "best_validation_accuracy": 0.7963576158940397,
  "best_validation_loss": 0.8683069050312042
}