{
  "best_epoch": 10,
  "peak_worker_0_memory_MB": 2284.52734375,
  "peak_gpu_0_memory_MB": 30.3212890625,
  "training_duration": "0:00:02.847677",
  "training_start_epoch": 0,
  "training_epochs": 16,
  "epoch": 16,
  "training_accuracy": 0.9720016715419975,
  "training_loss": 0.1314025270311456,
  "training_worker_0_memory_MB": 2284.52734375,
  "training_gpu_0_memory_MB": 30.3212890625,
  "validation_accuracy": 0.7963576158940397,
  "validation_loss": 0.9302119612693787,
  "best_validation_accuracy": 0.7963576158940397,
  "best_validation_loss": 0.8683069050312042
}