{
  "best_epoch": 4,
  "peak_worker_0_memory_MB": 2298.41015625,
  "peak_gpu_0_memory_MB": 50.91064453125,
  "training_duration": "0:00:03.318760",
  "training_start_epoch": 0,
  "training_epochs": 4,
  "epoch": 4,
  "training_accuracy": 0.1521103217718345,
  "training_loss": 3.5475654790275977,
  "training_worker_0_memory_MB": 2298.41015625,
  "training_gpu_0_memory_MB": 50.91064453125,
  "validation_accuracy": 0.25,
  "validation_loss": 3.0915842294692992,
  "best_validation_accuracy": 0.25,
  "best_validation_loss": 3.0915842294692992
}