{
  "best_epoch": 30,
  "peak_worker_0_memory_MB": 2298.41015625,
  "peak_gpu_0_memory_MB": 50.91064453125,
  "training_duration": "0:00:22.607846",
  "training_start_epoch": 0,
  "training_epochs": 33,
  "epoch": 33,
  "training_accuracy": 0.46844964479732554,
  "training_loss": 2.2076974448404814,
  "training_worker_0_memory_MB": 2298.41015625,
  "training_gpu_0_memory_MB": 50.91064453125,
  "validation_accuracy": 0.6970198675496688,
  "validation_loss": 1.383307296037674,
  "best_validation_accuracy": 0.6771523178807947,
  "best_validation_loss": 1.3671543061733247
}