{
  "best_epoch": 80,
  "peak_worker_0_memory_MB": 2298.41015625,
  "peak_gpu_0_memory_MB": 50.91064453125,
  "training_duration": "0:00:53.883321",
  "training_start_epoch": 0,
  "training_epochs": 80,
  "epoch": 80,
  "training_accuracy": 0.5332218972001671,
  "training_loss": 1.91310201193157,
  "training_worker_0_memory_MB": 2298.41015625,
  "training_gpu_0_memory_MB": 50.91064453125,
  "validation_accuracy": 0.7350993377483444,
  "validation_loss": 1.1130715072155,
  "best_validation_accuracy": 0.7350993377483444,
  "best_validation_loss": 1.1130715072155
}