{
  "best_epoch": 44,
  "peak_worker_0_memory_MB": 2298.41015625,
  "peak_gpu_0_memory_MB": 50.91064453125,
  "training_duration": "0:00:29.906198",
  "training_start_epoch": 0,
  "training_epochs": 44,
  "epoch": 44,
  "training_accuracy": 0.5073129962390305,
  "training_loss": 2.037615882722955,
  "training_worker_0_memory_MB": 2298.41015625,
  "training_gpu_0_memory_MB": 50.91064453125,
  "validation_accuracy": 0.7168874172185431,
  "validation_loss": 1.264901065826416,
  "best_validation_accuracy": 0.7168874172185431,
  "best_validation_loss": 1.264901065826416
}