{
  "best_epoch": 51,
  "peak_worker_0_memory_MB": 2298.41015625,
  "peak_gpu_0_memory_MB": 50.91064453125,
  "training_duration": "0:00:34.602601",
  "training_start_epoch": 0,
  "training_epochs": 51,
  "epoch": 51,
  "training_accuracy": 0.5114918512327622,
  "training_loss": 2.0592211422167326,
  "training_worker_0_memory_MB": 2298.41015625,
  "training_gpu_0_memory_MB": 50.91064453125,
  "validation_accuracy": 0.7268211920529801,
  "validation_loss": 1.2245688676834106,
  "best_validation_accuracy": 0.7268211920529801,
  "best_validation_loss": 1.2245688676834106
}