{
  "best_epoch": 34,
  "peak_worker_0_memory_MB": 2298.41015625,
  "peak_gpu_0_memory_MB": 50.91064453125,
  "training_duration": "0:00:23.264872",
  "training_start_epoch": 0,
  "training_epochs": 34,
  "epoch": 34,
  "training_accuracy": 0.467195988299206,
  "training_loss": 2.21523601444144,
  "training_worker_0_memory_MB": 2298.41015625,
  "training_gpu_0_memory_MB": 50.91064453125,
  "validation_accuracy": 0.7036423841059603,
  "validation_loss": 1.3629862427711488,
  "best_validation_accuracy": 0.7036423841059603,
  "best_validation_loss": 1.3629862427711488
}