{
  "best_epoch": 64,
  "peak_worker_0_memory_MB": 2298.41015625,
  "peak_gpu_0_memory_MB": 50.91064453125,
  "training_duration": "0:00:43.228032",
  "training_start_epoch": 0,
  "training_epochs": 64,
  "epoch": 64,
  "training_accuracy": 0.552444630171333,
  "training_loss": 1.8888607903530723,
  "training_worker_0_memory_MB": 2298.41015625,
  "training_gpu_0_memory_MB": 50.91064453125,
  "validation_accuracy": 0.7400662251655629,
  "validation_loss": 1.1337341129779817,
  "best_validation_accuracy": 0.7400662251655629,
  "best_validation_loss": 1.1337341129779817
}