{
  "best_epoch": 12,
  "peak_worker_0_memory_MB": 2298.41015625,
  "peak_gpu_0_memory_MB": 50.91064453125,
  "training_duration": "0:00:08.652514",
  "training_start_epoch": 0,
  "training_epochs": 12,
  "epoch": 12,
  "training_accuracy": 0.33765148349352275,
  "training_loss": 2.7575521218149284,
  "training_worker_0_memory_MB": 2298.41015625,
  "training_gpu_0_memory_MB": 50.91064453125,
  "validation_accuracy": 0.5993377483443708,
  "validation_loss": 2.075628125667572,
  "best_validation_accuracy": 0.5993377483443708,
  "best_validation_loss": 2.075628125667572
}