{
  "best_epoch": 40,
  "peak_worker_0_memory_MB": 2298.41015625,
  "peak_gpu_0_memory_MB": 50.91064453125,
  "training_duration": "0:00:27.242121",
  "training_start_epoch": 0,
  "training_epochs": 40,
  "epoch": 40,
  "training_accuracy": 0.5002089427496866,
  "training_loss": 2.0822472039021944,
  "training_worker_0_memory_MB": 2298.41015625,
  "training_gpu_0_memory_MB": 50.91064453125,
  "validation_accuracy": 0.7086092715231788,
  "validation_loss": 1.3101828277111054,
  "best_validation_accuracy": 0.7086092715231788,
  "best_validation_loss": 1.3101828277111054
}