{
  "best_epoch": 25,
  "peak_worker_0_memory_MB": 2371.23046875,
  "peak_gpu_0_memory_MB": 89.33056640625,
  "training_duration": "0:00:15.775990",
  "training_start_epoch": 0,
  "training_epochs": 32,
  "epoch": 32,
  "training_accuracy": 0.9534325492078732,
  "training_loss": 0.21487682312726974,
  "training_worker_0_memory_MB": 2371.23046875,
  "training_gpu_0_memory_MB": 89.33056640625,
  "validation_accuracy": 0.804635761589404,
  "validation_loss": 0.9501290500164032,
  "best_validation_accuracy": 0.8029801324503312,
  "best_validation_loss": 0.8924868792295456
}