{
  "best_epoch": 9,
  "peak_worker_0_memory_MB": 2371.23046875,
  "peak_gpu_0_memory_MB": 89.33056640625,
  "training_duration": "0:00:04.781913",
  "training_start_epoch": 0,
  "training_epochs": 9,
  "epoch": 9,
  "training_accuracy": 0.7430388862217955,
  "training_loss": 1.2085825550647182,
  "training_worker_0_memory_MB": 2371.23046875,
  "training_gpu_0_memory_MB": 89.33056640625,
  "validation_accuracy": 0.7748344370860927,
  "validation_loss": 0.9918562561273575,
  "best_validation_accuracy": 0.7748344370860927,
  "best_validation_loss": 0.9918562561273575
}