{
  "best_epoch": 25,
  "peak_worker_0_memory_MB": 2371.23046875,
  "peak_gpu_0_memory_MB": 89.33056640625,
  "training_duration": "0:00:13.866273",
  "training_start_epoch": 0,
  "training_epochs": 28,
  "epoch": 28,
  "training_accuracy": 0.9470715314450312,
  "training_loss": 0.25520552927983625,
  "training_worker_0_memory_MB": 2371.23046875,
  "training_gpu_0_memory_MB": 89.33056640625,
  "validation_accuracy": 0.804635761589404,
  "validation_loss": 0.9245245695114136,
  "best_validation_accuracy": 0.8029801324503312,
  "best_validation_loss": 0.8924868792295456
}