{
  "best_epoch": 28,
  "peak_worker_0_memory_MB": 2313.5546875,
  "peak_gpu_0_memory_MB": 54.728515625,
  "training_duration": "0:00:06.835557",
  "training_start_epoch": 0,
  "training_epochs": 31,
  "epoch": 31,
  "training_accuracy": 0.9574405635456413,
  "training_loss": 0.23515297362097987,
  "training_worker_0_memory_MB": 2313.5546875,
  "training_gpu_0_memory_MB": 54.728515625,
  "validation_accuracy": 0.7947019867549668,
  "validation_loss": 0.927692574262619,
  "best_validation_accuracy": 0.7897350993377483,
  "best_validation_loss": 0.9200529038906098
}