{
  "best_epoch": 42,
  "peak_worker_0_memory_MB": 2313.5546875,
  "peak_gpu_0_memory_MB": 54.728515625,
  "training_duration": "0:00:09.403162",
  "training_start_epoch": 0,
  "training_epochs": 43,
  "epoch": 43,
  "training_accuracy": 0.9791605518051071,
  "training_loss": 0.1215304434299469,
  "training_worker_0_memory_MB": 2313.5546875,
  "training_gpu_0_memory_MB": 54.728515625,
  "validation_accuracy": 0.7980132450331126,
  "validation_loss": 0.8974436938762664,
  "best_validation_accuracy": 0.7947019867549668,
  "best_validation_loss": 0.8726108312606812
}