{
  "best_epoch": 25,
  "peak_worker_0_memory_MB": 2269.69921875,
  "peak_gpu_0_memory_MB": 8.73193359375,
  "training_duration": "0:00:03.852736",
  "training_start_epoch": 0,
  "training_epochs": 27,
  "epoch": 27,
  "training_accuracy": 0.9134977016297534,
  "training_loss": 0.33566665257278244,
  "training_worker_0_memory_MB": 2269.69921875,
  "training_gpu_0_memory_MB": 8.73193359375,
  "validation_accuracy": 0.8261589403973509,
  "validation_loss": 0.8310947567224503,
  "best_validation_accuracy": 0.8294701986754967,
  "best_validation_loss": 0.8267972141504287
}