{
  "best_epoch": 1,
  "peak_worker_0_memory_MB": 2297.67578125,
  "peak_gpu_0_memory_MB": 47.5224609375,
  "training_duration": "0:00:02.662094",
  "training_start_epoch": 0,
  "training_epochs": 10,
  "epoch": 10,
  "training_accuracy": 0.9899707480150439,
  "training_loss": 0.0475586700976189,
  "training_worker_0_memory_MB": 2297.67578125,
  "training_gpu_0_memory_MB": 47.5224609375,
  "validation_accuracy": 0.7814569536423841,
  "validation_loss": 1.889287504553795,
  "best_validation_accuracy": 0.7781456953642384,
  "best_validation_loss": 1.1525135397911073
}