{
  "best_epoch": 1,
  "peak_worker_0_memory_MB": 2273.13671875,
  "peak_gpu_0_memory_MB": 15.416015625,
  "training_duration": "0:00:00.171555",
  "training_start_epoch": 0,
  "training_epochs": 1,
  "epoch": 1,
  "training_accuracy": 0.31380417335473515,
  "training_loss": 3.930769956111908,
  "training_worker_0_memory_MB": 2273.13671875,
  "training_gpu_0_memory_MB": 15.416015625,
  "validation_accuracy": 0.5198675496688742,
  "validation_loss": 3.7527700901031493,
  "best_validation_accuracy": 0.5198675496688742,
  "best_validation_loss": 3.7527700901031493
}