{
  "best_epoch": 11,
  "peak_worker_0_memory_MB": 2328.3125,
  "peak_gpu_0_memory_MB": 64.7041015625,
  "training_duration": "0:00:03.447397",
  "training_start_epoch": 0,
  "training_epochs": 13,
  "epoch": 13,
  "training_accuracy": 0.9889619539689996,
  "training_loss": 0.06450679172664436,
  "training_worker_0_memory_MB": 2328.3125,
  "training_gpu_0_memory_MB": 64.7041015625,
  "validation_accuracy": 0.8162251655629139,
  "validation_loss": 0.9720566272735596,
  "best_validation_accuracy": 0.8129139072847682,
  "best_validation_loss": 0.9311946749687194
}