{
  "best_epoch": 25,
  "peak_worker_0_memory_MB": 2379.60546875,
  "peak_gpu_0_memory_MB": 89.33056640625,
  "training_duration": "0:00:15.046321",
  "training_start_epoch": 0,
  "training_epochs": 30,
  "epoch": 30,
  "training_accuracy": 0.8622179548727796,
  "training_loss": 0.5183577945896687,
  "training_worker_0_memory_MB": 2379.60546875,
  "training_gpu_0_memory_MB": 89.33056640625,
  "validation_accuracy": 0.8029801324503312,
  "validation_loss": 0.9544755220413208,
  "best_validation_accuracy": 0.8029801324503312,
  "best_validation_loss": 0.9031172603368759
}