{
  "best_epoch": 9,
  "peak_worker_0_memory_MB": 2379.60546875,
  "peak_gpu_0_memory_MB": 89.33056640625,
  "training_duration": "0:00:05.382200",
  "training_start_epoch": 0,
  "training_epochs": 10,
  "epoch": 10,
  "training_accuracy": 0.6754680748919827,
  "training_loss": 1.3697770970468304,
  "training_worker_0_memory_MB": 2379.60546875,
  "training_gpu_0_memory_MB": 89.33056640625,
  "validation_accuracy": 0.7764900662251656,
  "validation_loss": 1.0201391339302064,
  "best_validation_accuracy": 0.7731788079470199,
  "best_validation_loss": 1.0112076997756958
}