{
  "best_epoch": 44,
  "peak_worker_0_memory_MB": 2328.29296875,
  "peak_gpu_0_memory_MB": 64.7041015625,
  "training_duration": "0:00:12.973166",
  "training_start_epoch": 0,
  "training_epochs": 53,
  "epoch": 53,
  "training_accuracy": 0.9812118365429779,
  "training_loss": 0.09735013778085139,
  "training_worker_0_memory_MB": 2328.29296875,
  "training_gpu_0_memory_MB": 64.7041015625,
  "validation_accuracy": 0.8029801324503312,
  "validation_loss": 0.9855498969554901,
  "best_validation_accuracy": 0.7996688741721855,
  "best_validation_loss": 0.9417504012584687
}