{
  "best_epoch": 7,
  "peak_worker_0_memory_MB": 2328.29296875,
  "peak_gpu_0_memory_MB": 64.7041015625,
  "training_duration": "0:00:01.919691",
  "training_start_epoch": 0,
  "training_epochs": 7,
  "epoch": 7,
  "training_accuracy": 0.5622357914513856,
  "training_loss": 2.2081754029686773,
  "training_worker_0_memory_MB": 2328.29296875,
  "training_gpu_0_memory_MB": 64.7041015625,
  "validation_accuracy": 0.6026490066225165,
  "validation_loss": 2.121957230567932,
  "best_validation_accuracy": 0.6026490066225165,
  "best_validation_loss": 2.121957230567932
}