{
  "best_epoch": 8,
  "peak_worker_0_memory_MB": 2328.29296875,
  "peak_gpu_0_memory_MB": 64.7041015625,
  "training_duration": "0:00:02.160137",
  "training_start_epoch": 0,
  "training_epochs": 8,
  "epoch": 8,
  "training_accuracy": 0.624706434945984,
  "training_loss": 1.9904732277144248,
  "training_worker_0_memory_MB": 2328.29296875,
  "training_gpu_0_memory_MB": 64.7041015625,
  "validation_accuracy": 0.6341059602649006,
  "validation_loss": 1.9458999991416932,
  "best_validation_accuracy": 0.6341059602649006,
  "best_validation_loss": 1.9458999991416932
}