{
  "best_epoch": 10,
  "peak_worker_0_memory_MB": 2328.29296875,
  "peak_gpu_0_memory_MB": 64.7041015625,
  "training_duration": "0:00:02.639991",
  "training_start_epoch": 0,
  "training_epochs": 10,
  "epoch": 10,
  "training_accuracy": 0.7181775481446688,
  "training_loss": 1.6120405428445161,
  "training_worker_0_memory_MB": 2328.29296875,
  "training_gpu_0_memory_MB": 64.7041015625,
  "validation_accuracy": 0.6920529801324503,
  "validation_loss": 1.66230765581131,
  "best_validation_accuracy": 0.6920529801324503,
  "best_validation_loss": 1.66230765581131
}