{
  "best_epoch": 9,
  "peak_worker_0_memory_MB": 2328.29296875,
  "peak_gpu_0_memory_MB": 64.7041015625,
  "training_duration": "0:00:02.400517",
  "training_start_epoch": 0,
  "training_epochs": 9,
  "epoch": 9,
  "training_accuracy": 0.6775481446688586,
  "training_loss": 1.7902805716244143,
  "training_worker_0_memory_MB": 2328.29296875,
  "training_gpu_0_memory_MB": 64.7041015625,
  "validation_accuracy": 0.6672185430463576,
  "validation_loss": 1.8212011337280274,
  "best_validation_accuracy": 0.6672185430463576,
  "best_validation_loss": 1.8212011337280274
}