{
  "best_epoch": 16,
  "peak_worker_0_memory_MB": 2309.84765625,
  "peak_gpu_0_memory_MB": 42.29736328125,
  "training_duration": "0:00:05.915529",
  "training_start_epoch": 0,
  "training_epochs": 22,
  "epoch": 22,
  "training_accuracy": 0.9843091334894614,
  "training_loss": 0.10021909743325035,
  "training_worker_0_memory_MB": 2309.84765625,
  "training_gpu_0_memory_MB": 42.29736328125,
  "validation_accuracy": 0.8029801324503312,
  "validation_loss": 0.9250263750553132,
  "best_validation_accuracy": 0.8013245033112583,
  "best_validation_loss": 0.870865797996521
}