{
  "best_epoch": 9,
  "peak_worker_0_memory_MB": 2309.84765625,
  "peak_gpu_0_memory_MB": 42.29736328125,
  "training_duration": "0:00:02.599073",
  "training_start_epoch": 0,
  "training_epochs": 9,
  "epoch": 9,
  "training_accuracy": 0.9030444964871195,
  "training_loss": 0.5594505191738925,
  "training_worker_0_memory_MB": 2309.84765625,
  "training_gpu_0_memory_MB": 42.29736328125,
  "validation_accuracy": 0.7897350993377483,
  "validation_loss": 0.9800557374954224,
  "best_validation_accuracy": 0.7897350993377483,
  "best_validation_loss": 0.9800557374954224
}