{
  "best_epoch": 32,
  "peak_worker_0_memory_MB": 2327.01171875,
  "peak_gpu_0_memory_MB": 69.92529296875,
  "training_duration": "0:00:08.764986",
  "training_start_epoch": 0,
  "training_epochs": 33,
  "epoch": 33,
  "training_accuracy": 0.8840739111306644,
  "training_loss": 0.6310769216054015,
  "training_worker_0_memory_MB": 2327.01171875,
  "training_gpu_0_memory_MB": 69.92529296875,
  "validation_accuracy": 0.7947019867549668,
  "validation_loss": 0.9542140245437623,
  "best_validation_accuracy": 0.7963576158940397,
  "best_validation_loss": 0.9330091714859009
}