{
  "best_epoch": 45,
  "peak_worker_0_memory_MB": 2327.01171875,
  "peak_gpu_0_memory_MB": 69.92529296875,
  "training_duration": "0:00:12.399273",
  "training_start_epoch": 0,
  "training_epochs": 47,
  "epoch": 47,
  "training_accuracy": 0.9170699516058073,
  "training_loss": 0.4150931424357825,
  "training_worker_0_memory_MB": 2327.01171875,
  "training_gpu_0_memory_MB": 69.92529296875,
  "validation_accuracy": 0.8079470198675497,
  "validation_loss": 0.8697655141353607,
  "best_validation_accuracy": 0.8079470198675497,
  "best_validation_loss": 0.8634781301021576
}