{
  "best_epoch": 17,
  "peak_worker_0_memory_MB": 2327.01171875,
  "peak_gpu_0_memory_MB": 69.92529296875,
  "training_duration": "0:00:04.626201",
  "training_start_epoch": 0,
  "training_epochs": 17,
  "epoch": 17,
  "training_accuracy": 0.7351517817861857,
  "training_loss": 1.307072386973434,
  "training_worker_0_memory_MB": 2327.01171875,
  "training_gpu_0_memory_MB": 69.92529296875,
  "validation_accuracy": 0.7433774834437086,
  "validation_loss": 1.287968134880066,
  "best_validation_accuracy": 0.7433774834437086,
  "best_validation_loss": 1.287968134880066
}