{
  "best_epoch": 2,
  "peak_worker_0_memory_MB": 2271.32421875,
  "peak_gpu_0_memory_MB": 15.515625,
  "training_duration": "0:00:00.956758",
  "training_start_epoch": 0,
  "training_epochs": 11,
  "epoch": 11,
  "training_accuracy": 0.8715890850722311,
  "training_loss": 0.3175994575023651,
  "training_worker_0_memory_MB": 2271.32421875,
  "training_gpu_0_memory_MB": 15.515625,
  "validation_accuracy": 0.6970198675496688,
  "validation_loss": 1.3229324460029601,
  "best_validation_accuracy": 0.8029801324503312,
  "best_validation_loss": 1.135801362991333
}