{
  "best_epoch": 16,
  "peak_worker_0_memory_MB": 2319.46875,
  "peak_gpu_0_memory_MB": 51.08984375,
  "training_duration": "0:00:18.211563",
  "training_start_epoch": 0,
  "training_epochs": 20,
  "epoch": 20,
  "training_accuracy": 0.9704918032786886,
  "training_loss": 0.2100862529295594,
  "training_worker_0_memory_MB": 2319.46875,
  "training_gpu_0_memory_MB": 51.08984375,
  "validation_accuracy": 0.793046357615894,
  "validation_loss": 0.9103633642196656,
  "best_validation_accuracy": 0.7880794701986755,
  "best_validation_loss": 0.8997158020734787
}