{
  "best_epoch": 26,
  "peak_worker_0_memory_MB": 2319.46875,
  "peak_gpu_0_memory_MB": 51.08984375,
  "training_duration": "0:00:23.362605",
  "training_start_epoch": 0,
  "training_epochs": 26,
  "epoch": 26,
  "training_accuracy": 0.9845433255269321,
  "training_loss": 0.11786964268826727,
  "training_worker_0_memory_MB": 2319.46875,
  "training_gpu_0_memory_MB": 51.08984375,
  "validation_accuracy": 0.7980132450331126,
  "validation_loss": 0.8970838129520416,
  "best_validation_accuracy": 0.7980132450331126,
  "best_validation_loss": 0.8970838129520416
}