{
  "best_epoch": 26,
  "peak_worker_0_memory_MB": 2319.46875,
  "peak_gpu_0_memory_MB": 51.08984375,
  "training_duration": "0:00:29.490139",
  "training_start_epoch": 0,
  "training_epochs": 33,
  "epoch": 33,
  "training_accuracy": 0.9896955503512881,
  "training_loss": 0.0686443986843771,
  "training_worker_0_memory_MB": 2319.46875,
  "training_gpu_0_memory_MB": 51.08984375,
  "validation_accuracy": 0.7996688741721855,
  "validation_loss": 0.9686494290828704,
  "best_validation_accuracy": 0.7980132450331126,
  "best_validation_loss": 0.8970838129520416
}