{
  "best_epoch": 5,
  "peak_worker_0_memory_MB": 2319.46875,
  "peak_gpu_0_memory_MB": 51.08984375,
  "training_duration": "0:00:05.157066",
  "training_start_epoch": 0,
  "training_epochs": 5,
  "epoch": 5,
  "training_accuracy": 0.6807962529274004,
  "training_loss": 1.668049943980886,
  "training_worker_0_memory_MB": 2319.46875,
  "training_gpu_0_memory_MB": 51.08984375,
  "validation_accuracy": 0.7052980132450332,
  "validation_loss": 1.5673850536346436,
  "best_validation_accuracy": 0.7052980132450332,
  "best_validation_loss": 1.5673850536346436
}