{
  "best_epoch": 69,
  "peak_worker_0_memory_MB": 2308.92578125,
  "peak_gpu_0_memory_MB": 55.18505859375,
  "training_duration": "0:00:19.858316",
  "training_start_epoch": 0,
  "training_epochs": 71,
  "epoch": 71,
  "training_accuracy": 0.9513856270549553,
  "training_loss": 0.2877956590990522,
  "training_worker_0_memory_MB": 2308.92578125,
  "training_gpu_0_memory_MB": 55.18505859375,
  "validation_accuracy": 0.7963576158940397,
  "validation_loss": 0.9918505072593689,
  "best_validation_accuracy": 0.793046357615894,
  "best_validation_loss": 0.9913812935352325
}