{
  "best_epoch": 77,
  "peak_worker_0_memory_MB": 2308.92578125,
  "peak_gpu_0_memory_MB": 55.18505859375,
  "training_duration": "0:00:21.463377",
  "training_start_epoch": 0,
  "training_epochs": 77,
  "epoch": 77,
  "training_accuracy": 0.9626585251291686,
  "training_loss": 0.23620337803861988,
  "training_worker_0_memory_MB": 2308.92578125,
  "training_gpu_0_memory_MB": 55.18505859375,
  "validation_accuracy": 0.7996688741721855,
  "validation_loss": 0.9446704626083374,
  "best_validation_accuracy": 0.7996688741721855,
  "best_validation_loss": 0.9446704626083374
}