{
  "best_epoch": 52,
  "peak_worker_0_memory_MB": 2308.92578125,
  "peak_gpu_0_memory_MB": 55.18505859375,
  "training_duration": "0:00:15.274084",
  "training_start_epoch": 0,
  "training_epochs": 54,
  "epoch": 54,
  "training_accuracy": 0.9241427900422734,
  "training_loss": 0.5080927548123829,
  "training_worker_0_memory_MB": 2308.92578125,
  "training_gpu_0_memory_MB": 55.18505859375,
  "validation_accuracy": 0.7764900662251656,
  "validation_loss": 1.103940910100937,
  "best_validation_accuracy": 0.7764900662251656,
  "best_validation_loss": 1.058750081062317
}