{
  "best_epoch": 39,
  "peak_worker_0_memory_MB": 2308.92578125,
  "peak_gpu_0_memory_MB": 55.18505859375,
  "training_duration": "0:00:11.237455",
  "training_start_epoch": 0,
  "training_epochs": 39,
  "epoch": 39,
  "training_accuracy": 0.8642555190230155,
  "training_loss": 0.9009666015852743,
  "training_worker_0_memory_MB": 2308.92578125,
  "training_gpu_0_memory_MB": 55.18505859375,
  "validation_accuracy": 0.7516556291390728,
  "validation_loss": 1.276025080680847,
  "best_validation_accuracy": 0.7516556291390728,
  "best_validation_loss": 1.276025080680847
}