{
  "best_epoch": 37,
  "peak_worker_0_memory_MB": 2308.92578125,
  "peak_gpu_0_memory_MB": 55.18505859375,
  "training_duration": "0:00:10.693713",
  "training_start_epoch": 0,
  "training_epochs": 37,
  "epoch": 37,
  "training_accuracy": 0.8473461719116956,
  "training_loss": 0.9802329139922982,
  "training_worker_0_memory_MB": 2308.92578125,
  "training_gpu_0_memory_MB": 55.18505859375,
  "validation_accuracy": 0.7417218543046358,
  "validation_loss": 1.3525783658027648,
  "best_validation_accuracy": 0.7417218543046358,
  "best_validation_loss": 1.3525783658027648
}