{
  "best_epoch": 26,
  "peak_worker_0_memory_MB": 2316.55078125,
  "peak_gpu_0_memory_MB": 62.47802734375,
  "training_duration": "0:00:08.010395",
  "training_start_epoch": 0,
  "training_epochs": 29,
  "epoch": 29,
  "training_accuracy": 0.860655737704918,
  "training_loss": 0.6050039565385278,
  "training_worker_0_memory_MB": 2316.55078125,
  "training_gpu_0_memory_MB": 62.47802734375,
  "validation_accuracy": 0.7996688741721855,
  "validation_loss": 0.9035825967788697,
  "best_validation_accuracy": 0.7947019867549668,
  "best_validation_loss": 0.8898665696382523
}