{
  "best_epoch": 21,
  "peak_worker_0_memory_MB": 2316.55078125,
  "peak_gpu_0_memory_MB": 62.47802734375,
  "training_duration": "0:00:06.143895",
  "training_start_epoch": 0,
  "training_epochs": 22,
  "epoch": 22,
  "training_accuracy": 0.8210772833723653,
  "training_loss": 0.7970933540543513,
  "training_worker_0_memory_MB": 2316.55078125,
  "training_gpu_0_memory_MB": 62.47802734375,
  "validation_accuracy": 0.7913907284768212,
  "validation_loss": 0.9652841687202454,
  "best_validation_accuracy": 0.7864238410596026,
  "best_validation_loss": 0.9434720158576966
}