{
  "best_epoch": 7,
  "peak_worker_0_memory_MB": 2311.93359375,
  "peak_gpu_0_memory_MB": 51.12255859375,
  "training_duration": "0:00:06.481145",
  "training_start_epoch": 0,
  "training_epochs": 9,
  "epoch": 9,
  "training_accuracy": 0.8144588382783118,
  "training_loss": 0.7019179149677879,
  "training_worker_0_memory_MB": 2311.93359375,
  "training_gpu_0_memory_MB": 51.12255859375,
  "validation_accuracy": 0.7748344370860927,
  "validation_loss": 1.046196299791336,
  "best_validation_accuracy": 0.7715231788079471,
  "best_validation_loss": 1.0078985154628755
}