{
  "best_epoch": 10,
  "peak_worker_0_memory_MB": 2311.93359375,
  "peak_gpu_0_memory_MB": 51.12255859375,
  "training_duration": "0:00:12.995426",
  "training_start_epoch": 0,
  "training_epochs": 19,
  "epoch": 19,
  "training_accuracy": 0.8967822816548265,
  "training_loss": 0.38475896222026723,
  "training_worker_0_memory_MB": 2311.93359375,
  "training_gpu_0_memory_MB": 51.12255859375,
  "validation_accuracy": 0.7831125827814569,
  "validation_loss": 1.14395592212677,
  "best_validation_accuracy": 0.7781456953642384,
  "best_validation_loss": 0.9820059984922409
}