{
  "best_epoch": 0,
  "peak_worker_0_memory_MB": 2311.93359375,
  "peak_gpu_0_memory_MB": 51.12255859375,
  "training_duration": "0:00:00.628832",
  "training_start_epoch": 0,
  "training_epochs": 0,
  "epoch": 0,
  "training_accuracy": 0.14375261178437107,
  "training_loss": 3.6714481617275037,
  "training_worker_0_memory_MB": 2311.93359375,
  "training_gpu_0_memory_MB": 51.12255859375,
  "validation_accuracy": 0.32781456953642385,
  "validation_loss": 3.116706919670105,
  "best_validation_accuracy": 0.32781456953642385,
  "best_validation_loss": 3.116706919670105
}