{
  "best_epoch": 4,
  "peak_worker_0_memory_MB": 2313.53515625,
  "peak_gpu_0_memory_MB": 54.728515625,
  "training_duration": "0:00:00.999909",
  "training_start_epoch": 0,
  "training_epochs": 4,
  "epoch": 4,
  "training_accuracy": 0.2852949809216319,
  "training_loss": 3.1107274691263833,
  "training_worker_0_memory_MB": 2313.53515625,
  "training_gpu_0_memory_MB": 54.728515625,
  "validation_accuracy": 0.34933774834437087,
  "validation_loss": 3.0405970573425294,
  "best_validation_accuracy": 0.34933774834437087,
  "best_validation_loss": 3.0405970573425294
}