{
  "best_epoch": 3,
  "peak_worker_0_memory_MB": 2268.421875,
  "peak_gpu_0_memory_MB": 15.416015625,
  "training_duration": "0:00:00.496235",
  "training_start_epoch": 0,
  "training_epochs": 5,
  "epoch": 5,
  "training_accuracy": 0.8691813804173355,
  "training_loss": 0.4198569871485233,
  "training_worker_0_memory_MB": 2268.421875,
  "training_gpu_0_memory_MB": 15.416015625,
  "validation_accuracy": 0.793046357615894,
  "validation_loss": 1.122505968809128,
  "best_validation_accuracy": 0.8178807947019867,
  "best_validation_loss": 1.0686759889125823
}