{
  "best_epoch": 16,
  "peak_worker_0_memory_MB": 2319.46875,
  "peak_gpu_0_memory_MB": 51.08984375,
  "training_duration": "0:00:05.967031",
  "training_start_epoch": 0,
  "training_epochs": 22,
  "epoch": 22,
  "training_accuracy": 0.9812646370023419,
  "training_loss": 0.1328843807551398,
  "training_worker_0_memory_MB": 2319.46875,
  "training_gpu_0_memory_MB": 51.08984375,
  "validation_accuracy": 0.8062913907284768,
  "validation_loss": 0.9363831371068955,
  "best_validation_accuracy": 0.7963576158940397,
  "best_validation_loss": 0.8889721870422364
}