{
  "best_epoch": 2,
  "peak_worker_0_memory_MB": 2268.36328125,
  "peak_gpu_0_memory_MB": 8.73193359375,
  "training_duration": "0:00:01.228731",
  "training_start_epoch": 0,
  "training_epochs": 8,
  "epoch": 8,
  "training_accuracy": 0.9043042206435437,
  "training_loss": 0.3442791453317592,
  "training_worker_0_memory_MB": 2268.36328125,
  "training_gpu_0_memory_MB": 8.73193359375,
  "validation_accuracy": 0.8261589403973509,
  "validation_loss": 0.9700631916522979,
  "best_validation_accuracy": 0.8228476821192053,
  "best_validation_loss": 0.8585244074463845
}