{
  "best_epoch": 40,
  "peak_worker_0_memory_MB": 2316.30078125,
  "peak_gpu_0_memory_MB": 62.47802734375,
  "training_duration": "0:00:11.176314",
  "training_start_epoch": 0,
  "training_epochs": 42,
  "epoch": 42,
  "training_accuracy": 0.9377049180327869,
  "training_loss": 0.32380954165067244,
  "training_worker_0_memory_MB": 2316.30078125,
  "training_gpu_0_memory_MB": 62.47802734375,
  "validation_accuracy": 0.8029801324503312,
  "validation_loss": 0.8987647771835328,
  "best_validation_accuracy": 0.8029801324503312,
  "best_validation_loss": 0.867162573337555
}