{
  "best_epoch": 3,
  "peak_worker_0_memory_MB": 2316.30078125,
  "peak_gpu_0_memory_MB": 62.47802734375,
  "training_duration": "0:00:01.018025",
  "training_start_epoch": 0,
  "training_epochs": 3,
  "epoch": 3,
  "training_accuracy": 0.31007025761124124,
  "training_loss": 3.013403422796904,
  "training_worker_0_memory_MB": 2316.30078125,
  "training_gpu_0_memory_MB": 62.47802734375,
  "validation_accuracy": 0.445364238410596,
  "validation_loss": 2.682659149169922,
  "best_validation_accuracy": 0.445364238410596,
  "best_validation_loss": 2.682659149169922
}