{
  "best_epoch": 6,
  "peak_worker_0_memory_MB": 2316.30078125,
  "peak_gpu_0_memory_MB": 62.47802734375,
  "training_duration": "0:00:01.792218",
  "training_start_epoch": 0,
  "training_epochs": 6,
  "epoch": 6,
  "training_accuracy": 0.5035128805620609,
  "training_loss": 2.3410550676175017,
  "training_worker_0_memory_MB": 2316.30078125,
  "training_gpu_0_memory_MB": 62.47802734375,
  "validation_accuracy": 0.6374172185430463,
  "validation_loss": 2.010162329673767,
  "best_validation_accuracy": 0.6374172185430463,
  "best_validation_loss": 2.010162329673767
}