{
  "best_epoch": 8,
  "peak_worker_0_memory_MB": 2316.30078125,
  "peak_gpu_0_memory_MB": 62.47802734375,
  "training_duration": "0:00:02.316582",
  "training_start_epoch": 0,
  "training_epochs": 8,
  "epoch": 8,
  "training_accuracy": 0.5810304449648712,
  "training_loss": 1.9605284448879867,
  "training_worker_0_memory_MB": 2316.30078125,
  "training_gpu_0_memory_MB": 62.47802734375,
  "validation_accuracy": 0.695364238410596,
  "validation_loss": 1.6856014132499695,
  "best_validation_accuracy": 0.695364238410596,
  "best_validation_loss": 1.6856014132499695
}