{
  "best_epoch": 48,
  "peak_worker_0_memory_MB": 2316.30078125,
  "peak_gpu_0_memory_MB": 62.47802734375,
  "training_duration": "0:00:14.496014",
  "training_start_epoch": 0,
  "training_epochs": 55,
  "epoch": 55,
  "training_accuracy": 0.9480093676814988,
  "training_loss": 0.23798388843216114,
  "training_worker_0_memory_MB": 2316.30078125,
  "training_gpu_0_memory_MB": 62.47802734375,
  "validation_accuracy": 0.8062913907284768,
  "validation_loss": 0.8912513732910157,
  "best_validation_accuracy": 0.8029801324503312,
  "best_validation_loss": 0.8642799019813537
}