{
  "best_epoch": 1,
  "peak_worker_0_memory_MB": 2269.703125,
  "peak_gpu_0_memory_MB": 15.416015625,
  "training_duration": "0:00:00.168464",
  "training_start_epoch": 0,
  "training_epochs": 1,
  "epoch": 1,
  "training_accuracy": 0.40208667736757625,
  "training_loss": 3.154438829421997,
  "training_worker_0_memory_MB": 2269.703125,
  "training_gpu_0_memory_MB": 15.416015625,
  "validation_accuracy": 0.7533112582781457,
  "validation_loss": 2.5756510972976683,
  "best_validation_accuracy": 0.7533112582781457,
  "best_validation_loss": 2.5756510972976683
}