{
  "best_epoch": 5,
  "peak_worker_0_memory_MB": 2269.703125,
  "peak_gpu_0_memory_MB": 15.416015625,
  "training_duration": "0:00:00.944807",
  "training_start_epoch": 0,
  "training_epochs": 10,
  "epoch": 10,
  "training_accuracy": 0.8731942215088283,
  "training_loss": 0.322529187053442,
  "training_worker_0_memory_MB": 2269.703125,
  "training_gpu_0_memory_MB": 15.416015625,
  "validation_accuracy": 0.793046357615894,
  "validation_loss": 1.212460696697235,
  "best_validation_accuracy": 0.8245033112582781,
  "best_validation_loss": 1.0992389261722564
}