{
  "best_epoch": 21,
  "peak_worker_0_memory_MB": 2314.08984375,
  "peak_gpu_0_memory_MB": 51.12255859375,
  "training_duration": "0:00:15.960285",
  "training_start_epoch": 0,
  "training_epochs": 23,
  "epoch": 23,
  "training_accuracy": 0.8140409527789386,
  "training_loss": 0.6815032064914703,
  "training_worker_0_memory_MB": 2314.08984375,
  "training_gpu_0_memory_MB": 51.12255859375,
  "validation_accuracy": 0.7913907284768212,
  "validation_loss": 1.0456518411636353,
  "best_validation_accuracy": 0.7897350993377483,
  "best_validation_loss": 0.9848905801773071
}