{
  "best_epoch": 15,
  "peak_worker_0_memory_MB": 2314.08984375,
  "peak_gpu_0_memory_MB": 51.12255859375,
  "training_duration": "0:00:11.974338",
  "training_start_epoch": 0,
  "training_epochs": 17,
  "epoch": 17,
  "training_accuracy": 0.7776849143334726,
  "training_loss": 0.8849367585621382,
  "training_worker_0_memory_MB": 2314.08984375,
  "training_gpu_0_memory_MB": 51.12255859375,
  "validation_accuracy": 0.7748344370860927,
  "validation_loss": 1.0113842606544494,
  "best_validation_accuracy": 0.7748344370860927,
  "best_validation_loss": 0.9965357959270478
}