{
  "best_epoch": 21,
  "peak_worker_0_memory_MB": 2314.08984375,
  "peak_gpu_0_memory_MB": 51.12255859375,
  "training_duration": "0:00:14.616766",
  "training_start_epoch": 0,
  "training_epochs": 21,
  "epoch": 21,
  "training_accuracy": 0.8119515252820727,
  "training_loss": 0.7108430815370459,
  "training_worker_0_memory_MB": 2314.08984375,
  "training_gpu_0_memory_MB": 51.12255859375,
  "validation_accuracy": 0.7897350993377483,
  "validation_loss": 0.9848905801773071,
  "best_validation_accuracy": 0.7897350993377483,
  "best_validation_loss": 0.9848905801773071
}