{
  "best_epoch": 3,
  "peak_worker_0_memory_MB": 2314.08984375,
  "peak_gpu_0_memory_MB": 51.12255859375,
  "training_duration": "0:00:02.697166",
  "training_start_epoch": 0,
  "training_epochs": 3,
  "epoch": 3,
  "training_accuracy": 0.2615963226076055,
  "training_loss": 3.0582482250113237,
  "training_worker_0_memory_MB": 2314.08984375,
  "training_gpu_0_memory_MB": 51.12255859375,
  "validation_accuracy": 0.3956953642384106,
  "validation_loss": 2.732965278625488,
  "best_validation_accuracy": 0.3956953642384106,
  "best_validation_loss": 2.732965278625488
}