{
  "best_epoch": 16,
  "peak_worker_0_memory_MB": 2371.23046875,
  "peak_gpu_0_memory_MB": 89.33056640625,
  "training_duration": "0:00:07.896232",
  "training_start_epoch": 0,
  "training_epochs": 16,
  "epoch": 16,
  "training_accuracy": 0.6544647143542967,
  "training_loss": 1.4566587819397905,
  "training_worker_0_memory_MB": 2371.23046875,
  "training_gpu_0_memory_MB": 89.33056640625,
  "validation_accuracy": 0.7731788079470199,
  "validation_loss": 1.0207065105438233,
  "best_validation_accuracy": 0.7731788079470199,
  "best_validation_loss": 1.0207065105438233
}