{
  "best_epoch": 22,
  "peak_worker_0_memory_MB": 2371.23046875,
  "peak_gpu_0_memory_MB": 89.33056640625,
  "training_duration": "0:00:10.677154",
  "training_start_epoch": 0,
  "training_epochs": 22,
  "epoch": 22,
  "training_accuracy": 0.7250360057609218,
  "training_loss": 1.1435131539825265,
  "training_worker_0_memory_MB": 2371.23046875,
  "training_gpu_0_memory_MB": 89.33056640625,
  "validation_accuracy": 0.7864238410596026,
  "validation_loss": 0.9553365886211396,
  "best_validation_accuracy": 0.7864238410596026,
  "best_validation_loss": 0.9553365886211396
}