{
  "best_epoch": 25,
  "peak_worker_0_memory_MB": 2371.23046875,
  "peak_gpu_0_memory_MB": 89.33056640625,
  "training_duration": "0:00:15.053559",
  "training_start_epoch": 0,
  "training_epochs": 31,
  "epoch": 31,
  "training_accuracy": 0.8969035045607298,
  "training_loss": 0.4313957361319593,
  "training_worker_0_memory_MB": 2371.23046875,
  "training_gpu_0_memory_MB": 89.33056640625,
  "validation_accuracy": 0.8013245033112583,
  "validation_loss": 0.9311000525951385,
  "best_validation_accuracy": 0.7980132450331126,
  "best_validation_loss": 0.8830630898475647
}