{
  "best_epoch": 3,
  "peak_worker_0_memory_MB": 2328.3125,
  "peak_gpu_0_memory_MB": 64.7041015625,
  "training_duration": "0:00:00.995771",
  "training_start_epoch": 0,
  "training_epochs": 3,
  "epoch": 3,
  "training_accuracy": 0.7888680131517144,
  "training_loss": 1.23705949445269,
  "training_worker_0_memory_MB": 2328.3125,
  "training_gpu_0_memory_MB": 64.7041015625,
  "validation_accuracy": 0.7450331125827815,
  "validation_loss": 1.2701684474945067,
  "best_validation_accuracy": 0.7450331125827815,
  "best_validation_loss": 1.2701684474945067
}