{
  "best_epoch": 77,
  "peak_worker_0_memory_MB": 2313.4765625,
  "peak_gpu_0_memory_MB": 54.728515625,
  "training_duration": "0:00:17.000437",
  "training_start_epoch": 0,
  "training_epochs": 78,
  "epoch": 78,
  "training_accuracy": 0.9277957147050191,
  "training_loss": 0.4178084333737691,
  "training_worker_0_memory_MB": 2313.4765625,
  "training_gpu_0_memory_MB": 54.728515625,
  "validation_accuracy": 0.7880794701986755,
  "validation_loss": 0.9897848308086395,
  "best_validation_accuracy": 0.7880794701986755,
  "best_validation_loss": 0.9762380003929139
}