{
  "best_epoch": 25,
  "peak_worker_0_memory_MB": 2313.4765625,
  "peak_gpu_0_memory_MB": 54.728515625,
  "training_duration": "0:00:05.547168",
  "training_start_epoch": 0,
  "training_epochs": 25,
  "epoch": 25,
  "training_accuracy": 0.634282359847373,
  "training_loss": 2.00888713421645,
  "training_worker_0_memory_MB": 2313.4765625,
  "training_gpu_0_memory_MB": 54.728515625,
  "validation_accuracy": 0.5993377483443708,
  "validation_loss": 2.135470414161682,
  "best_validation_accuracy": 0.5993377483443708,
  "best_validation_loss": 2.135470414161682
}