{
  "best_epoch": 38,
  "peak_worker_0_memory_MB": 2313.4765625,
  "peak_gpu_0_memory_MB": 54.728515625,
  "training_duration": "0:00:08.360968",
  "training_start_epoch": 0,
  "training_epochs": 38,
  "epoch": 38,
  "training_accuracy": 0.7921925447607866,
  "training_loss": 1.2947676027262653,
  "training_worker_0_memory_MB": 2313.4765625,
  "training_gpu_0_memory_MB": 54.728515625,
  "validation_accuracy": 0.7135761589403974,
  "validation_loss": 1.5637296080589294,
  "best_validation_accuracy": 0.7135761589403974,
  "best_validation_loss": 1.5637296080589294
}