{
  "best_epoch": 19,
  "peak_worker_0_memory_MB": 2313.4765625,
  "peak_gpu_0_memory_MB": 54.728515625,
  "training_duration": "0:00:04.260226",
  "training_start_epoch": 0,
  "training_epochs": 19,
  "epoch": 19,
  "training_accuracy": 0.5159964778397417,
  "training_loss": 2.431503830132661,
  "training_worker_0_memory_MB": 2313.4765625,
  "training_gpu_0_memory_MB": 54.728515625,
  "validation_accuracy": 0.5231788079470199,
  "validation_loss": 2.5192296743392943,
  "best_validation_accuracy": 0.5231788079470199,
  "best_validation_loss": 2.5192296743392943
}