{
  "best_epoch": 2,
  "peak_worker_0_memory_MB": 2268.36328125,
  "peak_gpu_0_memory_MB": 8.73193359375,
  "training_duration": "0:00:01.302234",
  "training_start_epoch": 0,
  "training_epochs": 9,
  "epoch": 9,
  "training_accuracy": 0.8984538236523193,
  "training_loss": 0.34829719521497426,
  "training_worker_0_memory_MB": 2268.36328125,
  "training_gpu_0_memory_MB": 8.73193359375,
  "validation_accuracy": 0.8228476821192053,
  "validation_loss": 0.9821361839771271,
  "best_validation_accuracy": 0.8294701986754967,
  "best_validation_loss": 0.8716732487082481
}