{
  "best_epoch": 14,
  "peak_worker_0_memory_MB": 2305.23046875,
  "peak_gpu_0_memory_MB": 42.29736328125,
  "training_duration": "0:00:03.587254",
  "training_start_epoch": 0,
  "training_epochs": 14,
  "epoch": 14,
  "training_accuracy": 0.20679156908665106,
  "training_loss": 3.197687099229044,
  "training_worker_0_memory_MB": 2305.23046875,
  "training_gpu_0_memory_MB": 42.29736328125,
  "validation_accuracy": 0.4519867549668874,
  "validation_loss": 2.845459985733032,
  "best_validation_accuracy": 0.4519867549668874,
  "best_validation_loss": 2.845459985733032
}