{
  "best_epoch": 4,
  "peak_worker_0_memory_MB": 2268.59765625,
  "peak_gpu_0_memory_MB": 8.73193359375,
  "training_duration": "0:00:00.670721",
  "training_start_epoch": 0,
  "training_epochs": 4,
  "epoch": 4,
  "training_accuracy": 0.9038863351441705,
  "training_loss": 0.43252159870768847,
  "training_worker_0_memory_MB": 2268.59765625,
  "training_gpu_0_memory_MB": 8.73193359375,
  "validation_accuracy": 0.8311258278145696,
  "validation_loss": 0.8554427325725555,
  "best_validation_accuracy": 0.8311258278145696,
  "best_validation_loss": 0.8554427325725555
}