{
  "best_epoch": 16,
  "peak_worker_0_memory_MB": 2331.171875,
  "peak_gpu_0_memory_MB": 65.09326171875,
  "training_duration": "0:00:05.549805",
  "training_start_epoch": 0,
  "training_epochs": 18,
  "epoch": 18,
  "training_accuracy": 0.9578454332552693,
  "training_loss": 0.2648327581918062,
  "training_worker_0_memory_MB": 2331.171875,
  "training_gpu_0_memory_MB": 65.09326171875,
  "validation_accuracy": 0.7963576158940397,
  "validation_loss": 0.9395950078964234,
  "best_validation_accuracy": 0.7880794701986755,
  "best_validation_loss": 0.9361239194869995
}