{
  "best_epoch": 30,
  "peak_worker_0_memory_MB": 2331.171875,
  "peak_gpu_0_memory_MB": 65.09326171875,
  "training_duration": "0:00:10.142849",
  "training_start_epoch": 0,
  "training_epochs": 34,
  "epoch": 34,
  "training_accuracy": 0.9896955503512881,
  "training_loss": 0.06632715427497429,
  "training_worker_0_memory_MB": 2331.171875,
  "training_gpu_0_memory_MB": 65.09326171875,
  "validation_accuracy": 0.7996688741721855,
  "validation_loss": 0.8938807547092438,
  "best_validation_accuracy": 0.8013245033112583,
  "best_validation_loss": 0.8702617555856704
}