{
  "best_epoch": 14,
  "peak_worker_0_memory_MB": 2331.171875,
  "peak_gpu_0_memory_MB": 65.09326171875,
  "training_duration": "0:00:04.671695",
  "training_start_epoch": 0,
  "training_epochs": 15,
  "epoch": 15,
  "training_accuracy": 0.9414519906323185,
  "training_loss": 0.3829356111697297,
  "training_worker_0_memory_MB": 2331.171875,
  "training_gpu_0_memory_MB": 65.09326171875,
  "validation_accuracy": 0.7831125827814569,
  "validation_loss": 0.9944840967655182,
  "best_validation_accuracy": 0.7814569536423841,
  "best_validation_loss": 0.9913871049880981
}