{
  "best_epoch": 12,
  "peak_worker_0_memory_MB": 2327.0078125,
  "peak_gpu_0_memory_MB": 69.92529296875,
  "training_duration": "0:00:04.076320",
  "training_start_epoch": 0,
  "training_epochs": 15,
  "epoch": 15,
  "training_accuracy": 0.9549054113506379,
  "training_loss": 0.2702862445472015,
  "training_worker_0_memory_MB": 2327.0078125,
  "training_gpu_0_memory_MB": 69.92529296875,
  "validation_accuracy": 0.804635761589404,
  "validation_loss": 0.9215378761291504,
  "best_validation_accuracy": 0.7963576158940397,
  "best_validation_loss": 0.88409443795681
}