{
  "best_epoch": 35,
  "peak_worker_0_memory_MB": 2313.5546875,
  "peak_gpu_0_memory_MB": 54.728515625,
  "training_duration": "0:00:08.999143",
  "training_start_epoch": 0,
  "training_epochs": 43,
  "epoch": 43,
  "training_accuracy": 0.9820956853536836,
  "training_loss": 0.10356364730331633,
  "training_worker_0_memory_MB": 2313.5546875,
  "training_gpu_0_memory_MB": 54.728515625,
  "validation_accuracy": 0.7980132450331126,
  "validation_loss": 0.899097141623497,
  "best_validation_accuracy": 0.8029801324503312,
  "best_validation_loss": 0.8683401763439178
}