{
  "best_epoch": 35,
  "peak_worker_0_memory_MB": 2313.5546875,
  "peak_gpu_0_memory_MB": 54.728515625,
  "training_duration": "0:00:08.390368",
  "training_start_epoch": 0,
  "training_epochs": 40,
  "epoch": 40,
  "training_accuracy": 0.9806281185793954,
  "training_loss": 0.114929578439505,
  "training_worker_0_memory_MB": 2313.5546875,
  "training_gpu_0_memory_MB": 54.728515625,
  "validation_accuracy": 0.8029801324503312,
  "validation_loss": 0.9026889979839325,
  "best_validation_accuracy": 0.8029801324503312,
  "best_validation_loss": 0.8683401763439178
}