{
  "best_epoch": 6,
  "peak_worker_0_memory_MB": 2313.5546875,
  "peak_gpu_0_memory_MB": 54.728515625,
  "training_duration": "0:00:01.436443",
  "training_start_epoch": 0,
  "training_epochs": 6,
  "epoch": 6,
  "training_accuracy": 0.6131493982976225,
  "training_loss": 2.087164828070888,
  "training_worker_0_memory_MB": 2313.5546875,
  "training_gpu_0_memory_MB": 54.728515625,
  "validation_accuracy": 0.6076158940397351,
  "validation_loss": 2.103610360622406,
  "best_validation_accuracy": 0.6076158940397351,
  "best_validation_loss": 2.103610360622406
}