{
  "best_epoch": 70,
  "peak_worker_0_memory_MB": 2313.53515625,
  "peak_gpu_0_memory_MB": 54.728515625,
  "training_duration": "0:00:14.707441",
  "training_start_epoch": 0,
  "training_epochs": 70,
  "epoch": 70,
  "training_accuracy": 0.8112709128265336,
  "training_loss": 1.0458818276723225,
  "training_worker_0_memory_MB": 2313.53515625,
  "training_gpu_0_memory_MB": 54.728515625,
  "validation_accuracy": 0.7582781456953642,
  "validation_loss": 1.2467937707901,
  "best_validation_accuracy": 0.7582781456953642,
  "best_validation_loss": 1.2467937707901
}