{
  "best_epoch": 44,
  "peak_worker_0_memory_MB": 2313.53515625,
  "peak_gpu_0_memory_MB": 54.728515625,
  "training_duration": "0:00:09.318192",
  "training_start_epoch": 0,
  "training_epochs": 44,
  "epoch": 44,
  "training_accuracy": 0.6689169357205753,
  "training_loss": 1.6810238714571353,
  "training_worker_0_memory_MB": 2313.53515625,
  "training_gpu_0_memory_MB": 54.728515625,
  "validation_accuracy": 0.6688741721854304,
  "validation_loss": 1.728961741924286,
  "best_validation_accuracy": 0.6688741721854304,
  "best_validation_loss": 1.728961741924286
}