{
  "best_epoch": 54,
  "peak_worker_0_memory_MB": 2313.53515625,
  "peak_gpu_0_memory_MB": 54.728515625,
  "training_duration": "0:00:11.390361",
  "training_start_epoch": 0,
  "training_epochs": 54,
  "epoch": 54,
  "training_accuracy": 0.7396536542412679,
  "training_loss": 1.374480390990222,
  "training_worker_0_memory_MB": 2313.53515625,
  "training_gpu_0_memory_MB": 54.728515625,
  "validation_accuracy": 0.7185430463576159,
  "validation_loss": 1.4662801265716552,
  "best_validation_accuracy": 0.7185430463576159,
  "best_validation_loss": 1.4662801265716552
}