{
  "best_epoch": 75,
  "peak_worker_0_memory_MB": 2313.53515625,
  "peak_gpu_0_memory_MB": 54.728515625,
  "training_duration": "0:00:15.742064",
  "training_start_epoch": 0,
  "training_epochs": 75,
  "epoch": 75,
  "training_accuracy": 0.8312298209568535,
  "training_loss": 0.9474078085687425,
  "training_worker_0_memory_MB": 2313.53515625,
  "training_gpu_0_memory_MB": 54.728515625,
  "validation_accuracy": 0.7632450331125827,
  "validation_loss": 1.1683104276657104,
  "best_validation_accuracy": 0.7632450331125827,
  "best_validation_loss": 1.1683104276657104
}