{
  "best_epoch": 43,
  "peak_worker_0_memory_MB": 2313.53515625,
  "peak_gpu_0_memory_MB": 54.728515625,
  "training_duration": "0:00:09.109583",
  "training_start_epoch": 0,
  "training_epochs": 43,
  "epoch": 43,
  "training_accuracy": 0.6621661285588494,
  "training_loss": 1.7173432928544503,
  "training_worker_0_memory_MB": 2313.53515625,
  "training_gpu_0_memory_MB": 54.728515625,
  "validation_accuracy": 0.6622516556291391,
  "validation_loss": 1.7745513677597047,
  "best_validation_accuracy": 0.6622516556291391,
  "best_validation_loss": 1.7745513677597047
}