{
  "best_epoch": 95,
  "peak_worker_0_memory_MB": 2313.53515625,
  "peak_gpu_0_memory_MB": 54.728515625,
  "training_duration": "0:00:20.312447",
  "training_start_epoch": 0,
  "training_epochs": 97,
  "epoch": 97,
  "training_accuracy": 0.8790724977986498,
  "training_loss": 0.6865013766067999,
  "training_worker_0_memory_MB": 2313.53515625,
  "training_gpu_0_memory_MB": 54.728515625,
  "validation_accuracy": 0.7748344370860927,
  "validation_loss": 1.0406365633010863,
  "best_validation_accuracy": 0.7748344370860927,
  "best_validation_loss": 1.0088611125946045
}