{
  "best_epoch": 13,
  "peak_worker_0_memory_MB": 2313.53515625,
  "peak_gpu_0_memory_MB": 54.728515625,
  "training_duration": "0:00:02.884779",
  "training_start_epoch": 0,
  "training_epochs": 13,
  "epoch": 13,
  "training_accuracy": 0.27795714705019076,
  "training_loss": 3.0895769905160972,
  "training_worker_0_memory_MB": 2313.53515625,
  "training_gpu_0_memory_MB": 54.728515625,
  "validation_accuracy": 0.3741721854304636,
  "validation_loss": 3.0075955629348754,
  "best_validation_accuracy": 0.3741721854304636,
  "best_validation_loss": 3.0075955629348754
}