{
  "best_epoch": 4,
  "peak_worker_0_memory_MB": 2371.23046875,
  "peak_gpu_0_memory_MB": 89.33056640625,
  "training_duration": "0:00:02.442737",
  "training_start_epoch": 0,
  "training_epochs": 4,
  "epoch": 4,
  "training_accuracy": 0.5373259721555449,
  "training_loss": 1.9201766261617645,
  "training_worker_0_memory_MB": 2371.23046875,
  "training_gpu_0_memory_MB": 89.33056640625,
  "validation_accuracy": 0.7599337748344371,
  "validation_loss": 1.1113365769386292,
  "best_validation_accuracy": 0.7599337748344371,
  "best_validation_loss": 1.1113365769386292
}