{
  "best_epoch": 14,
  "peak_worker_0_memory_MB": 2317.609375,
  "peak_gpu_0_memory_MB": 55.18505859375,
  "training_duration": "0:00:03.907569",
  "training_start_epoch": 0,
  "training_epochs": 14,
  "epoch": 14,
  "training_accuracy": 0.9643024894316581,
  "training_loss": 0.22240680411680422,
  "training_worker_0_memory_MB": 2317.609375,
  "training_gpu_0_memory_MB": 55.18505859375,
  "validation_accuracy": 0.8029801324503312,
  "validation_loss": 0.9494151890277862,
  "best_validation_accuracy": 0.8029801324503312,
  "best_validation_loss": 0.9494151890277862
}