{
  "best_epoch": 9,
  "peak_worker_0_memory_MB": 2317.609375,
  "peak_gpu_0_memory_MB": 55.18505859375,
  "training_duration": "0:00:02.603112",
  "training_start_epoch": 0,
  "training_epochs": 9,
  "epoch": 9,
  "training_accuracy": 0.9173320807891029,
  "training_loss": 0.5296403596650309,
  "training_worker_0_memory_MB": 2317.609375,
  "training_gpu_0_memory_MB": 55.18505859375,
  "validation_accuracy": 0.7798013245033113,
  "validation_loss": 1.0497665107250214,
  "best_validation_accuracy": 0.7798013245033113,
  "best_validation_loss": 1.0497665107250214
}