{
  "best_epoch": 19,
  "peak_worker_0_memory_MB": 2317.609375,
  "peak_gpu_0_memory_MB": 55.18505859375,
  "training_duration": "0:00:05.470173",
  "training_start_epoch": 0,
  "training_epochs": 20,
  "epoch": 20,
  "training_accuracy": 0.9833255049318929,
  "training_loss": 0.10853596654400896,
  "training_worker_0_memory_MB": 2317.609375,
  "training_gpu_0_memory_MB": 55.18505859375,
  "validation_accuracy": 0.8079470198675497,
  "validation_loss": 0.9800732672214508,
  "best_validation_accuracy": 0.8112582781456954,
  "best_validation_loss": 0.9157239466905593
}