{
  "best_epoch": 0,
  "peak_worker_0_memory_MB": 2317.609375,
  "peak_gpu_0_memory_MB": 55.18505859375,
  "training_duration": "0:00:00.243290",
  "training_start_epoch": 0,
  "training_epochs": 0,
  "epoch": 0,
  "training_accuracy": 0.18999530295913575,
  "training_loss": 3.7870656091775468,
  "training_worker_0_memory_MB": 2317.609375,
  "training_gpu_0_memory_MB": 55.18505859375,
  "validation_accuracy": 0.34271523178807944,
  "validation_loss": 3.245753812789917,
  "best_validation_accuracy": 0.34271523178807944,
  "best_validation_loss": 3.245753812789917
}