{
  "best_epoch": 40,
  "peak_worker_0_memory_MB": 2271.57421875,
  "peak_gpu_0_memory_MB": 15.515625,
  "training_duration": "0:00:03.494781",
  "training_start_epoch": 0,
  "training_epochs": 42,
  "epoch": 42,
  "training_accuracy": 0.8731942215088283,
  "training_loss": 0.5901484057307244,
  "training_worker_0_memory_MB": 2271.57421875,
  "training_gpu_0_memory_MB": 15.515625,
  "validation_accuracy": 0.8145695364238411,
  "validation_loss": 1.1800443410873414,
  "best_validation_accuracy": 0.8129139072847682,
  "best_validation_loss": 1.1681140959262848
}