{
  "best_epoch": 40,
  "peak_worker_0_memory_MB": 2271.57421875,
  "peak_gpu_0_memory_MB": 15.515625,
  "training_duration": "0:00:03.412457",
  "training_start_epoch": 0,
  "training_epochs": 41,
  "epoch": 41,
  "training_accuracy": 0.8723916532905297,
  "training_loss": 0.6123862251639366,
  "training_worker_0_memory_MB": 2271.57421875,
  "training_gpu_0_memory_MB": 15.515625,
  "validation_accuracy": 0.8145695364238411,
  "validation_loss": 1.1741683185100555,
  "best_validation_accuracy": 0.8129139072847682,
  "best_validation_loss": 1.1681140959262848
}