{
  "best_epoch": 50,
  "peak_worker_0_memory_MB": 2267.3125,
  "peak_gpu_0_memory_MB": 13.12939453125,
  "training_duration": "0:00:04.309239",
  "training_start_epoch": 0,
  "training_epochs": 51,
  "epoch": 51,
  "training_accuracy": 0.8723916532905297,
  "training_loss": 0.6155434608459472,
  "training_worker_0_memory_MB": 2267.3125,
  "training_gpu_0_memory_MB": 13.12939453125,
  "validation_accuracy": 0.8096026490066225,
  "validation_loss": 1.1646331787109374,
  "best_validation_accuracy": 0.8096026490066225,
  "best_validation_loss": 1.1578291058540344
}