{
  "best_epoch": 22,
  "peak_worker_0_memory_MB": 2267.3125,
  "peak_gpu_0_memory_MB": 13.12939453125,
  "training_duration": "0:00:01.890227",
  "training_start_epoch": 0,
  "training_epochs": 22,
  "epoch": 22,
  "training_accuracy": 0.7046548956661316,
  "training_loss": 2.0282752752304076,
  "training_worker_0_memory_MB": 2267.3125,
  "training_gpu_0_memory_MB": 13.12939453125,
  "validation_accuracy": 0.7549668874172185,
  "validation_loss": 2.1252928972244263,
  "best_validation_accuracy": 0.7549668874172185,
  "best_validation_loss": 2.1252928972244263
}