{
  "best_epoch": 29,
  "peak_worker_0_memory_MB": 2267.3125,
  "peak_gpu_0_memory_MB": 13.12939453125,
  "training_duration": "0:00:02.464109",
  "training_start_epoch": 0,
  "training_epochs": 29,
  "epoch": 29,
  "training_accuracy": 0.7849117174959872,
  "training_loss": 1.4282751739025117,
  "training_worker_0_memory_MB": 2267.3125,
  "training_gpu_0_memory_MB": 13.12939453125,
  "validation_accuracy": 0.7814569536423841,
  "validation_loss": 1.615802812576294,
  "best_validation_accuracy": 0.7814569536423841,
  "best_validation_loss": 1.615802812576294
}