{
  "best_epoch": 45,
  "peak_worker_0_memory_MB": 2267.3125,
  "peak_gpu_0_memory_MB": 13.12939453125,
  "training_duration": "0:00:03.891357",
  "training_start_epoch": 0,
  "training_epochs": 46,
  "epoch": 46,
  "training_accuracy": 0.8595505617977528,
  "training_loss": 0.7138945445418358,
  "training_worker_0_memory_MB": 2267.3125,
  "training_gpu_0_memory_MB": 13.12939453125,
  "validation_accuracy": 0.8112582781456954,
  "validation_loss": 1.2104653775691987,
  "best_validation_accuracy": 0.8112582781456954,
  "best_validation_loss": 1.2025797367095947
}