{
  "best_epoch": 30,
  "peak_worker_0_memory_MB": 2267.3125,
  "peak_gpu_0_memory_MB": 13.12939453125,
  "training_duration": "0:00:02.545958",
  "training_start_epoch": 0,
  "training_epochs": 30,
  "epoch": 30,
  "training_accuracy": 0.7889245585874799,
  "training_loss": 1.351386594772339,
  "training_worker_0_memory_MB": 2267.3125,
  "training_gpu_0_memory_MB": 13.12939453125,
  "validation_accuracy": 0.7814569536423841,
  "validation_loss": 1.5880761384963988,
  "best_validation_accuracy": 0.7814569536423841,
  "best_validation_loss": 1.5880761384963988
}