{
  "best_epoch": 11,
  "peak_worker_0_memory_MB": 2267.3125,
  "peak_gpu_0_memory_MB": 13.12939453125,
  "training_duration": "0:00:00.983443",
  "training_start_epoch": 0,
  "training_epochs": 11,
  "epoch": 11,
  "training_accuracy": 0.413322632423756,
  "training_loss": 3.256033420562744,
  "training_worker_0_memory_MB": 2267.3125,
  "training_gpu_0_memory_MB": 13.12939453125,
  "validation_accuracy": 0.5397350993377483,
  "validation_loss": 3.164871597290039,
  "best_validation_accuracy": 0.5397350993377483,
  "best_validation_loss": 3.164871597290039
}