{
  "best_epoch": 11,
  "peak_worker_0_memory_MB": 2313.53515625,
  "peak_gpu_0_memory_MB": 54.728515625,
  "training_duration": "0:00:02.850021",
  "training_start_epoch": 0,
  "training_epochs": 11,
  "epoch": 11,
  "training_accuracy": 0.8831816847666569,
  "training_loss": 0.7460849875653232,
  "training_worker_0_memory_MB": 2313.53515625,
  "training_gpu_0_memory_MB": 54.728515625,
  "validation_accuracy": 0.7632450331125827,
  "validation_loss": 1.1821711897850036,
  "best_validation_accuracy": 0.7632450331125827,
  "best_validation_loss": 1.1821711897850036
}