{
  "best_epoch": 10,
  "peak_worker_0_memory_MB": 2313.53515625,
  "peak_gpu_0_memory_MB": 54.728515625,
  "training_duration": "0:00:02.612236",
  "training_start_epoch": 0,
  "training_epochs": 10,
  "epoch": 10,
  "training_accuracy": 0.8667449368946287,
  "training_loss": 0.8689361954176867,
  "training_worker_0_memory_MB": 2313.53515625,
  "training_gpu_0_memory_MB": 54.728515625,
  "validation_accuracy": 0.7566225165562914,
  "validation_loss": 1.2539885759353637,
  "best_validation_accuracy": 0.7566225165562914,
  "best_validation_loss": 1.2539885759353637
}