{
  "best_epoch": 23,
  "peak_worker_0_memory_MB": 2313.53515625,
  "peak_gpu_0_memory_MB": 54.728515625,
  "training_duration": "0:00:05.895199",
  "training_start_epoch": 0,
  "training_epochs": 24,
  "epoch": 24,
  "training_accuracy": 0.9674200176108013,
  "training_loss": 0.19008456584480074,
  "training_worker_0_memory_MB": 2313.53515625,
  "training_gpu_0_memory_MB": 54.728515625,
  "validation_accuracy": 0.7980132450331126,
  "validation_loss": 0.9180858910083771,
  "best_validation_accuracy": 0.8013245033112583,
  "best_validation_loss": 0.8802489876747132
}