{
  "best_epoch": 28,
  "peak_worker_0_memory_MB": 2313.53515625,
  "peak_gpu_0_memory_MB": 54.728515625,
  "training_duration": "0:00:07.973747",
  "training_start_epoch": 0,
  "training_epochs": 33,
  "epoch": 33,
  "training_accuracy": 0.9844437921925447,
  "training_loss": 0.09456576855370293,
  "training_worker_0_memory_MB": 2313.53515625,
  "training_gpu_0_memory_MB": 54.728515625,
  "validation_accuracy": 0.7980132450331126,
  "validation_loss": 0.8916561663150787,
  "best_validation_accuracy": 0.7996688741721855,
  "best_validation_loss": 0.867320841550827
}