{
  "best_epoch": 0,
  "peak_worker_0_memory_MB": 2331.171875,
  "peak_gpu_0_memory_MB": 65.09326171875,
  "training_duration": "0:00:00.232966",
  "training_start_epoch": 0,
  "training_epochs": 0,
  "epoch": 0,
  "training_accuracy": 0.12131147540983607,
  "training_loss": 3.9428187911190204,
  "training_worker_0_memory_MB": 2331.171875,
  "training_gpu_0_memory_MB": 65.09326171875,
  "validation_accuracy": 0.2251655629139073,
  "validation_loss": 3.4936419486999513,
  "best_validation_accuracy": 0.2251655629139073,
  "best_validation_loss": 3.4936419486999513
}