{
  "best_epoch": 4,
  "peak_worker_0_memory_MB": 2268.36328125,
  "peak_gpu_0_memory_MB": 8.73193359375,
  "training_duration": "0:00:01.490156",
  "training_start_epoch": 0,
  "training_epochs": 10,
  "epoch": 10,
  "training_accuracy": 0.907647304638529,
  "training_loss": 0.33125405719405726,
  "training_worker_0_memory_MB": 2268.36328125,
  "training_gpu_0_memory_MB": 8.73193359375,
  "validation_accuracy": 0.8261589403973509,
  "validation_loss": 0.9164990365505219,
  "best_validation_accuracy": 0.8327814569536424,
  "best_validation_loss": 0.8452714592218399
}