{
  "best_epoch": 21,
  "peak_worker_0_memory_MB": 2298.41015625,
  "peak_gpu_0_memory_MB": 50.91064453125,
  "training_duration": "0:00:14.669469",
  "training_start_epoch": 0,
  "training_epochs": 21,
  "epoch": 21,
  "training_accuracy": 0.632678646050982,
  "training_loss": 1.4532263090735988,
  "training_worker_0_memory_MB": 2298.41015625,
  "training_gpu_0_memory_MB": 50.91064453125,
  "validation_accuracy": 0.7582781456953642,
  "validation_loss": 1.0554843902587892,
  "best_validation_accuracy": 0.7582781456953642,
  "best_validation_loss": 1.0554843902587892
}