{
  "best_epoch": 12,
  "peak_worker_0_memory_MB": 2298.41015625,
  "peak_gpu_0_memory_MB": 50.91064453125,
  "training_duration": "0:00:08.650944",
  "training_start_epoch": 0,
  "training_epochs": 12,
  "epoch": 12,
  "training_accuracy": 0.5319682407020476,
  "training_loss": 1.8658397072239925,
  "training_worker_0_memory_MB": 2298.41015625,
  "training_gpu_0_memory_MB": 50.91064453125,
  "validation_accuracy": 0.7052980132450332,
  "validation_loss": 1.3545813500881194,
  "best_validation_accuracy": 0.7052980132450332,
  "best_validation_loss": 1.3545813500881194
}