{
  "best_epoch": 27,
  "peak_worker_0_memory_MB": 2298.41015625,
  "peak_gpu_0_memory_MB": 50.91064453125,
  "training_duration": "0:00:18.635637",
  "training_start_epoch": 0,
  "training_epochs": 27,
  "epoch": 27,
  "training_accuracy": 0.6510656080234016,
  "training_loss": 1.3338982290343235,
  "training_worker_0_memory_MB": 2298.41015625,
  "training_gpu_0_memory_MB": 50.91064453125,
  "validation_accuracy": 0.7632450331125827,
  "validation_loss": 0.9986575707793236,
  "best_validation_accuracy": 0.7632450331125827,
  "best_validation_loss": 0.9986575707793236
}