{
  "best_epoch": 53,
  "peak_worker_0_memory_MB": 2298.41015625,
  "peak_gpu_0_memory_MB": 50.91064453125,
  "training_duration": "0:00:35.820555",
  "training_start_epoch": 0,
  "training_epochs": 53,
  "epoch": 53,
  "training_accuracy": 0.7271207689093189,
  "training_loss": 0.9800266035293278,
  "training_worker_0_memory_MB": 2298.41015625,
  "training_gpu_0_memory_MB": 50.91064453125,
  "validation_accuracy": 0.7814569536423841,
  "validation_loss": 0.9126134753227234,
  "best_validation_accuracy": 0.7814569536423841,
  "best_validation_loss": 0.9126134753227234
}