{
  "best_epoch": 22,
  "peak_worker_0_memory_MB": 2316.54296875,
  "peak_gpu_0_memory_MB": 51.12255859375,
  "training_duration": "0:00:16.308196",
  "training_start_epoch": 0,
  "training_epochs": 24,
  "epoch": 24,
  "training_accuracy": 0.8065190137902215,
  "training_loss": 0.7356555540310709,
  "training_worker_0_memory_MB": 2316.54296875,
  "training_gpu_0_memory_MB": 51.12255859375,
  "validation_accuracy": 0.7880794701986755,
  "validation_loss": 0.9808590352535248,
  "best_validation_accuracy": 0.7831125827814569,
  "best_validation_loss": 0.9663464546203613
}