{
  "best_epoch": 1,
  "peak_worker_0_memory_MB": 2316.54296875,
  "peak_gpu_0_memory_MB": 51.12255859375,
  "training_duration": "0:00:01.291630",
  "training_start_epoch": 0,
  "training_epochs": 1,
  "epoch": 1,
  "training_accuracy": 0.1521103217718345,
  "training_loss": 3.6613500682931197,
  "training_worker_0_memory_MB": 2316.54296875,
  "training_gpu_0_memory_MB": 51.12255859375,
  "validation_accuracy": 0.22350993377483444,
  "validation_loss": 3.256573963165283,
  "best_validation_accuracy": 0.22350993377483444,
  "best_validation_loss": 3.256573963165283
}