{
  "best_epoch": 8,
  "peak_worker_0_memory_MB": 2316.54296875,
  "peak_gpu_0_memory_MB": 51.12255859375,
  "training_duration": "0:00:05.854825",
  "training_start_epoch": 0,
  "training_epochs": 8,
  "epoch": 8,
  "training_accuracy": 0.549937317175094,
  "training_loss": 1.9106520571206744,
  "training_worker_0_memory_MB": 2316.54296875,
  "training_gpu_0_memory_MB": 51.12255859375,
  "validation_accuracy": 0.7086092715231788,
  "validation_loss": 1.481730341911316,
  "best_validation_accuracy": 0.7086092715231788,
  "best_validation_loss": 1.481730341911316
}