{
  "best_epoch": 19,
  "peak_worker_0_memory_MB": 2316.54296875,
  "peak_gpu_0_memory_MB": 51.12255859375,
  "training_duration": "0:00:13.696202",
  "training_start_epoch": 0,
  "training_epochs": 20,
  "epoch": 20,
  "training_accuracy": 0.7709987463435019,
  "training_loss": 0.8904530264829335,
  "training_worker_0_memory_MB": 2316.54296875,
  "training_gpu_0_memory_MB": 51.12255859375,
  "validation_accuracy": 0.7847682119205298,
  "validation_loss": 0.9908303707838059,
  "best_validation_accuracy": 0.7847682119205298,
  "best_validation_loss": 0.9876027882099152
}