{
  "best_epoch": 15,
  "peak_worker_0_memory_MB": 2316.54296875,
  "peak_gpu_0_memory_MB": 51.12255859375,
  "training_duration": "0:00:12.393122",
  "training_start_epoch": 0,
  "training_epochs": 18,
  "epoch": 18,
  "training_accuracy": 0.7613873798579189,
  "training_loss": 0.9531266940267462,
  "training_worker_0_memory_MB": 2316.54296875,
  "training_gpu_0_memory_MB": 51.12255859375,
  "validation_accuracy": 0.7764900662251656,
  "validation_loss": 1.0133465826511383,
  "best_validation_accuracy": 0.7731788079470199,
  "best_validation_loss": 1.0130385339260102
}