{
  "best_epoch": 57,
  "peak_worker_0_memory_MB": 2271.109375,
  "peak_gpu_0_memory_MB": 15.515625,
  "training_duration": "0:00:05.077356",
  "training_start_epoch": 0,
  "training_epochs": 57,
  "epoch": 57,
  "training_accuracy": 0.8796147672552167,
  "training_loss": 0.4813982889056206,
  "training_worker_0_memory_MB": 2271.109375,
  "training_gpu_0_memory_MB": 15.515625,
  "validation_accuracy": 0.8129139072847682,
  "validation_loss": 1.0663795351982117,
  "best_validation_accuracy": 0.8129139072847682,
  "best_validation_loss": 1.0663795351982117
}