{
  "best_epoch": 4,
  "peak_worker_0_memory_MB": 2311.93359375,
  "peak_gpu_0_memory_MB": 51.12255859375,
  "training_duration": "0:00:03.193973",
  "training_start_epoch": 0,
  "training_epochs": 4,
  "epoch": 4,
  "training_accuracy": 0.1525282072712077,
  "training_loss": 3.459132658807855,
  "training_worker_0_memory_MB": 2311.93359375,
  "training_gpu_0_memory_MB": 51.12255859375,
  "validation_accuracy": 0.271523178807947,
  "validation_loss": 3.0821051836013793,
  "best_validation_accuracy": 0.271523178807947,
  "best_validation_loss": 3.0821051836013793
}