{
  "best_epoch": 44,
  "peak_worker_0_memory_MB": 2328.3125,
  "peak_gpu_0_memory_MB": 64.7041015625,
  "training_duration": "0:00:11.584107",
  "training_start_epoch": 0,
  "training_epochs": 48,
  "epoch": 48,
  "training_accuracy": 0.9661813057773603,
  "training_loss": 0.20954600743838211,
  "training_worker_0_memory_MB": 2328.3125,
  "training_gpu_0_memory_MB": 64.7041015625,
  "validation_accuracy": 0.7947019867549668,
  "validation_loss": 0.9810556709766388,
  "best_validation_accuracy": 0.793046357615894,
  "best_validation_loss": 0.9255431950092315
}