{
  "best_epoch": 44,
  "peak_worker_0_memory_MB": 2328.3125,
  "peak_gpu_0_memory_MB": 64.7041015625,
  "training_duration": "0:00:10.636440",
  "training_start_epoch": 0,
  "training_epochs": 44,
  "epoch": 44,
  "training_accuracy": 0.960075152653828,
  "training_loss": 0.24592871697091345,
  "training_worker_0_memory_MB": 2328.3125,
  "training_gpu_0_memory_MB": 64.7041015625,
  "validation_accuracy": 0.793046357615894,
  "validation_loss": 0.9255431950092315,
  "best_validation_accuracy": 0.793046357615894,
  "best_validation_loss": 0.9255431950092315
}