{
  "best_epoch": 44,
  "peak_worker_0_memory_MB": 2328.3125,
  "peak_gpu_0_memory_MB": 64.7041015625,
  "training_duration": "0:00:11.348003",
  "training_start_epoch": 0,
  "training_epochs": 47,
  "epoch": 47,
  "training_accuracy": 0.9645373414748708,
  "training_loss": 0.21647498634324144,
  "training_worker_0_memory_MB": 2328.3125,
  "training_gpu_0_memory_MB": 64.7041015625,
  "validation_accuracy": 0.7963576158940397,
  "validation_loss": 0.9664647281169891,
  "best_validation_accuracy": 0.793046357615894,
  "best_validation_loss": 0.9255431950092315
}