{
  "best_epoch": 1,
  "peak_worker_0_memory_MB": 2328.3125,
  "peak_gpu_0_memory_MB": 64.7041015625,
  "training_duration": "0:00:00.466946",
  "training_start_epoch": 0,
  "training_epochs": 1,
  "epoch": 1,
  "training_accuracy": 0.21254109910756225,
  "training_loss": 3.7747111178156154,
  "training_worker_0_memory_MB": 2328.3125,
  "training_gpu_0_memory_MB": 64.7041015625,
  "validation_accuracy": 0.23344370860927152,
  "validation_loss": 3.520617628097534,
  "best_validation_accuracy": 0.23344370860927152,
  "best_validation_loss": 3.520617628097534
}