{
  "best_epoch": 34,
  "peak_worker_0_memory_MB": 2328.3125,
  "peak_gpu_0_memory_MB": 64.7041015625,
  "training_duration": "0:00:08.512820",
  "training_start_epoch": 0,
  "training_epochs": 35,
  "epoch": 35,
  "training_accuracy": 0.941286989196806,
  "training_loss": 0.3823434948476393,
  "training_worker_0_memory_MB": 2328.3125,
  "training_gpu_0_memory_MB": 64.7041015625,
  "validation_accuracy": 0.7880794701986755,
  "validation_loss": 0.9911013126373291,
  "best_validation_accuracy": 0.7880794701986755,
  "best_validation_loss": 0.9692943155765533
}