{
  "best_epoch": 42,
  "peak_worker_0_memory_MB": 2328.3125,
  "peak_gpu_0_memory_MB": 64.7041015625,
  "training_duration": "0:00:10.163296",
  "training_start_epoch": 0,
  "training_epochs": 42,
  "epoch": 42,
  "training_accuracy": 0.9574917801784876,
  "training_loss": 0.27085629772784103,
  "training_worker_0_memory_MB": 2328.3125,
  "training_gpu_0_memory_MB": 64.7041015625,
  "validation_accuracy": 0.7913907284768212,
  "validation_loss": 0.94708451628685,
  "best_validation_accuracy": 0.7913907284768212,
  "best_validation_loss": 0.94708451628685
}