{
  "best_epoch": 10,
  "peak_worker_0_memory_MB": 2273.13671875,
  "peak_gpu_0_memory_MB": 15.416015625,
  "training_duration": "0:00:01.028843",
  "training_start_epoch": 0,
  "training_epochs": 10,
  "epoch": 10,
  "training_accuracy": 0.8073836276083467,
  "training_loss": 1.1861198037862777,
  "training_worker_0_memory_MB": 2273.13671875,
  "training_gpu_0_memory_MB": 15.416015625,
  "validation_accuracy": 0.8029801324503312,
  "validation_loss": 1.3812309503555298,
  "best_validation_accuracy": 0.8029801324503312,
  "best_validation_loss": 1.3812309503555298
}