{
  "best_epoch": 37,
  "peak_worker_0_memory_MB": 2313.5546875,
  "peak_gpu_0_memory_MB": 54.728515625,
  "training_duration": "0:00:08.476376",
  "training_start_epoch": 0,
  "training_epochs": 39,
  "epoch": 39,
  "training_accuracy": 0.9633108306427942,
  "training_loss": 0.20360464795872016,
  "training_worker_0_memory_MB": 2313.5546875,
  "training_gpu_0_memory_MB": 54.728515625,
  "validation_accuracy": 0.8013245033112583,
  "validation_loss": 0.8821765720844269,
  "best_validation_accuracy": 0.8013245033112583,
  "best_validation_loss": 0.8704626142978669
}