{
  "best_epoch": 10,
  "peak_worker_0_memory_MB": 2313.5546875,
  "peak_gpu_0_memory_MB": 54.728515625,
  "training_duration": "0:00:02.297621",
  "training_start_epoch": 0,
  "training_epochs": 10,
  "epoch": 10,
  "training_accuracy": 0.7343704138538304,
  "training_loss": 1.5929490703123588,
  "training_worker_0_memory_MB": 2313.5546875,
  "training_gpu_0_memory_MB": 54.728515625,
  "validation_accuracy": 0.695364238410596,
  "validation_loss": 1.7108022332191468,
  "best_validation_accuracy": 0.695364238410596,
  "best_validation_loss": 1.7108022332191468
}