{
  "best_epoch": 44,
  "peak_worker_0_memory_MB": 2313.5546875,
  "peak_gpu_0_memory_MB": 54.728515625,
  "training_duration": "0:00:09.914304",
  "training_start_epoch": 0,
  "training_epochs": 46,
  "epoch": 46,
  "training_accuracy": 0.9724097446433813,
  "training_loss": 0.15041543219100545,
  "training_worker_0_memory_MB": 2313.5546875,
  "training_gpu_0_memory_MB": 54.728515625,
  "validation_accuracy": 0.8062913907284768,
  "validation_loss": 0.867784059047699,
  "best_validation_accuracy": 0.8079470198675497,
  "best_validation_loss": 0.8499131977558136
}