{
  "best_epoch": 50,
  "peak_worker_0_memory_MB": 2313.5546875,
  "peak_gpu_0_memory_MB": 54.728515625,
  "training_duration": "0:00:11.743831",
  "training_start_epoch": 0,
  "training_epochs": 55,
  "epoch": 55,
  "training_accuracy": 0.9823891987085412,
  "training_loss": 0.10256523500989985,
  "training_worker_0_memory_MB": 2313.5546875,
  "training_gpu_0_memory_MB": 54.728515625,
  "validation_accuracy": 0.804635761589404,
  "validation_loss": 0.8966117858886719,
  "best_validation_accuracy": 0.8062913907284768,
  "best_validation_loss": 0.8445027679204941
}