{
  "best_epoch": 29,
  "peak_worker_0_memory_MB": 2308.6875,
  "peak_gpu_0_memory_MB": 54.28173828125,
  "training_duration": "0:00:07.259812",
  "training_start_epoch": 0,
  "training_epochs": 29,
  "epoch": 29,
  "training_accuracy": 0.7503512880562061,
  "training_loss": 1.5009662838124518,
  "training_worker_0_memory_MB": 2308.6875,
  "training_gpu_0_memory_MB": 54.28173828125,
  "validation_accuracy": 0.7003311258278145,
  "validation_loss": 1.6911019444465638,
  "best_validation_accuracy": 0.7003311258278145,
  "best_validation_loss": 1.6911019444465638
}