{
  "best_epoch": 75,
  "peak_worker_0_memory_MB": 2308.6875,
  "peak_gpu_0_memory_MB": 54.28173828125,
  "training_duration": "0:00:18.947057",
  "training_start_epoch": 0,
  "training_epochs": 76,
  "epoch": 76,
  "training_accuracy": 0.9524590163934427,
  "training_loss": 0.28969931113186165,
  "training_worker_0_memory_MB": 2308.6875,
  "training_gpu_0_memory_MB": 54.28173828125,
  "validation_accuracy": 0.7996688741721855,
  "validation_loss": 0.9765451192855835,
  "best_validation_accuracy": 0.7963576158940397,
  "best_validation_loss": 0.9391552150249481
}