{
  "best_epoch": 2,
  "peak_worker_0_memory_MB": 2268.36328125,
  "peak_gpu_0_memory_MB": 8.73193359375,
  "training_duration": "0:00:00.527448",
  "training_start_epoch": 0,
  "training_epochs": 3,
  "epoch": 3,
  "training_accuracy": 0.8946928541579607,
  "training_loss": 0.4731567345167461,
  "training_worker_0_memory_MB": 2268.36328125,
  "training_gpu_0_memory_MB": 8.73193359375,
  "validation_accuracy": 0.8327814569536424,
  "validation_loss": 0.8929919302463531,
  "best_validation_accuracy": 0.8261589403973509,
  "best_validation_loss": 0.8697379872202873
}