{
  "best_epoch": 10,
  "peak_worker_0_memory_MB": 2269.69921875,
  "peak_gpu_0_memory_MB": 8.73193359375,
  "training_duration": "0:00:02.335342",
  "training_start_epoch": 0,
  "training_epochs": 16,
  "epoch": 16,
  "training_accuracy": 0.9089009611366485,
  "training_loss": 0.33970669147215393,
  "training_worker_0_memory_MB": 2269.69921875,
  "training_gpu_0_memory_MB": 8.73193359375,
  "validation_accuracy": 0.8261589403973509,
  "validation_loss": 0.8835411190986633,
  "best_validation_accuracy": 0.8311258278145696,
  "best_validation_loss": 0.8392050743103028
}