{
  "best_epoch": 3,
  "peak_worker_0_memory_MB": 2317.609375,
  "peak_gpu_0_memory_MB": 55.18505859375,
  "training_duration": "0:00:03.045138",
  "training_start_epoch": 0,
  "training_epochs": 11,
  "epoch": 11,
  "training_accuracy": 0.9302489431658055,
  "training_loss": 0.2615904260927172,
  "training_worker_0_memory_MB": 2317.609375,
  "training_gpu_0_memory_MB": 55.18505859375,
  "validation_accuracy": 0.8029801324503312,
  "validation_loss": 1.1675320982933044,
  "best_validation_accuracy": 0.7913907284768212,
  "best_validation_loss": 0.97831791639328
}