{
  "best_epoch": 3,
  "peak_worker_0_memory_MB": 2317.609375,
  "peak_gpu_0_memory_MB": 55.18505859375,
  "training_duration": "0:00:01.519845",
  "training_start_epoch": 0,
  "training_epochs": 5,
  "epoch": 5,
  "training_accuracy": 0.8828088304368248,
  "training_loss": 0.45216821645622823,
  "training_worker_0_memory_MB": 2317.609375,
  "training_gpu_0_memory_MB": 55.18505859375,
  "validation_accuracy": 0.8062913907284768,
  "validation_loss": 1.0365240037441255,
  "best_validation_accuracy": 0.7913907284768212,
  "best_validation_loss": 0.97831791639328
}