{
  "best_epoch": 6,
  "peak_worker_0_memory_MB": 2270.7265625,
  "peak_gpu_0_memory_MB": 8.73193359375,
  "training_duration": "0:00:01.007903",
  "training_start_epoch": 0,
  "training_epochs": 6,
  "epoch": 6,
  "training_accuracy": 0.8829920601755119,
  "training_loss": 0.5939327478408813,
  "training_worker_0_memory_MB": 2270.7265625,
  "training_gpu_0_memory_MB": 8.73193359375,
  "validation_accuracy": 0.8178807947019867,
  "validation_loss": 0.9131304860115051,
  "best_validation_accuracy": 0.8178807947019867,
  "best_validation_loss": 0.9131304860115051
}