{
  "best_epoch": 10,
  "peak_worker_0_memory_MB": 2270.7265625,
  "peak_gpu_0_memory_MB": 8.73193359375,
  "training_duration": "0:00:01.983634",
  "training_start_epoch": 0,
  "training_epochs": 13,
  "epoch": 13,
  "training_accuracy": 0.9105725031341413,
  "training_loss": 0.36546671665028524,
  "training_worker_0_memory_MB": 2270.7265625,
  "training_gpu_0_memory_MB": 8.73193359375,
  "validation_accuracy": 0.8261589403973509,
  "validation_loss": 0.8827526271343231,
  "best_validation_accuracy": 0.8294701986754967,
  "best_validation_loss": 0.8440440505743027
}