{
  "best_epoch": 7,
  "peak_worker_0_memory_MB": 2311.93359375,
  "peak_gpu_0_memory_MB": 51.12255859375,
  "training_duration": "0:00:05.876371",
  "training_start_epoch": 0,
  "training_epochs": 8,
  "epoch": 8,
  "training_accuracy": 0.7910572503134141,
  "training_loss": 0.8182059000981482,
  "training_worker_0_memory_MB": 2311.93359375,
  "training_gpu_0_memory_MB": 51.12255859375,
  "validation_accuracy": 0.7831125827814569,
  "validation_loss": 1.0674427688121795,
  "best_validation_accuracy": 0.7764900662251656,
  "best_validation_loss": 1.0158345997333527
}