{
  "best_epoch": 5,
  "peak_worker_0_memory_MB": 2328.05859375,
  "peak_gpu_0_memory_MB": 64.7041015625,
  "training_duration": "0:00:02.230114",
  "training_start_epoch": 0,
  "training_epochs": 7,
  "epoch": 7,
  "training_accuracy": 0.9828558008454673,
  "training_loss": 0.08954430235299601,
  "training_worker_0_memory_MB": 2328.05859375,
  "training_gpu_0_memory_MB": 64.7041015625,
  "validation_accuracy": 0.8079470198675497,
  "validation_loss": 0.9600599020719528,
  "best_validation_accuracy": 0.804635761589404,
  "best_validation_loss": 0.9478959798812866
}