{
  "best_epoch": 4,
  "peak_worker_0_memory_MB": 2328.0390625,
  "peak_gpu_0_memory_MB": 64.7041015625,
  "training_duration": "0:00:01.224396",
  "training_start_epoch": 0,
  "training_epochs": 4,
  "epoch": 4,
  "training_accuracy": 0.6343353687177078,
  "training_loss": 1.8963340752160371,
  "training_worker_0_memory_MB": 2328.0390625,
  "training_gpu_0_memory_MB": 64.7041015625,
  "validation_accuracy": 0.6738410596026491,
  "validation_loss": 1.769687283039093,
  "best_validation_accuracy": 0.6738410596026491,
  "best_validation_loss": 1.769687283039093
}