{
  "best_epoch": 19,
  "peak_worker_0_memory_MB": 2328.05859375,
  "peak_gpu_0_memory_MB": 64.7041015625,
  "training_duration": "0:00:07.074251",
  "training_start_epoch": 0,
  "training_epochs": 28,
  "epoch": 28,
  "training_accuracy": 0.9833255049318929,
  "training_loss": 0.09531968957119023,
  "training_worker_0_memory_MB": 2328.05859375,
  "training_gpu_0_memory_MB": 64.7041015625,
  "validation_accuracy": 0.8013245033112583,
  "validation_loss": 0.962276303768158,
  "best_validation_accuracy": 0.8096026490066225,
  "best_validation_loss": 0.902864933013916
}