{
  "best_epoch": 8,
  "peak_worker_0_memory_MB": 2317.37890625,
  "peak_gpu_0_memory_MB": 51.4853515625,
  "training_duration": "0:00:02.388924",
  "training_start_epoch": 0,
  "training_epochs": 8,
  "epoch": 8,
  "training_accuracy": 0.8812646370023419,
  "training_loss": 0.6716061043205546,
  "training_worker_0_memory_MB": 2317.37890625,
  "training_gpu_0_memory_MB": 51.4853515625,
  "validation_accuracy": 0.7814569536423841,
  "validation_loss": 1.0375660002231597,
  "best_validation_accuracy": 0.7814569536423841,
  "best_validation_loss": 1.0375660002231597
}