{
  "best_epoch": 1,
  "peak_worker_0_memory_MB": 2317.37890625,
  "peak_gpu_0_memory_MB": 51.4853515625,
  "training_duration": "0:00:00.525416",
  "training_start_epoch": 0,
  "training_epochs": 1,
  "epoch": 1,
  "training_accuracy": 0.32833723653395785,
  "training_loss": 3.1411756152537333,
  "training_worker_0_memory_MB": 2317.37890625,
  "training_gpu_0_memory_MB": 51.4853515625,
  "validation_accuracy": 0.47019867549668876,
  "validation_loss": 2.8440381050109864,
  "best_validation_accuracy": 0.47019867549668876,
  "best_validation_loss": 2.8440381050109864
}