{
  "best_epoch": 11,
  "peak_worker_0_memory_MB": 2328.3125,
  "peak_gpu_0_memory_MB": 64.7041015625,
  "training_duration": "0:00:05.198432",
  "training_start_epoch": 0,
  "training_epochs": 20,
  "epoch": 20,
  "training_accuracy": 0.9950681070925317,
  "training_loss": 0.03234071732123396,
  "training_worker_0_memory_MB": 2328.3125,
  "training_gpu_0_memory_MB": 64.7041015625,
  "validation_accuracy": 0.7980132450331126,
  "validation_loss": 1.0805427372455596,
  "best_validation_accuracy": 0.8079470198675497,
  "best_validation_loss": 0.9362947046756744
}