{
  "best_epoch": 11,
  "peak_worker_0_memory_MB": 2328.3125,
  "peak_gpu_0_memory_MB": 64.7041015625,
  "training_duration": "0:00:04.459935",
  "training_start_epoch": 0,
  "training_epochs": 17,
  "epoch": 17,
  "training_accuracy": 0.9920150305307656,
  "training_loss": 0.04492001994443474,
  "training_worker_0_memory_MB": 2328.3125,
  "training_gpu_0_memory_MB": 64.7041015625,
  "validation_accuracy": 0.8062913907284768,
  "validation_loss": 1.0193596720695495,
  "best_validation_accuracy": 0.8079470198675497,
  "best_validation_loss": 0.9362947046756744
}