{
  "best_epoch": 19,
  "peak_worker_0_memory_MB": 2317.36328125,
  "peak_gpu_0_memory_MB": 51.4853515625,
  "training_duration": "0:00:05.321246",
  "training_start_epoch": 0,
  "training_epochs": 19,
  "epoch": 19,
  "training_accuracy": 0.7833723653395784,
  "training_loss": 1.2444439992975833,
  "training_worker_0_memory_MB": 2317.36328125,
  "training_gpu_0_memory_MB": 51.4853515625,
  "validation_accuracy": 0.7317880794701986,
  "validation_loss": 1.4137273013591767,
  "best_validation_accuracy": 0.7317880794701986,
  "best_validation_loss": 1.4137273013591767
}