{
  "best_epoch": 33,
  "peak_worker_0_memory_MB": 2317.36328125,
  "peak_gpu_0_memory_MB": 51.4853515625,
  "training_duration": "0:00:09.102239",
  "training_start_epoch": 0,
  "training_epochs": 33,
  "epoch": 33,
  "training_accuracy": 0.9044496487119438,
  "training_loss": 0.566194411533982,
  "training_worker_0_memory_MB": 2317.36328125,
  "training_gpu_0_memory_MB": 51.4853515625,
  "validation_accuracy": 0.7814569536423841,
  "validation_loss": 1.0311099112033844,
  "best_validation_accuracy": 0.7814569536423841,
  "best_validation_loss": 1.0311099112033844
}