{
  "best_epoch": 17,
  "peak_worker_0_memory_MB": 2317.36328125,
  "peak_gpu_0_memory_MB": 51.4853515625,
  "training_duration": "0:00:04.786576",
  "training_start_epoch": 0,
  "training_epochs": 17,
  "epoch": 17,
  "training_accuracy": 0.7508196721311475,
  "training_loss": 1.41854992375445,
  "training_worker_0_memory_MB": 2317.36328125,
  "training_gpu_0_memory_MB": 51.4853515625,
  "validation_accuracy": 0.7201986754966887,
  "validation_loss": 1.5525224924087524,
  "best_validation_accuracy": 0.7201986754966887,
  "best_validation_loss": 1.5525224924087524
}