{
  "best_epoch": 5,
  "peak_worker_0_memory_MB": 2379.60546875,
  "peak_gpu_0_memory_MB": 89.33056640625,
  "training_duration": "0:00:06.826636",
  "training_start_epoch": 0,
  "training_epochs": 11,
  "epoch": 11,
  "training_accuracy": 0.9108257321171388,
  "training_loss": 0.32219602793227625,
  "training_worker_0_memory_MB": 2379.60546875,
  "training_gpu_0_memory_MB": 89.33056640625,
  "validation_accuracy": 0.8079470198675497,
  "validation_loss": 0.9740254551172256,
  "best_validation_accuracy": 0.7947019867549668,
  "best_validation_loss": 0.9292179346084595
}