{
  "best_epoch": 40,
  "peak_worker_0_memory_MB": 2317.37890625,
  "peak_gpu_0_memory_MB": 51.4853515625,
  "training_duration": "0:00:13.259290",
  "training_start_epoch": 0,
  "training_epochs": 47,
  "epoch": 47,
  "training_accuracy": 0.9608899297423887,
  "training_loss": 0.2351809179604943,
  "training_worker_0_memory_MB": 2317.37890625,
  "training_gpu_0_memory_MB": 51.4853515625,
  "validation_accuracy": 0.8029801324503312,
  "validation_loss": 0.9399313867092133,
  "best_validation_accuracy": 0.7963576158940397,
  "best_validation_loss": 0.9115805476903915
}