{
  "best_epoch": 56,
  "peak_worker_0_memory_MB": 2317.37890625,
  "peak_gpu_0_memory_MB": 51.4853515625,
  "training_duration": "0:00:17.602364",
  "training_start_epoch": 0,
  "training_epochs": 63,
  "epoch": 63,
  "training_accuracy": 0.9838407494145199,
  "training_loss": 0.11838829623007063,
  "training_worker_0_memory_MB": 2317.37890625,
  "training_gpu_0_memory_MB": 51.4853515625,
  "validation_accuracy": 0.804635761589404,
  "validation_loss": 0.8981651723384857,
  "best_validation_accuracy": 0.804635761589404,
  "best_validation_loss": 0.8803256392478943
}