{
  "best_epoch": 48,
  "peak_worker_0_memory_MB": 2317.37890625,
  "peak_gpu_0_memory_MB": 51.4853515625,
  "training_duration": "0:00:13.815618",
  "training_start_epoch": 0,
  "training_epochs": 49,
  "epoch": 49,
  "training_accuracy": 0.9655737704918033,
  "training_loss": 0.21475056425404193,
  "training_worker_0_memory_MB": 2317.37890625,
  "training_gpu_0_memory_MB": 51.4853515625,
  "validation_accuracy": 0.8029801324503312,
  "validation_loss": 0.9280164778232575,
  "best_validation_accuracy": 0.8013245033112583,
  "best_validation_loss": 0.8883656144142151
}