{
  "best_epoch": 22,
  "peak_worker_0_memory_MB": 2316.54296875,
  "peak_gpu_0_memory_MB": 51.12255859375,
  "training_duration": "0:00:17.029189",
  "training_start_epoch": 0,
  "training_epochs": 25,
  "epoch": 25,
  "training_accuracy": 0.8056832427914752,
  "training_loss": 0.7426177937733499,
  "training_worker_0_memory_MB": 2316.54296875,
  "training_gpu_0_memory_MB": 51.12255859375,
  "validation_accuracy": 0.7814569536423841,
  "validation_loss": 0.9423870086669922,
  "best_validation_accuracy": 0.7864238410596026,
  "best_validation_loss": 0.935379472374916
}