{
  "best_epoch": 7,
  "peak_worker_0_memory_MB": 2270.7265625,
  "peak_gpu_0_memory_MB": 8.73193359375,
  "training_duration": "0:00:01.244101",
  "training_start_epoch": 0,
  "training_epochs": 8,
  "epoch": 8,
  "training_accuracy": 0.8817384036773924,
  "training_loss": 0.5984185298806742,
  "training_worker_0_memory_MB": 2270.7265625,
  "training_gpu_0_memory_MB": 8.73193359375,
  "validation_accuracy": 0.8228476821192053,
  "validation_loss": 0.9449570894241333,
  "best_validation_accuracy": 0.8162251655629139,
  "best_validation_loss": 0.9443225562572479
}