{
  "best_epoch": 85,
  "peak_worker_0_memory_MB": 0,
  "training_duration": "0:00:51.532010",
  "training_start_epoch": 0,
  "training_epochs": 85,
  "epoch": 85,
  "training_accuracy": 0.5816666666666667,
  "training_loss": 2.1453228934605915,
  "training_reg_loss": 0.0,
  "training_worker_0_memory_MB": 0.0,
  "validation_accuracy": 0.5416666666666666,
  "validation_loss": 2.427479486716421,
  "validation_reg_loss": 0.0,
  "best_validation_accuracy": 0.5416666666666666,
  "best_validation_loss": 2.427479486716421,
  "best_validation_reg_loss": 0.0
}