{
  "best_epoch": 0,
  "peak_worker_0_memory_MB": 2328.29296875,
  "peak_gpu_0_memory_MB": 64.7041015625,
  "training_duration": "0:00:00.239562",
  "training_start_epoch": 0,
  "training_epochs": 0,
  "epoch": 0,
  "training_accuracy": 0.17801784875528417,
  "training_loss": 4.009678765908996,
  "training_worker_0_memory_MB": 2328.29296875,
  "training_gpu_0_memory_MB": 64.7041015625,
  "validation_accuracy": 0.3228476821192053,
  "validation_loss": 3.7198194742202757,
  "best_validation_accuracy": 0.3228476821192053,
  "best_validation_loss": 3.7198194742202757
}