{
  "best_epoch": 15,
  "peak_worker_0_memory_MB": 2328.29296875,
  "peak_gpu_0_memory_MB": 64.7041015625,
  "training_duration": "0:00:03.922854",
  "training_start_epoch": 0,
  "training_epochs": 15,
  "epoch": 15,
  "training_accuracy": 0.8976045091592297,
  "training_loss": 0.6602531618146754,
  "training_worker_0_memory_MB": 2328.29296875,
  "training_gpu_0_memory_MB": 64.7041015625,
  "validation_accuracy": 0.7764900662251656,
  "validation_loss": 1.1149482607841492,
  "best_validation_accuracy": 0.7764900662251656,
  "best_validation_loss": 1.1149482607841492
}