{
  "best_epoch": 16,
  "peak_worker_0_memory_MB": 2317.36328125,
  "peak_gpu_0_memory_MB": 51.4853515625,
  "training_duration": "0:00:04.447268",
  "training_start_epoch": 0,
  "training_epochs": 16,
  "epoch": 16,
  "training_accuracy": 0.9131147540983606,
  "training_loss": 0.5081979534519252,
  "training_worker_0_memory_MB": 2317.36328125,
  "training_gpu_0_memory_MB": 51.4853515625,
  "validation_accuracy": 0.7880794701986755,
  "validation_loss": 0.9379122525453567,
  "best_validation_accuracy": 0.7880794701986755,
  "best_validation_loss": 0.9379122525453567
}