{
  "best_epoch": 30,
  "peak_worker_0_memory_MB": 2298.41015625,
  "peak_gpu_0_memory_MB": 50.91064453125,
  "training_duration": "0:00:21.596410",
  "training_start_epoch": 0,
  "training_epochs": 31,
  "epoch": 31,
  "training_accuracy": 0.649811951525282,
  "training_loss": 1.3438237513366498,
  "training_worker_0_memory_MB": 2298.41015625,
  "training_gpu_0_memory_MB": 50.91064453125,
  "validation_accuracy": 0.7483443708609272,
  "validation_loss": 1.1064737379550933,
  "best_validation_accuracy": 0.7450331125827815,
  "best_validation_loss": 1.0757427215576172
}