{
  "best_epoch": 41,
  "peak_worker_0_memory_MB": 2298.41015625,
  "peak_gpu_0_memory_MB": 50.91064453125,
  "training_duration": "0:00:28.166753",
  "training_start_epoch": 0,
  "training_epochs": 41,
  "epoch": 41,
  "training_accuracy": 0.6865858754701212,
  "training_loss": 1.1561625270467055,
  "training_worker_0_memory_MB": 2298.41015625,
  "training_gpu_0_memory_MB": 50.91064453125,
  "validation_accuracy": 0.7748344370860927,
  "validation_loss": 1.0201948165893555,
  "best_validation_accuracy": 0.7748344370860927,
  "best_validation_loss": 1.0201948165893555
}