{
  "best_epoch": 10,
  "peak_worker_0_memory_MB": 2298.41015625,
  "peak_gpu_0_memory_MB": 50.91064453125,
  "training_duration": "0:00:07.399931",
  "training_start_epoch": 0,
  "training_epochs": 10,
  "epoch": 10,
  "training_accuracy": 0.41036356038445465,
  "training_loss": 2.4005171123303866,
  "training_worker_0_memory_MB": 2298.41015625,
  "training_gpu_0_memory_MB": 50.91064453125,
  "validation_accuracy": 0.5827814569536424,
  "validation_loss": 2.020020604133606,
  "best_validation_accuracy": 0.5827814569536424,
  "best_validation_loss": 2.020020604133606
}