{
  "best_epoch": 46,
  "peak_worker_0_memory_MB": 2327.01171875,
  "peak_gpu_0_memory_MB": 69.92529296875,
  "training_duration": "0:00:13.867887",
  "training_start_epoch": 0,
  "training_epochs": 53,
  "epoch": 53,
  "training_accuracy": 0.9522657281126264,
  "training_loss": 0.2695052447832293,
  "training_worker_0_memory_MB": 2327.01171875,
  "training_gpu_0_memory_MB": 69.92529296875,
  "validation_accuracy": 0.8096026490066225,
  "validation_loss": 0.9034752607345581,
  "best_validation_accuracy": 0.8079470198675497,
  "best_validation_loss": 0.8754772990942001
}