{
  "best_epoch": 37,
  "peak_worker_0_memory_MB": 2327.01171875,
  "peak_gpu_0_memory_MB": 69.92529296875,
  "training_duration": "0:00:09.766963",
  "training_start_epoch": 0,
  "training_epochs": 37,
  "epoch": 37,
  "training_accuracy": 0.9214694236691597,
  "training_loss": 0.5099922075039811,
  "training_worker_0_memory_MB": 2327.01171875,
  "training_gpu_0_memory_MB": 69.92529296875,
  "validation_accuracy": 0.7963576158940397,
  "validation_loss": 0.9229881823062897,
  "best_validation_accuracy": 0.7963576158940397,
  "best_validation_loss": 0.9229881823062897
}