{
  "best_epoch": 46,
  "peak_worker_0_memory_MB": 2327.01171875,
  "peak_gpu_0_memory_MB": 69.92529296875,
  "training_duration": "0:00:13.612395",
  "training_start_epoch": 0,
  "training_epochs": 52,
  "epoch": 52,
  "training_accuracy": 0.9511658600967884,
  "training_loss": 0.2793347855202026,
  "training_worker_0_memory_MB": 2327.01171875,
  "training_gpu_0_memory_MB": 69.92529296875,
  "validation_accuracy": 0.8096026490066225,
  "validation_loss": 0.8979048490524292,
  "best_validation_accuracy": 0.8079470198675497,
  "best_validation_loss": 0.8754772990942001
}