{
  "best_epoch": 2,
  "peak_worker_0_memory_MB": 2271.57421875,
  "peak_gpu_0_memory_MB": 15.515625,
  "training_duration": "0:00:00.250380",
  "training_start_epoch": 0,
  "training_epochs": 2,
  "epoch": 2,
  "training_accuracy": 0.2712680577849117,
  "training_loss": 3.7009693384170532,
  "training_worker_0_memory_MB": 2271.57421875,
  "training_gpu_0_memory_MB": 15.515625,
  "validation_accuracy": 0.47516556291390727,
  "validation_loss": 3.4791166305541994,
  "best_validation_accuracy": 0.47516556291390727,
  "best_validation_loss": 3.4791166305541994
}