{
  "best_epoch": 16,
  "peak_worker_0_memory_MB": 2316.55078125,
  "peak_gpu_0_memory_MB": 62.47802734375,
  "training_duration": "0:00:04.388526",
  "training_start_epoch": 0,
  "training_epochs": 16,
  "epoch": 16,
  "training_accuracy": 0.795784543325527,
  "training_loss": 0.8684707408520713,
  "training_worker_0_memory_MB": 2316.55078125,
  "training_gpu_0_memory_MB": 62.47802734375,
  "validation_accuracy": 0.7913907284768212,
  "validation_loss": 0.9146830439567566,
  "best_validation_accuracy": 0.7913907284768212,
  "best_validation_loss": 0.9146830439567566
}