{
  "best_epoch": 26,
  "peak_worker_0_memory_MB": 2316.55078125,
  "peak_gpu_0_memory_MB": 62.47802734375,
  "training_duration": "0:00:08.261448",
  "training_start_epoch": 0,
  "training_epochs": 31,
  "epoch": 31,
  "training_accuracy": 0.876112412177986,
  "training_loss": 0.48724385562227734,
  "training_worker_0_memory_MB": 2316.55078125,
  "training_gpu_0_memory_MB": 62.47802734375,
  "validation_accuracy": 0.8112582781456954,
  "validation_loss": 0.905007490515709,
  "best_validation_accuracy": 0.8062913907284768,
  "best_validation_loss": 0.8725881218910218
}