{
  "best_epoch": 8,
  "peak_worker_0_memory_MB": 2316.54296875,
  "peak_gpu_0_memory_MB": 51.12255859375,
  "training_duration": "0:00:06.089892",
  "training_start_epoch": 0,
  "training_epochs": 8,
  "epoch": 8,
  "training_accuracy": 0.32887588800668616,
  "training_loss": 2.864849755638524,
  "training_worker_0_memory_MB": 2316.54296875,
  "training_gpu_0_memory_MB": 51.12255859375,
  "validation_accuracy": 0.5281456953642384,
  "validation_loss": 2.342701530456543,
  "best_validation_accuracy": 0.5281456953642384,
  "best_validation_loss": 2.342701530456543
}