{
  "best_epoch": 20,
  "peak_worker_0_memory_MB": 2316.54296875,
  "peak_gpu_0_memory_MB": 51.12255859375,
  "training_duration": "0:00:14.151028",
  "training_start_epoch": 0,
  "training_epochs": 20,
  "epoch": 20,
  "training_accuracy": 0.6531550355202674,
  "training_loss": 1.445018128344887,
  "training_worker_0_memory_MB": 2316.54296875,
  "training_gpu_0_memory_MB": 51.12255859375,
  "validation_accuracy": 0.7632450331125827,
  "validation_loss": 1.0663783252239227,
  "best_validation_accuracy": 0.7632450331125827,
  "best_validation_loss": 1.0663783252239227
}