{
  "best_epoch": 1,
  "peak_worker_0_memory_MB": 2316.54296875,
  "peak_gpu_0_memory_MB": 51.12255859375,
  "training_duration": "0:00:01.376993",
  "training_start_epoch": 0,
  "training_epochs": 1,
  "epoch": 1,
  "training_accuracy": 0.025073129962390306,
  "training_loss": 4.401683405825966,
  "training_worker_0_memory_MB": 2316.54296875,
  "training_gpu_0_memory_MB": 51.12255859375,
  "validation_accuracy": 0.14072847682119205,
  "validation_loss": 4.079599809646607,
  "best_validation_accuracy": 0.14072847682119205,
  "best_validation_loss": 4.079599809646607
}