{
  "best_epoch": 25,
  "peak_worker_0_memory_MB": 2316.54296875,
  "peak_gpu_0_memory_MB": 51.12255859375,
  "training_duration": "0:00:18.163158",
  "training_start_epoch": 0,
  "training_epochs": 26,
  "epoch": 26,
  "training_accuracy": 0.705390722941914,
  "training_loss": 1.1714114484034086,
  "training_worker_0_memory_MB": 2316.54296875,
  "training_gpu_0_memory_MB": 51.12255859375,
  "validation_accuracy": 0.7781456953642384,
  "validation_loss": 0.9694534540176392,
  "best_validation_accuracy": 0.7715231788079471,
  "best_validation_loss": 0.9425831407308578
}