{
  "best_epoch": 13,
  "peak_worker_0_memory_MB": 2316.54296875,
  "peak_gpu_0_memory_MB": 51.12255859375,
  "training_duration": "0:00:09.422993",
  "training_start_epoch": 0,
  "training_epochs": 13,
  "epoch": 13,
  "training_accuracy": 0.5277893857083159,
  "training_loss": 1.947305280911295,
  "training_worker_0_memory_MB": 2316.54296875,
  "training_gpu_0_memory_MB": 51.12255859375,
  "validation_accuracy": 0.7052980132450332,
  "validation_loss": 1.43110648393631,
  "best_validation_accuracy": 0.7052980132450332,
  "best_validation_loss": 1.43110648393631
}