{
  "best_epoch": 40,
  "peak_worker_0_memory_MB": 2318.703125,
  "peak_gpu_0_memory_MB": 58.2568359375,
  "training_duration": "0:00:10.701701",
  "training_start_epoch": 0,
  "training_epochs": 40,
  "epoch": 40,
  "training_accuracy": 0.6476022877254729,
  "training_loss": 1.8177064210176468,
  "training_worker_0_memory_MB": 2318.703125,
  "training_gpu_0_memory_MB": 58.2568359375,
  "validation_accuracy": 0.6556291390728477,
  "validation_loss": 1.873714280128479,
  "best_validation_accuracy": 0.6556291390728477,
  "best_validation_loss": 1.873714280128479
}