{
  "best_epoch": 56,
  "peak_worker_0_memory_MB": 2318.703125,
  "peak_gpu_0_memory_MB": 58.2568359375,
  "training_duration": "0:00:14.869752",
  "training_start_epoch": 0,
  "training_epochs": 56,
  "epoch": 56,
  "training_accuracy": 0.7626484821821381,
  "training_loss": 1.289657149877813,
  "training_worker_0_memory_MB": 2318.703125,
  "training_gpu_0_memory_MB": 58.2568359375,
  "validation_accuracy": 0.7135761589403974,
  "validation_loss": 1.441450798511505,
  "best_validation_accuracy": 0.7135761589403974,
  "best_validation_loss": 1.441450798511505
}