{
  "best_epoch": 47,
  "peak_worker_0_memory_MB": 2318.703125,
  "peak_gpu_0_memory_MB": 58.2568359375,
  "training_duration": "0:00:12.524663",
  "training_start_epoch": 0,
  "training_epochs": 47,
  "epoch": 47,
  "training_accuracy": 0.7054553453585569,
  "training_loss": 1.554822867943181,
  "training_worker_0_memory_MB": 2318.703125,
  "training_gpu_0_memory_MB": 58.2568359375,
  "validation_accuracy": 0.6903973509933775,
  "validation_loss": 1.6305335760116577,
  "best_validation_accuracy": 0.6903973509933775,
  "best_validation_loss": 1.6305335760116577
}