{
  "best_epoch": 52,
  "peak_worker_0_memory_MB": 2318.703125,
  "peak_gpu_0_memory_MB": 58.2568359375,
  "training_duration": "0:00:13.826269",
  "training_start_epoch": 0,
  "training_epochs": 52,
  "epoch": 52,
  "training_accuracy": 0.7380114386273647,
  "training_loss": 1.4241002400716145,
  "training_worker_0_memory_MB": 2318.703125,
  "training_gpu_0_memory_MB": 58.2568359375,
  "validation_accuracy": 0.7019867549668874,
  "validation_loss": 1.5294022798538207,
  "best_validation_accuracy": 0.7019867549668874,
  "best_validation_loss": 1.5294022798538207
}