{
  "best_epoch": 30,
  "peak_worker_0_memory_MB": 2318.703125,
  "peak_gpu_0_memory_MB": 58.2568359375,
  "training_duration": "0:00:08.096522",
  "training_start_epoch": 0,
  "training_epochs": 30,
  "epoch": 30,
  "training_accuracy": 0.5329960404751429,
  "training_loss": 2.256610893540912,
  "training_worker_0_memory_MB": 2318.703125,
  "training_gpu_0_memory_MB": 58.2568359375,
  "validation_accuracy": 0.5844370860927153,
  "validation_loss": 2.274307942390442,
  "best_validation_accuracy": 0.5844370860927153,
  "best_validation_loss": 2.274307942390442
}