{
  "best_epoch": 80,
  "peak_worker_0_memory_MB": 2318.703125,
  "peak_gpu_0_memory_MB": 58.2568359375,
  "training_duration": "0:00:21.122440",
  "training_start_epoch": 0,
  "training_epochs": 80,
  "epoch": 80,
  "training_accuracy": 0.8680158380994281,
  "training_loss": 0.81364238800274,
  "training_worker_0_memory_MB": 2318.703125,
  "training_gpu_0_memory_MB": 58.2568359375,
  "validation_accuracy": 0.7731788079470199,
  "validation_loss": 1.1036650478839873,
  "best_validation_accuracy": 0.7731788079470199,
  "best_validation_loss": 1.1036650478839873
}