{
  "best_epoch": 71,
  "peak_worker_0_memory_MB": 2326.74609375,
  "peak_gpu_0_memory_MB": 69.92529296875,
  "training_duration": "0:00:20.974428",
  "training_start_epoch": 0,
  "training_epochs": 74,
  "epoch": 74,
  "training_accuracy": 0.9707435107787066,
  "training_loss": 0.17256270162761211,
  "training_worker_0_memory_MB": 2326.74609375,
  "training_gpu_0_memory_MB": 69.92529296875,
  "validation_accuracy": 0.804635761589404,
  "validation_loss": 0.8762324631214142,
  "best_validation_accuracy": 0.804635761589404,
  "best_validation_loss": 0.8549708455801011
}