{
  "best_epoch": 9,
  "peak_worker_0_memory_MB": 2328.05859375,
  "peak_gpu_0_memory_MB": 64.7041015625,
  "training_duration": "0:00:02.722031",
  "training_start_epoch": 0,
  "training_epochs": 9,
  "epoch": 9,
  "training_accuracy": 0.4861437294504462,
  "training_loss": 2.3088933585295037,
  "training_worker_0_memory_MB": 2328.05859375,
  "training_gpu_0_memory_MB": 64.7041015625,
  "validation_accuracy": 0.6192052980132451,
  "validation_loss": 2.0441375970840454,
  "best_validation_accuracy": 0.6192052980132451,
  "best_validation_loss": 2.0441375970840454
}