{
  "best_epoch": 8,
  "peak_worker_0_memory_MB": 2328.05859375,
  "peak_gpu_0_memory_MB": 64.7041015625,
  "training_duration": "0:00:02.449106",
  "training_start_epoch": 0,
  "training_epochs": 8,
  "epoch": 8,
  "training_accuracy": 0.4532644434006576,
  "training_loss": 2.4691800644148643,
  "training_worker_0_memory_MB": 2328.05859375,
  "training_gpu_0_memory_MB": 64.7041015625,
  "validation_accuracy": 0.5960264900662252,
  "validation_loss": 2.1534167289733888,
  "best_validation_accuracy": 0.5960264900662252,
  "best_validation_loss": 2.1534167289733888
}