{
  "best_epoch": 52,
  "peak_worker_0_memory_MB": 2328.05859375,
  "peak_gpu_0_memory_MB": 64.7041015625,
  "training_duration": "0:00:16.364670",
  "training_start_epoch": 0,
  "training_epochs": 60,
  "epoch": 60,
  "training_accuracy": 0.9333020197275717,
  "training_loss": 0.3247635059837085,
  "training_worker_0_memory_MB": 2328.05859375,
  "training_gpu_0_memory_MB": 64.7041015625,
  "validation_accuracy": 0.8062913907284768,
  "validation_loss": 0.9347776502370835,
  "best_validation_accuracy": 0.7980132450331126,
  "best_validation_loss": 0.9116970062255859
}