{
  "best_epoch": 12,
  "peak_worker_0_memory_MB": 2328.05859375,
  "peak_gpu_0_memory_MB": 64.7041015625,
  "training_duration": "0:00:03.536421",
  "training_start_epoch": 0,
  "training_epochs": 12,
  "epoch": 12,
  "training_accuracy": 0.5779708783466416,
  "training_loss": 1.9379264578890445,
  "training_worker_0_memory_MB": 2328.05859375,
  "training_gpu_0_memory_MB": 64.7041015625,
  "validation_accuracy": 0.6887417218543046,
  "validation_loss": 1.7088202118873597,
  "best_validation_accuracy": 0.6887417218543046,
  "best_validation_loss": 1.7088202118873597
}