{
  "best_epoch": 2,
  "peak_worker_0_memory_MB": 2328.05859375,
  "peak_gpu_0_memory_MB": 64.7041015625,
  "training_duration": "0:00:00.802066",
  "training_start_epoch": 0,
  "training_epochs": 2,
  "epoch": 2,
  "training_accuracy": 0.19023015500234852,
  "training_loss": 3.366962450653759,
  "training_worker_0_memory_MB": 2328.05859375,
  "training_gpu_0_memory_MB": 64.7041015625,
  "validation_accuracy": 0.36423841059602646,
  "validation_loss": 3.1576488256454467,
  "best_validation_accuracy": 0.36423841059602646,
  "best_validation_loss": 3.1576488256454467
}