{
  "best_epoch": 42,
  "peak_worker_0_memory_MB": 2328.05859375,
  "peak_gpu_0_memory_MB": 64.7041015625,
  "training_duration": "0:00:11.878309",
  "training_start_epoch": 0,
  "training_epochs": 43,
  "epoch": 43,
  "training_accuracy": 0.8945514325974636,
  "training_loss": 0.508813902068494,
  "training_worker_0_memory_MB": 2328.05859375,
  "training_gpu_0_memory_MB": 64.7041015625,
  "validation_accuracy": 0.7947019867549668,
  "validation_loss": 0.9723134368658066,
  "best_validation_accuracy": 0.793046357615894,
  "best_validation_loss": 0.9371343672275543
}