{
  "best_epoch": 23,
  "peak_worker_0_memory_MB": 2328.05859375,
  "peak_gpu_0_memory_MB": 64.7041015625,
  "training_duration": "0:00:06.793818",
  "training_start_epoch": 0,
  "training_epochs": 24,
  "epoch": 24,
  "training_accuracy": 0.78511038046031,
  "training_loss": 1.0383970203684336,
  "training_worker_0_memory_MB": 2328.05859375,
  "training_gpu_0_memory_MB": 64.7041015625,
  "validation_accuracy": 0.7698675496688742,
  "validation_loss": 1.1247569262981414,
  "best_validation_accuracy": 0.7682119205298014,
  "best_validation_loss": 1.1124680876731872
}