{
  "best_epoch": 33,
  "peak_worker_0_memory_MB": 2328.05859375,
  "peak_gpu_0_memory_MB": 64.7041015625,
  "training_duration": "0:00:09.214066",
  "training_start_epoch": 0,
  "training_epochs": 33,
  "epoch": 33,
  "training_accuracy": 0.8466416157820573,
  "training_loss": 0.7221592451209453,
  "training_worker_0_memory_MB": 2328.05859375,
  "training_gpu_0_memory_MB": 64.7041015625,
  "validation_accuracy": 0.7880794701986755,
  "validation_loss": 0.9882536113262177,
  "best_validation_accuracy": 0.7880794701986755,
  "best_validation_loss": 0.9882536113262177
}