{
  "best_epoch": 27,
  "peak_worker_0_memory_MB": 2328.05859375,
  "peak_gpu_0_memory_MB": 64.7041015625,
  "training_duration": "0:00:08.143158",
  "training_start_epoch": 0,
  "training_epochs": 29,
  "epoch": 29,
  "training_accuracy": 0.8248003757632691,
  "training_loss": 0.8411123850452367,
  "training_worker_0_memory_MB": 2328.05859375,
  "training_gpu_0_memory_MB": 64.7041015625,
  "validation_accuracy": 0.7781456953642384,
  "validation_loss": 1.0748013734817505,
  "best_validation_accuracy": 0.7715231788079471,
  "best_validation_loss": 1.0387188613414764
}