{
  "best_epoch": 27,
  "peak_worker_0_memory_MB": 2328.05859375,
  "peak_gpu_0_memory_MB": 64.7041015625,
  "training_duration": "0:00:08.409351",
  "training_start_epoch": 0,
  "training_epochs": 30,
  "epoch": 30,
  "training_accuracy": 0.8323156411460779,
  "training_loss": 0.806290550908046,
  "training_worker_0_memory_MB": 2328.05859375,
  "training_gpu_0_memory_MB": 64.7041015625,
  "validation_accuracy": 0.7798013245033113,
  "validation_loss": 1.048157799243927,
  "best_validation_accuracy": 0.7715231788079471,
  "best_validation_loss": 1.0387188613414764
}