{
  "best_epoch": 4,
  "peak_worker_0_memory_MB": 2370.390625,
  "peak_gpu_0_memory_MB": 89.33056640625,
  "training_duration": "0:00:02.476421",
  "training_start_epoch": 0,
  "training_epochs": 4,
  "epoch": 4,
  "training_accuracy": 0.6908305328852616,
  "training_loss": 1.743999186362929,
  "training_worker_0_memory_MB": 2370.390625,
  "training_gpu_0_memory_MB": 89.33056640625,
  "validation_accuracy": 0.7268211920529801,
  "validation_loss": 1.3931276202201843,
  "best_validation_accuracy": 0.7268211920529801,
  "best_validation_loss": 1.3931276202201843
}