{
  "best_epoch": 1,
  "peak_worker_0_memory_MB": 2269.44140625,
  "peak_gpu_0_memory_MB": 15.416015625,
  "training_duration": "0:00:00.734994",
  "training_start_epoch": 0,
  "training_epochs": 8,
  "epoch": 8,
  "training_accuracy": 0.8587479935794543,
  "training_loss": 0.3702157884836197,
  "training_worker_0_memory_MB": 2269.44140625,
  "training_gpu_0_memory_MB": 15.416015625,
  "validation_accuracy": 0.6639072847682119,
  "validation_loss": 1.3931211829185486,
  "best_validation_accuracy": 0.8112582781456954,
  "best_validation_loss": 1.0848405539989472
}