{
  "best_epoch": 20,
  "peak_worker_0_memory_MB": 2316.046875,
  "peak_gpu_0_memory_MB": 62.47802734375,
  "training_duration": "0:00:05.568195",
  "training_start_epoch": 0,
  "training_epochs": 20,
  "epoch": 20,
  "training_accuracy": 0.49133489461358315,
  "training_loss": 2.247274388128252,
  "training_worker_0_memory_MB": 2316.046875,
  "training_gpu_0_memory_MB": 62.47802734375,
  "validation_accuracy": 0.6506622516556292,
  "validation_loss": 1.8870444536209106,
  "best_validation_accuracy": 0.6506622516556292,
  "best_validation_loss": 1.8870444536209106
}