{
  "best_epoch": 15,
  "peak_worker_0_memory_MB": 2316.046875,
  "peak_gpu_0_memory_MB": 62.47802734375,
  "training_duration": "0:00:04.190201",
  "training_start_epoch": 0,
  "training_epochs": 15,
  "epoch": 15,
  "training_accuracy": 0.4124121779859485,
  "training_loss": 2.5714676593666645,
  "training_worker_0_memory_MB": 2316.046875,
  "training_gpu_0_memory_MB": 62.47802734375,
  "validation_accuracy": 0.5943708609271523,
  "validation_loss": 2.26198296546936,
  "best_validation_accuracy": 0.5943708609271523,
  "best_validation_loss": 2.26198296546936
}