{
  "best_epoch": 61,
  "peak_worker_0_memory_MB": 2316.046875,
  "peak_gpu_0_memory_MB": 62.47802734375,
  "training_duration": "0:00:16.559424",
  "training_start_epoch": 0,
  "training_epochs": 62,
  "epoch": 62,
  "training_accuracy": 0.7693208430913349,
  "training_loss": 0.9809162421012992,
  "training_worker_0_memory_MB": 2316.046875,
  "training_gpu_0_memory_MB": 62.47802734375,
  "validation_accuracy": 0.7880794701986755,
  "validation_loss": 0.9808194756507873,
  "best_validation_accuracy": 0.7847682119205298,
  "best_validation_loss": 0.9734871447086334
}