{
  "best_epoch": 33,
  "peak_worker_0_memory_MB": 2316.046875,
  "peak_gpu_0_memory_MB": 62.47802734375,
  "training_duration": "0:00:09.067566",
  "training_start_epoch": 0,
  "training_epochs": 33,
  "epoch": 33,
  "training_accuracy": 0.6271662763466043,
  "training_loss": 1.6590119048730652,
  "training_worker_0_memory_MB": 2316.046875,
  "training_gpu_0_memory_MB": 62.47802734375,
  "validation_accuracy": 0.7284768211920529,
  "validation_loss": 1.375149393081665,
  "best_validation_accuracy": 0.7284768211920529,
  "best_validation_loss": 1.375149393081665
}