{
  "best_epoch": 10,
  "peak_worker_0_memory_MB": 2316.046875,
  "peak_gpu_0_memory_MB": 62.47802734375,
  "training_duration": "0:00:02.818987",
  "training_start_epoch": 0,
  "training_epochs": 10,
  "epoch": 10,
  "training_accuracy": 0.3107728337236534,
  "training_loss": 2.9441746170841046,
  "training_worker_0_memory_MB": 2316.046875,
  "training_gpu_0_memory_MB": 62.47802734375,
  "validation_accuracy": 0.4768211920529801,
  "validation_loss": 2.689858603477478,
  "best_validation_accuracy": 0.4768211920529801,
  "best_validation_loss": 2.689858603477478
}