{
  "best_epoch": 26,
  "peak_worker_0_memory_MB": 2316.046875,
  "peak_gpu_0_memory_MB": 62.47802734375,
  "training_duration": "0:00:07.210762",
  "training_start_epoch": 0,
  "training_epochs": 26,
  "epoch": 26,
  "training_accuracy": 0.5606557377049181,
  "training_loss": 1.9276197970803104,
  "training_worker_0_memory_MB": 2316.046875,
  "training_gpu_0_memory_MB": 62.47802734375,
  "validation_accuracy": 0.706953642384106,
  "validation_loss": 1.5612568378448486,
  "best_validation_accuracy": 0.706953642384106,
  "best_validation_loss": 1.5612568378448486
}