{
  "best_epoch": 87,
  "peak_worker_0_memory_MB": 2316.046875,
  "peak_gpu_0_memory_MB": 62.47802734375,
  "training_duration": "0:00:23.061484",
  "training_start_epoch": 0,
  "training_epochs": 87,
  "epoch": 87,
  "training_accuracy": 0.8213114754098361,
  "training_loss": 0.7650141195574803,
  "training_worker_0_memory_MB": 2316.046875,
  "training_gpu_0_memory_MB": 62.47802734375,
  "validation_accuracy": 0.7963576158940397,
  "validation_loss": 0.8798873111605644,
  "best_validation_accuracy": 0.7963576158940397,
  "best_validation_loss": 0.8798873111605644
}