{
  "best_epoch": 44,
  "peak_worker_0_memory_MB": 2316.046875,
  "peak_gpu_0_memory_MB": 62.47802734375,
  "training_duration": "0:00:11.901518",
  "training_start_epoch": 0,
  "training_epochs": 44,
  "epoch": 44,
  "training_accuracy": 0.6997658079625293,
  "training_loss": 1.326032487314139,
  "training_worker_0_memory_MB": 2316.046875,
  "training_gpu_0_memory_MB": 62.47802734375,
  "validation_accuracy": 0.7632450331125827,
  "validation_loss": 1.1644293367862701,
  "best_validation_accuracy": 0.7632450331125827,
  "best_validation_loss": 1.1644293367862701
}