{
  "best_epoch": 11,
  "peak_worker_0_memory_MB": 2271.57421875,
  "peak_gpu_0_memory_MB": 15.515625,
  "training_duration": "0:00:01.660440",
  "training_start_epoch": 0,
  "training_epochs": 20,
  "epoch": 20,
  "training_accuracy": 0.8780096308186196,
  "training_loss": 0.3197527028620243,
  "training_worker_0_memory_MB": 2271.57421875,
  "training_gpu_0_memory_MB": 15.515625,
  "validation_accuracy": 0.7947019867549668,
  "validation_loss": 1.2175699412822723,
  "best_validation_accuracy": 0.8211920529801324,
  "best_validation_loss": 1.127452737092972
}