{
  "best_epoch": 11,
  "peak_worker_0_memory_MB": 2271.328125,
  "peak_gpu_0_memory_MB": 15.515625,
  "training_duration": "0:00:01.596673",
  "training_start_epoch": 0,
  "training_epochs": 19,
  "epoch": 19,
  "training_accuracy": 0.8780096308186196,
  "training_loss": 0.28877412602305413,
  "training_worker_0_memory_MB": 2271.328125,
  "training_gpu_0_memory_MB": 15.515625,
  "validation_accuracy": 0.8145695364238411,
  "validation_loss": 1.1761470079421996,
  "best_validation_accuracy": 0.8096026490066225,
  "best_validation_loss": 1.0929703056812285
}