{
  "best_epoch": 18,
  "peak_worker_0_memory_MB": 2319.46875,
  "peak_gpu_0_memory_MB": 51.08984375,
  "training_duration": "0:00:05.129402",
  "training_start_epoch": 0,
  "training_epochs": 18,
  "epoch": 18,
  "training_accuracy": 0.9236533957845433,
  "training_loss": 0.4748322074093036,
  "training_worker_0_memory_MB": 2319.46875,
  "training_gpu_0_memory_MB": 51.08984375,
  "validation_accuracy": 0.7897350993377483,
  "validation_loss": 0.9570487797260284,
  "best_validation_accuracy": 0.7897350993377483,
  "best_validation_loss": 0.9570487797260284
}