{
  "best_epoch": 30,
  "peak_worker_0_memory_MB": 2319.46875,
  "peak_gpu_0_memory_MB": 51.08984375,
  "training_duration": "0:00:09.817905",
  "training_start_epoch": 0,
  "training_epochs": 35,
  "epoch": 35,
  "training_accuracy": 0.9838407494145199,
  "training_loss": 0.1186808272640207,
  "training_worker_0_memory_MB": 2319.46875,
  "training_gpu_0_memory_MB": 51.08984375,
  "validation_accuracy": 0.8079470198675497,
  "validation_loss": 0.9622719526290894,
  "best_validation_accuracy": 0.7963576158940397,
  "best_validation_loss": 0.8824819266796112
}