{
  "best_epoch": 3,
  "peak_worker_0_memory_MB": 2318.11328125,
  "peak_gpu_0_memory_MB": 51.84521484375,
  "training_duration": "0:00:01.551482",
  "training_start_epoch": 0,
  "training_epochs": 5,
  "epoch": 5,
  "training_accuracy": 0.9356456330965316,
  "training_loss": 0.2702222580188199,
  "training_worker_0_memory_MB": 2318.11328125,
  "training_gpu_0_memory_MB": 51.84521484375,
  "validation_accuracy": 0.7947019867549668,
  "validation_loss": 1.121157556772232,
  "best_validation_accuracy": 0.7864238410596026,
  "best_validation_loss": 1.0655530869960785
}