{
  "best_epoch": 11,
  "peak_worker_0_memory_MB": 2311.93359375,
  "peak_gpu_0_memory_MB": 51.12255859375,
  "training_duration": "0:00:07.846846",
  "training_start_epoch": 0,
  "training_epochs": 11,
  "epoch": 11,
  "training_accuracy": 0.5996656916005014,
  "training_loss": 1.658215256113755,
  "training_worker_0_memory_MB": 2311.93359375,
  "training_gpu_0_memory_MB": 51.12255859375,
  "validation_accuracy": 0.7582781456953642,
  "validation_loss": 1.0390104353427887,
  "best_validation_accuracy": 0.7582781456953642,
  "best_validation_loss": 1.0390104353427887
}