{
  "best_epoch": 7,
  "peak_worker_0_memory_MB": 2310.99609375,
  "peak_gpu_0_memory_MB": 43.572265625,
  "training_duration": "0:00:02.139849",
  "training_start_epoch": 0,
  "training_epochs": 7,
  "epoch": 7,
  "training_accuracy": 0.8105386416861826,
  "training_loss": 1.1021013081963382,
  "training_worker_0_memory_MB": 2310.99609375,
  "training_gpu_0_memory_MB": 43.572265625,
  "validation_accuracy": 0.7582781456953642,
  "validation_loss": 1.2274901807308196,
  "best_validation_accuracy": 0.7582781456953642,
  "best_validation_loss": 1.2274901807308196
}