{
  "best_epoch": 16,
  "peak_worker_0_memory_MB": 2310.99609375,
  "peak_gpu_0_memory_MB": 43.572265625,
  "training_duration": "0:00:04.524675",
  "training_start_epoch": 0,
  "training_epochs": 16,
  "epoch": 16,
  "training_accuracy": 0.9562060889929742,
  "training_loss": 0.29506279461419405,
  "training_worker_0_memory_MB": 2310.99609375,
  "training_gpu_0_memory_MB": 43.572265625,
  "validation_accuracy": 0.7947019867549668,
  "validation_loss": 0.9036124974489212,
  "best_validation_accuracy": 0.7947019867549668,
  "best_validation_loss": 0.9036124974489212
}