{
  "best_epoch": 7,
  "peak_worker_0_memory_MB": 2294.54296875,
  "peak_gpu_0_memory_MB": 50.91064453125,
  "training_duration": "0:00:05.235352",
  "training_start_epoch": 0,
  "training_epochs": 7,
  "epoch": 7,
  "training_accuracy": 0.8374425407438362,
  "training_loss": 0.6387685160887869,
  "training_worker_0_memory_MB": 2294.54296875,
  "training_gpu_0_memory_MB": 50.91064453125,
  "validation_accuracy": 0.7831125827814569,
  "validation_loss": 1.1142278611660004,
  "best_validation_accuracy": 0.7831125827814569,
  "best_validation_loss": 1.1142278611660004
}