{
  "best_epoch": 7,
  "peak_worker_0_memory_MB": 2294.54296875,
  "peak_gpu_0_memory_MB": 50.91064453125,
  "training_duration": "0:00:08.500316",
  "training_start_epoch": 0,
  "training_epochs": 12,
  "epoch": 12,
  "training_accuracy": 0.8850814876723778,
  "training_loss": 0.3953210840884008,
  "training_worker_0_memory_MB": 2294.54296875,
  "training_gpu_0_memory_MB": 50.91064453125,
  "validation_accuracy": 0.7814569536423841,
  "validation_loss": 1.2452436625957488,
  "best_validation_accuracy": 0.7831125827814569,
  "best_validation_loss": 1.1142278611660004
}