{
  "best_epoch": 7,
  "peak_worker_0_memory_MB": 2294.54296875,
  "peak_gpu_0_memory_MB": 50.91064453125,
  "training_duration": "0:00:06.541733",
  "training_start_epoch": 0,
  "training_epochs": 9,
  "epoch": 9,
  "training_accuracy": 0.8775595486836607,
  "training_loss": 0.4397383010701129,
  "training_worker_0_memory_MB": 2294.54296875,
  "training_gpu_0_memory_MB": 50.91064453125,
  "validation_accuracy": 0.7831125827814569,
  "validation_loss": 1.2667317330837249,
  "best_validation_accuracy": 0.7831125827814569,
  "best_validation_loss": 1.1142278611660004
}