{
  "best_epoch": 75,
  "peak_worker_0_memory_MB": 2313.53515625,
  "peak_gpu_0_memory_MB": 54.728515625,
  "training_duration": "0:00:17.182260",
  "training_start_epoch": 0,
  "training_epochs": 76,
  "epoch": 76,
  "training_accuracy": 0.493395949515703,
  "training_loss": 1.9448741718574807,
  "training_worker_0_memory_MB": 2313.53515625,
  "training_gpu_0_memory_MB": 54.728515625,
  "validation_accuracy": 0.7632450331125827,
  "validation_loss": 1.1382396638393402,
  "best_validation_accuracy": 0.7615894039735099,
  "best_validation_loss": 1.1238410830497743
}