{
  "best_epoch": 70,
  "peak_worker_0_memory_MB": 2313.53515625,
  "peak_gpu_0_memory_MB": 54.728515625,
  "training_duration": "0:00:15.843135",
  "training_start_epoch": 0,
  "training_epochs": 70,
  "epoch": 70,
  "training_accuracy": 0.4798943351922512,
  "training_loss": 2.0178241575205766,
  "training_worker_0_memory_MB": 2313.53515625,
  "training_gpu_0_memory_MB": 54.728515625,
  "validation_accuracy": 0.7632450331125827,
  "validation_loss": 1.1683963239192963,
  "best_validation_accuracy": 0.7632450331125827,
  "best_validation_loss": 1.1683963239192963
}