{
  "best_epoch": 41,
  "peak_worker_0_memory_MB": 2313.5546875,
  "peak_gpu_0_memory_MB": 54.728515625,
  "training_duration": "0:00:08.352617",
  "training_start_epoch": 0,
  "training_epochs": 41,
  "epoch": 41,
  "training_accuracy": 0.4998532433225712,
  "training_loss": 2.368930838726185,
  "training_worker_0_memory_MB": 2313.5546875,
  "training_gpu_0_memory_MB": 54.728515625,
  "validation_accuracy": 0.5099337748344371,
  "validation_loss": 2.3669593811035154,
  "best_validation_accuracy": 0.5099337748344371,
  "best_validation_loss": 2.3669593811035154
}