{
  "best_epoch": 2,
  "peak_worker_0_memory_MB": 2313.5546875,
  "peak_gpu_0_memory_MB": 54.728515625,
  "training_duration": "0:00:00.567225",
  "training_start_epoch": 0,
  "training_epochs": 2,
  "epoch": 2,
  "training_accuracy": 0.11945993542706193,
  "training_loss": 4.088197725790518,
  "training_worker_0_memory_MB": 2313.5546875,
  "training_gpu_0_memory_MB": 54.728515625,
  "validation_accuracy": 0.22847682119205298,
  "validation_loss": 4.05226411819458,
  "best_validation_accuracy": 0.22847682119205298,
  "best_validation_loss": 4.05226411819458
}