{
  "best_epoch": 54,
  "peak_worker_0_memory_MB": 2313.5546875,
  "peak_gpu_0_memory_MB": 54.728515625,
  "training_duration": "0:00:11.168681",
  "training_start_epoch": 0,
  "training_epochs": 55,
  "epoch": 55,
  "training_accuracy": 0.6213677722336366,
  "training_loss": 1.9361308217048645,
  "training_worker_0_memory_MB": 2313.5546875,
  "training_gpu_0_memory_MB": 54.728515625,
  "validation_accuracy": 0.6274834437086093,
  "validation_loss": 2.0030014753341674,
  "best_validation_accuracy": 0.6241721854304636,
  "best_validation_loss": 1.9820155858993531
}