{
  "best_epoch": 22,
  "peak_worker_0_memory_MB": 2313.5546875,
  "peak_gpu_0_memory_MB": 54.728515625,
  "training_duration": "0:00:04.553570",
  "training_start_epoch": 0,
  "training_epochs": 22,
  "epoch": 22,
  "training_accuracy": 0.2987965952450837,
  "training_loss": 3.0065239844498812,
  "training_worker_0_memory_MB": 2313.5546875,
  "training_gpu_0_memory_MB": 54.728515625,
  "validation_accuracy": 0.3791390728476821,
  "validation_loss": 2.94955735206604,
  "best_validation_accuracy": 0.3791390728476821,
  "best_validation_loss": 2.94955735206604
}