{
  "best_epoch": 59,
  "peak_worker_0_memory_MB": 2313.5546875,
  "peak_gpu_0_memory_MB": 54.728515625,
  "training_duration": "0:00:11.964213",
  "training_start_epoch": 0,
  "training_epochs": 59,
  "epoch": 59,
  "training_accuracy": 0.6486645142353977,
  "training_loss": 1.8320462195961564,
  "training_worker_0_memory_MB": 2313.5546875,
  "training_gpu_0_memory_MB": 54.728515625,
  "validation_accuracy": 0.6539735099337748,
  "validation_loss": 1.8824329376220703,
  "best_validation_accuracy": 0.6539735099337748,
  "best_validation_loss": 1.8824329376220703
}