{
  "best_epoch": 1,
  "peak_worker_0_memory_MB": 0,
  "training_duration": "0:00:01.226658",
  "training_start_epoch": 0,
  "training_epochs": 1,
  "epoch": 1,
  "training_accuracy": 0.14541666666666667,
  "training_loss": 4.365769812266032,
  "training_reg_loss": 0.0,
  "training_worker_0_memory_MB": 0.0,
  "validation_accuracy": 0.15166666666666667,
  "validation_loss": 4.350735840044524,
  "validation_reg_loss": 0.0,
  "best_validation_accuracy": 0.15166666666666667,
  "best_validation_loss": 4.350735840044524,
  "best_validation_reg_loss": 0.0
}