{
  "best_epoch": 11,
  "peak_worker_0_memory_MB": 2287.21484375,
  "peak_gpu_0_memory_MB": 30.3212890625,
  "training_duration": "0:00:02.002832",
  "training_start_epoch": 0,
  "training_epochs": 12,
  "epoch": 12,
  "training_accuracy": 0.8963643961554534,
  "training_loss": 0.47411345337566574,
  "training_worker_0_memory_MB": 2287.21484375,
  "training_gpu_0_memory_MB": 30.3212890625,
  "validation_accuracy": 0.7913907284768212,
  "validation_loss": 0.920306247472763,
  "best_validation_accuracy": 0.7831125827814569,
  "best_validation_loss": 0.9073486506938935
}