{
  "best_epoch": 5,
  "peak_worker_0_memory_MB": 2287.21484375,
  "peak_gpu_0_memory_MB": 30.3212890625,
  "training_duration": "0:00:00.910209",
  "training_start_epoch": 0,
  "training_epochs": 5,
  "epoch": 5,
  "training_accuracy": 0.7597158378604263,
  "training_loss": 1.2166585341880196,
  "training_worker_0_memory_MB": 2287.21484375,
  "training_gpu_0_memory_MB": 30.3212890625,
  "validation_accuracy": 0.7384105960264901,
  "validation_loss": 1.2685391128063201,
  "best_validation_accuracy": 0.7384105960264901,
  "best_validation_loss": 1.2685391128063201
}