{
  "best_epoch": 15,
  "peak_worker_0_memory_MB": 2287.21484375,
  "peak_gpu_0_memory_MB": 30.3212890625,
  "training_duration": "0:00:03.544945",
  "training_start_epoch": 0,
  "training_epochs": 22,
  "epoch": 22,
  "training_accuracy": 0.9481821980777267,
  "training_loss": 0.219586714513992,
  "training_worker_0_memory_MB": 2287.21484375,
  "training_gpu_0_memory_MB": 30.3212890625,
  "validation_accuracy": 0.7996688741721855,
  "validation_loss": 0.8597748547792434,
  "best_validation_accuracy": 0.7864238410596026,
  "best_validation_loss": 0.8548670172691345
}