{
  "best_epoch": 2,
  "peak_worker_0_memory_MB": 2287.21484375,
  "peak_gpu_0_memory_MB": 30.3212890625,
  "training_duration": "0:00:00.454695",
  "training_start_epoch": 0,
  "training_epochs": 2,
  "epoch": 2,
  "training_accuracy": 0.5043877977434184,
  "training_loss": 2.366762085964805,
  "training_worker_0_memory_MB": 2287.21484375,
  "training_gpu_0_memory_MB": 30.3212890625,
  "validation_accuracy": 0.5927152317880795,
  "validation_loss": 2.1607070326805116,
  "best_validation_accuracy": 0.5927152317880795,
  "best_validation_loss": 2.1607070326805116
}