{
  "best_epoch": 27,
  "peak_worker_0_memory_MB": 2316.54296875,
  "peak_gpu_0_memory_MB": 51.12255859375,
  "training_duration": "0:00:18.752174",
  "training_start_epoch": 0,
  "training_epochs": 27,
  "epoch": 27,
  "training_accuracy": 0.7467613873798579,
  "training_loss": 1.0167498698360042,
  "training_worker_0_memory_MB": 2316.54296875,
  "training_gpu_0_memory_MB": 51.12255859375,
  "validation_accuracy": 0.7764900662251656,
  "validation_loss": 0.9264238677918911,
  "best_validation_accuracy": 0.7764900662251656,
  "best_validation_loss": 0.9264238677918911
}