{
  "best_epoch": 23,
  "peak_worker_0_memory_MB": 2316.2890625,
  "peak_gpu_0_memory_MB": 62.47802734375,
  "training_duration": "0:00:06.343217",
  "training_start_epoch": 0,
  "training_epochs": 23,
  "epoch": 23,
  "training_accuracy": 0.8384074941451991,
  "training_loss": 0.8687047531355673,
  "training_worker_0_memory_MB": 2316.2890625,
  "training_gpu_0_memory_MB": 62.47802734375,
  "validation_accuracy": 0.7781456953642384,
  "validation_loss": 1.0647373080253602,
  "best_validation_accuracy": 0.7781456953642384,
  "best_validation_loss": 1.0647373080253602
}