{
  "best_epoch": 5,
  "peak_worker_0_memory_MB": 2316.2890625,
  "peak_gpu_0_memory_MB": 62.47802734375,
  "training_duration": "0:00:01.556490",
  "training_start_epoch": 0,
  "training_epochs": 5,
  "epoch": 5,
  "training_accuracy": 0.3655737704918033,
  "training_loss": 2.855965909673207,
  "training_worker_0_memory_MB": 2316.2890625,
  "training_gpu_0_memory_MB": 62.47802734375,
  "validation_accuracy": 0.5066225165562914,
  "validation_loss": 2.5888301610946653,
  "best_validation_accuracy": 0.5066225165562914,
  "best_validation_loss": 2.5888301610946653
}