{
  "best_epoch": 38,
  "peak_worker_0_memory_MB": 2316.2890625,
  "peak_gpu_0_memory_MB": 62.47802734375,
  "training_duration": "0:00:10.653062",
  "training_start_epoch": 0,
  "training_epochs": 39,
  "epoch": 39,
  "training_accuracy": 0.9278688524590164,
  "training_loss": 0.40602350835479906,
  "training_worker_0_memory_MB": 2316.2890625,
  "training_gpu_0_memory_MB": 62.47802734375,
  "validation_accuracy": 0.793046357615894,
  "validation_loss": 0.9041504800319672,
  "best_validation_accuracy": 0.7963576158940397,
  "best_validation_loss": 0.8894684672355652
}