{
  "best_epoch": 3,
  "peak_worker_0_memory_MB": 2317.36328125,
  "peak_gpu_0_memory_MB": 51.4853515625,
  "training_duration": "0:00:01.117318",
  "training_start_epoch": 0,
  "training_epochs": 3,
  "epoch": 3,
  "training_accuracy": 0.32295081967213113,
  "training_loss": 3.1317093158835796,
  "training_worker_0_memory_MB": 2317.36328125,
  "training_gpu_0_memory_MB": 51.4853515625,
  "validation_accuracy": 0.4155629139072848,
  "validation_loss": 2.954198384284973,
  "best_validation_accuracy": 0.4155629139072848,
  "best_validation_loss": 2.954198384284973
}