{
  "best_epoch": 8,
  "peak_worker_0_memory_MB": 2317.36328125,
  "peak_gpu_0_memory_MB": 51.4853515625,
  "training_duration": "0:00:02.450438",
  "training_start_epoch": 0,
  "training_epochs": 8,
  "epoch": 8,
  "training_accuracy": 0.6365339578454332,
  "training_loss": 2.052126934279257,
  "training_worker_0_memory_MB": 2317.36328125,
  "training_gpu_0_memory_MB": 51.4853515625,
  "validation_accuracy": 0.6506622516556292,
  "validation_loss": 2.0210971355438234,
  "best_validation_accuracy": 0.6506622516556292,
  "best_validation_loss": 2.0210971355438234
}