{
  "best_epoch": 20,
  "peak_worker_0_memory_MB": 2370.390625,
  "peak_gpu_0_memory_MB": 89.33056640625,
  "training_duration": "0:00:10.018855",
  "training_start_epoch": 0,
  "training_epochs": 20,
  "epoch": 20,
  "training_accuracy": 0.9554728756601056,
  "training_loss": 0.3671637824700989,
  "training_worker_0_memory_MB": 2370.390625,
  "training_gpu_0_memory_MB": 89.33056640625,
  "validation_accuracy": 0.7897350993377483,
  "validation_loss": 0.9361194014549256,
  "best_validation_accuracy": 0.7897350993377483,
  "best_validation_loss": 0.9361194014549256
}