{
  "best_epoch": 16,
  "peak_worker_0_memory_MB": 2370.390625,
  "peak_gpu_0_memory_MB": 89.33056640625,
  "training_duration": "0:00:08.123414",
  "training_start_epoch": 0,
  "training_epochs": 16,
  "epoch": 16,
  "training_accuracy": 0.9164666346615459,
  "training_loss": 0.596513114130224,
  "training_worker_0_memory_MB": 2370.390625,
  "training_gpu_0_memory_MB": 89.33056640625,
  "validation_accuracy": 0.7831125827814569,
  "validation_loss": 0.9788026452064514,
  "best_validation_accuracy": 0.7831125827814569,
  "best_validation_loss": 0.9788026452064514
}