{
  "best_epoch": 8,
  "peak_worker_0_memory_MB": 2370.390625,
  "peak_gpu_0_memory_MB": 89.33056640625,
  "training_duration": "0:00:04.301029",
  "training_start_epoch": 0,
  "training_epochs": 8,
  "epoch": 8,
  "training_accuracy": 0.7273163706192991,
  "training_loss": 1.6313433683555545,
  "training_worker_0_memory_MB": 2370.390625,
  "training_gpu_0_memory_MB": 89.33056640625,
  "validation_accuracy": 0.7251655629139073,
  "validation_loss": 1.4318339943885803,
  "best_validation_accuracy": 0.7251655629139073,
  "best_validation_loss": 1.4318339943885803
}