{
  "best_epoch": 5,
  "peak_worker_0_memory_MB": 2269.83203125,
  "peak_gpu_0_memory_MB": 15.515625,
  "training_duration": "0:00:00.497516",
  "training_start_epoch": 0,
  "training_epochs": 5,
  "epoch": 5,
  "training_accuracy": 0.7463884430176565,
  "training_loss": 1.3697316706180573,
  "training_worker_0_memory_MB": 2269.83203125,
  "training_gpu_0_memory_MB": 15.515625,
  "validation_accuracy": 0.7996688741721855,
  "validation_loss": 1.415655505657196,
  "best_validation_accuracy": 0.7996688741721855,
  "best_validation_loss": 1.415655505657196
}