{
  "best_epoch": 0,
  "peak_worker_0_memory_MB": 2319.734375,
  "peak_gpu_0_memory_MB": 51.08984375,
  "training_duration": "0:00:00.246662",
  "training_start_epoch": 0,
  "training_epochs": 0,
  "epoch": 0,
  "training_accuracy": 0.23723653395784544,
  "training_loss": 3.5725714341918033,
  "training_worker_0_memory_MB": 2319.734375,
  "training_gpu_0_memory_MB": 51.08984375,
  "validation_accuracy": 0.44039735099337746,
  "validation_loss": 2.912979316711426,
  "best_validation_accuracy": 0.44039735099337746,
  "best_validation_loss": 2.912979316711426
}