{
  "best_epoch": 6,
  "peak_worker_0_memory_MB": 2319.734375,
  "peak_gpu_0_memory_MB": 51.08984375,
  "training_duration": "0:00:01.845138",
  "training_start_epoch": 0,
  "training_epochs": 6,
  "epoch": 6,
  "training_accuracy": 0.9318501170960187,
  "training_loss": 0.4260304641367784,
  "training_worker_0_memory_MB": 2319.734375,
  "training_gpu_0_memory_MB": 51.08984375,
  "validation_accuracy": 0.7897350993377483,
  "validation_loss": 0.9389118432998658,
  "best_validation_accuracy": 0.7897350993377483,
  "best_validation_loss": 0.9389118432998658
}