{
  "best_epoch": 4,
  "peak_worker_0_memory_MB": 2379.60546875,
  "peak_gpu_0_memory_MB": 89.33056640625,
  "training_duration": "0:00:02.322436",
  "training_start_epoch": 0,
  "training_epochs": 4,
  "epoch": 4,
  "training_accuracy": 0.6050168026884302,
  "training_loss": 1.8757288419563352,
  "training_worker_0_memory_MB": 2379.60546875,
  "training_gpu_0_memory_MB": 89.33056640625,
  "validation_accuracy": 0.7334437086092715,
  "validation_loss": 1.2928829073905945,
  "best_validation_accuracy": 0.7334437086092715,
  "best_validation_loss": 1.2928829073905945
}