{
  "best_epoch": 2,
  "peak_worker_0_memory_MB": 2379.60546875,
  "peak_gpu_0_memory_MB": 89.33056640625,
  "training_duration": "0:00:01.386159",
  "training_start_epoch": 0,
  "training_epochs": 2,
  "epoch": 2,
  "training_accuracy": 0.42426788286125783,
  "training_loss": 2.765706207916027,
  "training_worker_0_memory_MB": 2379.60546875,
  "training_gpu_0_memory_MB": 89.33056640625,
  "validation_accuracy": 0.6589403973509934,
  "validation_loss": 1.9652462363243104,
  "best_validation_accuracy": 0.6589403973509934,
  "best_validation_loss": 1.9652462363243104
}