{
  "best_epoch": 1,
  "peak_worker_0_memory_MB": 2285.74609375,
  "peak_gpu_0_memory_MB": 49.984375,
  "training_duration": "0:00:03.299901",
  "training_start_epoch": 0,
  "training_epochs": 4,
  "epoch": 4,
  "training_accuracy": 0.8424571667363142,
  "training_loss": 0.7451211566987791,
  "training_worker_0_memory_MB": 2285.74609375,
  "training_gpu_0_memory_MB": 49.984375,
  "validation_accuracy": 0.7599337748344371,
  "validation_loss": 1.9618950247764588,
  "best_validation_accuracy": 0.7433774834437086,
  "best_validation_loss": 1.2902268409729003
}