{
  "best_epoch": 67,
  "peak_worker_0_memory_MB": 2313.53515625,
  "peak_gpu_0_memory_MB": 54.728515625,
  "training_duration": "0:00:14.153333",
  "training_start_epoch": 0,
  "training_epochs": 68,
  "epoch": 68,
  "training_accuracy": 0.965952450836513,
  "training_loss": 0.17614445849149316,
  "training_worker_0_memory_MB": 2313.53515625,
  "training_gpu_0_memory_MB": 54.728515625,
  "validation_accuracy": 0.8062913907284768,
  "validation_loss": 0.8752862811088562,
  "best_validation_accuracy": 0.8029801324503312,
  "best_validation_loss": 0.8592004418373108
}