{
  "best_epoch": 56,
  "peak_worker_0_memory_MB": 2313.53515625,
  "peak_gpu_0_memory_MB": 54.728515625,
  "training_duration": "0:00:12.518184",
  "training_start_epoch": 0,
  "training_epochs": 60,
  "epoch": 60,
  "training_accuracy": 0.9562665101262108,
  "training_loss": 0.22898913988912548,
  "training_worker_0_memory_MB": 2313.53515625,
  "training_gpu_0_memory_MB": 54.728515625,
  "validation_accuracy": 0.8062913907284768,
  "validation_loss": 0.8876108884811401,
  "best_validation_accuracy": 0.8062913907284768,
  "best_validation_loss": 0.8674276530742645
}