{
  "best_epoch": 21,
  "peak_worker_0_memory_MB": 2316.2890625,
  "peak_gpu_0_memory_MB": 62.47802734375,
  "training_duration": "0:00:06.366002",
  "training_start_epoch": 0,
  "training_epochs": 22,
  "epoch": 22,
  "training_accuracy": 0.8964871194379391,
  "training_loss": 0.5926787248298303,
  "training_worker_0_memory_MB": 2316.2890625,
  "training_gpu_0_memory_MB": 62.47802734375,
  "validation_accuracy": 0.7880794701986755,
  "validation_loss": 0.982814359664917,
  "best_validation_accuracy": 0.7880794701986755,
  "best_validation_loss": 0.9649684727191925
}