{
  "best_epoch": 3,
  "peak_worker_0_memory_MB": 2316.2890625,
  "peak_gpu_0_memory_MB": 62.47802734375,
  "training_duration": "0:00:01.115586",
  "training_start_epoch": 0,
  "training_epochs": 3,
  "epoch": 3,
  "training_accuracy": 0.3224824355971897,
  "training_loss": 2.9964557298973427,
  "training_worker_0_memory_MB": 2316.2890625,
  "training_gpu_0_memory_MB": 62.47802734375,
  "validation_accuracy": 0.46357615894039733,
  "validation_loss": 2.699612092971802,
  "best_validation_accuracy": 0.46357615894039733,
  "best_validation_loss": 2.699612092971802
}