{
  "best_epoch": 2,
  "peak_worker_0_memory_MB": 2316.2890625,
  "peak_gpu_0_memory_MB": 62.47802734375,
  "training_duration": "0:00:00.823687",
  "training_start_epoch": 0,
  "training_epochs": 2,
  "epoch": 2,
  "training_accuracy": 0.2468384074941452,
  "training_loss": 3.2108983068323846,
  "training_worker_0_memory_MB": 2316.2890625,
  "training_gpu_0_memory_MB": 62.47802734375,
  "validation_accuracy": 0.41887417218543044,
  "validation_loss": 2.9543834209442137,
  "best_validation_accuracy": 0.41887417218543044,
  "best_validation_loss": 2.9543834209442137
}