{
  "best_epoch": 55,
  "peak_worker_0_memory_MB": 2327.01171875,
  "peak_gpu_0_memory_MB": 69.92529296875,
  "training_duration": "0:00:14.299047",
  "training_start_epoch": 0,
  "training_epochs": 55,
  "epoch": 55,
  "training_accuracy": 0.9351077870655521,
  "training_loss": 0.40973389003839755,
  "training_worker_0_memory_MB": 2327.01171875,
  "training_gpu_0_memory_MB": 69.92529296875,
  "validation_accuracy": 0.7947019867549668,
  "validation_loss": 0.923130887746811,
  "best_validation_accuracy": 0.7947019867549668,
  "best_validation_loss": 0.923130887746811
}