{
  "best_epoch": 64,
  "peak_worker_0_memory_MB": 2327.01171875,
  "peak_gpu_0_memory_MB": 69.92529296875,
  "training_duration": "0:00:16.590685",
  "training_start_epoch": 0,
  "training_epochs": 64,
  "epoch": 64,
  "training_accuracy": 0.9461064672239331,
  "training_loss": 0.3108904418639011,
  "training_worker_0_memory_MB": 2327.01171875,
  "training_gpu_0_memory_MB": 69.92529296875,
  "validation_accuracy": 0.7980132450331126,
  "validation_loss": 0.8964808106422424,
  "best_validation_accuracy": 0.7980132450331126,
  "best_validation_loss": 0.8964808106422424
}