{
  "best_epoch": 2,
  "peak_worker_0_memory_MB": 2327.01171875,
  "peak_gpu_0_memory_MB": 69.92529296875,
  "training_duration": "0:00:00.762195",
  "training_start_epoch": 0,
  "training_epochs": 2,
  "epoch": 2,
  "training_accuracy": 0.17839859216893972,
  "training_loss": 3.5098248720169067,
  "training_worker_0_memory_MB": 2327.01171875,
  "training_gpu_0_memory_MB": 69.92529296875,
  "validation_accuracy": 0.26158940397350994,
  "validation_loss": 3.3546801567077638,
  "best_validation_accuracy": 0.26158940397350994,
  "best_validation_loss": 3.3546801567077638
}