{
  "best_epoch": 10,
  "peak_worker_0_memory_MB": 2327.01171875,
  "peak_gpu_0_memory_MB": 69.92529296875,
  "training_duration": "0:00:02.807825",
  "training_start_epoch": 0,
  "training_epochs": 10,
  "epoch": 10,
  "training_accuracy": 0.4370875494940607,
  "training_loss": 2.538190053568946,
  "training_worker_0_memory_MB": 2327.01171875,
  "training_gpu_0_memory_MB": 69.92529296875,
  "validation_accuracy": 0.5198675496688742,
  "validation_loss": 2.4114867210388184,
  "best_validation_accuracy": 0.5198675496688742,
  "best_validation_loss": 2.4114867210388184
}