{
  "best_epoch": 57,
  "peak_worker_0_memory_MB": 2327.01171875,
  "peak_gpu_0_memory_MB": 69.92529296875,
  "training_duration": "0:00:15.064181",
  "training_start_epoch": 0,
  "training_epochs": 58,
  "epoch": 58,
  "training_accuracy": 0.9384073911130665,
  "training_loss": 0.37015306390821934,
  "training_worker_0_memory_MB": 2327.01171875,
  "training_gpu_0_memory_MB": 69.92529296875,
  "validation_accuracy": 0.7963576158940397,
  "validation_loss": 0.9295991659164429,
  "best_validation_accuracy": 0.7947019867549668,
  "best_validation_loss": 0.9205366849899292
}