{
  "best_epoch": 35,
  "peak_worker_0_memory_MB": 2327.01171875,
  "peak_gpu_0_memory_MB": 69.92529296875,
  "training_duration": "0:00:09.193027",
  "training_start_epoch": 0,
  "training_epochs": 35,
  "epoch": 35,
  "training_accuracy": 0.8596568411790585,
  "training_loss": 0.8108469247817993,
  "training_worker_0_memory_MB": 2327.01171875,
  "training_gpu_0_memory_MB": 69.92529296875,
  "validation_accuracy": 0.7731788079470199,
  "validation_loss": 1.0636673867702484,
  "best_validation_accuracy": 0.7731788079470199,
  "best_validation_loss": 1.0636673867702484
}