{
  "best_epoch": 50,
  "peak_worker_0_memory_MB": 2370.390625,
  "peak_gpu_0_memory_MB": 89.33056640625,
  "training_duration": "0:00:25.581516",
  "training_start_epoch": 0,
  "training_epochs": 55,
  "epoch": 55,
  "training_accuracy": 0.8572971675468075,
  "training_loss": 0.6458075212613317,
  "training_worker_0_memory_MB": 2370.390625,
  "training_gpu_0_memory_MB": 89.33056640625,
  "validation_accuracy": 0.7980132450331126,
  "validation_loss": 0.9502805411815644,
  "best_validation_accuracy": 0.7913907284768212,
  "best_validation_loss": 0.9022284984588623
}