{
  "best_epoch": 50,
  "peak_worker_0_memory_MB": 2370.390625,
  "peak_gpu_0_memory_MB": 89.33056640625,
  "training_duration": "0:00:26.495574",
  "training_start_epoch": 0,
  "training_epochs": 57,
  "epoch": 57,
  "training_accuracy": 0.8563370139222276,
  "training_loss": 0.6237975236113745,
  "training_worker_0_memory_MB": 2370.390625,
  "training_gpu_0_memory_MB": 89.33056640625,
  "validation_accuracy": 0.7963576158940397,
  "validation_loss": 0.9302003502845764,
  "best_validation_accuracy": 0.7913907284768212,
  "best_validation_loss": 0.9022284984588623
}