{
  "best_epoch": 19,
  "peak_worker_0_memory_MB": 2328.29296875,
  "peak_gpu_0_memory_MB": 64.7041015625,
  "training_duration": "0:00:07.498436",
  "training_start_epoch": 0,
  "training_epochs": 27,
  "epoch": 27,
  "training_accuracy": 0.9873179896665101,
  "training_loss": 0.0665497732307039,
  "training_worker_0_memory_MB": 2328.29296875,
  "training_gpu_0_memory_MB": 64.7041015625,
  "validation_accuracy": 0.8079470198675497,
  "validation_loss": 0.9641030251979827,
  "best_validation_accuracy": 0.8096026490066225,
  "best_validation_loss": 0.9165336430072785
}