{
  "best_epoch": 19,
  "peak_worker_0_memory_MB": 2328.29296875,
  "peak_gpu_0_memory_MB": 64.7041015625,
  "training_duration": "0:00:06.973416",
  "training_start_epoch": 0,
  "training_epochs": 25,
  "epoch": 25,
  "training_accuracy": 0.9875528417097229,
  "training_loss": 0.07733200646158475,
  "training_worker_0_memory_MB": 2328.29296875,
  "training_gpu_0_memory_MB": 64.7041015625,
  "validation_accuracy": 0.804635761589404,
  "validation_loss": 0.9624463677406311,
  "best_validation_accuracy": 0.8096026490066225,
  "best_validation_loss": 0.9165336430072785
}