{
  "best_epoch": 4,
  "peak_worker_0_memory_MB": 2328.29296875,
  "peak_gpu_0_memory_MB": 64.7041015625,
  "training_duration": "0:00:01.353831",
  "training_start_epoch": 0,
  "training_epochs": 4,
  "epoch": 4,
  "training_accuracy": 0.6979802724283701,
  "training_loss": 1.608535328907753,
  "training_worker_0_memory_MB": 2328.29296875,
  "training_gpu_0_memory_MB": 64.7041015625,
  "validation_accuracy": 0.7102649006622517,
  "validation_loss": 1.5465795636177062,
  "best_validation_accuracy": 0.7102649006622517,
  "best_validation_loss": 1.5465795636177062
}