{
  "best_epoch": 14,
  "peak_worker_0_memory_MB": 2328.29296875,
  "peak_gpu_0_memory_MB": 64.7041015625,
  "training_duration": "0:00:03.624303",
  "training_start_epoch": 0,
  "training_epochs": 14,
  "epoch": 14,
  "training_accuracy": 0.8980742132456553,
  "training_loss": 0.639076421065117,
  "training_worker_0_memory_MB": 2328.29296875,
  "training_gpu_0_memory_MB": 64.7041015625,
  "validation_accuracy": 0.7764900662251656,
  "validation_loss": 1.049335139989853,
  "best_validation_accuracy": 0.7764900662251656,
  "best_validation_loss": 1.049335139989853
}