{
  "best_epoch": 23,
  "peak_worker_0_memory_MB": 2328.29296875,
  "peak_gpu_0_memory_MB": 64.7041015625,
  "training_duration": "0:00:05.804835",
  "training_start_epoch": 0,
  "training_epochs": 23,
  "epoch": 23,
  "training_accuracy": 0.9598403006106153,
  "training_loss": 0.26074843508983725,
  "training_worker_0_memory_MB": 2328.29296875,
  "training_gpu_0_memory_MB": 64.7041015625,
  "validation_accuracy": 0.8079470198675497,
  "validation_loss": 0.9161058902740479,
  "best_validation_accuracy": 0.8079470198675497,
  "best_validation_loss": 0.9161058902740479
}