{
  "best_epoch": 21,
  "peak_worker_0_memory_MB": 2319.734375,
  "peak_gpu_0_memory_MB": 51.08984375,
  "training_duration": "0:00:06.726992",
  "training_start_epoch": 0,
  "training_epochs": 25,
  "epoch": 25,
  "training_accuracy": 0.9707259953161592,
  "training_loss": 0.20079665542093675,
  "training_worker_0_memory_MB": 2319.734375,
  "training_gpu_0_memory_MB": 51.08984375,
  "validation_accuracy": 0.7947019867549668,
  "validation_loss": 0.9321720182895661,
  "best_validation_accuracy": 0.7880794701986755,
  "best_validation_loss": 0.9178873836994171
}