{
  "best_epoch": 36,
  "peak_worker_0_memory_MB": 2319.22265625,
  "peak_gpu_0_memory_MB": 51.08984375,
  "training_duration": "0:00:09.651035",
  "training_start_epoch": 0,
  "training_epochs": 37,
  "epoch": 37,
  "training_accuracy": 0.8444964871194379,
  "training_loss": 0.9108057742688194,
  "training_worker_0_memory_MB": 2319.22265625,
  "training_gpu_0_memory_MB": 51.08984375,
  "validation_accuracy": 0.7615894039735099,
  "validation_loss": 1.1660331666469574,
  "best_validation_accuracy": 0.7599337748344371,
  "best_validation_loss": 1.1651830494403839
}