{
  "best_epoch": 52,
  "peak_worker_0_memory_MB": 2319.22265625,
  "peak_gpu_0_memory_MB": 51.08984375,
  "training_duration": "0:00:13.675139",
  "training_start_epoch": 0,
  "training_epochs": 53,
  "epoch": 53,
  "training_accuracy": 0.9177985948477752,
  "training_loss": 0.5225549144531364,
  "training_worker_0_memory_MB": 2319.22265625,
  "training_gpu_0_memory_MB": 51.08984375,
  "validation_accuracy": 0.7847682119205298,
  "validation_loss": 1.0063490331172944,
  "best_validation_accuracy": 0.7847682119205298,
  "best_validation_loss": 1.005241370201111
}