{
  "best_epoch": 41,
  "peak_worker_0_memory_MB": 2319.22265625,
  "peak_gpu_0_memory_MB": 51.08984375,
  "training_duration": "0:00:10.913090",
  "training_start_epoch": 0,
  "training_epochs": 42,
  "epoch": 42,
  "training_accuracy": 0.870023419203747,
  "training_loss": 0.7593825730814863,
  "training_worker_0_memory_MB": 2319.22265625,
  "training_gpu_0_memory_MB": 51.08984375,
  "validation_accuracy": 0.7715231788079471,
  "validation_loss": 1.0932068824768066,
  "best_validation_accuracy": 0.7715231788079471,
  "best_validation_loss": 1.0859079897403716
}