{
  "best_epoch": 25,
  "peak_worker_0_memory_MB": 2319.22265625,
  "peak_gpu_0_memory_MB": 51.08984375,
  "training_duration": "0:00:06.610261",
  "training_start_epoch": 0,
  "training_epochs": 25,
  "epoch": 25,
  "training_accuracy": 0.7351288056206089,
  "training_loss": 1.4480505861453157,
  "training_worker_0_memory_MB": 2319.22265625,
  "training_gpu_0_memory_MB": 51.08984375,
  "validation_accuracy": 0.7185430463576159,
  "validation_loss": 1.5321741342544555,
  "best_validation_accuracy": 0.7185430463576159,
  "best_validation_loss": 1.5321741342544555
}