{
  "best_epoch": 10,
  "peak_worker_0_memory_MB": 2269.6171875,
  "peak_gpu_0_memory_MB": 8.73193359375,
  "training_duration": "0:00:01.678194",
  "training_start_epoch": 0,
  "training_epochs": 11,
  "epoch": 11,
  "training_accuracy": 0.8938570831592144,
  "training_loss": 0.49492583149357844,
  "training_worker_0_memory_MB": 2269.6171875,
  "training_gpu_0_memory_MB": 8.73193359375,
  "validation_accuracy": 0.8311258278145696,
  "validation_loss": 0.890959620475769,
  "best_validation_accuracy": 0.8261589403973509,
  "best_validation_loss": 0.8779209166765213
}