{
  "best_epoch": 0,
  "peak_worker_0_memory_MB": 2331.171875,
  "peak_gpu_0_memory_MB": 65.09326171875,
  "training_duration": "0:00:00.257357",
  "training_start_epoch": 0,
  "training_epochs": 0,
  "epoch": 0,
  "training_accuracy": 0.13676814988290398,
  "training_loss": 3.9401114129308445,
  "training_worker_0_memory_MB": 2331.171875,
  "training_gpu_0_memory_MB": 65.09326171875,
  "validation_accuracy": 0.2632450331125828,
  "validation_loss": 3.471698689460754,
  "best_validation_accuracy": 0.2632450331125828,
  "best_validation_loss": 3.471698689460754
}