{
  "best_epoch": 2,
  "peak_worker_0_memory_MB": 2297.67578125,
  "peak_gpu_0_memory_MB": 47.5224609375,
  "training_duration": "0:00:01.838471",
  "training_start_epoch": 0,
  "training_epochs": 7,
  "epoch": 7,
  "training_accuracy": 0.985374007521939,
  "training_loss": 0.05133673369786457,
  "training_worker_0_memory_MB": 2297.67578125,
  "training_gpu_0_memory_MB": 47.5224609375,
  "validation_accuracy": 0.7781456953642384,
  "validation_loss": 1.4205566585063933,
  "best_validation_accuracy": 0.7715231788079471,
  "best_validation_loss": 1.0650692373514175
}