{
  "best_epoch": 2,
  "peak_worker_0_memory_MB": 2297.67578125,
  "peak_gpu_0_memory_MB": 47.5224609375,
  "training_duration": "0:00:02.760082",
  "training_start_epoch": 0,
  "training_epochs": 11,
  "epoch": 11,
  "training_accuracy": 0.9924780610112829,
  "training_loss": 0.024610143825779425,
  "training_worker_0_memory_MB": 2297.67578125,
  "training_gpu_0_memory_MB": 47.5224609375,
  "validation_accuracy": 0.7632450331125827,
  "validation_loss": 1.7187318563461305,
  "best_validation_accuracy": 0.7715231788079471,
  "best_validation_loss": 1.0650692373514175
}