{
  "best_epoch": 2,
  "peak_worker_0_memory_MB": 2315.51171875,
  "peak_gpu_0_memory_MB": 51.84521484375,
  "training_duration": "0:00:02.178259",
  "training_start_epoch": 0,
  "training_epochs": 8,
  "epoch": 8,
  "training_accuracy": 0.9552862515670706,
  "training_loss": 0.15678156451567224,
  "training_worker_0_memory_MB": 2315.51171875,
  "training_gpu_0_memory_MB": 51.84521484375,
  "validation_accuracy": 0.7880794701986755,
  "validation_loss": 1.525443959236145,
  "best_validation_accuracy": 0.7897350993377483,
  "best_validation_loss": 1.0485263407230376
}