{
  "best_epoch": 40,
  "peak_worker_0_memory_MB": 2317.37890625,
  "peak_gpu_0_memory_MB": 51.4853515625,
  "training_duration": "0:00:11.505201",
  "training_start_epoch": 0,
  "training_epochs": 43,
  "epoch": 43,
  "training_accuracy": 0.9718969555035128,
  "training_loss": 0.18821734612557425,
  "training_worker_0_memory_MB": 2317.37890625,
  "training_gpu_0_memory_MB": 51.4853515625,
  "validation_accuracy": 0.7996688741721855,
  "validation_loss": 0.9151804506778717,
  "best_validation_accuracy": 0.7996688741721855,
  "best_validation_loss": 0.8983492702245712
}