{
  "best_epoch": 2,
  "peak_worker_0_memory_MB": 2317.37890625,
  "peak_gpu_0_memory_MB": 51.4853515625,
  "training_duration": "0:00:00.778171",
  "training_start_epoch": 0,
  "training_epochs": 2,
  "epoch": 2,
  "training_accuracy": 0.2501170960187354,
  "training_loss": 3.4189721826297133,
  "training_worker_0_memory_MB": 2317.37890625,
  "training_gpu_0_memory_MB": 51.4853515625,
  "validation_accuracy": 0.33112582781456956,
  "validation_loss": 3.2125066041946413,
  "best_validation_accuracy": 0.33112582781456956,
  "best_validation_loss": 3.2125066041946413
}