{
  "best_epoch": 35,
  "peak_worker_0_memory_MB": 2313.53515625,
  "peak_gpu_0_memory_MB": 54.728515625,
  "training_duration": "0:00:08.170295",
  "training_start_epoch": 0,
  "training_epochs": 35,
  "epoch": 35,
  "training_accuracy": 0.8949222189609627,
  "training_loss": 0.6579714130472254,
  "training_worker_0_memory_MB": 2313.53515625,
  "training_gpu_0_memory_MB": 54.728515625,
  "validation_accuracy": 0.7748344370860927,
  "validation_loss": 1.0978598713874816,
  "best_validation_accuracy": 0.7748344370860927,
  "best_validation_loss": 1.0978598713874816
}