{
  "best_epoch": 71,
  "peak_worker_0_memory_MB": 2313.53515625,
  "peak_gpu_0_memory_MB": 54.728515625,
  "training_duration": "0:00:16.531592",
  "training_start_epoch": 0,
  "training_epochs": 72,
  "epoch": 72,
  "training_accuracy": 0.9656589374816554,
  "training_loss": 0.17401571544232192,
  "training_worker_0_memory_MB": 2313.53515625,
  "training_gpu_0_memory_MB": 54.728515625,
  "validation_accuracy": 0.8013245033112583,
  "validation_loss": 0.9155853629112244,
  "best_validation_accuracy": 0.7996688741721855,
  "best_validation_loss": 0.8672218680381775
}