{
  "best_epoch": 49,
  "peak_worker_0_memory_MB": 2313.53515625,
  "peak_gpu_0_memory_MB": 54.728515625,
  "training_duration": "0:00:11.328083",
  "training_start_epoch": 0,
  "training_epochs": 49,
  "epoch": 49,
  "training_accuracy": 0.932785441737599,
  "training_loss": 0.3749938416812155,
  "training_worker_0_memory_MB": 2313.53515625,
  "training_gpu_0_memory_MB": 54.728515625,
  "validation_accuracy": 0.7897350993377483,
  "validation_loss": 0.9537639558315277,
  "best_validation_accuracy": 0.7897350993377483,
  "best_validation_loss": 0.9537639558315277
}