{
  "best_epoch": 6,
  "peak_worker_0_memory_MB": 2313.53515625,
  "peak_gpu_0_memory_MB": 54.728515625,
  "training_duration": "0:00:01.581102",
  "training_start_epoch": 0,
  "training_epochs": 6,
  "epoch": 6,
  "training_accuracy": 0.32756090402113297,
  "training_loss": 3.0032461042757386,
  "training_worker_0_memory_MB": 2313.53515625,
  "training_gpu_0_memory_MB": 54.728515625,
  "validation_accuracy": 0.37748344370860926,
  "validation_loss": 2.9589815378189086,
  "best_validation_accuracy": 0.37748344370860926,
  "best_validation_loss": 2.9589815378189086
}