{
  "best_epoch": 9,
  "peak_worker_0_memory_MB": 2313.53515625,
  "peak_gpu_0_memory_MB": 54.728515625,
  "training_duration": "0:00:02.268342",
  "training_start_epoch": 0,
  "training_epochs": 9,
  "epoch": 9,
  "training_accuracy": 0.4564132668036396,
  "training_loss": 2.6508709059821234,
  "training_worker_0_memory_MB": 2313.53515625,
  "training_gpu_0_memory_MB": 54.728515625,
  "validation_accuracy": 0.48509933774834435,
  "validation_loss": 2.619056510925293,
  "best_validation_accuracy": 0.48509933774834435,
  "best_validation_loss": 2.619056510925293
}