{
  "best_epoch": 19,
  "peak_worker_0_memory_MB": 2309.84765625,
  "peak_gpu_0_memory_MB": 42.29736328125,
  "training_duration": "0:00:04.940795",
  "training_start_epoch": 0,
  "training_epochs": 19,
  "epoch": 19,
  "training_accuracy": 0.5409836065573771,
  "training_loss": 1.9337423061256978,
  "training_worker_0_memory_MB": 2309.84765625,
  "training_gpu_0_memory_MB": 42.29736328125,
  "validation_accuracy": 0.7185430463576159,
  "validation_loss": 1.4652093946933746,
  "best_validation_accuracy": 0.7185430463576159,
  "best_validation_loss": 1.4652093946933746
}