{
  "best_epoch": 0,
  "peak_worker_0_memory_MB": 2309.84765625,
  "peak_gpu_0_memory_MB": 42.29736328125,
  "training_duration": "0:00:00.262125",
  "training_start_epoch": 0,
  "training_epochs": 0,
  "epoch": 0,
  "training_accuracy": 0.05058548009367682,
  "training_loss": 4.107295619907664,
  "training_worker_0_memory_MB": 2309.84765625,
  "training_gpu_0_memory_MB": 42.29736328125,
  "validation_accuracy": 0.16556291390728478,
  "validation_loss": 3.84232759475708,
  "best_validation_accuracy": 0.16556291390728478,
  "best_validation_loss": 3.84232759475708
}