{
  "best_epoch": 40,
  "peak_worker_0_memory_MB": 2309.84765625,
  "peak_gpu_0_memory_MB": 42.29736328125,
  "training_duration": "0:00:10.736812",
  "training_start_epoch": 0,
  "training_epochs": 42,
  "epoch": 42,
  "training_accuracy": 0.6836065573770492,
  "training_loss": 1.263224906885802,
  "training_worker_0_memory_MB": 2309.84765625,
  "training_gpu_0_memory_MB": 42.29736328125,
  "validation_accuracy": 0.7831125827814569,
  "validation_loss": 1.0132111132144928,
  "best_validation_accuracy": 0.7831125827814569,
  "best_validation_loss": 0.9970215499401093
}