{
  "best_epoch": 15,
  "peak_worker_0_memory_MB": 2317.984375,
  "peak_gpu_0_memory_MB": 51.84521484375,
  "training_duration": "0:00:05.132212",
  "training_start_epoch": 0,
  "training_epochs": 19,
  "epoch": 19,
  "training_accuracy": 0.9210196406184705,
  "training_loss": 0.2977244148128911,
  "training_worker_0_memory_MB": 2317.984375,
  "training_gpu_0_memory_MB": 51.84521484375,
  "validation_accuracy": 0.7996688741721855,
  "validation_loss": 1.1033127784729004,
  "best_validation_accuracy": 0.8079470198675497,
  "best_validation_loss": 1.030782762169838
}