{
  "best_epoch": 28,
  "peak_worker_0_memory_MB": 2313.5546875,
  "peak_gpu_0_memory_MB": 54.728515625,
  "training_duration": "0:00:06.521698",
  "training_start_epoch": 0,
  "training_epochs": 31,
  "epoch": 31,
  "training_accuracy": 0.980921631934253,
  "training_loss": 0.10285733226272795,
  "training_worker_0_memory_MB": 2313.5546875,
  "training_gpu_0_memory_MB": 54.728515625,
  "validation_accuracy": 0.8029801324503312,
  "validation_loss": 0.896057802438736,
  "best_validation_accuracy": 0.8062913907284768,
  "best_validation_loss": 0.8652094751596451
}