{
  "best_epoch": 1,
  "peak_worker_0_memory_MB": 2313.5546875,
  "peak_gpu_0_memory_MB": 54.728515625,
  "training_duration": "0:00:00.401464",
  "training_start_epoch": 0,
  "training_epochs": 1,
  "epoch": 1,
  "training_accuracy": 0.213090695626651,
  "training_loss": 3.3302033698117293,
  "training_worker_0_memory_MB": 2313.5546875,
  "training_gpu_0_memory_MB": 54.728515625,
  "validation_accuracy": 0.3360927152317881,
  "validation_loss": 3.0868515491485597,
  "best_validation_accuracy": 0.3360927152317881,
  "best_validation_loss": 3.0868515491485597
}