{
  "best_epoch": 17,
  "peak_worker_0_memory_MB": 2365.1484375,
  "peak_gpu_0_memory_MB": 89.33056640625,
  "training_duration": "0:00:08.803917",
  "training_start_epoch": 0,
  "training_epochs": 17,
  "epoch": 17,
  "training_accuracy": 0.85693710993759,
  "training_loss": 0.8707588210360695,
  "training_worker_0_memory_MB": 2365.1484375,
  "training_gpu_0_memory_MB": 89.33056640625,
  "validation_accuracy": 0.7731788079470199,
  "validation_loss": 1.0221318185329438,
  "best_validation_accuracy": 0.7731788079470199,
  "best_validation_loss": 1.0221318185329438
}