{
  "best_epoch": 11,
  "peak_worker_0_memory_MB": 2365.1484375,
  "peak_gpu_0_memory_MB": 89.33056640625,
  "training_duration": "0:00:05.857732",
  "training_start_epoch": 0,
  "training_epochs": 11,
  "epoch": 11,
  "training_accuracy": 0.7299567930868939,
  "training_loss": 1.509192200107429,
  "training_worker_0_memory_MB": 2365.1484375,
  "training_gpu_0_memory_MB": 89.33056640625,
  "validation_accuracy": 0.7350993377483444,
  "validation_loss": 1.261569654941559,
  "best_validation_accuracy": 0.7350993377483444,
  "best_validation_loss": 1.261569654941559
}