{
  "best_epoch": 34,
  "peak_worker_0_memory_MB": 2316.55078125,
  "peak_gpu_0_memory_MB": 62.47802734375,
  "training_duration": "0:00:09.863548",
  "training_start_epoch": 0,
  "training_epochs": 35,
  "epoch": 35,
  "training_accuracy": 0.832552693208431,
  "training_loss": 0.7286926036450401,
  "training_worker_0_memory_MB": 2316.55078125,
  "training_gpu_0_memory_MB": 62.47802734375,
  "validation_accuracy": 0.7913907284768212,
  "validation_loss": 0.9608565688133239,
  "best_validation_accuracy": 0.7913907284768212,
  "best_validation_loss": 0.9069450676441193
}