{
  "best_epoch": 9,
  "peak_worker_0_memory_MB": 2316.55078125,
  "peak_gpu_0_memory_MB": 62.47802734375,
  "training_duration": "0:00:02.791277",
  "training_start_epoch": 0,
  "training_epochs": 9,
  "epoch": 9,
  "training_accuracy": 0.5173302107728337,
  "training_loss": 2.1349372365581454,
  "training_worker_0_memory_MB": 2316.55078125,
  "training_gpu_0_memory_MB": 62.47802734375,
  "validation_accuracy": 0.6721854304635762,
  "validation_loss": 1.7348607063293457,
  "best_validation_accuracy": 0.6721854304635762,
  "best_validation_loss": 1.7348607063293457
}