{
  "best_epoch": 21,
  "peak_worker_0_memory_MB": 2316.55078125,
  "peak_gpu_0_memory_MB": 62.47802734375,
  "training_duration": "0:00:06.239954",
  "training_start_epoch": 0,
  "training_epochs": 22,
  "epoch": 22,
  "training_accuracy": 0.751288056206089,
  "training_loss": 1.1172783926351746,
  "training_worker_0_memory_MB": 2316.55078125,
  "training_gpu_0_memory_MB": 62.47802734375,
  "validation_accuracy": 0.7781456953642384,
  "validation_loss": 1.0589024066925048,
  "best_validation_accuracy": 0.7814569536423841,
  "best_validation_loss": 1.0508704960346222
}