{
  "best_epoch": 48,
  "peak_worker_0_memory_MB": 2316.55078125,
  "peak_gpu_0_memory_MB": 62.47802734375,
  "training_duration": "0:00:14.149613",
  "training_start_epoch": 0,
  "training_epochs": 50,
  "epoch": 50,
  "training_accuracy": 0.8735362997658079,
  "training_loss": 0.5243843082171767,
  "training_worker_0_memory_MB": 2316.55078125,
  "training_gpu_0_memory_MB": 62.47802734375,
  "validation_accuracy": 0.7996688741721855,
  "validation_loss": 0.9508301675319671,
  "best_validation_accuracy": 0.8013245033112583,
  "best_validation_loss": 0.8709000587463379
}