{
  "best_epoch": 2,
  "peak_worker_0_memory_MB": 2268.421875,
  "peak_gpu_0_memory_MB": 15.416015625,
  "training_duration": "0:00:00.407974",
  "training_start_epoch": 0,
  "training_epochs": 4,
  "epoch": 4,
  "training_accuracy": 0.8587479935794543,
  "training_loss": 0.3967632964253426,
  "training_worker_0_memory_MB": 2268.421875,
  "training_gpu_0_memory_MB": 15.416015625,
  "validation_accuracy": 0.6920529801324503,
  "validation_loss": 1.3225781440734863,
  "best_validation_accuracy": 0.706953642384106,
  "best_validation_loss": 1.1217890799045562
}