{
  "best_epoch": 11,
  "peak_worker_0_memory_MB": 2316.2890625,
  "peak_gpu_0_memory_MB": 62.47802734375,
  "training_duration": "0:00:03.123626",
  "training_start_epoch": 0,
  "training_epochs": 11,
  "epoch": 11,
  "training_accuracy": 0.6498829039812647,
  "training_loss": 1.5403370109956656,
  "training_worker_0_memory_MB": 2316.2890625,
  "training_gpu_0_memory_MB": 62.47802734375,
  "validation_accuracy": 0.7450331125827815,
  "validation_loss": 1.26259902715683,
  "best_validation_accuracy": 0.7450331125827815,
  "best_validation_loss": 1.26259902715683
}