{
  "best_epoch": 26,
  "peak_worker_0_memory_MB": 2316.2890625,
  "peak_gpu_0_memory_MB": 62.47802734375,
  "training_duration": "0:00:07.615853",
  "training_start_epoch": 0,
  "training_epochs": 28,
  "epoch": 28,
  "training_accuracy": 0.8278688524590164,
  "training_loss": 0.7110622712035677,
  "training_worker_0_memory_MB": 2316.2890625,
  "training_gpu_0_memory_MB": 62.47802734375,
  "validation_accuracy": 0.8079470198675497,
  "validation_loss": 0.9210874199867248,
  "best_validation_accuracy": 0.7980132450331126,
  "best_validation_loss": 0.8926219433546067
}