{
  "best_epoch": 30,
  "peak_worker_0_memory_MB": 2316.2890625,
  "peak_gpu_0_memory_MB": 62.47802734375,
  "training_duration": "0:00:09.182102",
  "training_start_epoch": 0,
  "training_epochs": 34,
  "epoch": 34,
  "training_accuracy": 0.8536299765807962,
  "training_loss": 0.5773129285271488,
  "training_worker_0_memory_MB": 2316.2890625,
  "training_gpu_0_memory_MB": 62.47802734375,
  "validation_accuracy": 0.8079470198675497,
  "validation_loss": 0.8855563759803772,
  "best_validation_accuracy": 0.804635761589404,
  "best_validation_loss": 0.8838564932346344
}