{
  "best_epoch": 18,
  "peak_worker_0_memory_MB": 2365.1484375,
  "peak_gpu_0_memory_MB": 89.33056640625,
  "training_duration": "0:00:10.025471",
  "training_start_epoch": 0,
  "training_epochs": 20,
  "epoch": 20,
  "training_accuracy": 0.9727556409025444,
  "training_loss": 0.22652623307613926,
  "training_worker_0_memory_MB": 2365.1484375,
  "training_gpu_0_memory_MB": 89.33056640625,
  "validation_accuracy": 0.7963576158940397,
  "validation_loss": 0.9042093336582184,
  "best_validation_accuracy": 0.7913907284768212,
  "best_validation_loss": 0.8964769065380096
}