{
  "best_epoch": 17,
  "peak_worker_0_memory_MB": 2327.0078125,
  "peak_gpu_0_memory_MB": 69.92529296875,
  "training_duration": "0:00:04.565959",
  "training_start_epoch": 0,
  "training_epochs": 17,
  "epoch": 17,
  "training_accuracy": 0.838539375274967,
  "training_loss": 0.8608762617740366,
  "training_worker_0_memory_MB": 2327.0078125,
  "training_gpu_0_memory_MB": 69.92529296875,
  "validation_accuracy": 0.7748344370860927,
  "validation_loss": 1.0962677776813508,
  "best_validation_accuracy": 0.7748344370860927,
  "best_validation_loss": 1.0962677776813508
}