{
  "best_epoch": 27,
  "peak_worker_0_memory_MB": 2327.0078125,
  "peak_gpu_0_memory_MB": 69.92529296875,
  "training_duration": "0:00:08.114275",
  "training_start_epoch": 0,
  "training_epochs": 31,
  "epoch": 31,
  "training_accuracy": 0.9390673119225693,
  "training_loss": 0.3617984913289547,
  "training_worker_0_memory_MB": 2327.0078125,
  "training_gpu_0_memory_MB": 69.92529296875,
  "validation_accuracy": 0.8062913907284768,
  "validation_loss": 0.9159390091896057,
  "best_validation_accuracy": 0.7980132450331126,
  "best_validation_loss": 0.8878369987010956
}