{
  "best_epoch": 5,
  "peak_worker_0_memory_MB": 2315.51171875,
  "peak_gpu_0_memory_MB": 51.84521484375,
  "training_duration": "0:00:03.659559",
  "training_start_epoch": 0,
  "training_epochs": 13,
  "epoch": 13,
  "training_accuracy": 0.9590472210614291,
  "training_loss": 0.14224594983419306,
  "training_worker_0_memory_MB": 2315.51171875,
  "training_gpu_0_memory_MB": 51.84521484375,
  "validation_accuracy": 0.793046357615894,
  "validation_loss": 1.5351955592632294,
  "best_validation_accuracy": 0.8029801324503312,
  "best_validation_loss": 1.081217646598816
}