{
  "best_epoch": 13,
  "peak_worker_0_memory_MB": 2298.41015625,
  "peak_gpu_0_memory_MB": 50.91064453125,
  "training_duration": "0:00:09.388413",
  "training_start_epoch": 0,
  "training_epochs": 13,
  "epoch": 13,
  "training_accuracy": 0.7889678228165483,
  "training_loss": 0.8275115458588851,
  "training_worker_0_memory_MB": 2298.41015625,
  "training_gpu_0_memory_MB": 50.91064453125,
  "validation_accuracy": 0.7632450331125827,
  "validation_loss": 1.0807673692703248,
  "best_validation_accuracy": 0.7632450331125827,
  "best_validation_loss": 1.0807673692703248
}