{
  "best_epoch": 16,
  "peak_worker_0_memory_MB": 2328.3125,
  "peak_gpu_0_memory_MB": 64.7041015625,
  "training_duration": "0:00:04.092546",
  "training_start_epoch": 0,
  "training_epochs": 16,
  "epoch": 16,
  "training_accuracy": 0.1845937059652419,
  "training_loss": 3.4110012018858495,
  "training_worker_0_memory_MB": 2328.3125,
  "training_gpu_0_memory_MB": 64.7041015625,
  "validation_accuracy": 0.3129139072847682,
  "validation_loss": 3.2936449527740477,
  "best_validation_accuracy": 0.3129139072847682,
  "best_validation_loss": 3.2936449527740477
}