{
  "best_epoch": 33,
  "peak_worker_0_memory_MB": 2328.3125,
  "peak_gpu_0_memory_MB": 64.7041015625,
  "training_duration": "0:00:08.196546",
  "training_start_epoch": 0,
  "training_epochs": 33,
  "epoch": 33,
  "training_accuracy": 0.29779239079379993,
  "training_loss": 3.0255709370570396,
  "training_worker_0_memory_MB": 2328.3125,
  "training_gpu_0_memory_MB": 64.7041015625,
  "validation_accuracy": 0.40397350993377484,
  "validation_loss": 2.901592659950256,
  "best_validation_accuracy": 0.40397350993377484,
  "best_validation_loss": 2.901592659950256
}