{
  "best_epoch": 74,
  "peak_worker_0_memory_MB": 2328.3125,
  "peak_gpu_0_memory_MB": 64.7041015625,
  "training_duration": "0:00:18.083483",
  "training_start_epoch": 0,
  "training_epochs": 74,
  "epoch": 74,
  "training_accuracy": 0.5725692813527478,
  "training_loss": 2.0931760179462717,
  "training_worker_0_memory_MB": 2328.3125,
  "training_gpu_0_memory_MB": 64.7041015625,
  "validation_accuracy": 0.6274834437086093,
  "validation_loss": 2.0273563981056215,
  "best_validation_accuracy": 0.6274834437086093,
  "best_validation_loss": 2.0273563981056215
}