{
  "best_epoch": 19,
  "peak_worker_0_memory_MB": 2328.3125,
  "peak_gpu_0_memory_MB": 64.7041015625,
  "training_duration": "0:00:04.817558",
  "training_start_epoch": 0,
  "training_epochs": 19,
  "epoch": 19,
  "training_accuracy": 0.2022076092062001,
  "training_loss": 3.325663531004493,
  "training_worker_0_memory_MB": 2328.3125,
  "training_gpu_0_memory_MB": 64.7041015625,
  "validation_accuracy": 0.33278145695364236,
  "validation_loss": 3.201902151107788,
  "best_validation_accuracy": 0.33278145695364236,
  "best_validation_loss": 3.201902151107788
}