{
  "best_epoch": 41,
  "peak_worker_0_memory_MB": 2328.3125,
  "peak_gpu_0_memory_MB": 64.7041015625,
  "training_duration": "0:00:10.131039",
  "training_start_epoch": 0,
  "training_epochs": 41,
  "epoch": 41,
  "training_accuracy": 0.3581493658994833,
  "training_loss": 2.839194351167821,
  "training_worker_0_memory_MB": 2328.3125,
  "training_gpu_0_memory_MB": 64.7041015625,
  "validation_accuracy": 0.4470198675496689,
  "validation_loss": 2.7517916202545165,
  "best_validation_accuracy": 0.4470198675496689,
  "best_validation_loss": 2.7517916202545165
}