{
  "best_epoch": 10,
  "peak_worker_0_memory_MB": 2328.3125,
  "peak_gpu_0_memory_MB": 64.7041015625,
  "training_duration": "0:00:02.639747",
  "training_start_epoch": 0,
  "training_epochs": 10,
  "epoch": 10,
  "training_accuracy": 0.1601690934711132,
  "training_loss": 3.662383837486381,
  "training_worker_0_memory_MB": 2328.3125,
  "training_gpu_0_memory_MB": 64.7041015625,
  "validation_accuracy": 0.26490066225165565,
  "validation_loss": 3.568902587890625,
  "best_validation_accuracy": 0.26490066225165565,
  "best_validation_loss": 3.568902587890625
}