{
  "best_epoch": 50,
  "peak_worker_0_memory_MB": 2328.3125,
  "peak_gpu_0_memory_MB": 64.7041015625,
  "training_duration": "0:00:12.299892",
  "training_start_epoch": 0,
  "training_epochs": 50,
  "epoch": 50,
  "training_accuracy": 0.4279004227336778,
  "training_loss": 2.6285573617735905,
  "training_worker_0_memory_MB": 2328.3125,
  "training_gpu_0_memory_MB": 64.7041015625,
  "validation_accuracy": 0.5,
  "validation_loss": 2.5331029176712034,
  "best_validation_accuracy": 0.5,
  "best_validation_loss": 2.5331029176712034
}