{
  "best_epoch": 5,
  "peak_worker_0_memory_MB": 2289.3359375,
  "peak_gpu_0_memory_MB": 49.984375,
  "training_duration": "0:00:06.119715",
  "training_start_epoch": 0,
  "training_epochs": 8,
  "epoch": 8,
  "training_accuracy": 0.8859172586711241,
  "training_loss": 0.4195749191077132,
  "training_worker_0_memory_MB": 2289.3359375,
  "training_gpu_0_memory_MB": 49.984375,
  "validation_accuracy": 0.7665562913907285,
  "validation_loss": 1.3721100687980652,
  "best_validation_accuracy": 0.7533112582781457,
  "best_validation_loss": 1.260331892967224
}