{
  "best_epoch": 25,
  "peak_worker_0_memory_MB": 2328.3125,
  "peak_gpu_0_memory_MB": 64.7041015625,
  "training_duration": "0:00:06.471944",
  "training_start_epoch": 0,
  "training_epochs": 25,
  "epoch": 25,
  "training_accuracy": 0.9525598872710193,
  "training_loss": 0.29947762680587486,
  "training_worker_0_memory_MB": 2328.3125,
  "training_gpu_0_memory_MB": 64.7041015625,
  "validation_accuracy": 0.7980132450331126,
  "validation_loss": 0.9727463006973267,
  "best_validation_accuracy": 0.7980132450331126,
  "best_validation_loss": 0.9727463006973267
}