{
  "best_epoch": 16,
  "peak_worker_0_memory_MB": 2313.4765625,
  "peak_gpu_0_memory_MB": 54.728515625,
  "training_duration": "0:00:04.137680",
  "training_start_epoch": 0,
  "training_epochs": 18,
  "epoch": 18,
  "training_accuracy": 0.9339594951570297,
  "training_loss": 0.36301326503356296,
  "training_worker_0_memory_MB": 2313.4765625,
  "training_gpu_0_memory_MB": 54.728515625,
  "validation_accuracy": 0.7947019867549668,
  "validation_loss": 0.936439859867096,
  "best_validation_accuracy": 0.7980132450331126,
  "best_validation_loss": 0.9244989097118378
}