{
  "best_epoch": 23,
  "peak_worker_0_memory_MB": 2313.4765625,
  "peak_gpu_0_memory_MB": 54.728515625,
  "training_duration": "0:00:05.445259",
  "training_start_epoch": 0,
  "training_epochs": 24,
  "epoch": 24,
  "training_accuracy": 0.9594951570296448,
  "training_loss": 0.22578884426642348,
  "training_worker_0_memory_MB": 2313.4765625,
  "training_gpu_0_memory_MB": 54.728515625,
  "validation_accuracy": 0.8029801324503312,
  "validation_loss": 0.8943203330039978,
  "best_validation_accuracy": 0.8062913907284768,
  "best_validation_loss": 0.8633931040763855
}