{
  "best_epoch": 14,
  "peak_worker_0_memory_MB": 2313.4765625,
  "peak_gpu_0_memory_MB": 54.728515625,
  "training_duration": "0:00:03.265908",
  "training_start_epoch": 0,
  "training_epochs": 14,
  "epoch": 14,
  "training_accuracy": 0.9078368065746991,
  "training_loss": 0.53787930254583,
  "training_worker_0_memory_MB": 2313.4765625,
  "training_gpu_0_memory_MB": 54.728515625,
  "validation_accuracy": 0.7913907284768212,
  "validation_loss": 1.009696251153946,
  "best_validation_accuracy": 0.7913907284768212,
  "best_validation_loss": 1.009696251153946
}