{
  "best_epoch": 15,
  "peak_worker_0_memory_MB": 2313.4765625,
  "peak_gpu_0_memory_MB": 54.728515625,
  "training_duration": "0:00:03.485955",
  "training_start_epoch": 0,
  "training_epochs": 15,
  "epoch": 15,
  "training_accuracy": 0.918696800704432,
  "training_loss": 0.4841180452042156,
  "training_worker_0_memory_MB": 2313.4765625,
  "training_gpu_0_memory_MB": 54.728515625,
  "validation_accuracy": 0.793046357615894,
  "validation_loss": 0.9542733907699585,
  "best_validation_accuracy": 0.793046357615894,
  "best_validation_loss": 0.9542733907699585
}