{
  "best_epoch": 20,
  "peak_worker_0_memory_MB": 2313.4765625,
  "peak_gpu_0_memory_MB": 54.728515625,
  "training_duration": "0:00:05.023983",
  "training_start_epoch": 0,
  "training_epochs": 21,
  "epoch": 21,
  "training_accuracy": 0.9380686821250367,
  "training_loss": 0.34299193129495337,
  "training_worker_0_memory_MB": 2313.4765625,
  "training_gpu_0_memory_MB": 54.728515625,
  "validation_accuracy": 0.7897350993377483,
  "validation_loss": 0.9491976797580719,
  "best_validation_accuracy": 0.7880794701986755,
  "best_validation_loss": 0.9259309828281402
}