{
  "best_epoch": 35,
  "peak_worker_0_memory_MB": 2313.4765625,
  "peak_gpu_0_memory_MB": 54.728515625,
  "training_duration": "0:00:09.270681",
  "training_start_epoch": 0,
  "training_epochs": 40,
  "epoch": 40,
  "training_accuracy": 0.9832697387731142,
  "training_loss": 0.09329181550829499,
  "training_worker_0_memory_MB": 2313.4765625,
  "training_gpu_0_memory_MB": 54.728515625,
  "validation_accuracy": 0.7996688741721855,
  "validation_loss": 0.8965774834156036,
  "best_validation_accuracy": 0.8013245033112583,
  "best_validation_loss": 0.8577769935131073
}