{
  "best_epoch": 35,
  "peak_worker_0_memory_MB": 2313.4765625,
  "peak_gpu_0_memory_MB": 54.728515625,
  "training_duration": "0:00:08.608559",
  "training_start_epoch": 0,
  "training_epochs": 37,
  "epoch": 37,
  "training_accuracy": 0.9803346052245377,
  "training_loss": 0.11067284892002742,
  "training_worker_0_memory_MB": 2313.4765625,
  "training_gpu_0_memory_MB": 54.728515625,
  "validation_accuracy": 0.7996688741721855,
  "validation_loss": 0.8596316158771515,
  "best_validation_accuracy": 0.8013245033112583,
  "best_validation_loss": 0.8577769935131073
}