{
  "best_epoch": 14,
  "peak_worker_0_memory_MB": 2319.734375,
  "peak_gpu_0_memory_MB": 51.08984375,
  "training_duration": "0:00:04.679218",
  "training_start_epoch": 0,
  "training_epochs": 16,
  "epoch": 16,
  "training_accuracy": 0.9887587822014051,
  "training_loss": 0.08066451265963155,
  "training_worker_0_memory_MB": 2319.734375,
  "training_gpu_0_memory_MB": 51.08984375,
  "validation_accuracy": 0.7963576158940397,
  "validation_loss": 0.9123297601938247,
  "best_validation_accuracy": 0.7947019867549668,
  "best_validation_loss": 0.9007921338081359
}