{
  "best_epoch": 1,
  "peak_worker_0_memory_MB": 2319.734375,
  "peak_gpu_0_memory_MB": 51.08984375,
  "training_duration": "0:00:00.547405",
  "training_start_epoch": 0,
  "training_epochs": 1,
  "epoch": 1,
  "training_accuracy": 0.43629976580796254,
  "training_loss": 2.7763219377887784,
  "training_worker_0_memory_MB": 2319.734375,
  "training_gpu_0_memory_MB": 51.08984375,
  "validation_accuracy": 0.5844370860927153,
  "validation_loss": 2.3266375780105593,
  "best_validation_accuracy": 0.5844370860927153,
  "best_validation_loss": 2.3266375780105593
}