{
  "best_epoch": 10,
  "peak_worker_0_memory_MB": 2331.171875,
  "peak_gpu_0_memory_MB": 65.09326171875,
  "training_duration": "0:00:02.859032",
  "training_start_epoch": 0,
  "training_epochs": 10,
  "epoch": 10,
  "training_accuracy": 0.8491803278688524,
  "training_loss": 0.9528984756612066,
  "training_worker_0_memory_MB": 2331.171875,
  "training_gpu_0_memory_MB": 65.09326171875,
  "validation_accuracy": 0.7582781456953642,
  "validation_loss": 1.2159101605415343,
  "best_validation_accuracy": 0.7582781456953642,
  "best_validation_loss": 1.2159101605415343
}