{
  "best_epoch": 30,
  "peak_worker_0_memory_MB": 2331.1796875,
  "peak_gpu_0_memory_MB": 65.09326171875,
  "training_duration": "0:00:10.133448",
  "training_start_epoch": 0,
  "training_epochs": 38,
  "epoch": 38,
  "training_accuracy": 0.985480093676815,
  "training_loss": 0.07853004558762508,
  "training_worker_0_memory_MB": 2331.1796875,
  "training_gpu_0_memory_MB": 65.09326171875,
  "validation_accuracy": 0.8079470198675497,
  "validation_loss": 0.8800870299339294,
  "best_validation_accuracy": 0.8062913907284768,
  "best_validation_loss": 0.8531755656003952
}