{
  "best_epoch": 12,
  "peak_worker_0_memory_MB": 2317.37890625,
  "peak_gpu_0_memory_MB": 51.4853515625,
  "training_duration": "0:00:03.485053",
  "training_start_epoch": 0,
  "training_epochs": 12,
  "epoch": 12,
  "training_accuracy": 0.8201405152224824,
  "training_loss": 1.0461777128390413,
  "training_worker_0_memory_MB": 2317.37890625,
  "training_gpu_0_memory_MB": 51.4853515625,
  "validation_accuracy": 0.7549668874172185,
  "validation_loss": 1.2777525424957275,
  "best_validation_accuracy": 0.7549668874172185,
  "best_validation_loss": 1.2777525424957275
}