{
  "best_epoch": 34,
  "peak_worker_0_memory_MB": 2317.37890625,
  "peak_gpu_0_memory_MB": 51.4853515625,
  "training_duration": "0:00:09.334389",
  "training_start_epoch": 0,
  "training_epochs": 35,
  "epoch": 35,
  "training_accuracy": 0.9063231850117096,
  "training_loss": 0.5629992716347993,
  "training_worker_0_memory_MB": 2317.37890625,
  "training_gpu_0_memory_MB": 51.4853515625,
  "validation_accuracy": 0.7847682119205298,
  "validation_loss": 1.068984043598175,
  "best_validation_accuracy": 0.7831125827814569,
  "best_validation_loss": 1.0132194340229035
}