{
  "best_epoch": 2,
  "peak_worker_0_memory_MB": 2317.37890625,
  "peak_gpu_0_memory_MB": 51.4853515625,
  "training_duration": "0:00:00.745002",
  "training_start_epoch": 0,
  "training_epochs": 2,
  "epoch": 2,
  "training_accuracy": 0.24847775175644027,
  "training_loss": 3.6560890283157574,
  "training_worker_0_memory_MB": 2317.37890625,
  "training_gpu_0_memory_MB": 51.4853515625,
  "validation_accuracy": 0.3129139072847682,
  "validation_loss": 3.4469619035720824,
  "best_validation_accuracy": 0.3129139072847682,
  "best_validation_loss": 3.4469619035720824
}