{
  "best_epoch": 11,
  "peak_worker_0_memory_MB": 2317.37890625,
  "peak_gpu_0_memory_MB": 51.4853515625,
  "training_duration": "0:00:03.076117",
  "training_start_epoch": 0,
  "training_epochs": 11,
  "epoch": 11,
  "training_accuracy": 0.5889929742388759,
  "training_loss": 2.241829777831462,
  "training_worker_0_memory_MB": 2317.37890625,
  "training_gpu_0_memory_MB": 51.4853515625,
  "validation_accuracy": 0.6142384105960265,
  "validation_loss": 2.2169946670532226,
  "best_validation_accuracy": 0.6142384105960265,
  "best_validation_loss": 2.2169946670532226
}