{
  "best_epoch": 3,
  "peak_worker_0_memory_MB": 2317.37890625,
  "peak_gpu_0_memory_MB": 51.4853515625,
  "training_duration": "0:00:00.993846",
  "training_start_epoch": 0,
  "training_epochs": 3,
  "epoch": 3,
  "training_accuracy": 0.25175644028103045,
  "training_loss": 3.4015977453829636,
  "training_worker_0_memory_MB": 2317.37890625,
  "training_gpu_0_memory_MB": 51.4853515625,
  "validation_accuracy": 0.34105960264900664,
  "validation_loss": 3.2211071014404298,
  "best_validation_accuracy": 0.34105960264900664,
  "best_validation_loss": 3.2211071014404298
}