{
  "best_epoch": 30,
  "peak_worker_0_memory_MB": 2317.37890625,
  "peak_gpu_0_memory_MB": 51.4853515625,
  "training_duration": "0:00:08.049052",
  "training_start_epoch": 0,
  "training_epochs": 30,
  "epoch": 30,
  "training_accuracy": 0.877751756440281,
  "training_loss": 0.7170491569967412,
  "training_worker_0_memory_MB": 2317.37890625,
  "training_gpu_0_memory_MB": 51.4853515625,
  "validation_accuracy": 0.7764900662251656,
  "validation_loss": 1.0835445702075959,
  "best_validation_accuracy": 0.7764900662251656,
  "best_validation_loss": 1.0835445702075959
}