{
  "best_epoch": 16,
  "peak_worker_0_memory_MB": 2319.46875,
  "peak_gpu_0_memory_MB": 51.08984375,
  "training_duration": "0:00:05.294908",
  "training_start_epoch": 0,
  "training_epochs": 20,
  "epoch": 20,
  "training_accuracy": 0.9845433255269321,
  "training_loss": 0.11852404219445897,
  "training_worker_0_memory_MB": 2319.46875,
  "training_gpu_0_memory_MB": 51.08984375,
  "validation_accuracy": 0.804635761589404,
  "validation_loss": 0.9192742705345154,
  "best_validation_accuracy": 0.8013245033112583,
  "best_validation_loss": 0.887896865606308
}