{
  "best_epoch": 3,
  "peak_worker_0_memory_MB": 2319.46875,
  "peak_gpu_0_memory_MB": 51.08984375,
  "training_duration": "0:00:00.984003",
  "training_start_epoch": 0,
  "training_epochs": 3,
  "epoch": 3,
  "training_accuracy": 0.6110070257611241,
  "training_loss": 2.0532960607044735,
  "training_worker_0_memory_MB": 2319.46875,
  "training_gpu_0_memory_MB": 51.08984375,
  "validation_accuracy": 0.6539735099337748,
  "validation_loss": 1.8121934533119202,
  "best_validation_accuracy": 0.6539735099337748,
  "best_validation_loss": 1.8121934533119202
}