{
  "best_epoch": 0,
  "peak_worker_0_memory_MB": 2293.890625,
  "peak_gpu_0_memory_MB": 51.12255859375,
  "training_duration": "0:00:01.998029",
  "training_start_epoch": 0,
  "training_epochs": 2,
  "epoch": 2,
  "training_accuracy": 0.04931048892603427,
  "training_loss": 61.125940222489206,
  "training_worker_0_memory_MB": 2293.890625,
  "training_gpu_0_memory_MB": 51.12255859375,
  "validation_accuracy": 0.29304635761589404,
  "validation_loss": 9.531965970993042,
  "best_validation_accuracy": 0.22185430463576158,
  "best_validation_loss": 3.3123917102813722
}