{
  "best_epoch": 6,
  "peak_worker_0_memory_MB": 2305.125,
  "peak_gpu_0_memory_MB": 54.28173828125,
  "training_duration": "0:00:01.724449",
  "training_start_epoch": 0,
  "training_epochs": 6,
  "epoch": 6,
  "training_accuracy": 0.5543325526932085,
  "training_loss": 2.3269165523016633,
  "training_worker_0_memory_MB": 2305.125,
  "training_gpu_0_memory_MB": 54.28173828125,
  "validation_accuracy": 0.6059602649006622,
  "validation_loss": 2.2027638435363768,
  "best_validation_accuracy": 0.6059602649006622,
  "best_validation_loss": 2.2027638435363768
}