{
  "best_epoch": 12,
  "peak_worker_0_memory_MB": 2305.125,
  "peak_gpu_0_memory_MB": 54.28173828125,
  "training_duration": "0:00:03.227168",
  "training_start_epoch": 0,
  "training_epochs": 12,
  "epoch": 12,
  "training_accuracy": 0.8007025761124121,
  "training_loss": 1.1873490267725133,
  "training_worker_0_memory_MB": 2305.125,
  "training_gpu_0_memory_MB": 54.28173828125,
  "validation_accuracy": 0.7350993377483444,
  "validation_loss": 1.3719539284706115,
  "best_validation_accuracy": 0.7350993377483444,
  "best_validation_loss": 1.3719539284706115
}