{
  "best_epoch": 11,
  "peak_worker_0_memory_MB": 2328.05859375,
  "peak_gpu_0_memory_MB": 64.7041015625,
  "training_duration": "0:00:02.814046",
  "training_start_epoch": 0,
  "training_epochs": 11,
  "epoch": 11,
  "training_accuracy": 0.8356035697510569,
  "training_loss": 0.8210572395751725,
  "training_worker_0_memory_MB": 2328.05859375,
  "training_gpu_0_memory_MB": 64.7041015625,
  "validation_accuracy": 0.7864238410596026,
  "validation_loss": 1.0048672378063201,
  "best_validation_accuracy": 0.7864238410596026,
  "best_validation_loss": 1.0048672378063201
}