{
  "best_epoch": 19,
  "peak_worker_0_memory_MB": 2328.05859375,
  "peak_gpu_0_memory_MB": 64.7041015625,
  "training_duration": "0:00:05.871628",
  "training_start_epoch": 0,
  "training_epochs": 24,
  "epoch": 24,
  "training_accuracy": 0.9274307186472522,
  "training_loss": 0.34684139267722175,
  "training_worker_0_memory_MB": 2328.05859375,
  "training_gpu_0_memory_MB": 64.7041015625,
  "validation_accuracy": 0.804635761589404,
  "validation_loss": 0.9985655903816223,
  "best_validation_accuracy": 0.7980132450331126,
  "best_validation_loss": 0.9449172377586365
}