{
  "best_epoch": 1,
  "peak_worker_0_memory_MB": 2280.1484375,
  "peak_gpu_0_memory_MB": 49.984375,
  "training_duration": "0:00:03.979986",
  "training_start_epoch": 0,
  "training_epochs": 5,
  "epoch": 5,
  "training_accuracy": 0.9799414960300877,
  "training_loss": 0.06874762112764936,
  "training_worker_0_memory_MB": 2280.1484375,
  "training_gpu_0_memory_MB": 49.984375,
  "validation_accuracy": 0.7384105960264901,
  "validation_loss": 1.7599564433097838,
  "best_validation_accuracy": 0.7417218543046358,
  "best_validation_loss": 1.1678437888622284
}