{
  "best_epoch": 1,
  "peak_worker_0_memory_MB": 2280.1484375,
  "peak_gpu_0_memory_MB": 49.984375,
  "training_duration": "0:00:07.359738",
  "training_start_epoch": 0,
  "training_epochs": 10,
  "epoch": 10,
  "training_accuracy": 0.9920601755119097,
  "training_loss": 0.028340720752327655,
  "training_worker_0_memory_MB": 2280.1484375,
  "training_gpu_0_memory_MB": 49.984375,
  "validation_accuracy": 0.7218543046357616,
  "validation_loss": 2.3525627970695497,
  "best_validation_accuracy": 0.7417218543046358,
  "best_validation_loss": 1.1678437888622284
}