{
  "best_epoch": 32,
  "peak_worker_0_memory_MB": 2326.80078125,
  "peak_gpu_0_memory_MB": 69.92529296875,
  "training_duration": "0:00:08.440957",
  "training_start_epoch": 0,
  "training_epochs": 32,
  "epoch": 32,
  "training_accuracy": 0.9683238011438627,
  "training_loss": 0.18756328274806341,
  "training_worker_0_memory_MB": 2326.80078125,
  "training_gpu_0_memory_MB": 69.92529296875,
  "validation_accuracy": 0.804635761589404,
  "validation_loss": 0.8705383598804474,
  "best_validation_accuracy": 0.804635761589404,
  "best_validation_loss": 0.8705383598804474
}