{
  "best_epoch": 10,
  "peak_worker_0_memory_MB": 2326.80078125,
  "peak_gpu_0_memory_MB": 69.92529296875,
  "training_duration": "0:00:02.809879",
  "training_start_epoch": 0,
  "training_epochs": 10,
  "epoch": 10,
  "training_accuracy": 0.7611086669599648,
  "training_loss": 1.3465532047881021,
  "training_worker_0_memory_MB": 2326.80078125,
  "training_gpu_0_memory_MB": 69.92529296875,
  "validation_accuracy": 0.7135761589403974,
  "validation_loss": 1.484999305009842,
  "best_validation_accuracy": 0.7135761589403974,
  "best_validation_loss": 1.484999305009842
}