{
  "best_epoch": 37,
  "peak_worker_0_memory_MB": 2326.80078125,
  "peak_gpu_0_memory_MB": 69.92529296875,
  "training_duration": "0:00:09.714923",
  "training_start_epoch": 0,
  "training_epochs": 37,
  "epoch": 37,
  "training_accuracy": 0.9760228772547295,
  "training_loss": 0.15887677488434646,
  "training_worker_0_memory_MB": 2326.80078125,
  "training_gpu_0_memory_MB": 69.92529296875,
  "validation_accuracy": 0.8079470198675497,
  "validation_loss": 0.8587915986776352,
  "best_validation_accuracy": 0.8079470198675497,
  "best_validation_loss": 0.8587915986776352
}