{
  "best_epoch": 58,
  "peak_worker_0_memory_MB": 2313.53515625,
  "peak_gpu_0_memory_MB": 54.728515625,
  "training_duration": "0:00:12.472879",
  "training_start_epoch": 0,
  "training_epochs": 58,
  "epoch": 58,
  "training_accuracy": 0.9175227472850015,
  "training_loss": 0.5041225204865137,
  "training_worker_0_memory_MB": 2313.53515625,
  "training_gpu_0_memory_MB": 54.728515625,
  "validation_accuracy": 0.7814569536423841,
  "validation_loss": 1.0402058482170105,
  "best_validation_accuracy": 0.7814569536423841,
  "best_validation_loss": 1.0402058482170105
}