{
  "best_epoch": 20,
  "peak_worker_0_memory_MB": 2313.53515625,
  "peak_gpu_0_memory_MB": 54.728515625,
  "training_duration": "0:00:04.387801",
  "training_start_epoch": 0,
  "training_epochs": 20,
  "epoch": 20,
  "training_accuracy": 0.6128558849427649,
  "training_loss": 2.0764901218590914,
  "training_worker_0_memory_MB": 2313.53515625,
  "training_gpu_0_memory_MB": 54.728515625,
  "validation_accuracy": 0.5794701986754967,
  "validation_loss": 2.18140389919281,
  "best_validation_accuracy": 0.5794701986754967,
  "best_validation_loss": 2.18140389919281
}