{
  "best_epoch": 95,
  "peak_worker_0_memory_MB": 2313.53515625,
  "peak_gpu_0_memory_MB": 54.728515625,
  "training_duration": "0:00:20.870574",
  "training_start_epoch": 0,
  "training_epochs": 98,
  "epoch": 98,
  "training_accuracy": 0.9685940710302319,
  "training_loss": 0.17573471229385446,
  "training_worker_0_memory_MB": 2313.53515625,
  "training_gpu_0_memory_MB": 54.728515625,
  "validation_accuracy": 0.8029801324503312,
  "validation_loss": 0.8906750798225402,
  "best_validation_accuracy": 0.7996688741721855,
  "best_validation_loss": 0.8734178602695465
}