{
  "best_epoch": 36,
  "peak_worker_0_memory_MB": 2313.53515625,
  "peak_gpu_0_memory_MB": 54.728515625,
  "training_duration": "0:00:07.748510",
  "training_start_epoch": 0,
  "training_epochs": 36,
  "epoch": 36,
  "training_accuracy": 0.8329909010859994,
  "training_loss": 1.0725695314230743,
  "training_worker_0_memory_MB": 2313.53515625,
  "training_gpu_0_memory_MB": 54.728515625,
  "validation_accuracy": 0.7350993377483444,
  "validation_loss": 1.43076753616333,
  "best_validation_accuracy": 0.7350993377483444,
  "best_validation_loss": 1.43076753616333
}