{
  "best_epoch": 7,
  "peak_worker_0_memory_MB": 2313.53515625,
  "peak_gpu_0_memory_MB": 54.728515625,
  "training_duration": "0:00:01.667143",
  "training_start_epoch": 0,
  "training_epochs": 7,
  "epoch": 7,
  "training_accuracy": 0.2747285001467567,
  "training_loss": 3.165273185129519,
  "training_worker_0_memory_MB": 2313.53515625,
  "training_gpu_0_memory_MB": 54.728515625,
  "validation_accuracy": 0.3228476821192053,
  "validation_loss": 3.1327654838562013,
  "best_validation_accuracy": 0.3228476821192053,
  "best_validation_loss": 3.1327654838562013
}