{
  "best_epoch": 50,
  "peak_worker_0_memory_MB": 2313.53515625,
  "peak_gpu_0_memory_MB": 54.728515625,
  "training_duration": "0:00:10.691882",
  "training_start_epoch": 0,
  "training_epochs": 50,
  "epoch": 50,
  "training_accuracy": 0.8981508658643969,
  "training_loss": 0.6473047744344782,
  "training_worker_0_memory_MB": 2313.53515625,
  "training_gpu_0_memory_MB": 54.728515625,
  "validation_accuracy": 0.7715231788079471,
  "validation_loss": 1.1109326541423798,
  "best_validation_accuracy": 0.7715231788079471,
  "best_validation_loss": 1.1109326541423798
}