{
  "best_epoch": 90,
  "peak_worker_0_memory_MB": 2313.53515625,
  "peak_gpu_0_memory_MB": 54.728515625,
  "training_duration": "0:00:19.826325",
  "training_start_epoch": 0,
  "training_epochs": 93,
  "epoch": 93,
  "training_accuracy": 0.9650719107719401,
  "training_loss": 0.19859438003213317,
  "training_worker_0_memory_MB": 2313.53515625,
  "training_gpu_0_memory_MB": 54.728515625,
  "validation_accuracy": 0.7980132450331126,
  "validation_loss": 0.9376263201236725,
  "best_validation_accuracy": 0.7963576158940397,
  "best_validation_loss": 0.8831210792064667
}