{
  "best_epoch": 15,
  "peak_worker_0_memory_MB": 2313.53515625,
  "peak_gpu_0_memory_MB": 54.728515625,
  "training_duration": "0:00:03.337242",
  "training_start_epoch": 0,
  "training_epochs": 15,
  "epoch": 15,
  "training_accuracy": 0.4881127091282653,
  "training_loss": 2.5048335481573036,
  "training_worker_0_memory_MB": 2313.53515625,
  "training_gpu_0_memory_MB": 54.728515625,
  "validation_accuracy": 0.4917218543046358,
  "validation_loss": 2.5568791151046755,
  "best_validation_accuracy": 0.4917218543046358,
  "best_validation_loss": 2.5568791151046755
}