{
  "best_epoch": 77,
  "peak_worker_0_memory_MB": 2313.53515625,
  "peak_gpu_0_memory_MB": 54.728515625,
  "training_duration": "0:00:17.095054",
  "training_start_epoch": 0,
  "training_epochs": 80,
  "epoch": 80,
  "training_accuracy": 0.9506897563839155,
  "training_loss": 0.27216809353342764,
  "training_worker_0_memory_MB": 2313.53515625,
  "training_gpu_0_memory_MB": 54.728515625,
  "validation_accuracy": 0.7897350993377483,
  "validation_loss": 0.9450664699077607,
  "best_validation_accuracy": 0.7864238410596026,
  "best_validation_loss": 0.9207846581935882
}