{
  "best_epoch": 27,
  "peak_worker_0_memory_MB": 0,
  "training_duration": "0:00:29.372789",
  "training_start_epoch": 0,
  "training_epochs": 32,
  "epoch": 32,
  "training_accuracy": 0.9933138320100292,
  "training_loss": 0.0628302319857635,
  "training_reg_loss": 0.0,
  "training_worker_0_memory_MB": 0.0,
  "validation_accuracy": 0.7847682119205298,
  "validation_loss": 1.042904555797577,
  "validation_reg_loss": 0.0,
  "best_validation_accuracy": 0.7880794701986755,
  "best_validation_loss": 0.9865626156330108,
  "best_validation_reg_loss": 0.0
}