{
  "best_epoch": 4,
  "peak_worker_0_memory_MB": 2330.69921875,
  "peak_gpu_0_memory_MB": 65.09326171875,
  "training_duration": "0:00:01.261930",
  "training_start_epoch": 0,
  "training_epochs": 4,
  "epoch": 4,
  "training_accuracy": 0.40866510538641687,
  "training_loss": 2.859992795915746,
  "training_worker_0_memory_MB": 2330.69921875,
  "training_gpu_0_memory_MB": 65.09326171875,
  "validation_accuracy": 0.48841059602649006,
  "validation_loss": 2.727206492424011,
  "best_validation_accuracy": 0.48841059602649006,
  "best_validation_loss": 2.727206492424011
}