{
  "best_epoch": 26,
  "peak_worker_0_memory_MB": 2330.69921875,
  "peak_gpu_0_memory_MB": 65.09326171875,
  "training_duration": "0:00:07.157224",
  "training_start_epoch": 0,
  "training_epochs": 27,
  "epoch": 27,
  "training_accuracy": 0.9529274004683841,
  "training_loss": 0.2911222719434482,
  "training_worker_0_memory_MB": 2330.69921875,
  "training_gpu_0_memory_MB": 65.09326171875,
  "validation_accuracy": 0.7897350993377483,
  "validation_loss": 0.9398745477199555,
  "best_validation_accuracy": 0.7897350993377483,
  "best_validation_loss": 0.9332598894834518
}