{
  "best_epoch": 48,
  "peak_worker_0_memory_MB": 2330.69921875,
  "peak_gpu_0_memory_MB": 65.09326171875,
  "training_duration": "0:00:14.706292",
  "training_start_epoch": 0,
  "training_epochs": 57,
  "epoch": 57,
  "training_accuracy": 0.9915690866510538,
  "training_loss": 0.05152768861335605,
  "training_worker_0_memory_MB": 2330.69921875,
  "training_gpu_0_memory_MB": 65.09326171875,
  "validation_accuracy": 0.8062913907284768,
  "validation_loss": 0.9315422594547271,
  "best_validation_accuracy": 0.8029801324503312,
  "best_validation_loss": 0.8749830007553101
}