{
  "best_epoch": 5,
  "peak_worker_0_memory_MB": 2330.69921875,
  "peak_gpu_0_memory_MB": 65.09326171875,
  "training_duration": "0:00:01.514487",
  "training_start_epoch": 0,
  "training_epochs": 5,
  "epoch": 5,
  "training_accuracy": 0.4845433255269321,
  "training_loss": 2.6257789633167326,
  "training_worker_0_memory_MB": 2330.69921875,
  "training_gpu_0_memory_MB": 65.09326171875,
  "validation_accuracy": 0.5331125827814569,
  "validation_loss": 2.5238667011260985,
  "best_validation_accuracy": 0.5331125827814569,
  "best_validation_loss": 2.5238667011260985
}