{
  "best_epoch": 7,
  "peak_worker_0_memory_MB": 2330.69921875,
  "peak_gpu_0_memory_MB": 65.09326171875,
  "training_duration": "0:00:02.028042",
  "training_start_epoch": 0,
  "training_epochs": 7,
  "epoch": 7,
  "training_accuracy": 0.6039812646370023,
  "training_loss": 2.144754420465498,
  "training_worker_0_memory_MB": 2330.69921875,
  "training_gpu_0_memory_MB": 65.09326171875,
  "validation_accuracy": 0.6175496688741722,
  "validation_loss": 2.1228616714477537,
  "best_validation_accuracy": 0.6175496688741722,
  "best_validation_loss": 2.1228616714477537
}