{
  "best_epoch": 18,
  "peak_worker_0_memory_MB": 2327.01171875,
  "peak_gpu_0_memory_MB": 69.92529296875,
  "training_duration": "0:00:05.240928",
  "training_start_epoch": 0,
  "training_epochs": 18,
  "epoch": 18,
  "training_accuracy": 0.942146942366916,
  "training_loss": 0.3578643336788648,
  "training_worker_0_memory_MB": 2327.01171875,
  "training_gpu_0_memory_MB": 69.92529296875,
  "validation_accuracy": 0.8029801324503312,
  "validation_loss": 0.8828546345233917,
  "best_validation_accuracy": 0.8029801324503312,
  "best_validation_loss": 0.8828546345233917
}