{
  "best_epoch": 13,
  "peak_worker_0_memory_MB": 2327.01171875,
  "peak_gpu_0_memory_MB": 69.92529296875,
  "training_duration": "0:00:03.859495",
  "training_start_epoch": 0,
  "training_epochs": 13,
  "epoch": 13,
  "training_accuracy": 0.8968323801143863,
  "training_loss": 0.6188006212727891,
  "training_worker_0_memory_MB": 2327.01171875,
  "training_gpu_0_memory_MB": 69.92529296875,
  "validation_accuracy": 0.7864238410596026,
  "validation_loss": 0.9912852942943573,
  "best_validation_accuracy": 0.7864238410596026,
  "best_validation_loss": 0.9912852942943573
}