{
  "best_epoch": 24,
  "peak_worker_0_memory_MB": 2327.01171875,
  "peak_gpu_0_memory_MB": 69.92529296875,
  "training_duration": "0:00:06.892193",
  "training_start_epoch": 0,
  "training_epochs": 24,
  "epoch": 24,
  "training_accuracy": 0.9630444346678398,
  "training_loss": 0.21501688276314074,
  "training_worker_0_memory_MB": 2327.01171875,
  "training_gpu_0_memory_MB": 69.92529296875,
  "validation_accuracy": 0.8112582781456954,
  "validation_loss": 0.8560191631317139,
  "best_validation_accuracy": 0.8112582781456954,
  "best_validation_loss": 0.8560191631317139
}