{
  "best_epoch": 13,
  "peak_worker_0_memory_MB": 2331.171875,
  "peak_gpu_0_memory_MB": 65.09326171875,
  "training_duration": "0:00:05.064474",
  "training_start_epoch": 0,
  "training_epochs": 19,
  "epoch": 19,
  "training_accuracy": 0.9878220140515223,
  "training_loss": 0.0624677283661579,
  "training_worker_0_memory_MB": 2331.171875,
  "training_gpu_0_memory_MB": 65.09326171875,
  "validation_accuracy": 0.8079470198675497,
  "validation_loss": 0.9434697061777115,
  "best_validation_accuracy": 0.8062913907284768,
  "best_validation_loss": 0.8732213199138641
}