{
  "best_epoch": 2,
  "peak_worker_0_memory_MB": 2331.171875,
  "peak_gpu_0_memory_MB": 65.09326171875,
  "training_duration": "0:00:00.747271",
  "training_start_epoch": 0,
  "training_epochs": 2,
  "epoch": 2,
  "training_accuracy": 0.6234192037470726,
  "training_loss": 1.9153891090136856,
  "training_worker_0_memory_MB": 2331.171875,
  "training_gpu_0_memory_MB": 65.09326171875,
  "validation_accuracy": 0.7086092715231788,
  "validation_loss": 1.5654172420501709,
  "best_validation_accuracy": 0.7086092715231788,
  "best_validation_loss": 1.5654172420501709
}