{
  "best_epoch": 13,
  "peak_worker_0_memory_MB": 2331.171875,
  "peak_gpu_0_memory_MB": 65.09326171875,
  "training_duration": "0:00:03.806347",
  "training_start_epoch": 0,
  "training_epochs": 14,
  "epoch": 14,
  "training_accuracy": 0.977751756440281,
  "training_loss": 0.11291282635126541,
  "training_worker_0_memory_MB": 2331.171875,
  "training_gpu_0_memory_MB": 65.09326171875,
  "validation_accuracy": 0.8062913907284768,
  "validation_loss": 0.8768886923789978,
  "best_validation_accuracy": 0.8062913907284768,
  "best_validation_loss": 0.8732213199138641
}