{
  "best_epoch": 44,
  "peak_worker_0_memory_MB": 2328.3125,
  "peak_gpu_0_memory_MB": 64.7041015625,
  "training_duration": "0:00:12.083774",
  "training_start_epoch": 0,
  "training_epochs": 49,
  "epoch": 49,
  "training_accuracy": 0.9605448567402537,
  "training_loss": 0.23295634718083624,
  "training_worker_0_memory_MB": 2328.3125,
  "training_gpu_0_memory_MB": 64.7041015625,
  "validation_accuracy": 0.8029801324503312,
  "validation_loss": 0.9483648419380188,
  "best_validation_accuracy": 0.7996688741721855,
  "best_validation_loss": 0.9136667817831039
}