{
  "best_epoch": 1,
  "peak_worker_0_memory_MB": 2328.3125,
  "peak_gpu_0_memory_MB": 64.7041015625,
  "training_duration": "0:00:00.478160",
  "training_start_epoch": 0,
  "training_epochs": 1,
  "epoch": 1,
  "training_accuracy": 0.1883513386566463,
  "training_loss": 3.664785680486195,
  "training_worker_0_memory_MB": 2328.3125,
  "training_gpu_0_memory_MB": 64.7041015625,
  "validation_accuracy": 0.26158940397350994,
  "validation_loss": 3.36223680973053,
  "best_validation_accuracy": 0.26158940397350994,
  "best_validation_loss": 3.36223680973053
}