{
  "best_epoch": 9,
  "peak_worker_0_memory_MB": 2283.15625,
  "peak_gpu_0_memory_MB": 49.984375,
  "training_duration": "0:00:06.524869",
  "training_start_epoch": 0,
  "training_epochs": 9,
  "epoch": 9,
  "training_accuracy": 0.8265775177601338,
  "training_loss": 0.699710308721191,
  "training_worker_0_memory_MB": 2283.15625,
  "training_gpu_0_memory_MB": 49.984375,
  "validation_accuracy": 0.7798013245033113,
  "validation_loss": 1.134466153383255,
  "best_validation_accuracy": 0.7798013245033113,
  "best_validation_loss": 1.134466153383255
}