{
  "best_epoch": 4,
  "peak_worker_0_memory_MB": 2287.45703125,
  "peak_gpu_0_memory_MB": 30.3212890625,
  "training_duration": "0:00:00.791753",
  "training_start_epoch": 0,
  "training_epochs": 4,
  "epoch": 4,
  "training_accuracy": 0.7534475553698287,
  "training_loss": 1.2506193267671686,
  "training_worker_0_memory_MB": 2287.45703125,
  "training_gpu_0_memory_MB": 30.3212890625,
  "validation_accuracy": 0.7384105960264901,
  "validation_loss": 1.2702643275260925,
  "best_validation_accuracy": 0.7384105960264901,
  "best_validation_loss": 1.2702643275260925
}