{
  "best_epoch": 7,
  "peak_worker_0_memory_MB": 2379.60546875,
  "peak_gpu_0_memory_MB": 89.33056640625,
  "training_duration": "0:00:03.843820",
  "training_start_epoch": 0,
  "training_epochs": 7,
  "epoch": 7,
  "training_accuracy": 0.2671627460393663,
  "training_loss": 3.071008518451953,
  "training_worker_0_memory_MB": 2379.60546875,
  "training_gpu_0_memory_MB": 89.33056640625,
  "validation_accuracy": 0.6341059602649006,
  "validation_loss": 2.2223886251449585,
  "best_validation_accuracy": 0.6341059602649006,
  "best_validation_loss": 2.2223886251449585
}