{
  "best_epoch": 9,
  "peak_worker_0_memory_MB": 2379.60546875,
  "peak_gpu_0_memory_MB": 89.33056640625,
  "training_duration": "0:00:04.809025",
  "training_start_epoch": 0,
  "training_epochs": 9,
  "epoch": 9,
  "training_accuracy": 0.3128900624099856,
  "training_loss": 2.8828305779522614,
  "training_worker_0_memory_MB": 2379.60546875,
  "training_gpu_0_memory_MB": 89.33056640625,
  "validation_accuracy": 0.6837748344370861,
  "validation_loss": 1.9008610010147096,
  "best_validation_accuracy": 0.6837748344370861,
  "best_validation_loss": 1.9008610010147096
}