{
  "best_epoch": 54,
  "peak_worker_0_memory_MB": 2379.60546875,
  "peak_gpu_0_memory_MB": 89.33056640625,
  "training_duration": "0:00:29.244421",
  "training_start_epoch": 0,
  "training_epochs": 60,
  "epoch": 60,
  "training_accuracy": 0.5730916946711474,
  "training_loss": 1.623271481681416,
  "training_worker_0_memory_MB": 2379.60546875,
  "training_gpu_0_memory_MB": 89.33056640625,
  "validation_accuracy": 0.7864238410596026,
  "validation_loss": 0.922070324420929,
  "best_validation_accuracy": 0.7880794701986755,
  "best_validation_loss": 0.9199054062366485
}