{
  "best_epoch": 35,
  "peak_worker_0_memory_MB": 2379.60546875,
  "peak_gpu_0_memory_MB": 89.33056640625,
  "training_duration": "0:00:17.266467",
  "training_start_epoch": 0,
  "training_epochs": 35,
  "epoch": 35,
  "training_accuracy": 0.508281325012002,
  "training_loss": 1.9156619601577294,
  "training_worker_0_memory_MB": 2379.60546875,
  "training_gpu_0_memory_MB": 89.33056640625,
  "validation_accuracy": 0.7698675496688742,
  "validation_loss": 1.0188886523246765,
  "best_validation_accuracy": 0.7698675496688742,
  "best_validation_loss": 1.0188886523246765
}