{
  "best_epoch": 37,
  "peak_worker_0_memory_MB": 2379.60546875,
  "peak_gpu_0_memory_MB": 89.33056640625,
  "training_duration": "0:00:19.163388",
  "training_start_epoch": 0,
  "training_epochs": 39,
  "epoch": 39,
  "training_accuracy": 0.5304848775804129,
  "training_loss": 1.8451763163996107,
  "training_worker_0_memory_MB": 2379.60546875,
  "training_gpu_0_memory_MB": 89.33056640625,
  "validation_accuracy": 0.7764900662251656,
  "validation_loss": 0.9959453225135804,
  "best_validation_accuracy": 0.7781456953642384,
  "best_validation_loss": 0.9893067181110382
}