{
  "best_epoch": 19,
  "peak_worker_0_memory_MB": 2379.60546875,
  "peak_gpu_0_memory_MB": 89.33056640625,
  "training_duration": "0:00:09.614306",
  "training_start_epoch": 0,
  "training_epochs": 19,
  "epoch": 19,
  "training_accuracy": 0.4210273643783005,
  "training_loss": 2.339775038129501,
  "training_worker_0_memory_MB": 2379.60546875,
  "training_gpu_0_memory_MB": 89.33056640625,
  "validation_accuracy": 0.7450331125827815,
  "validation_loss": 1.2650025367736817,
  "best_validation_accuracy": 0.7450331125827815,
  "best_validation_loss": 1.2650025367736817
}