{
  "best_epoch": 2,
  "peak_worker_0_memory_MB": 2287.08203125,
  "peak_gpu_0_memory_MB": 30.3212890625,
  "training_duration": "0:00:00.471702",
  "training_start_epoch": 0,
  "training_epochs": 2,
  "epoch": 2,
  "training_accuracy": 0.8161303802758044,
  "training_loss": 0.9457810019191942,
  "training_worker_0_memory_MB": 2287.08203125,
  "training_gpu_0_memory_MB": 30.3212890625,
  "validation_accuracy": 0.7665562913907285,
  "validation_loss": 1.0591385066509247,
  "best_validation_accuracy": 0.7665562913907285,
  "best_validation_loss": 1.0591385066509247
}