{
  "best_epoch": 12,
  "peak_worker_0_memory_MB": 0,
  "training_duration": "0:00:12.619723",
  "training_start_epoch": 0,
  "training_epochs": 12,
  "epoch": 12,
  "training_accuracy": 0.90513999164229,
  "training_loss": 0.46959942343987915,
  "training_reg_loss": 0.0,
  "training_worker_0_memory_MB": 0.0,
  "validation_accuracy": 0.8013245033112583,
  "validation_loss": 1.0005521416664123,
  "validation_reg_loss": 0.0,
  "best_validation_accuracy": 0.8013245033112583,
  "best_validation_loss": 1.0005521416664123,
  "best_validation_reg_loss": 0.0
}