{
  "best_epoch": 29,
  "peak_worker_0_memory_MB": 0,
  "training_duration": "0:00:29.828352",
  "training_start_epoch": 0,
  "training_epochs": 29,
  "epoch": 29,
  "training_accuracy": 0.9857918930213122,
  "training_loss": 0.08451150543987751,
  "training_reg_loss": 0.0,
  "training_worker_0_memory_MB": 0.0,
  "validation_accuracy": 0.804635761589404,
  "validation_loss": 0.883744728565216,
  "validation_reg_loss": 0.0,
  "best_validation_accuracy": 0.804635761589404,
  "best_validation_loss": 0.883744728565216,
  "best_validation_reg_loss": 0.0
}