{
  "best_epoch": 6,
  "peak_worker_0_memory_MB": 0,
  "training_duration": "0:00:06.171768",
  "training_start_epoch": 0,
  "training_epochs": 6,
  "epoch": 6,
  "training_accuracy": 0.7852068533221898,
  "training_loss": 1.183370817648737,
  "training_reg_loss": 0.0,
  "training_worker_0_memory_MB": 0.0,
  "validation_accuracy": 0.7384105960264901,
  "validation_loss": 1.4709460020065308,
  "validation_reg_loss": 0.0,
  "best_validation_accuracy": 0.7384105960264901,
  "best_validation_loss": 1.4709460020065308,
  "best_validation_reg_loss": 0.0
}