{
  "best_epoch": 21,
  "peak_worker_0_memory_MB": 0,
  "training_duration": "0:00:22.826559",
  "training_start_epoch": 0,
  "training_epochs": 22,
  "epoch": 22,
  "training_accuracy": 0.9724195570413706,
  "training_loss": 0.156638422098599,
  "training_reg_loss": 0.0,
  "training_worker_0_memory_MB": 0.0,
  "validation_accuracy": 0.804635761589404,
  "validation_loss": 0.9409839749336243,
  "validation_reg_loss": 0.0,
  "best_validation_accuracy": 0.8062913907284768,
  "best_validation_loss": 0.898923808336258,
  "best_validation_reg_loss": 0.0
}