{
  "best_epoch": 3,
  "peak_worker_0_memory_MB": 0,
  "training_duration": "0:00:03.599556",
  "training_start_epoch": 0,
  "training_epochs": 3,
  "epoch": 3,
  "training_accuracy": 0.559548683660677,
  "training_loss": 2.240785984616531,
  "training_reg_loss": 0.0,
  "training_worker_0_memory_MB": 0.0,
  "validation_accuracy": 0.5778145695364238,
  "validation_loss": 2.239896559715271,
  "validation_reg_loss": 0.0,
  "best_validation_accuracy": 0.5778145695364238,
  "best_validation_loss": 2.239896559715271,
  "best_validation_reg_loss": 0.0
}