{
  "best_epoch": 83,
  "peak_worker_0_memory_MB": 2331.171875,
  "peak_gpu_0_memory_MB": 65.09326171875,
  "training_duration": "0:00:20.567580",
  "training_start_epoch": 0,
  "training_epochs": 83,
  "epoch": 83,
  "training_accuracy": 0.9011709601873537,
  "training_loss": 0.5397232988877083,
  "training_worker_0_memory_MB": 2331.171875,
  "training_gpu_0_memory_MB": 65.09326171875,
  "validation_accuracy": 0.8013245033112583,
  "validation_loss": 0.9244821012020111,
  "best_validation_accuracy": 0.8013245033112583,
  "best_validation_loss": 0.9244821012020111
}