{
  "best_epoch": 21,
  "peak_worker_0_memory_MB": 2331.171875,
  "peak_gpu_0_memory_MB": 65.09326171875,
  "training_duration": "0:00:05.360674",
  "training_start_epoch": 0,
  "training_epochs": 21,
  "epoch": 21,
  "training_accuracy": 0.5344262295081967,
  "training_loss": 2.154385077419566,
  "training_worker_0_memory_MB": 2331.171875,
  "training_gpu_0_memory_MB": 65.09326171875,
  "validation_accuracy": 0.6241721854304636,
  "validation_loss": 1.9918960332870483,
  "best_validation_accuracy": 0.6241721854304636,
  "best_validation_loss": 1.9918960332870483
}