{
  "best_epoch": 39,
  "peak_worker_0_memory_MB": 2331.171875,
  "peak_gpu_0_memory_MB": 65.09326171875,
  "training_duration": "0:00:09.767944",
  "training_start_epoch": 0,
  "training_epochs": 39,
  "epoch": 39,
  "training_accuracy": 0.752927400468384,
  "training_loss": 1.2679375196570781,
  "training_worker_0_memory_MB": 2331.171875,
  "training_gpu_0_memory_MB": 65.09326171875,
  "validation_accuracy": 0.7483443708609272,
  "validation_loss": 1.2907008051872253,
  "best_validation_accuracy": 0.7483443708609272,
  "best_validation_loss": 1.2907008051872253
}