{
  "best_epoch": 59,
  "peak_worker_0_memory_MB": 2331.171875,
  "peak_gpu_0_memory_MB": 65.09326171875,
  "training_duration": "0:00:14.732402",
  "training_start_epoch": 0,
  "training_epochs": 59,
  "epoch": 59,
  "training_accuracy": 0.8444964871194379,
  "training_loss": 0.8054370995777757,
  "training_worker_0_memory_MB": 2331.171875,
  "training_gpu_0_memory_MB": 65.09326171875,
  "validation_accuracy": 0.7798013245033113,
  "validation_loss": 1.0249828934669494,
  "best_validation_accuracy": 0.7798013245033113,
  "best_validation_loss": 1.0249828934669494
}