{
  "best_epoch": 34,
  "peak_worker_0_memory_MB": 2331.171875,
  "peak_gpu_0_memory_MB": 65.09326171875,
  "training_duration": "0:00:08.542475",
  "training_start_epoch": 0,
  "training_epochs": 34,
  "epoch": 34,
  "training_accuracy": 0.7004683840749415,
  "training_loss": 1.4471418893159325,
  "training_worker_0_memory_MB": 2331.171875,
  "training_gpu_0_memory_MB": 65.09326171875,
  "validation_accuracy": 0.7284768211920529,
  "validation_loss": 1.3977492928504944,
  "best_validation_accuracy": 0.7284768211920529,
  "best_validation_loss": 1.3977492928504944
}