{
  "best_epoch": 52,
  "peak_worker_0_memory_MB": 2331.171875,
  "peak_gpu_0_memory_MB": 65.09326171875,
  "training_duration": "0:00:13.229825",
  "training_start_epoch": 0,
  "training_epochs": 53,
  "epoch": 53,
  "training_accuracy": 0.8281030444964871,
  "training_loss": 0.906072909262643,
  "training_worker_0_memory_MB": 2331.171875,
  "training_gpu_0_memory_MB": 65.09326171875,
  "validation_accuracy": 0.7781456953642384,
  "validation_loss": 1.1029794454574584,
  "best_validation_accuracy": 0.7781456953642384,
  "best_validation_loss": 1.0923633396625518
}