{
  "best_epoch": 6,
  "peak_worker_0_memory_MB": 2331.171875,
  "peak_gpu_0_memory_MB": 65.09326171875,
  "training_duration": "0:00:01.693891",
  "training_start_epoch": 0,
  "training_epochs": 6,
  "epoch": 6,
  "training_accuracy": 0.20702576112412177,
  "training_loss": 3.3034844113819637,
  "training_worker_0_memory_MB": 2331.171875,
  "training_gpu_0_memory_MB": 65.09326171875,
  "validation_accuracy": 0.34271523178807944,
  "validation_loss": 3.129582643508911,
  "best_validation_accuracy": 0.34271523178807944,
  "best_validation_loss": 3.129582643508911
}