{
  "best_epoch": 8,
  "peak_worker_0_memory_MB": 2370.390625,
  "peak_gpu_0_memory_MB": 89.33056640625,
  "training_duration": "0:00:04.306004",
  "training_start_epoch": 0,
  "training_epochs": 8,
  "epoch": 8,
  "training_accuracy": 0.24483917426788285,
  "training_loss": 3.3550475935899575,
  "training_worker_0_memory_MB": 2370.390625,
  "training_gpu_0_memory_MB": 89.33056640625,
  "validation_accuracy": 0.5033112582781457,
  "validation_loss": 2.951590871810913,
  "best_validation_accuracy": 0.5033112582781457,
  "best_validation_loss": 2.951590871810913
}