{
  "best_epoch": 43,
  "peak_worker_0_memory_MB": 2370.390625,
  "peak_gpu_0_memory_MB": 89.33056640625,
  "training_duration": "0:00:21.327193",
  "training_start_epoch": 0,
  "training_epochs": 44,
  "epoch": 44,
  "training_accuracy": 0.7039126260201632,
  "training_loss": 1.3840967280264118,
  "training_worker_0_memory_MB": 2370.390625,
  "training_gpu_0_memory_MB": 89.33056640625,
  "validation_accuracy": 0.7566225165562914,
  "validation_loss": 1.135900628566742,
  "best_validation_accuracy": 0.7533112582781457,
  "best_validation_loss": 1.122444063425064
}