{
  "best_epoch": 69,
  "peak_worker_0_memory_MB": 2370.390625,
  "peak_gpu_0_memory_MB": 89.33056640625,
  "training_duration": "0:00:34.981427",
  "training_start_epoch": 0,
  "training_epochs": 73,
  "epoch": 73,
  "training_accuracy": 0.8276524243879021,
  "training_loss": 0.8131551496855175,
  "training_worker_0_memory_MB": 2370.390625,
  "training_gpu_0_memory_MB": 89.33056640625,
  "validation_accuracy": 0.7913907284768212,
  "validation_loss": 0.9684285998344422,
  "best_validation_accuracy": 0.7913907284768212,
  "best_validation_loss": 0.9334443569183349
}