{
  "best_epoch": 84,
  "peak_worker_0_memory_MB": 2370.390625,
  "peak_gpu_0_memory_MB": 89.33056640625,
  "training_duration": "0:00:42.161488",
  "training_start_epoch": 0,
  "training_epochs": 88,
  "epoch": 88,
  "training_accuracy": 0.8652184349495919,
  "training_loss": 0.6457020644923203,
  "training_worker_0_memory_MB": 2370.390625,
  "training_gpu_0_memory_MB": 89.33056640625,
  "validation_accuracy": 0.8029801324503312,
  "validation_loss": 0.9254074156284332,
  "best_validation_accuracy": 0.7996688741721855,
  "best_validation_loss": 0.8925396859645843
}