{
  "best_epoch": 16,
  "peak_worker_0_memory_MB": 2317.36328125,
  "peak_gpu_0_memory_MB": 51.4853515625,
  "training_duration": "0:00:05.726847",
  "training_start_epoch": 0,
  "training_epochs": 21,
  "epoch": 21,
  "training_accuracy": 0.9866510538641686,
  "training_loss": 0.08468978637968426,
  "training_worker_0_memory_MB": 2317.36328125,
  "training_gpu_0_memory_MB": 51.4853515625,
  "validation_accuracy": 0.8079470198675497,
  "validation_loss": 0.9049940645694733,
  "best_validation_accuracy": 0.804635761589404,
  "best_validation_loss": 0.8701260149478912
}