{
  "best_epoch": 8,
  "peak_worker_0_memory_MB": 2317.36328125,
  "peak_gpu_0_memory_MB": 51.4853515625,
  "training_duration": "0:00:02.343606",
  "training_start_epoch": 0,
  "training_epochs": 8,
  "epoch": 8,
  "training_accuracy": 0.9042154566744731,
  "training_loss": 0.5507853195738437,
  "training_worker_0_memory_MB": 2317.36328125,
  "training_gpu_0_memory_MB": 51.4853515625,
  "validation_accuracy": 0.7864238410596026,
  "validation_loss": 0.9752879798412323,
  "best_validation_accuracy": 0.7864238410596026,
  "best_validation_loss": 0.9752879798412323
}