{
  "best_epoch": 12,
  "peak_worker_0_memory_MB": 2269.6796875,
  "peak_gpu_0_memory_MB": 15.416015625,
  "training_duration": "0:00:01.201854",
  "training_start_epoch": 0,
  "training_epochs": 13,
  "epoch": 13,
  "training_accuracy": 0.8747993579454254,
  "training_loss": 0.44838880002498627,
  "training_worker_0_memory_MB": 2269.6796875,
  "training_gpu_0_memory_MB": 15.416015625,
  "validation_accuracy": 0.8195364238410596,
  "validation_loss": 1.0883734583854676,
  "best_validation_accuracy": 0.8195364238410596,
  "best_validation_loss": 1.070853626728058
}