{
  "best_epoch": 4,
  "peak_worker_0_memory_MB": 2317.984375,
  "peak_gpu_0_memory_MB": 51.84521484375,
  "training_duration": "0:00:02.274889",
  "training_start_epoch": 0,
  "training_epochs": 8,
  "epoch": 8,
  "training_accuracy": 0.9619724195570414,
  "training_loss": 0.13333245842276434,
  "training_worker_0_memory_MB": 2317.984375,
  "training_gpu_0_memory_MB": 51.84521484375,
  "validation_accuracy": 0.7831125827814569,
  "validation_loss": 1.327337735891342,
  "best_validation_accuracy": 0.7913907284768212,
  "best_validation_loss": 1.0779833912849426
}