{
  "best_epoch": 0,
  "peak_worker_0_memory_MB": 2317.984375,
  "peak_gpu_0_memory_MB": 51.84521484375,
  "training_duration": "0:00:00.237974",
  "training_start_epoch": 0,
  "training_epochs": 0,
  "epoch": 0,
  "training_accuracy": 0.21646468867530297,
  "training_loss": 3.6508637792185734,
  "training_worker_0_memory_MB": 2317.984375,
  "training_gpu_0_memory_MB": 51.84521484375,
  "validation_accuracy": 0.44039735099337746,
  "validation_loss": 2.9522839546203614,
  "best_validation_accuracy": 0.44039735099337746,
  "best_validation_loss": 2.9522839546203614
}