{
  "best_epoch": 4,
  "peak_worker_0_memory_MB": 2317.984375,
  "peak_gpu_0_memory_MB": 51.84521484375,
  "training_duration": "0:00:02.024928",
  "training_start_epoch": 0,
  "training_epochs": 7,
  "epoch": 7,
  "training_accuracy": 0.9582114500626828,
  "training_loss": 0.14835104405095703,
  "training_worker_0_memory_MB": 2317.984375,
  "training_gpu_0_memory_MB": 51.84521484375,
  "validation_accuracy": 0.7963576158940397,
  "validation_loss": 1.2163058280944825,
  "best_validation_accuracy": 0.7913907284768212,
  "best_validation_loss": 1.0779833912849426
}