{
  "best_epoch": 4,
  "peak_worker_0_memory_MB": 2317.984375,
  "peak_gpu_0_memory_MB": 51.84521484375,
  "training_duration": "0:00:02.751709",
  "training_start_epoch": 0,
  "training_epochs": 10,
  "epoch": 10,
  "training_accuracy": 0.9761805265357292,
  "training_loss": 0.08804589485455501,
  "training_worker_0_memory_MB": 2317.984375,
  "training_gpu_0_memory_MB": 51.84521484375,
  "validation_accuracy": 0.7814569536423841,
  "validation_loss": 1.3360689222812652,
  "best_validation_accuracy": 0.7913907284768212,
  "best_validation_loss": 1.0779833912849426
}