{
  "best_epoch": 11,
  "peak_worker_0_memory_MB": 2328.3125,
  "peak_gpu_0_memory_MB": 64.7041015625,
  "training_duration": "0:00:05.249575",
  "training_start_epoch": 0,
  "training_epochs": 20,
  "epoch": 20,
  "training_accuracy": 0.982151244715829,
  "training_loss": 0.09994305914907313,
  "training_worker_0_memory_MB": 2328.3125,
  "training_gpu_0_memory_MB": 64.7041015625,
  "validation_accuracy": 0.8112582781456954,
  "validation_loss": 1.031264501810074,
  "best_validation_accuracy": 0.8062913907284768,
  "best_validation_loss": 0.9106868922710418
}