{
  "best_epoch": 13,
  "peak_worker_0_memory_MB": 2330.69921875,
  "peak_gpu_0_memory_MB": 64.791015625,
  "training_duration": "0:00:03.937131",
  "training_start_epoch": 0,
  "training_epochs": 13,
  "epoch": 13,
  "training_accuracy": 0.8796252927400469,
  "training_loss": 0.7949412269378776,
  "training_worker_0_memory_MB": 2330.69921875,
  "training_gpu_0_memory_MB": 64.791015625,
  "validation_accuracy": 0.7682119205298014,
  "validation_loss": 1.15611389875412,
  "best_validation_accuracy": 0.7682119205298014,
  "best_validation_loss": 1.15611389875412
}