{
  "best_epoch": 30,
  "peak_worker_0_memory_MB": 2330.69921875,
  "peak_gpu_0_memory_MB": 64.791015625,
  "training_duration": "0:00:09.049419",
  "training_start_epoch": 0,
  "training_epochs": 31,
  "epoch": 31,
  "training_accuracy": 0.9733021077283373,
  "training_loss": 0.1488023519293586,
  "training_worker_0_memory_MB": 2330.69921875,
  "training_gpu_0_memory_MB": 64.791015625,
  "validation_accuracy": 0.8062913907284768,
  "validation_loss": 0.8928781300783157,
  "best_validation_accuracy": 0.804635761589404,
  "best_validation_loss": 0.8715263068675995
}