{
  "best_epoch": 5,
  "peak_worker_0_memory_MB": 2330.69921875,
  "peak_gpu_0_memory_MB": 64.791015625,
  "training_duration": "0:00:01.676487",
  "training_start_epoch": 0,
  "training_epochs": 5,
  "epoch": 5,
  "training_accuracy": 0.5599531615925059,
  "training_loss": 2.3228115217009586,
  "training_worker_0_memory_MB": 2330.69921875,
  "training_gpu_0_memory_MB": 64.791015625,
  "validation_accuracy": 0.609271523178808,
  "validation_loss": 2.20290207862854,
  "best_validation_accuracy": 0.609271523178808,
  "best_validation_loss": 2.20290207862854
}