{
  "best_epoch": 36,
  "peak_worker_0_memory_MB": 2330.69921875,
  "peak_gpu_0_memory_MB": 64.791015625,
  "training_duration": "0:00:12.712750",
  "training_start_epoch": 0,
  "training_epochs": 44,
  "epoch": 44,
  "training_accuracy": 0.9892271662763467,
  "training_loss": 0.06587926298379898,
  "training_worker_0_memory_MB": 2330.69921875,
  "training_gpu_0_memory_MB": 64.791015625,
  "validation_accuracy": 0.7996688741721855,
  "validation_loss": 0.9141657739877701,
  "best_validation_accuracy": 0.804635761589404,
  "best_validation_loss": 0.8634570330381394
}