{
  "best_epoch": 2,
  "peak_worker_0_memory_MB": 2330.91796875,
  "peak_gpu_0_memory_MB": 65.09326171875,
  "training_duration": "0:00:00.742187",
  "training_start_epoch": 0,
  "training_epochs": 2,
  "epoch": 2,
  "training_accuracy": 0.2810304449648712,
  "training_loss": 3.17059153229443,
  "training_worker_0_memory_MB": 2330.91796875,
  "training_gpu_0_memory_MB": 65.09326171875,
  "validation_accuracy": 0.4105960264900662,
  "validation_loss": 2.9638104677200316,
  "best_validation_accuracy": 0.4105960264900662,
  "best_validation_loss": 2.9638104677200316
}