{
  "best_epoch": 36,
  "peak_worker_0_memory_MB": 2330.91796875,
  "peak_gpu_0_memory_MB": 65.09326171875,
  "training_duration": "0:00:11.567091",
  "training_start_epoch": 0,
  "training_epochs": 44,
  "epoch": 44,
  "training_accuracy": 0.9859484777517564,
  "training_loss": 0.07191429651384033,
  "training_worker_0_memory_MB": 2330.91796875,
  "training_gpu_0_memory_MB": 65.09326171875,
  "validation_accuracy": 0.8062913907284768,
  "validation_loss": 0.9197573363780975,
  "best_validation_accuracy": 0.8062913907284768,
  "best_validation_loss": 0.8629755795001983
}