{
  "best_epoch": 18,
  "peak_worker_0_memory_MB": 2330.91796875,
  "peak_gpu_0_memory_MB": 65.09326171875,
  "training_duration": "0:00:04.861320",
  "training_start_epoch": 0,
  "training_epochs": 18,
  "epoch": 18,
  "training_accuracy": 0.9323185011709602,
  "training_loss": 0.4495904334445498,
  "training_worker_0_memory_MB": 2330.91796875,
  "training_gpu_0_memory_MB": 65.09326171875,
  "validation_accuracy": 0.7831125827814569,
  "validation_loss": 0.9922489643096923,
  "best_validation_accuracy": 0.7831125827814569,
  "best_validation_loss": 0.9922489643096923
}