{
  "best_epoch": 22,
  "peak_worker_0_memory_MB": 2298.41015625,
  "peak_gpu_0_memory_MB": 50.91064453125,
  "training_duration": "0:00:15.422346",
  "training_start_epoch": 0,
  "training_epochs": 22,
  "epoch": 22,
  "training_accuracy": 0.7388215628917677,
  "training_loss": 0.9845999840058779,
  "training_worker_0_memory_MB": 2298.41015625,
  "training_gpu_0_memory_MB": 50.91064453125,
  "validation_accuracy": 0.7831125827814569,
  "validation_loss": 0.9790928810834885,
  "best_validation_accuracy": 0.7831125827814569,
  "best_validation_loss": 0.9790928810834885
}