{
  "best_epoch": 2,
  "peak_worker_0_memory_MB": 2367.51171875,
  "peak_gpu_0_memory_MB": 89.33056640625,
  "training_duration": "0:00:04.781377",
  "training_start_epoch": 0,
  "training_epochs": 9,
  "epoch": 9,
  "training_accuracy": 0.9984397503600576,
  "training_loss": 0.012853547799194814,
  "training_worker_0_memory_MB": 2367.51171875,
  "training_gpu_0_memory_MB": 89.33056640625,
  "validation_accuracy": 0.8013245033112583,
  "validation_loss": 1.0525396198034287,
  "best_validation_accuracy": 0.7963576158940397,
  "best_validation_loss": 0.9348222196102143
}