{
  "best_epoch": 9,
  "peak_worker_0_memory_MB": 2379.60546875,
  "peak_gpu_0_memory_MB": 89.33056640625,
  "training_duration": "0:00:04.882649",
  "training_start_epoch": 0,
  "training_epochs": 9,
  "epoch": 9,
  "training_accuracy": 0.9593134901584254,
  "training_loss": 0.29895471753054903,
  "training_worker_0_memory_MB": 2379.60546875,
  "training_gpu_0_memory_MB": 89.33056640625,
  "validation_accuracy": 0.7980132450331126,
  "validation_loss": 0.8767256706953048,
  "best_validation_accuracy": 0.7980132450331126,
  "best_validation_loss": 0.8767256706953048
}