{
  "best_epoch": 7,
  "peak_worker_0_memory_MB": 2379.60546875,
  "peak_gpu_0_memory_MB": 89.33056640625,
  "training_duration": "0:00:03.917412",
  "training_start_epoch": 0,
  "training_epochs": 7,
  "epoch": 7,
  "training_accuracy": 0.9198271723475756,
  "training_loss": 0.5095369870426091,
  "training_worker_0_memory_MB": 2379.60546875,
  "training_gpu_0_memory_MB": 89.33056640625,
  "validation_accuracy": 0.7897350993377483,
  "validation_loss": 0.9216522634029388,
  "best_validation_accuracy": 0.7897350993377483,
  "best_validation_loss": 0.9216522634029388
}