{
  "best_epoch": 6,
  "peak_worker_0_memory_MB": 2379.60546875,
  "peak_gpu_0_memory_MB": 89.33056640625,
  "training_duration": "0:00:03.438272",
  "training_start_epoch": 0,
  "training_epochs": 6,
  "epoch": 6,
  "training_accuracy": 0.8901824291886702,
  "training_loss": 0.663559611744553,
  "training_worker_0_memory_MB": 2379.60546875,
  "training_gpu_0_memory_MB": 89.33056640625,
  "validation_accuracy": 0.7864238410596026,
  "validation_loss": 0.9699128806591034,
  "best_validation_accuracy": 0.7864238410596026,
  "best_validation_loss": 0.9699128806591034
}