{
  "best_epoch": 11,
  "peak_worker_0_memory_MB": 2371.23046875,
  "peak_gpu_0_memory_MB": 89.33056640625,
  "training_duration": "0:00:06.019212",
  "training_start_epoch": 0,
  "training_epochs": 12,
  "epoch": 12,
  "training_accuracy": 0.8684589534325492,
  "training_loss": 0.658484197982395,
  "training_worker_0_memory_MB": 2371.23046875,
  "training_gpu_0_memory_MB": 89.33056640625,
  "validation_accuracy": 0.7913907284768212,
  "validation_loss": 0.9252470433712006,
  "best_validation_accuracy": 0.7831125827814569,
  "best_validation_loss": 0.9182425081729889
}