{
  "best_epoch": 10,
  "peak_worker_0_memory_MB": 2268.59765625,
  "peak_gpu_0_memory_MB": 8.73193359375,
  "training_duration": "0:00:02.653368",
  "training_start_epoch": 0,
  "training_epochs": 18,
  "epoch": 18,
  "training_accuracy": 0.9122440451316339,
  "training_loss": 0.3277514384765374,
  "training_worker_0_memory_MB": 2268.59765625,
  "training_gpu_0_memory_MB": 8.73193359375,
  "validation_accuracy": 0.8261589403973509,
  "validation_loss": 0.8642569184303284,
  "best_validation_accuracy": 0.8311258278145696,
  "best_validation_loss": 0.8420998752117157
}