{
  "best_epoch": 10,
  "peak_worker_0_memory_MB": 2268.59765625,
  "peak_gpu_0_memory_MB": 8.73193359375,
  "training_duration": "0:00:02.515800",
  "training_start_epoch": 0,
  "training_epochs": 17,
  "epoch": 17,
  "training_accuracy": 0.9118261596322608,
  "training_loss": 0.3350472760043646,
  "training_worker_0_memory_MB": 2268.59765625,
  "training_gpu_0_memory_MB": 8.73193359375,
  "validation_accuracy": 0.8261589403973509,
  "validation_loss": 0.8587102770805359,
  "best_validation_accuracy": 0.8311258278145696,
  "best_validation_loss": 0.8420998752117157
}