{
  "best_epoch": 2,
  "peak_worker_0_memory_MB": 2268.59765625,
  "peak_gpu_0_memory_MB": 8.73193359375,
  "training_duration": "0:00:00.406436",
  "training_start_epoch": 0,
  "training_epochs": 2,
  "epoch": 2,
  "training_accuracy": 0.7216882574174676,
  "training_loss": 1.6432167009303444,
  "training_worker_0_memory_MB": 2268.59765625,
  "training_gpu_0_memory_MB": 8.73193359375,
  "validation_accuracy": 0.7400662251655629,
  "validation_loss": 1.430655652284622,
  "best_validation_accuracy": 0.7400662251655629,
  "best_validation_loss": 1.430655652284622
}