{
  "best_epoch": 19,
  "peak_worker_0_memory_MB": 2328.3125,
  "peak_gpu_0_memory_MB": 64.7041015625,
  "training_duration": "0:00:06.001419",
  "training_start_epoch": 0,
  "training_epochs": 24,
  "epoch": 24,
  "training_accuracy": 0.9840300610615312,
  "training_loss": 0.09090517327856662,
  "training_worker_0_memory_MB": 2328.3125,
  "training_gpu_0_memory_MB": 64.7041015625,
  "validation_accuracy": 0.8062913907284768,
  "validation_loss": 0.9724543571472168,
  "best_validation_accuracy": 0.8062913907284768,
  "best_validation_loss": 0.9241018176078797
}