{
  "best_epoch": 11,
  "peak_worker_0_memory_MB": 2328.3125,
  "peak_gpu_0_memory_MB": 64.7041015625,
  "training_duration": "0:00:03.117986",
  "training_start_epoch": 0,
  "training_epochs": 12,
  "epoch": 12,
  "training_accuracy": 0.9450446218882105,
  "training_loss": 0.3601804904973329,
  "training_worker_0_memory_MB": 2328.3125,
  "training_gpu_0_memory_MB": 64.7041015625,
  "validation_accuracy": 0.7963576158940397,
  "validation_loss": 1.0002761721611022,
  "best_validation_accuracy": 0.7913907284768212,
  "best_validation_loss": 0.992653101682663
}