{
  "best_epoch": 15,
  "peak_worker_0_memory_MB": 2328.3125,
  "peak_gpu_0_memory_MB": 64.7041015625,
  "training_duration": "0:00:04.316933",
  "training_start_epoch": 0,
  "training_epochs": 17,
  "epoch": 17,
  "training_accuracy": 0.9689995302959136,
  "training_loss": 0.18174351251392223,
  "training_worker_0_memory_MB": 2328.3125,
  "training_gpu_0_memory_MB": 64.7041015625,
  "validation_accuracy": 0.7996688741721855,
  "validation_loss": 0.9657268464565277,
  "best_validation_accuracy": 0.8013245033112583,
  "best_validation_loss": 0.9612773776054382
}