{
  "best_epoch": 19,
  "peak_worker_0_memory_MB": 2328.3125,
  "peak_gpu_0_memory_MB": 64.7041015625,
  "training_duration": "0:00:05.277918",
  "training_start_epoch": 0,
  "training_epochs": 21,
  "epoch": 21,
  "training_accuracy": 0.9802724283701268,
  "training_loss": 0.11688574837214911,
  "training_worker_0_memory_MB": 2328.3125,
  "training_gpu_0_memory_MB": 64.7041015625,
  "validation_accuracy": 0.8096026490066225,
  "validation_loss": 0.9621620595455169,
  "best_validation_accuracy": 0.8062913907284768,
  "best_validation_loss": 0.9241018176078797
}