{
  "best_epoch": 5,
  "peak_worker_0_memory_MB": 2328.3125,
  "peak_gpu_0_memory_MB": 64.7041015625,
  "training_duration": "0:00:01.434248",
  "training_start_epoch": 0,
  "training_epochs": 5,
  "epoch": 5,
  "training_accuracy": 0.7566932832315642,
  "training_loss": 1.4286594444246434,
  "training_worker_0_memory_MB": 2328.3125,
  "training_gpu_0_memory_MB": 64.7041015625,
  "validation_accuracy": 0.7301324503311258,
  "validation_loss": 1.4941839456558228,
  "best_validation_accuracy": 0.7301324503311258,
  "best_validation_loss": 1.4941839456558228
}