{
  "best_epoch": 1,
  "peak_worker_0_memory_MB": 2283.93359375,
  "peak_gpu_0_memory_MB": 29.619140625,
  "training_duration": "0:00:00.307252",
  "training_start_epoch": 0,
  "training_epochs": 1,
  "epoch": 1,
  "training_accuracy": 0.33639782699540327,
  "training_loss": 2.9086708583329854,
  "training_worker_0_memory_MB": 2283.93359375,
  "training_gpu_0_memory_MB": 29.619140625,
  "validation_accuracy": 0.423841059602649,
  "validation_loss": 2.749472451210022,
  "best_validation_accuracy": 0.423841059602649,
  "best_validation_loss": 2.749472451210022
}