{
  "best_epoch": 15,
  "peak_worker_0_memory_MB": 2283.93359375,
  "peak_gpu_0_memory_MB": 29.619140625,
  "training_duration": "0:00:03.227571",
  "training_start_epoch": 0,
  "training_epochs": 19,
  "epoch": 19,
  "training_accuracy": 0.9669870455495194,
  "training_loss": 0.18842848762869835,
  "training_worker_0_memory_MB": 2283.93359375,
  "training_gpu_0_memory_MB": 29.619140625,
  "validation_accuracy": 0.7980132450331126,
  "validation_loss": 0.8728990852832794,
  "best_validation_accuracy": 0.7963576158940397,
  "best_validation_loss": 0.8725911498069763
}