{
  "best_epoch": 27,
  "peak_worker_0_memory_MB": 2283.93359375,
  "peak_gpu_0_memory_MB": 29.619140625,
  "training_duration": "0:00:05.148356",
  "training_start_epoch": 0,
  "training_epochs": 31,
  "epoch": 31,
  "training_accuracy": 0.987881320518178,
  "training_loss": 0.07496647193635765,
  "training_worker_0_memory_MB": 2283.93359375,
  "training_gpu_0_memory_MB": 29.619140625,
  "validation_accuracy": 0.8013245033112583,
  "validation_loss": 0.9383110344409943,
  "best_validation_accuracy": 0.7996688741721855,
  "best_validation_loss": 0.8643093049526215
}