{
  "best_epoch": 4,
  "peak_worker_0_memory_MB": 2287.08203125,
  "peak_gpu_0_memory_MB": 30.3212890625,
  "training_duration": "0:00:00.780515",
  "training_start_epoch": 0,
  "training_epochs": 4,
  "epoch": 4,
  "training_accuracy": 0.9356456330965316,
  "training_loss": 0.30966353494870036,
  "training_worker_0_memory_MB": 2287.08203125,
  "training_gpu_0_memory_MB": 30.3212890625,
  "validation_accuracy": 0.7996688741721855,
  "validation_loss": 0.9045618772506714,
  "best_validation_accuracy": 0.7996688741721855,
  "best_validation_loss": 0.9045618772506714
}