{
  "best_epoch": 5,
  "peak_worker_0_memory_MB": 2287.08203125,
  "peak_gpu_0_memory_MB": 30.3212890625,
  "training_duration": "0:00:02.210696",
  "training_start_epoch": 0,
  "training_epochs": 13,
  "epoch": 13,
  "training_accuracy": 0.9941496030087756,
  "training_loss": 0.03244010074750373,
  "training_worker_0_memory_MB": 2287.08203125,
  "training_gpu_0_memory_MB": 30.3212890625,
  "validation_accuracy": 0.7897350993377483,
  "validation_loss": 1.072210556268692,
  "best_validation_accuracy": 0.8062913907284768,
  "best_validation_loss": 0.896356600522995
}