{
  "best_epoch": 1,
  "peak_worker_0_memory_MB": 2267.0234375,
  "peak_gpu_0_memory_MB": 13.12939453125,
  "training_duration": "0:00:00.322242",
  "training_start_epoch": 0,
  "training_epochs": 3,
  "epoch": 3,
  "training_accuracy": 0.8418940609951846,
  "training_loss": 0.46245275661349294,
  "training_worker_0_memory_MB": 2267.0234375,
  "training_gpu_0_memory_MB": 13.12939453125,
  "validation_accuracy": 0.5281456953642384,
  "validation_loss": 1.5560786187648774,
  "best_validation_accuracy": 0.7996688741721855,
  "best_validation_loss": 1.2132271945476532
}