{
  "best_epoch": 1,
  "peak_worker_0_memory_MB": 2267.0234375,
  "peak_gpu_0_memory_MB": 13.12939453125,
  "training_duration": "0:00:00.561666",
  "training_start_epoch": 0,
  "training_epochs": 6,
  "epoch": 6,
  "training_accuracy": 0.8683788121990369,
  "training_loss": 0.4126256763935089,
  "training_worker_0_memory_MB": 2267.0234375,
  "training_gpu_0_memory_MB": 13.12939453125,
  "validation_accuracy": 0.5877483443708609,
  "validation_loss": 1.796350860595703,
  "best_validation_accuracy": 0.7996688741721855,
  "best_validation_loss": 1.2132271945476532
}