{
  "best_epoch": 19,
  "peak_worker_0_memory_MB": 2319.7421875,
  "peak_gpu_0_memory_MB": 51.08984375,
  "training_duration": "0:00:05.280682",
  "training_start_epoch": 0,
  "training_epochs": 19,
  "epoch": 19,
  "training_accuracy": 0.9121779859484778,
  "training_loss": 0.5309306454302659,
  "training_worker_0_memory_MB": 2319.7421875,
  "training_gpu_0_memory_MB": 51.08984375,
  "validation_accuracy": 0.7798013245033113,
  "validation_loss": 0.9850798815488815,
  "best_validation_accuracy": 0.7798013245033113,
  "best_validation_loss": 0.9850798815488815
}