{
  "best_epoch": 9,
  "peak_worker_0_memory_MB": 2319.7421875,
  "peak_gpu_0_memory_MB": 51.08984375,
  "training_duration": "0:00:02.619180",
  "training_start_epoch": 0,
  "training_epochs": 9,
  "epoch": 9,
  "training_accuracy": 0.7391100702576112,
  "training_loss": 1.4477730082042182,
  "training_worker_0_memory_MB": 2319.7421875,
  "training_gpu_0_memory_MB": 51.08984375,
  "validation_accuracy": 0.7284768211920529,
  "validation_loss": 1.4787073612213135,
  "best_validation_accuracy": 0.7284768211920529,
  "best_validation_loss": 1.4787073612213135
}