{
  "best_epoch": 11,
  "peak_worker_0_memory_MB": 2319.7421875,
  "peak_gpu_0_memory_MB": 51.08984375,
  "training_duration": "0:00:03.160489",
  "training_start_epoch": 0,
  "training_epochs": 11,
  "epoch": 11,
  "training_accuracy": 0.7981264637002342,
  "training_loss": 1.1555848424114399,
  "training_worker_0_memory_MB": 2319.7421875,
  "training_gpu_0_memory_MB": 51.08984375,
  "validation_accuracy": 0.7483443708609272,
  "validation_loss": 1.2981813669204711,
  "best_validation_accuracy": 0.7483443708609272,
  "best_validation_loss": 1.2981813669204711
}