{
  "best_epoch": 13,
  "peak_worker_0_memory_MB": 2319.7421875,
  "peak_gpu_0_memory_MB": 51.08984375,
  "training_duration": "0:00:03.699513",
  "training_start_epoch": 0,
  "training_epochs": 13,
  "epoch": 13,
  "training_accuracy": 0.8451990632318501,
  "training_loss": 0.9328992242243752,
  "training_worker_0_memory_MB": 2319.7421875,
  "training_gpu_0_memory_MB": 51.08984375,
  "validation_accuracy": 0.7649006622516556,
  "validation_loss": 1.1538725674152375,
  "best_validation_accuracy": 0.7649006622516556,
  "best_validation_loss": 1.1538725674152375
}