{
  "best_epoch": 48,
  "peak_worker_0_memory_MB": 2317.36328125,
  "peak_gpu_0_memory_MB": 51.4853515625,
  "training_duration": "0:00:14.153814",
  "training_start_epoch": 0,
  "training_epochs": 50,
  "epoch": 50,
  "training_accuracy": 0.9430913348946136,
  "training_loss": 0.36416172847818973,
  "training_worker_0_memory_MB": 2317.36328125,
  "training_gpu_0_memory_MB": 51.4853515625,
  "validation_accuracy": 0.7913907284768212,
  "validation_loss": 1.0015076398849487,
  "best_validation_accuracy": 0.7880794701986755,
  "best_validation_loss": 0.9501660406589508
}