{
  "best_epoch": 22,
  "peak_worker_0_memory_MB": 2316.54296875,
  "peak_gpu_0_memory_MB": 51.12255859375,
  "training_duration": "0:00:15.376654",
  "training_start_epoch": 0,
  "training_epochs": 22,
  "epoch": 22,
  "training_accuracy": 0.6473046385290431,
  "training_loss": 1.3711223241529966,
  "training_worker_0_memory_MB": 2316.54296875,
  "training_gpu_0_memory_MB": 51.12255859375,
  "validation_accuracy": 0.7516556291390728,
  "validation_loss": 1.056941282749176,
  "best_validation_accuracy": 0.7516556291390728,
  "best_validation_loss": 1.056941282749176
}