{
  "best_epoch": 5,
  "peak_worker_0_memory_MB": 2316.54296875,
  "peak_gpu_0_memory_MB": 51.12255859375,
  "training_duration": "0:00:03.944511",
  "training_start_epoch": 0,
  "training_epochs": 5,
  "epoch": 5,
  "training_accuracy": 0.2440451316339323,
  "training_loss": 3.089200120223196,
  "training_worker_0_memory_MB": 2316.54296875,
  "training_gpu_0_memory_MB": 51.12255859375,
  "validation_accuracy": 0.41887417218543044,
  "validation_loss": 2.701683521270752,
  "best_validation_accuracy": 0.41887417218543044,
  "best_validation_loss": 2.701683521270752
}