{
  "best_epoch": 2,
  "peak_worker_0_memory_MB": 2268.421875,
  "peak_gpu_0_memory_MB": 15.416015625,
  "training_duration": "0:00:00.691359",
  "training_start_epoch": 0,
  "training_epochs": 7,
  "epoch": 7,
  "training_accuracy": 0.862760834670947,
  "training_loss": 0.3558402359485626,
  "training_worker_0_memory_MB": 2268.421875,
  "training_gpu_0_memory_MB": 15.416015625,
  "validation_accuracy": 0.6837748344370861,
  "validation_loss": 1.3004664778709412,
  "best_validation_accuracy": 0.6937086092715232,
  "best_validation_loss": 1.1231607913970947
}