{
  "best_epoch": 2,
  "peak_worker_0_memory_MB": 2271.57421875,
  "peak_gpu_0_memory_MB": 15.515625,
  "training_duration": "0:00:00.242765",
  "training_start_epoch": 0,
  "training_epochs": 2,
  "epoch": 2,
  "training_accuracy": 0.36035313001605135,
  "training_loss": 3.3189820766448976,
  "training_worker_0_memory_MB": 2271.57421875,
  "training_gpu_0_memory_MB": 15.515625,
  "validation_accuracy": 0.5695364238410596,
  "validation_loss": 3.0058292388916015,
  "best_validation_accuracy": 0.5695364238410596,
  "best_validation_loss": 3.0058292388916015
}