{
  "best_epoch": 3,
  "peak_worker_0_memory_MB": 2328.3125,
  "peak_gpu_0_memory_MB": 64.7041015625,
  "training_duration": "0:00:00.986571",
  "training_start_epoch": 0,
  "training_epochs": 3,
  "epoch": 3,
  "training_accuracy": 0.7564584311883513,
  "training_loss": 1.3704363294501802,
  "training_worker_0_memory_MB": 2328.3125,
  "training_gpu_0_memory_MB": 64.7041015625,
  "validation_accuracy": 0.7284768211920529,
  "validation_loss": 1.3564300060272216,
  "best_validation_accuracy": 0.7284768211920529,
  "best_validation_loss": 1.3564300060272216
}