{
  "best_epoch": 4,
  "peak_worker_0_memory_MB": 2267.46484375,
  "peak_gpu_0_memory_MB": 7.4111328125,
  "training_duration": "0:00:01.289385",
  "training_start_epoch": 0,
  "training_epochs": 8,
  "epoch": 8,
  "training_accuracy": 0.9059757626410364,
  "training_loss": 0.3391305578774528,
  "training_worker_0_memory_MB": 2267.46484375,
  "training_gpu_0_memory_MB": 7.4111328125,
  "validation_accuracy": 0.8261589403973509,
  "validation_loss": 0.9579808056354523,
  "best_validation_accuracy": 0.8294701986754967,
  "best_validation_loss": 0.858195224404335
}