{
  "best_epoch": 9,
  "peak_worker_0_memory_MB": 2330.91796875,
  "peak_gpu_0_memory_MB": 65.09326171875,
  "training_duration": "0:00:02.635965",
  "training_start_epoch": 0,
  "training_epochs": 9,
  "epoch": 9,
  "training_accuracy": 0.9475409836065574,
  "training_loss": 0.3175689237776087,
  "training_worker_0_memory_MB": 2330.91796875,
  "training_gpu_0_memory_MB": 65.09326171875,
  "validation_accuracy": 0.7980132450331126,
  "validation_loss": 0.9287051796913147,
  "best_validation_accuracy": 0.7980132450331126,
  "best_validation_loss": 0.9287051796913147
}