{
  "best_epoch": 16,
  "peak_worker_0_memory_MB": 2330.91796875,
  "peak_gpu_0_memory_MB": 65.09326171875,
  "training_duration": "0:00:06.875348",
  "training_start_epoch": 0,
  "training_epochs": 25,
  "epoch": 25,
  "training_accuracy": 0.9939110070257611,
  "training_loss": 0.03859701977848117,
  "training_worker_0_memory_MB": 2330.91796875,
  "training_gpu_0_memory_MB": 65.09326171875,
  "validation_accuracy": 0.7947019867549668,
  "validation_loss": 0.9603537201881409,
  "best_validation_accuracy": 0.8029801324503312,
  "best_validation_loss": 0.8593480199575424
}