{
  "best_epoch": 25,
  "peak_worker_0_memory_MB": 2270.7265625,
  "peak_gpu_0_memory_MB": 8.73193359375,
  "training_duration": "0:00:03.720393",
  "training_start_epoch": 0,
  "training_epochs": 25,
  "epoch": 25,
  "training_accuracy": 0.9134977016297534,
  "training_loss": 0.31993310310338674,
  "training_worker_0_memory_MB": 2270.7265625,
  "training_gpu_0_memory_MB": 8.73193359375,
  "validation_accuracy": 0.8278145695364238,
  "validation_loss": 0.848100158572197,
  "best_validation_accuracy": 0.8278145695364238,
  "best_validation_loss": 0.848100158572197
}