{
  "best_epoch": 9,
  "peak_worker_0_memory_MB": 2292.33203125,
  "peak_gpu_0_memory_MB": 50.91064453125,
  "training_duration": "0:00:06.701020",
  "training_start_epoch": 0,
  "training_epochs": 9,
  "epoch": 9,
  "training_accuracy": 0.7530296698704555,
  "training_loss": 0.9882073182808725,
  "training_worker_0_memory_MB": 2292.33203125,
  "training_gpu_0_memory_MB": 50.91064453125,
  "validation_accuracy": 0.7649006622516556,
  "validation_loss": 1.1058747708797454,
  "best_validation_accuracy": 0.7649006622516556,
  "best_validation_loss": 1.1058747708797454
}