{
  "best_epoch": 15,
  "peak_worker_0_memory_MB": 2292.33203125,
  "peak_gpu_0_memory_MB": 50.91064453125,
  "training_duration": "0:00:14.653329",
  "training_start_epoch": 0,
  "training_epochs": 21,
  "epoch": 21,
  "training_accuracy": 0.8558295027162558,
  "training_loss": 0.534208324394728,
  "training_worker_0_memory_MB": 2292.33203125,
  "training_gpu_0_memory_MB": 50.91064453125,
  "validation_accuracy": 0.7864238410596026,
  "validation_loss": 1.0415537238121033,
  "best_validation_accuracy": 0.7798013245033113,
  "best_validation_loss": 0.9856780886650085
}