{
  "best_epoch": 13,
  "peak_worker_0_memory_MB": 2292.33203125,
  "peak_gpu_0_memory_MB": 50.91064453125,
  "training_duration": "0:00:09.385082",
  "training_start_epoch": 0,
  "training_epochs": 13,
  "epoch": 13,
  "training_accuracy": 0.8002507312996239,
  "training_loss": 0.761946304064048,
  "training_worker_0_memory_MB": 2292.33203125,
  "training_gpu_0_memory_MB": 50.91064453125,
  "validation_accuracy": 0.7814569536423841,
  "validation_loss": 1.0161754786968231,
  "best_validation_accuracy": 0.7814569536423841,
  "best_validation_loss": 1.0161754786968231
}