{
  "best_epoch": 12,
  "peak_worker_0_memory_MB": 2317.984375,
  "peak_gpu_0_memory_MB": 51.84521484375,
  "training_duration": "0:00:03.375398",
  "training_start_epoch": 0,
  "training_epochs": 13,
  "epoch": 13,
  "training_accuracy": 0.7271207689093189,
  "training_loss": 1.2304931973156177,
  "training_worker_0_memory_MB": 2317.984375,
  "training_gpu_0_memory_MB": 51.84521484375,
  "validation_accuracy": 0.7864238410596026,
  "validation_loss": 1.1026920616626739,
  "best_validation_accuracy": 0.7880794701986755,
  "best_validation_loss": 1.0774755477905273
}