{
  "best_epoch": 15,
  "peak_worker_0_memory_MB": 2317.984375,
  "peak_gpu_0_memory_MB": 51.84521484375,
  "training_duration": "0:00:04.776438",
  "training_start_epoch": 0,
  "training_epochs": 19,
  "epoch": 19,
  "training_accuracy": 0.7672377768491433,
  "training_loss": 0.9750361434723201,
  "training_worker_0_memory_MB": 2317.984375,
  "training_gpu_0_memory_MB": 51.84521484375,
  "validation_accuracy": 0.7980132450331126,
  "validation_loss": 1.050061571598053,
  "best_validation_accuracy": 0.793046357615894,
  "best_validation_loss": 1.0297226279973983
}