{
  "best_epoch": 5,
  "peak_worker_0_memory_MB": 2269.703125,
  "peak_gpu_0_memory_MB": 15.416015625,
  "training_duration": "0:00:00.491963",
  "training_start_epoch": 0,
  "training_epochs": 5,
  "epoch": 5,
  "training_accuracy": 0.8154093097913323,
  "training_loss": 1.0845866680145264,
  "training_worker_0_memory_MB": 2269.703125,
  "training_gpu_0_memory_MB": 15.416015625,
  "validation_accuracy": 0.8195364238410596,
  "validation_loss": 1.2168894052505492,
  "best_validation_accuracy": 0.8195364238410596,
  "best_validation_loss": 1.2168894052505492
}