{
  "best_epoch": 8,
  "peak_worker_0_memory_MB": 2269.703125,
  "peak_gpu_0_memory_MB": 15.416015625,
  "training_duration": "0:00:01.085476",
  "training_start_epoch": 0,
  "training_epochs": 12,
  "epoch": 12,
  "training_accuracy": 0.8739967897271268,
  "training_loss": 0.35274823307991027,
  "training_worker_0_memory_MB": 2269.703125,
  "training_gpu_0_memory_MB": 15.416015625,
  "validation_accuracy": 0.8096026490066225,
  "validation_loss": 1.0979524791240691,
  "best_validation_accuracy": 0.8079470198675497,
  "best_validation_loss": 1.0656170845031738
}