{
  "best_epoch": 18,
  "peak_worker_0_memory_MB": 2269.83203125,
  "peak_gpu_0_memory_MB": 15.515625,
  "training_duration": "0:00:01.729759",
  "training_start_epoch": 0,
  "training_epochs": 18,
  "epoch": 18,
  "training_accuracy": 0.8587479935794543,
  "training_loss": 0.7577292412519455,
  "training_worker_0_memory_MB": 2269.83203125,
  "training_gpu_0_memory_MB": 15.515625,
  "validation_accuracy": 0.8112582781456954,
  "validation_loss": 1.2028722524642945,
  "best_validation_accuracy": 0.8112582781456954,
  "best_validation_loss": 1.2028722524642945
}