{
  "best_epoch": 29,
  "peak_worker_0_memory_MB": 2269.83203125,
  "peak_gpu_0_memory_MB": 15.515625,
  "training_duration": "0:00:03.228607",
  "training_start_epoch": 0,
  "training_epochs": 36,
  "epoch": 36,
  "training_accuracy": 0.8876404494382022,
  "training_loss": 0.3409720480442047,
  "training_worker_0_memory_MB": 2269.83203125,
  "training_gpu_0_memory_MB": 15.515625,
  "validation_accuracy": 0.8096026490066225,
  "validation_loss": 1.1230126917362213,
  "best_validation_accuracy": 0.8145695364238411,
  "best_validation_loss": 1.0611933469772339
}