{
  "best_epoch": 25,
  "peak_worker_0_memory_MB": 2269.83203125,
  "peak_gpu_0_memory_MB": 15.515625,
  "training_duration": "0:00:02.311802",
  "training_start_epoch": 0,
  "training_epochs": 25,
  "epoch": 25,
  "training_accuracy": 0.8796147672552167,
  "training_loss": 0.4783607453107834,
  "training_worker_0_memory_MB": 2269.83203125,
  "training_gpu_0_memory_MB": 15.515625,
  "validation_accuracy": 0.8162251655629139,
  "validation_loss": 1.0938170075416564,
  "best_validation_accuracy": 0.8162251655629139,
  "best_validation_loss": 1.0938170075416564
}