{
  "best_epoch": 8,
  "peak_worker_0_memory_MB": 2269.83203125,
  "peak_gpu_0_memory_MB": 15.515625,
  "training_duration": "0:00:00.827052",
  "training_start_epoch": 0,
  "training_epochs": 8,
  "epoch": 8,
  "training_accuracy": 0.6540930979133226,
  "training_loss": 2.3921724200248717,
  "training_worker_0_memory_MB": 2269.83203125,
  "training_gpu_0_memory_MB": 15.515625,
  "validation_accuracy": 0.6821192052980133,
  "validation_loss": 2.3147194385528564,
  "best_validation_accuracy": 0.6821192052980133,
  "best_validation_loss": 2.3147194385528564
}