{
  "best_epoch": 29,
  "peak_worker_0_memory_MB": 2269.83203125,
  "peak_gpu_0_memory_MB": 15.515625,
  "training_duration": "0:00:02.807692",
  "training_start_epoch": 0,
  "training_epochs": 31,
  "epoch": 31,
  "training_accuracy": 0.8860353130016051,
  "training_loss": 0.38242141604423524,
  "training_worker_0_memory_MB": 2269.83203125,
  "training_gpu_0_memory_MB": 15.515625,
  "validation_accuracy": 0.8145695364238411,
  "validation_loss": 1.1278954207897187,
  "best_validation_accuracy": 0.8145695364238411,
  "best_validation_loss": 1.0611933469772339
}