{
  "best_epoch": 3,
  "peak_worker_0_memory_MB": 2317.578125,
  "peak_gpu_0_memory_MB": 55.18505859375,
  "training_duration": "0:00:01.342626",
  "training_start_epoch": 0,
  "training_epochs": 4,
  "epoch": 4,
  "training_accuracy": 0.9565523720056365,
  "training_loss": 0.2546013844991798,
  "training_worker_0_memory_MB": 2317.578125,
  "training_gpu_0_memory_MB": 55.18505859375,
  "validation_accuracy": 0.7996688741721855,
  "validation_loss": 0.9788780629634857,
  "best_validation_accuracy": 0.7897350993377483,
  "best_validation_loss": 0.9688114643096923
}