{
  "best_epoch": 0,
  "peak_worker_0_memory_MB": 2371.23046875,
  "peak_gpu_0_memory_MB": 89.33056640625,
  "training_duration": "0:00:00.465210",
  "training_start_epoch": 0,
  "training_epochs": 0,
  "epoch": 0,
  "training_accuracy": 0.2974075852136342,
  "training_loss": 3.2079433530341577,
  "training_worker_0_memory_MB": 2371.23046875,
  "training_gpu_0_memory_MB": 89.33056640625,
  "validation_accuracy": 0.6970198675496688,
  "validation_loss": 1.631702184677124,
  "best_validation_accuracy": 0.6970198675496688,
  "best_validation_loss": 1.631702184677124
}