{
  "best_epoch": 14,
  "peak_worker_0_memory_MB": 2269.83203125,
  "peak_gpu_0_memory_MB": 15.515625,
  "training_duration": "0:00:01.970994",
  "training_start_epoch": 0,
  "training_epochs": 21,
  "epoch": 21,
  "training_accuracy": 0.8868378812199037,
  "training_loss": 0.2969914436340332,
  "training_worker_0_memory_MB": 2269.83203125,
  "training_gpu_0_memory_MB": 15.515625,
  "validation_accuracy": 0.8112582781456954,
  "validation_loss": 1.1341329991817475,
  "best_validation_accuracy": 0.8112582781456954,
  "best_validation_loss": 1.090654057264328
}