{
  "best_epoch": 26,
  "peak_worker_0_memory_MB": 2311.41796875,
  "peak_gpu_0_memory_MB": 43.572265625,
  "training_duration": "0:00:07.005556",
  "training_start_epoch": 0,
  "training_epochs": 27,
  "epoch": 27,
  "training_accuracy": 0.9159250585480093,
  "training_loss": 0.5135601078396412,
  "training_worker_0_memory_MB": 2311.41796875,
  "training_gpu_0_memory_MB": 43.572265625,
  "validation_accuracy": 0.7831125827814569,
  "validation_loss": 0.9694762229919434,
  "best_validation_accuracy": 0.7798013245033113,
  "best_validation_loss": 0.9662347137928009
}