{
  "best_epoch": 4,
  "peak_worker_0_memory_MB": 2289.3359375,
  "peak_gpu_0_memory_MB": 49.984375,
  "training_duration": "0:00:05.203149",
  "training_start_epoch": 0,
  "training_epochs": 7,
  "epoch": 7,
  "training_accuracy": 0.9084830756372754,
  "training_loss": 0.33224573731422424,
  "training_worker_0_memory_MB": 2289.3359375,
  "training_gpu_0_memory_MB": 49.984375,
  "validation_accuracy": 0.7599337748344371,
  "validation_loss": 1.6401404857635498,
  "best_validation_accuracy": 0.7533112582781457,
  "best_validation_loss": 1.4049354076385498
}