{
  "best_epoch": 1,
  "peak_worker_0_memory_MB": 2289.3359375,
  "peak_gpu_0_memory_MB": 49.984375,
  "training_duration": "0:00:01.286875",
  "training_start_epoch": 0,
  "training_epochs": 1,
  "epoch": 1,
  "training_accuracy": 0.3760969494358546,
  "training_loss": 2.6932048327044438,
  "training_worker_0_memory_MB": 2289.3359375,
  "training_gpu_0_memory_MB": 49.984375,
  "validation_accuracy": 0.5844370860927153,
  "validation_loss": 2.059517979621887,
  "best_validation_accuracy": 0.5844370860927153,
  "best_validation_loss": 2.059517979621887
}