{
  "best_epoch": 24,
  "peak_worker_0_memory_MB": 2331.171875,
  "peak_gpu_0_memory_MB": 65.09326171875,
  "training_duration": "0:00:06.139803",
  "training_start_epoch": 0,
  "training_epochs": 24,
  "epoch": 24,
  "training_accuracy": 0.7313817330210772,
  "training_loss": 1.3921420485226077,
  "training_worker_0_memory_MB": 2331.171875,
  "training_gpu_0_memory_MB": 65.09326171875,
  "validation_accuracy": 0.7251655629139073,
  "validation_loss": 1.4309553623199462,
  "best_validation_accuracy": 0.7251655629139073,
  "best_validation_loss": 1.4309553623199462
}