{
  "best_epoch": 16,
  "peak_worker_0_memory_MB": 2331.171875,
  "peak_gpu_0_memory_MB": 65.09326171875,
  "training_duration": "0:00:04.168513",
  "training_start_epoch": 0,
  "training_epochs": 16,
  "epoch": 16,
  "training_accuracy": 0.5920374707259953,
  "training_loss": 2.0000327700999248,
  "training_worker_0_memory_MB": 2331.171875,
  "training_gpu_0_memory_MB": 65.09326171875,
  "validation_accuracy": 0.640728476821192,
  "validation_loss": 1.8713436484336854,
  "best_validation_accuracy": 0.640728476821192,
  "best_validation_loss": 1.8713436484336854
}