{
  "best_epoch": 14,
  "peak_worker_0_memory_MB": 2271.109375,
  "peak_gpu_0_memory_MB": 15.515625,
  "training_duration": "0:00:01.622468",
  "training_start_epoch": 0,
  "training_epochs": 17,
  "epoch": 17,
  "training_accuracy": 0.8852327447833066,
  "training_loss": 0.3591170758008957,
  "training_worker_0_memory_MB": 2271.109375,
  "training_gpu_0_memory_MB": 15.515625,
  "validation_accuracy": 0.8162251655629139,
  "validation_loss": 1.09546719789505,
  "best_validation_accuracy": 0.8112582781456954,
  "best_validation_loss": 1.0829085767269135
}