{
  "best_epoch": 1,
  "peak_worker_0_memory_MB": 2328.29296875,
  "peak_gpu_0_memory_MB": 64.7041015625,
  "training_duration": "0:00:00.474216",
  "training_start_epoch": 0,
  "training_epochs": 1,
  "epoch": 1,
  "training_accuracy": 0.22029121653358386,
  "training_loss": 3.380186899384456,
  "training_worker_0_memory_MB": 2328.29296875,
  "training_gpu_0_memory_MB": 64.7041015625,
  "validation_accuracy": 0.3543046357615894,
  "validation_loss": 3.087221097946167,
  "best_validation_accuracy": 0.3543046357615894,
  "best_validation_loss": 3.087221097946167
}