{
  "best_epoch": 23,
  "peak_worker_0_memory_MB": 2328.29296875,
  "peak_gpu_0_memory_MB": 64.7041015625,
  "training_duration": "0:00:06.546317",
  "training_start_epoch": 0,
  "training_epochs": 26,
  "epoch": 26,
  "training_accuracy": 0.9687646782527009,
  "training_loss": 0.19354992092990164,
  "training_worker_0_memory_MB": 2328.29296875,
  "training_gpu_0_memory_MB": 64.7041015625,
  "validation_accuracy": 0.8029801324503312,
  "validation_loss": 0.928152346611023,
  "best_validation_accuracy": 0.8013245033112583,
  "best_validation_loss": 0.9191771149635315
}