{
  "best_epoch": 7,
  "peak_worker_0_memory_MB": 2315.51171875,
  "peak_gpu_0_memory_MB": 51.84521484375,
  "training_duration": "0:00:01.919124",
  "training_start_epoch": 0,
  "training_epochs": 7,
  "epoch": 7,
  "training_accuracy": 0.6431257835353114,
  "training_loss": 1.7017921617156582,
  "training_worker_0_memory_MB": 2315.51171875,
  "training_gpu_0_memory_MB": 51.84521484375,
  "validation_accuracy": 0.7052980132450332,
  "validation_loss": 1.561671757698059,
  "best_validation_accuracy": 0.7052980132450332,
  "best_validation_loss": 1.561671757698059
}