{
  "best_epoch": 15,
  "peak_worker_0_memory_MB": 2315.51171875,
  "peak_gpu_0_memory_MB": 51.84521484375,
  "training_duration": "0:00:04.285254",
  "training_start_epoch": 0,
  "training_epochs": 17,
  "epoch": 17,
  "training_accuracy": 0.849143334726285,
  "training_loss": 0.6684887817031459,
  "training_worker_0_memory_MB": 2315.51171875,
  "training_gpu_0_memory_MB": 51.84521484375,
  "validation_accuracy": 0.7963576158940397,
  "validation_loss": 1.0254804193973541,
  "best_validation_accuracy": 0.793046357615894,
  "best_validation_loss": 1.0169717133045197
}