{
  "best_epoch": 4,
  "peak_worker_0_memory_MB": 2315.51171875,
  "peak_gpu_0_memory_MB": 51.84521484375,
  "training_duration": "0:00:01.247452",
  "training_start_epoch": 0,
  "training_epochs": 4,
  "epoch": 4,
  "training_accuracy": 0.4893439197659841,
  "training_loss": 2.424062819857346,
  "training_worker_0_memory_MB": 2315.51171875,
  "training_gpu_0_memory_MB": 51.84521484375,
  "validation_accuracy": 0.5894039735099338,
  "validation_loss": 2.196709632873535,
  "best_validation_accuracy": 0.5894039735099338,
  "best_validation_loss": 2.196709632873535
}