{
  "best_epoch": 25,
  "peak_worker_0_memory_MB": 2316.2890625,
  "peak_gpu_0_memory_MB": 62.47802734375,
  "training_duration": "0:00:07.009542",
  "training_start_epoch": 0,
  "training_epochs": 25,
  "epoch": 25,
  "training_accuracy": 0.44098360655737706,
  "training_loss": 2.2833717972484986,
  "training_worker_0_memory_MB": 2316.2890625,
  "training_gpu_0_memory_MB": 62.47802734375,
  "validation_accuracy": 0.6970198675496688,
  "validation_loss": 1.663885807991028,
  "best_validation_accuracy": 0.6970198675496688,
  "best_validation_loss": 1.663885807991028
}