{
  "best_epoch": 43,
  "peak_worker_0_memory_MB": 2316.2890625,
  "peak_gpu_0_memory_MB": 62.47802734375,
  "training_duration": "0:00:11.882785",
  "training_start_epoch": 0,
  "training_epochs": 43,
  "epoch": 43,
  "training_accuracy": 0.5398126463700235,
  "training_loss": 1.8488402633524652,
  "training_worker_0_memory_MB": 2316.2890625,
  "training_gpu_0_memory_MB": 62.47802734375,
  "validation_accuracy": 0.7433774834437086,
  "validation_loss": 1.2368184089660645,
  "best_validation_accuracy": 0.7433774834437086,
  "best_validation_loss": 1.2368184089660645
}