{
  "best_epoch": 77,
  "peak_worker_0_memory_MB": 2316.2890625,
  "peak_gpu_0_memory_MB": 62.47802734375,
  "training_duration": "0:00:21.487870",
  "training_start_epoch": 0,
  "training_epochs": 79,
  "epoch": 79,
  "training_accuracy": 0.6149882903981264,
  "training_loss": 1.4833303850088546,
  "training_worker_0_memory_MB": 2316.2890625,
  "training_gpu_0_memory_MB": 62.47802734375,
  "validation_accuracy": 0.7880794701986755,
  "validation_loss": 1.007433158159256,
  "best_validation_accuracy": 0.7847682119205298,
  "best_validation_loss": 0.9827061355113983
}