{
  "best_epoch": 46,
  "peak_worker_0_memory_MB": 2316.2890625,
  "peak_gpu_0_memory_MB": 62.47802734375,
  "training_duration": "0:00:12.713283",
  "training_start_epoch": 0,
  "training_epochs": 46,
  "epoch": 46,
  "training_accuracy": 0.5456674473067916,
  "training_loss": 1.8023392442447037,
  "training_worker_0_memory_MB": 2316.2890625,
  "training_gpu_0_memory_MB": 62.47802734375,
  "validation_accuracy": 0.7549668874172185,
  "validation_loss": 1.1917577862739563,
  "best_validation_accuracy": 0.7549668874172185,
  "best_validation_loss": 1.1917577862739563
}