{
  "best_epoch": 13,
  "peak_worker_0_memory_MB": 2316.2890625,
  "peak_gpu_0_memory_MB": 62.47802734375,
  "training_duration": "0:00:03.753741",
  "training_start_epoch": 0,
  "training_epochs": 13,
  "epoch": 13,
  "training_accuracy": 0.3215456674473068,
  "training_loss": 2.822999665986246,
  "training_worker_0_memory_MB": 2316.2890625,
  "training_gpu_0_memory_MB": 62.47802734375,
  "validation_accuracy": 0.5811258278145696,
  "validation_loss": 2.34014630317688,
  "best_validation_accuracy": 0.5811258278145696,
  "best_validation_loss": 2.34014630317688
}