{
  "best_epoch": 6,
  "peak_worker_0_memory_MB": 2316.2890625,
  "peak_gpu_0_memory_MB": 62.47802734375,
  "training_duration": "0:00:01.848983",
  "training_start_epoch": 0,
  "training_epochs": 6,
  "epoch": 6,
  "training_accuracy": 0.202576112412178,
  "training_loss": 3.289805234368168,
  "training_worker_0_memory_MB": 2316.2890625,
  "training_gpu_0_memory_MB": 62.47802734375,
  "validation_accuracy": 0.42218543046357615,
  "validation_loss": 2.942288875579834,
  "best_validation_accuracy": 0.42218543046357615,
  "best_validation_loss": 2.942288875579834
}