{
  "best_epoch": 7,
  "peak_worker_0_memory_MB": 2316.2890625,
  "peak_gpu_0_memory_MB": 62.47802734375,
  "training_duration": "0:00:02.113370",
  "training_start_epoch": 0,
  "training_epochs": 7,
  "epoch": 7,
  "training_accuracy": 0.21943793911007026,
  "training_loss": 3.2399092432278307,
  "training_worker_0_memory_MB": 2316.2890625,
  "training_gpu_0_memory_MB": 62.47802734375,
  "validation_accuracy": 0.4420529801324503,
  "validation_loss": 2.861719751358032,
  "best_validation_accuracy": 0.4420529801324503,
  "best_validation_loss": 2.861719751358032
}