{
  "best_epoch": 66,
  "peak_worker_0_memory_MB": 2316.2890625,
  "peak_gpu_0_memory_MB": 62.47802734375,
  "training_duration": "0:00:18.010161",
  "training_start_epoch": 0,
  "training_epochs": 66,
  "epoch": 66,
  "training_accuracy": 0.5894613583138173,
  "training_loss": 1.5717614159655215,
  "training_worker_0_memory_MB": 2316.2890625,
  "training_gpu_0_memory_MB": 62.47802734375,
  "validation_accuracy": 0.7781456953642384,
  "validation_loss": 1.0451244950294494,
  "best_validation_accuracy": 0.7781456953642384,
  "best_validation_loss": 1.0451244950294494
}