{
  "best_epoch": 84,
  "peak_worker_0_memory_MB": 2316.2890625,
  "peak_gpu_0_memory_MB": 62.47802734375,
  "training_duration": "0:00:23.372944",
  "training_start_epoch": 0,
  "training_epochs": 86,
  "epoch": 86,
  "training_accuracy": 0.6201405152224825,
  "training_loss": 1.4527608903486338,
  "training_worker_0_memory_MB": 2316.2890625,
  "training_gpu_0_memory_MB": 62.47802734375,
  "validation_accuracy": 0.7864238410596026,
  "validation_loss": 0.9598999083042145,
  "best_validation_accuracy": 0.7847682119205298,
  "best_validation_loss": 0.9404724508523941
}