{
  "best_epoch": 61,
  "peak_worker_0_memory_MB": 2316.2890625,
  "peak_gpu_0_memory_MB": 62.47802734375,
  "training_duration": "0:00:17.747627",
  "training_start_epoch": 0,
  "training_epochs": 65,
  "epoch": 65,
  "training_accuracy": 0.5831381733021077,
  "training_loss": 1.5992883853058317,
  "training_worker_0_memory_MB": 2316.2890625,
  "training_gpu_0_memory_MB": 62.47802734375,
  "validation_accuracy": 0.7781456953642384,
  "validation_loss": 1.059780526161194,
  "best_validation_accuracy": 0.7781456953642384,
  "best_validation_loss": 1.0458360671997071
}