{
  "best_epoch": 17,
  "peak_worker_0_memory_MB": 2316.2890625,
  "peak_gpu_0_memory_MB": 62.47802734375,
  "training_duration": "0:00:04.836267",
  "training_start_epoch": 0,
  "training_epochs": 17,
  "epoch": 17,
  "training_accuracy": 0.36042154566744733,
  "training_loss": 2.631395236769719,
  "training_worker_0_memory_MB": 2316.2890625,
  "training_gpu_0_memory_MB": 62.47802734375,
  "validation_accuracy": 0.6341059602649006,
  "validation_loss": 2.069387412071228,
  "best_validation_accuracy": 0.6341059602649006,
  "best_validation_loss": 2.069387412071228
}