{
  "best_epoch": 54,
  "peak_worker_0_memory_MB": 2316.2890625,
  "peak_gpu_0_memory_MB": 62.47802734375,
  "training_duration": "0:00:14.832916",
  "training_start_epoch": 0,
  "training_epochs": 54,
  "epoch": 54,
  "training_accuracy": 0.5646370023419204,
  "training_loss": 1.7101598711156134,
  "training_worker_0_memory_MB": 2316.2890625,
  "training_gpu_0_memory_MB": 62.47802734375,
  "validation_accuracy": 0.7748344370860927,
  "validation_loss": 1.1185999095439911,
  "best_validation_accuracy": 0.7748344370860927,
  "best_validation_loss": 1.1185999095439911
}