{
  "best_epoch": 14,
  "peak_worker_0_memory_MB": 2269.703125,
  "peak_gpu_0_memory_MB": 15.416015625,
  "training_duration": "0:00:01.941384",
  "training_start_epoch": 0,
  "training_epochs": 23,
  "epoch": 23,
  "training_accuracy": 0.8764044943820225,
  "training_loss": 0.30885759070515634,
  "training_worker_0_memory_MB": 2269.703125,
  "training_gpu_0_memory_MB": 15.416015625,
  "validation_accuracy": 0.7963576158940397,
  "validation_loss": 1.1495593011379241,
  "best_validation_accuracy": 0.7996688741721855,
  "best_validation_loss": 1.0480996727943421
}