{
  "best_epoch": 2,
  "peak_worker_0_memory_MB": 2280.91796875,
  "peak_gpu_0_memory_MB": 25.87255859375,
  "training_duration": "0:00:01.337200",
  "training_start_epoch": 0,
  "training_epochs": 8,
  "epoch": 8,
  "training_accuracy": 0.9837024655244463,
  "training_loss": 0.0599275965145544,
  "training_worker_0_memory_MB": 2280.91796875,
  "training_gpu_0_memory_MB": 25.87255859375,
  "validation_accuracy": 0.7880794701986755,
  "validation_loss": 1.1588373839855195,
  "best_validation_accuracy": 0.7897350993377483,
  "best_validation_loss": 0.8840054512023926
}