{
  "best_epoch": 0,
  "peak_worker_0_memory_MB": 2312.5625,
  "peak_gpu_0_memory_MB": 51.12255859375,
  "training_duration": "0:00:01.288704",
  "training_start_epoch": 0,
  "training_epochs": 1,
  "epoch": 1,
  "training_accuracy": 0.20518178019222733,
  "training_loss": 35.71634066732306,
  "training_worker_0_memory_MB": 2312.5625,
  "training_gpu_0_memory_MB": 51.12255859375,
  "validation_accuracy": 0.6109271523178808,
  "validation_loss": 14.781188154220581,
  "best_validation_accuracy": 0.4867549668874172,
  "best_validation_loss": 3.5639459609985353
}