{
  "best_epoch": 7,
  "peak_worker_0_memory_MB": 2288.81640625,
  "peak_gpu_0_memory_MB": 49.984375,
  "training_duration": "0:00:08.709273",
  "training_start_epoch": 0,
  "training_epochs": 12,
  "epoch": 12,
  "training_accuracy": 0.931884663602173,
  "training_loss": 0.2739790323141374,
  "training_worker_0_memory_MB": 2288.81640625,
  "training_gpu_0_memory_MB": 49.984375,
  "validation_accuracy": 0.7781456953642384,
  "validation_loss": 1.4461772859096527,
  "best_validation_accuracy": 0.7599337748344371,
  "best_validation_loss": 1.195784068107605
}