{
  "best_epoch": 2,
  "peak_worker_0_memory_MB": 2288.81640625,
  "peak_gpu_0_memory_MB": 49.984375,
  "training_duration": "0:00:02.079753",
  "training_start_epoch": 0,
  "training_epochs": 2,
  "epoch": 2,
  "training_accuracy": 0.23735896364396156,
  "training_loss": 3.1655187732294987,
  "training_worker_0_memory_MB": 2288.81640625,
  "training_gpu_0_memory_MB": 49.984375,
  "validation_accuracy": 0.41225165562913907,
  "validation_loss": 2.7272189617156983,
  "best_validation_accuracy": 0.41225165562913907,
  "best_validation_loss": 2.7272189617156983
}