{
  "best_epoch": 30,
  "peak_worker_0_memory_MB": 2319.48828125,
  "peak_gpu_0_memory_MB": 51.08984375,
  "training_duration": "0:00:09.240258",
  "training_start_epoch": 0,
  "training_epochs": 35,
  "epoch": 35,
  "training_accuracy": 0.9758782201405152,
  "training_loss": 0.1604305838248623,
  "training_worker_0_memory_MB": 2319.48828125,
  "training_gpu_0_memory_MB": 51.08984375,
  "validation_accuracy": 0.7980132450331126,
  "validation_loss": 0.9630406141281128,
  "best_validation_accuracy": 0.7980132450331126,
  "best_validation_loss": 0.8863679379224777
}