{
  "best_epoch": 2,
  "peak_worker_0_memory_MB": 2330.69921875,
  "peak_gpu_0_memory_MB": 65.09326171875,
  "training_duration": "0:00:00.854024",
  "training_start_epoch": 0,
  "training_epochs": 2,
  "epoch": 2,
  "training_accuracy": 0.4711943793911007,
  "training_loss": 2.6469884345780557,
  "training_worker_0_memory_MB": 2330.69921875,
  "training_gpu_0_memory_MB": 65.09326171875,
  "validation_accuracy": 0.5761589403973509,
  "validation_loss": 2.36304292678833,
  "best_validation_accuracy": 0.5761589403973509,
  "best_validation_loss": 2.36304292678833
}