{
  "best_epoch": 16,
  "peak_worker_0_memory_MB": 2330.69921875,
  "peak_gpu_0_memory_MB": 65.09326171875,
  "training_duration": "0:00:06.830192",
  "training_start_epoch": 0,
  "training_epochs": 23,
  "epoch": 23,
  "training_accuracy": 0.988056206088993,
  "training_loss": 0.07837209397398714,
  "training_worker_0_memory_MB": 2330.69921875,
  "training_gpu_0_memory_MB": 65.09326171875,
  "validation_accuracy": 0.8062913907284768,
  "validation_loss": 0.9012809813022613,
  "best_validation_accuracy": 0.8062913907284768,
  "best_validation_loss": 0.8642262548208237
}