{
  "best_epoch": 28,
  "peak_worker_0_memory_MB": 2370.390625,
  "peak_gpu_0_memory_MB": 89.33056640625,
  "training_duration": "0:00:14.360847",
  "training_start_epoch": 0,
  "training_epochs": 28,
  "epoch": 28,
  "training_accuracy": 0.9462313970235238,
  "training_loss": 0.4342951353724676,
  "training_worker_0_memory_MB": 2370.390625,
  "training_gpu_0_memory_MB": 89.33056640625,
  "validation_accuracy": 0.7880794701986755,
  "validation_loss": 0.9466518223285675,
  "best_validation_accuracy": 0.7880794701986755,
  "best_validation_loss": 0.9466518223285675
}