{
  "best_epoch": 10,
  "peak_worker_0_memory_MB": 2370.390625,
  "peak_gpu_0_memory_MB": 89.33056640625,
  "training_duration": "0:00:05.520832",
  "training_start_epoch": 0,
  "training_epochs": 10,
  "epoch": 10,
  "training_accuracy": 0.6701872299567931,
  "training_loss": 1.9930654027079808,
  "training_worker_0_memory_MB": 2370.390625,
  "training_gpu_0_memory_MB": 89.33056640625,
  "validation_accuracy": 0.706953642384106,
  "validation_loss": 1.712700116634369,
  "best_validation_accuracy": 0.706953642384106,
  "best_validation_loss": 1.712700116634369
}