{
  "best_epoch": 3,
  "peak_worker_0_memory_MB": 2365.1484375,
  "peak_gpu_0_memory_MB": 75.88427734375,
  "training_duration": "0:00:05.686778",
  "training_start_epoch": 0,
  "training_epochs": 11,
  "epoch": 11,
  "training_accuracy": 0.9981997119539127,
  "training_loss": 0.01329746121142543,
  "training_worker_0_memory_MB": 2365.1484375,
  "training_gpu_0_memory_MB": 75.88427734375,
  "validation_accuracy": 0.8029801324503312,
  "validation_loss": 1.0429670989513398,
  "best_validation_accuracy": 0.7996688741721855,
  "best_validation_loss": 0.9168767392635345
}