{
  "best_epoch": 2,
  "peak_worker_0_memory_MB": 2365.1484375,
  "peak_gpu_0_memory_MB": 75.88427734375,
  "training_duration": "0:00:01.416452",
  "training_start_epoch": 0,
  "training_epochs": 2,
  "epoch": 2,
  "training_accuracy": 0.9121459433509361,
  "training_loss": 0.5369289576552296,
  "training_worker_0_memory_MB": 2365.1484375,
  "training_gpu_0_memory_MB": 75.88427734375,
  "validation_accuracy": 0.7913907284768212,
  "validation_loss": 0.9430683255195618,
  "best_validation_accuracy": 0.7913907284768212,
  "best_validation_loss": 0.9430683255195618
}