{
  "best_epoch": 3,
  "peak_worker_0_memory_MB": 2365.1484375,
  "peak_gpu_0_memory_MB": 75.88427734375,
  "training_duration": "0:00:01.890557",
  "training_start_epoch": 0,
  "training_epochs": 3,
  "epoch": 3,
  "training_accuracy": 0.9697551608257321,
  "training_loss": 0.21718652990028148,
  "training_worker_0_memory_MB": 2365.1484375,
  "training_gpu_0_memory_MB": 75.88427734375,
  "validation_accuracy": 0.7996688741721855,
  "validation_loss": 0.9168767392635345,
  "best_validation_accuracy": 0.7996688741721855,
  "best_validation_loss": 0.9168767392635345
}