{
  "best_epoch": 0,
  "peak_worker_0_memory_MB": 2313.53515625,
  "peak_gpu_0_memory_MB": 54.728515625,
  "training_duration": "0:00:00.205050",
  "training_start_epoch": 0,
  "training_epochs": 0,
  "epoch": 0,
  "training_accuracy": 0.15644261813912533,
  "training_loss": 3.8451366866076433,
  "training_worker_0_memory_MB": 2313.53515625,
  "training_gpu_0_memory_MB": 54.728515625,
  "validation_accuracy": 0.2251655629139073,
  "validation_loss": 3.3192195177078245,
  "best_validation_accuracy": 0.2251655629139073,
  "best_validation_loss": 3.3192195177078245
}