{
  "best_epoch": 3,
  "peak_worker_0_memory_MB": 2311.93359375,
  "peak_gpu_0_memory_MB": 51.12255859375,
  "training_duration": "0:00:07.215021",
  "training_start_epoch": 0,
  "training_epochs": 10,
  "epoch": 10,
  "training_accuracy": 0.16506477225240285,
  "training_loss": 130.74924850463867,
  "training_worker_0_memory_MB": 2311.93359375,
  "training_gpu_0_memory_MB": 51.12255859375,
  "validation_accuracy": 0.6208609271523179,
  "validation_loss": 13.509217453002929,
  "best_validation_accuracy": 0.6059602649006622,
  "best_validation_loss": 1.8418519258499146
}