{
  "best_epoch": 7,
  "peak_worker_0_memory_MB": 2309.84765625,
  "peak_gpu_0_memory_MB": 42.29736328125,
  "training_duration": "0:00:04.098039",
  "training_start_epoch": 0,
  "training_epochs": 16,
  "epoch": 16,
  "training_accuracy": 0.9562060889929742,
  "training_loss": 0.17476804382098254,
  "training_worker_0_memory_MB": 2309.84765625,
  "training_gpu_0_memory_MB": 42.29736328125,
  "validation_accuracy": 0.804635761589404,
  "validation_loss": 1.0146118760108949,
  "best_validation_accuracy": 0.8029801324503312,
  "best_validation_loss": 0.9036466479301453
}