{
  "best_epoch": 1,
  "peak_worker_0_memory_MB": 2309.84765625,
  "peak_gpu_0_memory_MB": 42.29736328125,
  "training_duration": "0:00:00.486503",
  "training_start_epoch": 0,
  "training_epochs": 1,
  "epoch": 1,
  "training_accuracy": 0.5318501170960187,
  "training_loss": 2.2026104446667345,
  "training_worker_0_memory_MB": 2309.84765625,
  "training_gpu_0_memory_MB": 42.29736328125,
  "validation_accuracy": 0.7036423841059603,
  "validation_loss": 1.5548192024230958,
  "best_validation_accuracy": 0.7036423841059603,
  "best_validation_loss": 1.5548192024230958
}