{
  "best_epoch": 9,
  "peak_worker_0_memory_MB": 2287.45703125,
  "peak_gpu_0_memory_MB": 30.3212890625,
  "training_duration": "0:00:01.687163",
  "training_start_epoch": 0,
  "training_epochs": 9,
  "epoch": 9,
  "training_accuracy": 0.9226911826159633,
  "training_loss": 0.3979340544656703,
  "training_worker_0_memory_MB": 2287.45703125,
  "training_gpu_0_memory_MB": 30.3212890625,
  "validation_accuracy": 0.793046357615894,
  "validation_loss": 0.9169996678829193,
  "best_validation_accuracy": 0.793046357615894,
  "best_validation_loss": 0.9169996678829193
}