{
  "best_epoch": 2,
  "peak_worker_0_memory_MB": 2319.734375,
  "peak_gpu_0_memory_MB": 51.08984375,
  "training_duration": "0:00:00.750917",
  "training_start_epoch": 0,
  "training_epochs": 2,
  "epoch": 2,
  "training_accuracy": 0.3379391100702576,
  "training_loss": 3.0508978651530705,
  "training_worker_0_memory_MB": 2319.734375,
  "training_gpu_0_memory_MB": 51.08984375,
  "validation_accuracy": 0.46688741721854304,
  "validation_loss": 2.8146165132522585,
  "best_validation_accuracy": 0.46688741721854304,
  "best_validation_loss": 2.8146165132522585
}