{
  "best_epoch": 19,
  "peak_worker_0_memory_MB": 2328.29296875,
  "peak_gpu_0_memory_MB": 64.7041015625,
  "training_duration": "0:00:06.456246",
  "training_start_epoch": 0,
  "training_epochs": 25,
  "epoch": 25,
  "training_accuracy": 0.9854391733208079,
  "training_loss": 0.09122340525708982,
  "training_worker_0_memory_MB": 2328.29296875,
  "training_gpu_0_memory_MB": 64.7041015625,
  "validation_accuracy": 0.8079470198675497,
  "validation_loss": 0.950828903913498,
  "best_validation_accuracy": 0.8062913907284768,
  "best_validation_loss": 0.9321155846118927
}