{
  "best_epoch": 10,
  "peak_worker_0_memory_MB": 2328.29296875,
  "peak_gpu_0_memory_MB": 64.7041015625,
  "training_duration": "0:00:02.731157",
  "training_start_epoch": 0,
  "training_epochs": 10,
  "epoch": 10,
  "training_accuracy": 0.9081728511038046,
  "training_loss": 0.5841079076279455,
  "training_worker_0_memory_MB": 2328.29296875,
  "training_gpu_0_memory_MB": 64.7041015625,
  "validation_accuracy": 0.7731788079470199,
  "validation_loss": 1.0840250849723816,
  "best_validation_accuracy": 0.7731788079470199,
  "best_validation_loss": 1.0840250849723816
}