{
  "best_epoch": 11,
  "peak_worker_0_memory_MB": 2328.29296875,
  "peak_gpu_0_memory_MB": 64.7041015625,
  "training_duration": "0:00:02.980892",
  "training_start_epoch": 0,
  "training_epochs": 11,
  "epoch": 11,
  "training_accuracy": 0.9215594175669328,
  "training_loss": 0.4962983952084584,
  "training_worker_0_memory_MB": 2328.29296875,
  "training_gpu_0_memory_MB": 64.7041015625,
  "validation_accuracy": 0.7814569536423841,
  "validation_loss": 1.030479657649994,
  "best_validation_accuracy": 0.7814569536423841,
  "best_validation_loss": 1.030479657649994
}