{
  "best_epoch": 9,
  "peak_worker_0_memory_MB": 2328.29296875,
  "peak_gpu_0_memory_MB": 64.7041015625,
  "training_duration": "0:00:02.484729",
  "training_start_epoch": 0,
  "training_epochs": 9,
  "epoch": 9,
  "training_accuracy": 0.8900892437764208,
  "training_loss": 0.7058443142406976,
  "training_worker_0_memory_MB": 2328.29296875,
  "training_gpu_0_memory_MB": 64.7041015625,
  "validation_accuracy": 0.7715231788079471,
  "validation_loss": 1.1504792749881745,
  "best_validation_accuracy": 0.7715231788079471,
  "best_validation_loss": 1.1504792749881745
}