{
  "best_epoch": 50,
  "peak_worker_0_memory_MB": 2313.53515625,
  "peak_gpu_0_memory_MB": 54.728515625,
  "training_duration": "0:00:12.473187",
  "training_start_epoch": 0,
  "training_epochs": 54,
  "epoch": 54,
  "training_accuracy": 0.9694746110948048,
  "training_loss": 0.15054506836114107,
  "training_worker_0_memory_MB": 2313.53515625,
  "training_gpu_0_memory_MB": 54.728515625,
  "validation_accuracy": 0.8096026490066225,
  "validation_loss": 0.8549658536911011,
  "best_validation_accuracy": 0.8029801324503312,
  "best_validation_loss": 0.8383932173252105
}