{
  "best_epoch": 10,
  "peak_worker_0_memory_MB": 2313.53515625,
  "peak_gpu_0_memory_MB": 54.728515625,
  "training_duration": "0:00:02.606442",
  "training_start_epoch": 0,
  "training_epochs": 10,
  "epoch": 10,
  "training_accuracy": 0.7170531259172293,
  "training_loss": 1.5273878287386011,
  "training_worker_0_memory_MB": 2313.53515625,
  "training_gpu_0_memory_MB": 54.728515625,
  "validation_accuracy": 0.7119205298013245,
  "validation_loss": 1.550575840473175,
  "best_validation_accuracy": 0.7119205298013245,
  "best_validation_loss": 1.550575840473175
}