{
  "best_epoch": 18,
  "peak_worker_0_memory_MB": 2327.01171875,
  "peak_gpu_0_memory_MB": 69.92529296875,
  "training_duration": "0:00:07.133069",
  "training_start_epoch": 0,
  "training_epochs": 26,
  "epoch": 26,
  "training_accuracy": 0.9916410030796304,
  "training_loss": 0.05483905663196412,
  "training_worker_0_memory_MB": 2327.01171875,
  "training_gpu_0_memory_MB": 69.92529296875,
  "validation_accuracy": 0.8029801324503312,
  "validation_loss": 0.9223626971244812,
  "best_validation_accuracy": 0.8062913907284768,
  "best_validation_loss": 0.8566753685474395
}