{
  "best_epoch": 2,
  "peak_worker_0_memory_MB": 2271.109375,
  "peak_gpu_0_memory_MB": 15.515625,
  "training_duration": "0:00:00.250021",
  "training_start_epoch": 0,
  "training_epochs": 2,
  "epoch": 2,
  "training_accuracy": 0.4028892455858748,
  "training_loss": 3.222556805610657,
  "training_worker_0_memory_MB": 2271.109375,
  "training_gpu_0_memory_MB": 15.515625,
  "validation_accuracy": 0.5860927152317881,
  "validation_loss": 2.880309987068176,
  "best_validation_accuracy": 0.5860927152317881,
  "best_validation_loss": 2.880309987068176
}