{
  "best_epoch": 8,
  "peak_worker_0_memory_MB": 2271.109375,
  "peak_gpu_0_memory_MB": 15.515625,
  "training_duration": "0:00:00.744439",
  "training_start_epoch": 0,
  "training_epochs": 8,
  "epoch": 8,
  "training_accuracy": 0.8547351524879615,
  "training_loss": 0.7424995213747024,
  "training_worker_0_memory_MB": 2271.109375,
  "training_gpu_0_memory_MB": 15.515625,
  "validation_accuracy": 0.8112582781456954,
  "validation_loss": 1.168510413169861,
  "best_validation_accuracy": 0.8112582781456954,
  "best_validation_loss": 1.168510413169861
}