{
  "best_epoch": 31,
  "peak_worker_0_memory_MB": 2320.41015625,
  "peak_gpu_0_memory_MB": 54.71142578125,
  "training_duration": "0:00:08.108726",
  "training_start_epoch": 0,
  "training_epochs": 31,
  "epoch": 31,
  "training_accuracy": 0.6091334894613584,
  "training_loss": 1.5938630442121136,
  "training_worker_0_memory_MB": 2320.41015625,
  "training_gpu_0_memory_MB": 54.71142578125,
  "validation_accuracy": 0.7632450331125827,
  "validation_loss": 1.181152731180191,
  "best_validation_accuracy": 0.7632450331125827,
  "best_validation_loss": 1.181152731180191
}