{
  "best_epoch": 43,
  "peak_worker_0_memory_MB": 2320.41015625,
  "peak_gpu_0_memory_MB": 54.71142578125,
  "training_duration": "0:00:11.170319",
  "training_start_epoch": 0,
  "training_epochs": 43,
  "epoch": 43,
  "training_accuracy": 0.6697892271662763,
  "training_loss": 1.3397253680585035,
  "training_worker_0_memory_MB": 2320.41015625,
  "training_gpu_0_memory_MB": 54.71142578125,
  "validation_accuracy": 0.7731788079470199,
  "validation_loss": 1.0296508967876434,
  "best_validation_accuracy": 0.7731788079470199,
  "best_validation_loss": 1.0296508967876434
}