{
  "best_epoch": 61,
  "peak_worker_0_memory_MB": 2320.41015625,
  "peak_gpu_0_memory_MB": 54.71142578125,
  "training_duration": "0:00:17.054086",
  "training_start_epoch": 0,
  "training_epochs": 66,
  "epoch": 66,
  "training_accuracy": 0.7234192037470726,
  "training_loss": 1.0758039132872623,
  "training_worker_0_memory_MB": 2320.41015625,
  "training_gpu_0_memory_MB": 54.71142578125,
  "validation_accuracy": 0.7913907284768212,
  "validation_loss": 0.9260644555091858,
  "best_validation_accuracy": 0.7880794701986755,
  "best_validation_loss": 0.9122388780117034
}