{
  "best_epoch": 40,
  "peak_worker_0_memory_MB": 2320.41015625,
  "peak_gpu_0_memory_MB": 54.71142578125,
  "training_duration": "0:00:10.658513",
  "training_start_epoch": 0,
  "training_epochs": 41,
  "epoch": 41,
  "training_accuracy": 0.6618266978922717,
  "training_loss": 1.3678193181308347,
  "training_worker_0_memory_MB": 2320.41015625,
  "training_gpu_0_memory_MB": 54.71142578125,
  "validation_accuracy": 0.7682119205298014,
  "validation_loss": 1.031382977962494,
  "best_validation_accuracy": 0.7682119205298014,
  "best_validation_loss": 1.030491191148758
}