{
  "best_epoch": 17,
  "peak_worker_0_memory_MB": 2320.41015625,
  "peak_gpu_0_memory_MB": 54.71142578125,
  "training_duration": "0:00:04.555768",
  "training_start_epoch": 0,
  "training_epochs": 17,
  "epoch": 17,
  "training_accuracy": 0.4810304449648712,
  "training_loss": 2.177156270439945,
  "training_worker_0_memory_MB": 2320.41015625,
  "training_gpu_0_memory_MB": 54.71142578125,
  "validation_accuracy": 0.6887417218543046,
  "validation_loss": 1.7004359364509583,
  "best_validation_accuracy": 0.6887417218543046,
  "best_validation_loss": 1.7004359364509583
}