{
  "best_epoch": 61,
  "peak_worker_0_memory_MB": 2320.41015625,
  "peak_gpu_0_memory_MB": 54.71142578125,
  "training_duration": "0:00:17.305104",
  "training_start_epoch": 0,
  "training_epochs": 67,
  "epoch": 67,
  "training_accuracy": 0.7339578454332553,
  "training_loss": 1.0455168716943086,
  "training_worker_0_memory_MB": 2320.41015625,
  "training_gpu_0_memory_MB": 54.71142578125,
  "validation_accuracy": 0.793046357615894,
  "validation_loss": 0.938689261674881,
  "best_validation_accuracy": 0.7880794701986755,
  "best_validation_loss": 0.9122388780117034
}