{
  "best_epoch": 40,
  "peak_worker_0_memory_MB": 2320.41015625,
  "peak_gpu_0_memory_MB": 54.71142578125,
  "training_duration": "0:00:10.917813",
  "training_start_epoch": 0,
  "training_epochs": 42,
  "epoch": 42,
  "training_accuracy": 0.6634660421545667,
  "training_loss": 1.3438899552644188,
  "training_worker_0_memory_MB": 2320.41015625,
  "training_gpu_0_memory_MB": 54.71142578125,
  "validation_accuracy": 0.7698675496688742,
  "validation_loss": 1.0439232349395753,
  "best_validation_accuracy": 0.7682119205298014,
  "best_validation_loss": 1.030491191148758
}