{
  "best_epoch": 3,
  "peak_worker_0_memory_MB": 2284.4375,
  "peak_gpu_0_memory_MB": 30.3212890625,
  "training_duration": "0:00:00.635093",
  "training_start_epoch": 0,
  "training_epochs": 3,
  "epoch": 3,
  "training_accuracy": 0.5453405766819891,
  "training_loss": 2.271739297791531,
  "training_worker_0_memory_MB": 2284.4375,
  "training_gpu_0_memory_MB": 30.3212890625,
  "validation_accuracy": 0.5943708609271523,
  "validation_loss": 2.230671691894531,
  "best_validation_accuracy": 0.5943708609271523,
  "best_validation_loss": 2.230671691894531
}