{
  "best_epoch": 7,
  "peak_worker_0_memory_MB": 2284.4375,
  "peak_gpu_0_memory_MB": 30.3212890625,
  "training_duration": "0:00:01.297325",
  "training_start_epoch": 0,
  "training_epochs": 7,
  "epoch": 7,
  "training_accuracy": 0.7898035938152946,
  "training_loss": 1.1215807560243105,
  "training_worker_0_memory_MB": 2284.4375,
  "training_gpu_0_memory_MB": 30.3212890625,
  "validation_accuracy": 0.7334437086092715,
  "validation_loss": 1.3310357570648192,
  "best_validation_accuracy": 0.7334437086092715,
  "best_validation_loss": 1.3310357570648192
}