{
  "best_epoch": 6,
  "peak_worker_0_memory_MB": 2284.4375,
  "peak_gpu_0_memory_MB": 30.3212890625,
  "training_duration": "0:00:01.135398",
  "training_start_epoch": 0,
  "training_epochs": 6,
  "epoch": 6,
  "training_accuracy": 0.7655662348516507,
  "training_loss": 1.3136111905700283,
  "training_worker_0_memory_MB": 2284.4375,
  "training_gpu_0_memory_MB": 30.3212890625,
  "validation_accuracy": 0.7168874172185431,
  "validation_loss": 1.459466016292572,
  "best_validation_accuracy": 0.7168874172185431,
  "best_validation_loss": 1.459466016292572
}