{
  "best_epoch": 1,
  "peak_worker_0_memory_MB": 2309.3359375,
  "peak_gpu_0_memory_MB": 51.12255859375,
  "training_duration": "0:00:03.956726",
  "training_start_epoch": 0,
  "training_epochs": 5,
  "epoch": 5,
  "training_accuracy": 0.9490179690764731,
  "training_loss": 0.23328626195066854,
  "training_worker_0_memory_MB": 2309.3359375,
  "training_gpu_0_memory_MB": 51.12255859375,
  "validation_accuracy": 0.7731788079470199,
  "validation_loss": 1.49962837100029,
  "best_validation_accuracy": 0.7599337748344371,
  "best_validation_loss": 1.100700271129608
}