{
  "best_epoch": 50,
  "peak_worker_0_memory_MB": 2313.53515625,
  "peak_gpu_0_memory_MB": 54.728515625,
  "training_duration": "0:00:11.635198",
  "training_start_epoch": 0,
  "training_epochs": 54,
  "epoch": 54,
  "training_accuracy": 0.9812151452891107,
  "training_loss": 0.10779314633044931,
  "training_worker_0_memory_MB": 2313.53515625,
  "training_gpu_0_memory_MB": 54.728515625,
  "validation_accuracy": 0.804635761589404,
  "validation_loss": 0.8511962711811065,
  "best_validation_accuracy": 0.8062913907284768,
  "best_validation_loss": 0.837331035733223
}