{
  "best_epoch": 28,
  "peak_worker_0_memory_MB": 2313.53515625,
  "peak_gpu_0_memory_MB": 54.728515625,
  "training_duration": "0:00:06.305988",
  "training_start_epoch": 0,
  "training_epochs": 28,
  "epoch": 28,
  "training_accuracy": 0.9339594951570297,
  "training_loss": 0.376942452457216,
  "training_worker_0_memory_MB": 2313.53515625,
  "training_gpu_0_memory_MB": 54.728515625,
  "validation_accuracy": 0.7963576158940397,
  "validation_loss": 0.9241831302642822,
  "best_validation_accuracy": 0.7963576158940397,
  "best_validation_loss": 0.9241831302642822
}