{
  "best_epoch": 21,
  "peak_worker_0_memory_MB": 2287.21484375,
  "peak_gpu_0_memory_MB": 30.3212890625,
  "training_duration": "0:00:03.624754",
  "training_start_epoch": 0,
  "training_epochs": 22,
  "epoch": 22,
  "training_accuracy": 0.9557041370664437,
  "training_loss": 0.18953975662589073,
  "training_worker_0_memory_MB": 2287.21484375,
  "training_gpu_0_memory_MB": 30.3212890625,
  "validation_accuracy": 0.8029801324503312,
  "validation_loss": 0.8622934281826019,
  "best_validation_accuracy": 0.8013245033112583,
  "best_validation_loss": 0.8611059367656708
}