{
  "best_epoch": 27,
  "peak_worker_0_memory_MB": 2287.21484375,
  "peak_gpu_0_memory_MB": 30.3212890625,
  "training_duration": "0:00:05.375528",
  "training_start_epoch": 0,
  "training_epochs": 33,
  "epoch": 33,
  "training_accuracy": 0.980777267028834,
  "training_loss": 0.09298759679261007,
  "training_worker_0_memory_MB": 2287.21484375,
  "training_gpu_0_memory_MB": 30.3212890625,
  "validation_accuracy": 0.7996688741721855,
  "validation_loss": 0.9397170811891555,
  "best_validation_accuracy": 0.804635761589404,
  "best_validation_loss": 0.8593694493174553
}