{
  "best_epoch": 5,
  "peak_worker_0_memory_MB": 2271.57421875,
  "peak_gpu_0_memory_MB": 15.515625,
  "training_duration": "0:00:00.658356",
  "training_start_epoch": 0,
  "training_epochs": 7,
  "epoch": 7,
  "training_accuracy": 0.8764044943820225,
  "training_loss": 0.47025983333587645,
  "training_worker_0_memory_MB": 2271.57421875,
  "training_gpu_0_memory_MB": 15.515625,
  "validation_accuracy": 0.8178807947019867,
  "validation_loss": 1.154924613237381,
  "best_validation_accuracy": 0.8079470198675497,
  "best_validation_loss": 1.153886330127716
}