{
  "best_epoch": 4,
  "peak_worker_0_memory_MB": 0,
  "training_duration": "0:00:03.503745",
  "training_start_epoch": 0,
  "training_epochs": 4,
  "epoch": 4,
  "training_accuracy": 0.7508333333333334,
  "training_loss": 1.345927505493164,
  "training_reg_loss": 0.0,
  "training_worker_0_memory_MB": 0.0,
  "validation_accuracy": 0.6916666666666667,
  "validation_loss": 1.6979810187691136,
  "validation_reg_loss": 0.0,
  "best_validation_accuracy": 0.6916666666666667,
  "best_validation_loss": 1.6979810187691136,
  "best_validation_reg_loss": 0.0
}