{
  "best_epoch": 1,
  "peak_worker_0_memory_MB": 0,
  "training_duration": "0:00:01.348955",
  "training_start_epoch": 0,
  "training_epochs": 1,
  "epoch": 1,
  "training_accuracy": 0.5766666666666667,
  "training_loss": 2.5885932636260987,
  "training_reg_loss": 0.0,
  "training_worker_0_memory_MB": 0.0,
  "validation_accuracy": 0.5716666666666667,
  "validation_loss": 2.3876740618755945,
  "validation_reg_loss": 0.0,
  "best_validation_accuracy": 0.5716666666666667,
  "best_validation_loss": 2.3876740618755945,
  "best_validation_reg_loss": 0.0
}