{
  "best_epoch": 9,
  "peak_worker_0_memory_MB": 2379.60546875,
  "peak_gpu_0_memory_MB": 89.33056640625,
  "training_duration": "0:00:09.850647",
  "training_start_epoch": 0,
  "training_epochs": 17,
  "epoch": 17,
  "training_accuracy": 0.9786365818530965,
  "training_loss": 0.10827434043051633,
  "training_worker_0_memory_MB": 2379.60546875,
  "training_gpu_0_memory_MB": 89.33056640625,
  "validation_accuracy": 0.8129139072847682,
  "validation_loss": 1.0036107122898101,
  "best_validation_accuracy": 0.7963576158940397,
  "best_validation_loss": 0.8974307119846344
}