{
  "best_epoch": 10,
  "peak_worker_0_memory_MB": 2261.49609375,
  "peak_gpu_0_memory_MB": 13.12939453125,
  "training_duration": "0:00:01.330460",
  "training_start_epoch": 0,
  "training_epochs": 10,
  "epoch": 10,
  "training_accuracy": 0.7712680577849117,
  "training_loss": 1.6191100299358367,
  "training_worker_0_memory_MB": 2261.49609375,
  "training_gpu_0_memory_MB": 13.12939453125,
  "validation_accuracy": 0.7731788079470199,
  "validation_loss": 1.7180685639381408,
  "best_validation_accuracy": 0.7731788079470199,
  "best_validation_loss": 1.7180685639381408
}