{
  "best_epoch": 15,
  "peak_worker_0_memory_MB": 2268.36328125,
  "peak_gpu_0_memory_MB": 8.73193359375,
  "training_duration": "0:00:02.813328",
  "training_start_epoch": 0,
  "training_epochs": 20,
  "epoch": 20,
  "training_accuracy": 0.9105725031341413,
  "training_loss": 0.35399295428865835,
  "training_worker_0_memory_MB": 2268.36328125,
  "training_gpu_0_memory_MB": 8.73193359375,
  "validation_accuracy": 0.8311258278145696,
  "validation_loss": 0.8672411233186722,
  "best_validation_accuracy": 0.8311258278145696,
  "best_validation_loss": 0.8487979888916015
}