{
  "best_epoch": 34,
  "peak_worker_0_memory_MB": 2316.2890625,
  "peak_gpu_0_memory_MB": 62.47802734375,
  "training_duration": "0:00:09.528453",
  "training_start_epoch": 0,
  "training_epochs": 34,
  "epoch": 34,
  "training_accuracy": 0.9245901639344263,
  "training_loss": 0.4528855501271006,
  "training_worker_0_memory_MB": 2316.2890625,
  "training_gpu_0_memory_MB": 62.47802734375,
  "validation_accuracy": 0.7864238410596026,
  "validation_loss": 0.9244702577590942,
  "best_validation_accuracy": 0.7864238410596026,
  "best_validation_loss": 0.9244702577590942
}