{
  "best_epoch": 8,
  "peak_worker_0_memory_MB": 2316.2890625,
  "peak_gpu_0_memory_MB": 62.47802734375,
  "training_duration": "0:00:02.420262",
  "training_start_epoch": 0,
  "training_epochs": 8,
  "epoch": 8,
  "training_accuracy": 0.517096018735363,
  "training_loss": 2.3610160955742225,
  "training_worker_0_memory_MB": 2316.2890625,
  "training_gpu_0_memory_MB": 62.47802734375,
  "validation_accuracy": 0.6043046357615894,
  "validation_loss": 2.1718804836273193,
  "best_validation_accuracy": 0.6043046357615894,
  "best_validation_loss": 2.1718804836273193
}