{
  "best_epoch": 30,
  "peak_worker_0_memory_MB": 2316.2890625,
  "peak_gpu_0_memory_MB": 62.47802734375,
  "training_duration": "0:00:08.470652",
  "training_start_epoch": 0,
  "training_epochs": 30,
  "epoch": 30,
  "training_accuracy": 0.9100702576112412,
  "training_loss": 0.565024197101593,
  "training_worker_0_memory_MB": 2316.2890625,
  "training_gpu_0_memory_MB": 62.47802734375,
  "validation_accuracy": 0.7847682119205298,
  "validation_loss": 0.9593483865261078,
  "best_validation_accuracy": 0.7847682119205298,
  "best_validation_loss": 0.9593483865261078
}