{
  "best_epoch": 12,
  "peak_worker_0_memory_MB": 2331.171875,
  "peak_gpu_0_memory_MB": 65.09326171875,
  "training_duration": "0:00:03.345487",
  "training_start_epoch": 0,
  "training_epochs": 12,
  "epoch": 12,
  "training_accuracy": 0.9526932084309133,
  "training_loss": 0.2872187777686475,
  "training_worker_0_memory_MB": 2331.171875,
  "training_gpu_0_memory_MB": 65.09326171875,
  "validation_accuracy": 0.8029801324503312,
  "validation_loss": 0.8903266310691833,
  "best_validation_accuracy": 0.8029801324503312,
  "best_validation_loss": 0.8903266310691833
}