{
  "best_epoch": 6,
  "peak_worker_0_memory_MB": 2331.171875,
  "peak_gpu_0_memory_MB": 65.09326171875,
  "training_duration": "0:00:01.787139",
  "training_start_epoch": 0,
  "training_epochs": 6,
  "epoch": 6,
  "training_accuracy": 0.8482435597189696,
  "training_loss": 0.8802141449344691,
  "training_worker_0_memory_MB": 2331.171875,
  "training_gpu_0_memory_MB": 65.09326171875,
  "validation_accuracy": 0.7715231788079471,
  "validation_loss": 1.0737307965755463,
  "best_validation_accuracy": 0.7715231788079471,
  "best_validation_loss": 1.0737307965755463
}