{
  "best_epoch": 16,
  "peak_worker_0_memory_MB": 2331.171875,
  "peak_gpu_0_memory_MB": 65.09326171875,
  "training_duration": "0:00:05.658112",
  "training_start_epoch": 0,
  "training_epochs": 21,
  "epoch": 21,
  "training_accuracy": 0.9798594847775176,
  "training_loss": 0.10685778364761551,
  "training_worker_0_memory_MB": 2331.171875,
  "training_gpu_0_memory_MB": 65.09326171875,
  "validation_accuracy": 0.8112582781456954,
  "validation_loss": 0.8984362423419953,
  "best_validation_accuracy": 0.8079470198675497,
  "best_validation_loss": 0.8613268911838532
}