{
  "best_epoch": 14,
  "peak_worker_0_memory_MB": 2331.171875,
  "peak_gpu_0_memory_MB": 65.09326171875,
  "training_duration": "0:00:04.107622",
  "training_start_epoch": 0,
  "training_epochs": 15,
  "epoch": 15,
  "training_accuracy": 0.9653395784543326,
  "training_loss": 0.19176344251009955,
  "training_worker_0_memory_MB": 2331.171875,
  "training_gpu_0_memory_MB": 65.09326171875,
  "validation_accuracy": 0.8079470198675497,
  "validation_loss": 0.8958149731159211,
  "best_validation_accuracy": 0.8079470198675497,
  "best_validation_loss": 0.8677589297294617
}