{
  "best_epoch": 8,
  "peak_worker_0_memory_MB": 2331.171875,
  "peak_gpu_0_memory_MB": 65.09326171875,
  "training_duration": "0:00:02.298554",
  "training_start_epoch": 0,
  "training_epochs": 8,
  "epoch": 8,
  "training_accuracy": 0.9098360655737705,
  "training_loss": 0.5662196545458552,
  "training_worker_0_memory_MB": 2331.171875,
  "training_gpu_0_memory_MB": 65.09326171875,
  "validation_accuracy": 0.7814569536423841,
  "validation_loss": 0.9745538353919982,
  "best_validation_accuracy": 0.7814569536423841,
  "best_validation_loss": 0.9745538353919982
}