{
  "best_epoch": 6,
  "peak_worker_0_memory_MB": 2267.33984375,
  "peak_gpu_0_memory_MB": 7.4111328125,
  "training_duration": "0:00:00.917986",
  "training_start_epoch": 0,
  "training_epochs": 6,
  "epoch": 6,
  "training_accuracy": 0.9034684496447973,
  "training_loss": 0.45189913989681946,
  "training_worker_0_memory_MB": 2267.33984375,
  "training_gpu_0_memory_MB": 7.4111328125,
  "validation_accuracy": 0.8327814569536424,
  "validation_loss": 0.8624094724655151,
  "best_validation_accuracy": 0.8327814569536424,
  "best_validation_loss": 0.8624094724655151
}