{
  "best_epoch": 10,
  "peak_worker_0_memory_MB": 2283.15625,
  "peak_gpu_0_memory_MB": 49.984375,
  "training_duration": "0:00:11.744496",
  "training_start_epoch": 0,
  "training_epochs": 17,
  "epoch": 17,
  "training_accuracy": 0.926870037609695,
  "training_loss": 0.28392315538305984,
  "training_worker_0_memory_MB": 2283.15625,
  "training_gpu_0_memory_MB": 49.984375,
  "validation_accuracy": 0.7731788079470199,
  "validation_loss": 1.3041593730449677,
  "best_validation_accuracy": 0.7781456953642384,
  "best_validation_loss": 1.1252157390117645
}