{
  "best_epoch": 10,
  "peak_worker_0_memory_MB": 2283.15625,
  "peak_gpu_0_memory_MB": 49.984375,
  "training_duration": "0:00:13.043909",
  "training_start_epoch": 0,
  "training_epochs": 19,
  "epoch": 19,
  "training_accuracy": 0.9385708315921437,
  "training_loss": 0.2314157036966399,
  "training_worker_0_memory_MB": 2283.15625,
  "training_gpu_0_memory_MB": 49.984375,
  "validation_accuracy": 0.7814569536423841,
  "validation_loss": 1.334570151567459,
  "best_validation_accuracy": 0.7781456953642384,
  "best_validation_loss": 1.1252157390117645
}