{
  "best_epoch": 2,
  "peak_worker_0_memory_MB": 0,
  "training_duration": "0:00:08.529928",
  "training_start_epoch": 0,
  "training_epochs": 2,
  "epoch": 2,
  "training_accuracy": 0.7701629753447555,
  "training_loss": 0.9488354827228346,
  "training_worker_0_memory_MB": 0.0,
  "validation_accuracy": 0.7649006622516556,
  "validation_loss": 1.1981060087680817,
  "best_validation_accuracy": 0.7649006622516556,
  "best_validation_loss": 1.1981060087680817
}