{
  "best_epoch": 16,
  "peak_worker_0_memory_MB": 2269.83203125,
  "peak_gpu_0_memory_MB": 15.515625,
  "training_duration": "0:00:01.396564",
  "training_start_epoch": 0,
  "training_epochs": 16,
  "epoch": 16,
  "training_accuracy": 0.8001605136436597,
  "training_loss": 1.2729802489280702,
  "training_worker_0_memory_MB": 2269.83203125,
  "training_gpu_0_memory_MB": 15.515625,
  "validation_accuracy": 0.7847682119205298,
  "validation_loss": 1.4978368997573852,
  "best_validation_accuracy": 0.7847682119205298,
  "best_validation_loss": 1.4978368997573852
}