{
  "best_epoch": 15,
  "peak_worker_0_memory_MB": 2269.83203125,
  "peak_gpu_0_memory_MB": 15.515625,
  "training_duration": "0:00:01.317323",
  "training_start_epoch": 0,
  "training_epochs": 15,
  "epoch": 15,
  "training_accuracy": 0.7849117174959872,
  "training_loss": 1.386883008480072,
  "training_worker_0_memory_MB": 2269.83203125,
  "training_gpu_0_memory_MB": 15.515625,
  "validation_accuracy": 0.7798013245033113,
  "validation_loss": 1.5887368202209473,
  "best_validation_accuracy": 0.7798013245033113,
  "best_validation_loss": 1.5887368202209473
}