{
  "best_epoch": 8,
  "peak_worker_0_memory_MB": 2314.08984375,
  "peak_gpu_0_memory_MB": 51.12255859375,
  "training_duration": "0:00:08.613477",
  "training_start_epoch": 0,
  "training_epochs": 12,
  "epoch": 12,
  "training_accuracy": 0.8161303802758044,
  "training_loss": 0.736338176225361,
  "training_worker_0_memory_MB": 2314.08984375,
  "training_gpu_0_memory_MB": 51.12255859375,
  "validation_accuracy": 0.7880794701986755,
  "validation_loss": 1.0631584405899048,
  "best_validation_accuracy": 0.7864238410596026,
  "best_validation_loss": 1.0058490991592408
}