{
  "best_epoch": 6,
  "peak_worker_0_memory_MB": 2331.171875,
  "peak_gpu_0_memory_MB": 65.09326171875,
  "training_duration": "0:00:01.719941",
  "training_start_epoch": 0,
  "training_epochs": 6,
  "epoch": 6,
  "training_accuracy": 0.6037470725995316,
  "training_loss": 2.056171507977728,
  "training_worker_0_memory_MB": 2331.171875,
  "training_gpu_0_memory_MB": 65.09326171875,
  "validation_accuracy": 0.6622516556291391,
  "validation_loss": 1.8986761331558228,
  "best_validation_accuracy": 0.6622516556291391,
  "best_validation_loss": 1.8986761331558228
}