{
  "best_epoch": 23,
  "peak_worker_0_memory_MB": 2331.171875,
  "peak_gpu_0_memory_MB": 65.09326171875,
  "training_duration": "0:00:06.040141",
  "training_start_epoch": 0,
  "training_epochs": 23,
  "epoch": 23,
  "training_accuracy": 0.9386416861826697,
  "training_loss": 0.35918006923661305,
  "training_worker_0_memory_MB": 2331.171875,
  "training_gpu_0_memory_MB": 65.09326171875,
  "validation_accuracy": 0.7947019867549668,
  "validation_loss": 0.9217100620269776,
  "best_validation_accuracy": 0.7947019867549668,
  "best_validation_loss": 0.9217100620269776
}