{
  "best_epoch": 0,
  "peak_worker_0_memory_MB": 2272.39453125,
  "peak_gpu_0_memory_MB": 49.984375,
  "training_duration": "0:00:04.634244",
  "training_start_epoch": 0,
  "training_epochs": 6,
  "epoch": 6,
  "training_accuracy": 0.6431257835353114,
  "training_loss": 110678.98231907895,
  "training_worker_0_memory_MB": 2272.39453125,
  "training_gpu_0_memory_MB": 49.984375,
  "validation_accuracy": 0.7201986754966887,
  "validation_loss": 101724.835546875,
  "best_validation_accuracy": 0.4652317880794702,
  "best_validation_loss": 160.4056182861328
}