{
  "best_epoch": 5,
  "peak_worker_0_memory_MB": 2318.11328125,
  "peak_gpu_0_memory_MB": 51.84521484375,
  "training_duration": "0:00:02.415257",
  "training_start_epoch": 0,
  "training_epochs": 8,
  "epoch": 8,
  "training_accuracy": 0.9523610530714585,
  "training_loss": 0.18364417601964975,
  "training_worker_0_memory_MB": 2318.11328125,
  "training_gpu_0_memory_MB": 51.84521484375,
  "validation_accuracy": 0.7947019867549668,
  "validation_loss": 1.1840112626552581,
  "best_validation_accuracy": 0.7880794701986755,
  "best_validation_loss": 1.0151707351207733
}