{
  "best_epoch": 5,
  "peak_worker_0_memory_MB": 2318.11328125,
  "peak_gpu_0_memory_MB": 51.84521484375,
  "training_duration": "0:00:04.017238",
  "training_start_epoch": 0,
  "training_epochs": 14,
  "epoch": 14,
  "training_accuracy": 0.980777267028834,
  "training_loss": 0.06079308752362665,
  "training_worker_0_memory_MB": 2318.11328125,
  "training_gpu_0_memory_MB": 51.84521484375,
  "validation_accuracy": 0.7814569536423841,
  "validation_loss": 1.471836918592453,
  "best_validation_accuracy": 0.7880794701986755,
  "best_validation_loss": 1.0151707351207733
}