{
  "best_epoch": 5,
  "peak_worker_0_memory_MB": 2315.51171875,
  "peak_gpu_0_memory_MB": 51.84521484375,
  "training_duration": "0:00:03.001933",
  "training_start_epoch": 0,
  "training_epochs": 11,
  "epoch": 11,
  "training_accuracy": 0.9770162975344756,
  "training_loss": 0.08686605017436178,
  "training_worker_0_memory_MB": 2315.51171875,
  "training_gpu_0_memory_MB": 51.84521484375,
  "validation_accuracy": 0.7897350993377483,
  "validation_loss": 1.264281541109085,
  "best_validation_accuracy": 0.7913907284768212,
  "best_validation_loss": 1.0191563189029693
}