{
  "best_epoch": 0,
  "peak_worker_0_memory_MB": 2315.51171875,
  "peak_gpu_0_memory_MB": 51.84521484375,
  "training_duration": "0:00:00.225501",
  "training_start_epoch": 0,
  "training_epochs": 0,
  "epoch": 0,
  "training_accuracy": 0.14542415378186377,
  "training_loss": 3.971777608520106,
  "training_worker_0_memory_MB": 2315.51171875,
  "training_gpu_0_memory_MB": 51.84521484375,
  "validation_accuracy": 0.2632450331125828,
  "validation_loss": 3.4036945581436155,
  "best_validation_accuracy": 0.2632450331125828,
  "best_validation_loss": 3.4036945581436155
}