{
  "best_epoch": 7,
  "peak_worker_0_memory_MB": 2328.29296875,
  "peak_gpu_0_memory_MB": 64.7041015625,
  "training_duration": "0:00:03.677324",
  "training_start_epoch": 0,
  "training_epochs": 13,
  "epoch": 13,
  "training_accuracy": 0.9739314232033819,
  "training_loss": 0.10647308820886399,
  "training_worker_0_memory_MB": 2328.29296875,
  "training_gpu_0_memory_MB": 64.7041015625,
  "validation_accuracy": 0.804635761589404,
  "validation_loss": 1.0297889053821563,
  "best_validation_accuracy": 0.7980132450331126,
  "best_validation_loss": 0.9457142680883408
}