{
  "best_epoch": 19,
  "peak_worker_0_memory_MB": 2370.390625,
  "peak_gpu_0_memory_MB": 89.33056640625,
  "training_duration": "0:00:09.399963",
  "training_start_epoch": 0,
  "training_epochs": 19,
  "epoch": 19,
  "training_accuracy": 0.827412385981757,
  "training_loss": 1.0033340740749854,
  "training_worker_0_memory_MB": 2370.390625,
  "training_gpu_0_memory_MB": 89.33056640625,
  "validation_accuracy": 0.7698675496688742,
  "validation_loss": 1.0558269560337066,
  "best_validation_accuracy": 0.7698675496688742,
  "best_validation_loss": 1.0558269560337066
}