{
  "best_epoch": 37,
  "peak_worker_0_memory_MB": 2370.390625,
  "peak_gpu_0_memory_MB": 89.33056640625,
  "training_duration": "0:00:20.506004",
  "training_start_epoch": 0,
  "training_epochs": 43,
  "epoch": 43,
  "training_accuracy": 0.9732357177148344,
  "training_loss": 0.20322586886072888,
  "training_worker_0_memory_MB": 2370.390625,
  "training_gpu_0_memory_MB": 89.33056640625,
  "validation_accuracy": 0.8029801324503312,
  "validation_loss": 0.8983782708644867,
  "best_validation_accuracy": 0.8029801324503312,
  "best_validation_loss": 0.8838093489408493
}