{
  "best_epoch": 3,
  "peak_worker_0_memory_MB": 2271.06640625,
  "peak_gpu_0_memory_MB": 15.416015625,
  "training_duration": "0:00:00.940614",
  "training_start_epoch": 0,
  "training_epochs": 10,
  "epoch": 10,
  "training_accuracy": 0.8587479935794543,
  "training_loss": 0.31787349954247474,
  "training_worker_0_memory_MB": 2271.06640625,
  "training_gpu_0_memory_MB": 15.416015625,
  "validation_accuracy": 0.6688741721854304,
  "validation_loss": 1.3091089606285096,
  "best_validation_accuracy": 0.8112582781456954,
  "best_validation_loss": 1.0616498649120332
}