{
  "best_epoch": 3,
  "peak_worker_0_memory_MB": 2271.06640625,
  "peak_gpu_0_memory_MB": 15.416015625,
  "training_duration": "0:00:01.118047",
  "training_start_epoch": 0,
  "training_epochs": 12,
  "epoch": 12,
  "training_accuracy": 0.8635634028892456,
  "training_loss": 0.3084140907973051,
  "training_worker_0_memory_MB": 2271.06640625,
  "training_gpu_0_memory_MB": 15.416015625,
  "validation_accuracy": 0.7019867549668874,
  "validation_loss": 1.2697482764720918,
  "best_validation_accuracy": 0.8112582781456954,
  "best_validation_loss": 1.0616498649120332
}