{
  "best_epoch": 2,
  "peak_worker_0_memory_MB": 2379.60546875,
  "peak_gpu_0_memory_MB": 89.33056640625,
  "training_duration": "0:00:01.426451",
  "training_start_epoch": 0,
  "training_epochs": 2,
  "epoch": 2,
  "training_accuracy": 0.4032645223235718,
  "training_loss": 2.912196920118259,
  "training_worker_0_memory_MB": 2379.60546875,
  "training_gpu_0_memory_MB": 89.33056640625,
  "validation_accuracy": 0.6390728476821192,
  "validation_loss": 2.17322324514389,
  "best_validation_accuracy": 0.6390728476821192,
  "best_validation_loss": 2.17322324514389
}