{
  "best_epoch": 7,
  "peak_worker_0_memory_MB": 2269.6171875,
  "peak_gpu_0_memory_MB": 8.73193359375,
  "training_duration": "0:00:01.433000",
  "training_start_epoch": 0,
  "training_epochs": 9,
  "epoch": 9,
  "training_accuracy": 0.9055578771416631,
  "training_loss": 0.3862484611178699,
  "training_worker_0_memory_MB": 2269.6171875,
  "training_gpu_0_memory_MB": 8.73193359375,
  "validation_accuracy": 0.8327814569536424,
  "validation_loss": 0.8628455966711044,
  "best_validation_accuracy": 0.8311258278145696,
  "best_validation_loss": 0.8601594209671021
}