{
  "best_epoch": 18,
  "peak_worker_0_memory_MB": 2371.23046875,
  "peak_gpu_0_memory_MB": 89.33056640625,
  "training_duration": "0:00:11.906666",
  "training_start_epoch": 0,
  "training_epochs": 24,
  "epoch": 24,
  "training_accuracy": 0.7737638022083534,
  "training_loss": 0.835827473465723,
  "training_worker_0_memory_MB": 2371.23046875,
  "training_gpu_0_memory_MB": 89.33056640625,
  "validation_accuracy": 0.7913907284768212,
  "validation_loss": 0.9076934874057769,
  "best_validation_accuracy": 0.793046357615894,
  "best_validation_loss": 0.9015328824520111
}