{
  "best_epoch": 25,
  "peak_worker_0_memory_MB": 2371.23046875,
  "peak_gpu_0_memory_MB": 89.33056640625,
  "training_duration": "0:00:14.282723",
  "training_start_epoch": 0,
  "training_epochs": 29,
  "epoch": 29,
  "training_accuracy": 0.799327892462794,
  "training_loss": 0.7500280069030878,
  "training_worker_0_memory_MB": 2371.23046875,
  "training_gpu_0_memory_MB": 89.33056640625,
  "validation_accuracy": 0.7963576158940397,
  "validation_loss": 0.9486493110656739,
  "best_validation_accuracy": 0.793046357615894,
  "best_validation_loss": 0.8961783856153488
}