{
  "best_epoch": 92,
  "peak_worker_0_memory_MB": 2317.953125,
  "peak_gpu_0_memory_MB": 55.18505859375,
  "training_duration": "0:00:24.757581",
  "training_start_epoch": 0,
  "training_epochs": 93,
  "epoch": 93,
  "training_accuracy": 0.9445749178017849,
  "training_loss": 0.366204541565767,
  "training_worker_0_memory_MB": 2317.953125,
  "training_gpu_0_memory_MB": 55.18505859375,
  "validation_accuracy": 0.7913907284768212,
  "validation_loss": 0.9848838329315186,
  "best_validation_accuracy": 0.7897350993377483,
  "best_validation_loss": 0.9704828202724457
}