{
  "best_epoch": 39,
  "peak_worker_0_memory_MB": 2317.953125,
  "peak_gpu_0_memory_MB": 55.18505859375,
  "training_duration": "0:00:10.572959",
  "training_start_epoch": 0,
  "training_epochs": 39,
  "epoch": 39,
  "training_accuracy": 0.7529356505401597,
  "training_loss": 1.4694020054233607,
  "training_worker_0_memory_MB": 2317.953125,
  "training_gpu_0_memory_MB": 55.18505859375,
  "validation_accuracy": 0.7102649006622517,
  "validation_loss": 1.6032354235649109,
  "best_validation_accuracy": 0.7102649006622517,
  "best_validation_loss": 1.6032354235649109
}