{
  "best_epoch": 3,
  "peak_worker_0_memory_MB": 2267.0234375,
  "peak_gpu_0_memory_MB": 13.12939453125,
  "training_duration": "0:00:00.915204",
  "training_start_epoch": 0,
  "training_epochs": 10,
  "epoch": 10,
  "training_accuracy": 0.8756019261637239,
  "training_loss": 0.29952186420559884,
  "training_worker_0_memory_MB": 2267.0234375,
  "training_gpu_0_memory_MB": 13.12939453125,
  "validation_accuracy": 0.8013245033112583,
  "validation_loss": 1.2593092441558837,
  "best_validation_accuracy": 0.804635761589404,
  "best_validation_loss": 1.0969573378562927
}