{
  "best_epoch": 3,
  "peak_worker_0_memory_MB": 2267.0234375,
  "peak_gpu_0_memory_MB": 13.12939453125,
  "training_duration": "0:00:00.834042",
  "training_start_epoch": 0,
  "training_epochs": 9,
  "epoch": 9,
  "training_accuracy": 0.8707865168539326,
  "training_loss": 0.3049239583313465,
  "training_worker_0_memory_MB": 2267.0234375,
  "training_gpu_0_memory_MB": 13.12939453125,
  "validation_accuracy": 0.8112582781456954,
  "validation_loss": 1.2231238245964051,
  "best_validation_accuracy": 0.804635761589404,
  "best_validation_loss": 1.0969573378562927
}