{
  "best_epoch": 58,
  "peak_worker_0_memory_MB": 2311.93359375,
  "peak_gpu_0_memory_MB": 51.12255859375,
  "training_duration": "0:00:42.643471",
  "training_start_epoch": 0,
  "training_epochs": 64,
  "epoch": 64,
  "training_accuracy": 0.6673631424989552,
  "training_loss": 1.2139937611002671,
  "training_worker_0_memory_MB": 2311.93359375,
  "training_gpu_0_memory_MB": 51.12255859375,
  "validation_accuracy": 0.7831125827814569,
  "validation_loss": 0.9183599531650544,
  "best_validation_accuracy": 0.7731788079470199,
  "best_validation_loss": 0.9085442930459976
}