{
  "best_epoch": 58,
  "peak_worker_0_memory_MB": 2311.93359375,
  "peak_gpu_0_memory_MB": 51.12255859375,
  "training_duration": "0:00:43.977146",
  "training_start_epoch": 0,
  "training_epochs": 66,
  "epoch": 66,
  "training_accuracy": 0.6744671959882992,
  "training_loss": 1.1975892625356976,
  "training_worker_0_memory_MB": 2311.93359375,
  "training_gpu_0_memory_MB": 51.12255859375,
  "validation_accuracy": 0.7798013245033113,
  "validation_loss": 0.9418567955493927,
  "best_validation_accuracy": 0.7731788079470199,
  "best_validation_loss": 0.9085442930459976
}