{
  "best_epoch": 24,
  "peak_worker_0_memory_MB": 2311.93359375,
  "peak_gpu_0_memory_MB": 51.12255859375,
  "training_duration": "0:00:16.169934",
  "training_start_epoch": 0,
  "training_epochs": 24,
  "epoch": 24,
  "training_accuracy": 0.5106560802340159,
  "training_loss": 1.8732768861871016,
  "training_worker_0_memory_MB": 2311.93359375,
  "training_gpu_0_memory_MB": 51.12255859375,
  "validation_accuracy": 0.7334437086092715,
  "validation_loss": 1.2812911987304687,
  "best_validation_accuracy": 0.7334437086092715,
  "best_validation_loss": 1.2812911987304687
}