{
  "best_epoch": 2,
  "peak_worker_0_memory_MB": 2311.93359375,
  "peak_gpu_0_memory_MB": 51.12255859375,
  "training_duration": "0:00:01.935379",
  "training_start_epoch": 0,
  "training_epochs": 2,
  "epoch": 2,
  "training_accuracy": 0.11951525282072713,
  "training_loss": 3.772145465800637,
  "training_worker_0_memory_MB": 2311.93359375,
  "training_gpu_0_memory_MB": 51.12255859375,
  "validation_accuracy": 0.2119205298013245,
  "validation_loss": 3.30563907623291,
  "best_validation_accuracy": 0.2119205298013245,
  "best_validation_loss": 3.30563907623291
}