{
  "best_epoch": 64,
  "peak_worker_0_memory_MB": 2298.41015625,
  "peak_gpu_0_memory_MB": 50.91064453125,
  "training_duration": "0:00:46.103769",
  "training_start_epoch": 0,
  "training_epochs": 66,
  "epoch": 66,
  "training_accuracy": 0.493940660259089,
  "training_loss": 1.8941991548789174,
  "training_worker_0_memory_MB": 2298.41015625,
  "training_gpu_0_memory_MB": 50.91064453125,
  "validation_accuracy": 0.7119205298013245,
  "validation_loss": 1.3267080187797546,
  "best_validation_accuracy": 0.7152317880794702,
  "best_validation_loss": 1.3058623254299164
}