{
  "best_epoch": 52,
  "peak_worker_0_memory_MB": 2298.41015625,
  "peak_gpu_0_memory_MB": 50.91064453125,
  "training_duration": "0:00:36.187107",
  "training_start_epoch": 0,
  "training_epochs": 52,
  "epoch": 52,
  "training_accuracy": 0.47847889678228167,
  "training_loss": 2.0680321423630965,
  "training_worker_0_memory_MB": 2298.41015625,
  "training_gpu_0_memory_MB": 50.91064453125,
  "validation_accuracy": 0.6754966887417219,
  "validation_loss": 1.4820557236671448,
  "best_validation_accuracy": 0.6754966887417219,
  "best_validation_loss": 1.4820557236671448
}