{
  "best_epoch": 34,
  "peak_worker_0_memory_MB": 2298.41015625,
  "peak_gpu_0_memory_MB": 50.91064453125,
  "training_duration": "0:00:23.865992",
  "training_start_epoch": 0,
  "training_epochs": 34,
  "epoch": 34,
  "training_accuracy": 0.40325950689511075,
  "training_loss": 2.3817058801651,
  "training_worker_0_memory_MB": 2298.41015625,
  "training_gpu_0_memory_MB": 50.91064453125,
  "validation_accuracy": 0.6158940397350994,
  "validation_loss": 1.8770631313323975,
  "best_validation_accuracy": 0.6158940397350994,
  "best_validation_loss": 1.8770631313323975
}