{
  "best_epoch": 15,
  "peak_worker_0_memory_MB": 2298.41015625,
  "peak_gpu_0_memory_MB": 50.91064453125,
  "training_duration": "0:00:10.732229",
  "training_start_epoch": 0,
  "training_epochs": 15,
  "epoch": 15,
  "training_accuracy": 0.20518178019222733,
  "training_loss": 3.142763275849192,
  "training_worker_0_memory_MB": 2298.41015625,
  "training_gpu_0_memory_MB": 50.91064453125,
  "validation_accuracy": 0.30629139072847683,
  "validation_loss": 2.925227475166321,
  "best_validation_accuracy": 0.30629139072847683,
  "best_validation_loss": 2.925227475166321
}