{
  "best_epoch": 36,
  "peak_worker_0_memory_MB": 2298.41015625,
  "peak_gpu_0_memory_MB": 50.91064453125,
  "training_duration": "0:00:25.289567",
  "training_start_epoch": 0,
  "training_epochs": 36,
  "epoch": 36,
  "training_accuracy": 0.4166318428750522,
  "training_loss": 2.304473760880922,
  "training_worker_0_memory_MB": 2298.41015625,
  "training_gpu_0_memory_MB": 50.91064453125,
  "validation_accuracy": 0.6076158940397351,
  "validation_loss": 1.8005986213684082,
  "best_validation_accuracy": 0.6076158940397351,
  "best_validation_loss": 1.8005986213684082
}