{
  "best_epoch": 29,
  "peak_worker_0_memory_MB": 2298.41015625,
  "peak_gpu_0_memory_MB": 50.91064453125,
  "training_duration": "0:00:20.444778",
  "training_start_epoch": 0,
  "training_epochs": 29,
  "epoch": 29,
  "training_accuracy": 0.38236523192645216,
  "training_loss": 2.5224828469125846,
  "training_worker_0_memory_MB": 2298.41015625,
  "training_gpu_0_memory_MB": 50.91064453125,
  "validation_accuracy": 0.5695364238410596,
  "validation_loss": 2.0666566371917723,
  "best_validation_accuracy": 0.5695364238410596,
  "best_validation_loss": 2.0666566371917723
}