{
  "best_epoch": 97,
  "peak_worker_0_memory_MB": 2298.41015625,
  "peak_gpu_0_memory_MB": 50.91064453125,
  "training_duration": "0:01:07.906797",
  "training_start_epoch": 0,
  "training_epochs": 98,
  "epoch": 98,
  "training_accuracy": 0.5566234851650648,
  "training_loss": 1.6332971547779285,
  "training_worker_0_memory_MB": 2298.41015625,
  "training_gpu_0_memory_MB": 50.91064453125,
  "validation_accuracy": 0.7367549668874173,
  "validation_loss": 1.1501055777072906,
  "best_validation_accuracy": 0.7367549668874173,
  "best_validation_loss": 1.122694832086563
}