{
  "best_epoch": 22,
  "peak_worker_0_memory_MB": 2298.41015625,
  "peak_gpu_0_memory_MB": 50.91064453125,
  "training_duration": "0:00:15.686313",
  "training_start_epoch": 0,
  "training_epochs": 22,
  "epoch": 22,
  "training_accuracy": 0.2900125365649812,
  "training_loss": 2.838654643610904,
  "training_worker_0_memory_MB": 2298.41015625,
  "training_gpu_0_memory_MB": 50.91064453125,
  "validation_accuracy": 0.49834437086092714,
  "validation_loss": 2.455985164642334,
  "best_validation_accuracy": 0.49834437086092714,
  "best_validation_loss": 2.455985164642334
}