{
  "best_epoch": 57,
  "peak_worker_0_memory_MB": 2298.41015625,
  "peak_gpu_0_memory_MB": 50.91064453125,
  "training_duration": "0:00:39.828069",
  "training_start_epoch": 0,
  "training_epochs": 57,
  "epoch": 57,
  "training_accuracy": 0.48641872127037195,
  "training_loss": 1.9388809047247235,
  "training_worker_0_memory_MB": 2298.41015625,
  "training_gpu_0_memory_MB": 50.91064453125,
  "validation_accuracy": 0.6937086092715232,
  "validation_loss": 1.3922228336334228,
  "best_validation_accuracy": 0.6937086092715232,
  "best_validation_loss": 1.3922228336334228
}