{
  "best_epoch": 9,
  "peak_worker_0_memory_MB": 2317.984375,
  "peak_gpu_0_memory_MB": 51.84521484375,
  "training_duration": "0:00:02.566970",
  "training_start_epoch": 0,
  "training_epochs": 9,
  "epoch": 9,
  "training_accuracy": 0.5365649811951525,
  "training_loss": 2.1774626907549406,
  "training_worker_0_memory_MB": 2317.984375,
  "training_gpu_0_memory_MB": 51.84521484375,
  "validation_accuracy": 0.6076158940397351,
  "validation_loss": 2.0118842244148256,
  "best_validation_accuracy": 0.6076158940397351,
  "best_validation_loss": 2.0118842244148256
}