{
  "best_epoch": 7,
  "peak_worker_0_memory_MB": 2328.3125,
  "peak_gpu_0_memory_MB": 64.7041015625,
  "training_duration": "0:00:01.949743",
  "training_start_epoch": 0,
  "training_epochs": 7,
  "epoch": 7,
  "training_accuracy": 0.7728980742132456,
  "training_loss": 1.1961441084520141,
  "training_worker_0_memory_MB": 2328.3125,
  "training_gpu_0_memory_MB": 64.7041015625,
  "validation_accuracy": 0.7450331125827815,
  "validation_loss": 1.2566335678100586,
  "best_validation_accuracy": 0.7450331125827815,
  "best_validation_loss": 1.2566335678100586
}