{
  "best_epoch": 19,
  "peak_worker_0_memory_MB": 2328.3125,
  "peak_gpu_0_memory_MB": 64.7041015625,
  "training_duration": "0:00:06.348806",
  "training_start_epoch": 0,
  "training_epochs": 25,
  "epoch": 25,
  "training_accuracy": 0.9701737905119775,
  "training_loss": 0.16861791274885632,
  "training_worker_0_memory_MB": 2328.3125,
  "training_gpu_0_memory_MB": 64.7041015625,
  "validation_accuracy": 0.8096026490066225,
  "validation_loss": 0.9204520106315612,
  "best_validation_accuracy": 0.8029801324503312,
  "best_validation_loss": 0.9052260309457779
}