{
  "best_epoch": 8,
  "peak_worker_0_memory_MB": 2328.3125,
  "peak_gpu_0_memory_MB": 64.7041015625,
  "training_duration": "0:00:02.194802",
  "training_start_epoch": 0,
  "training_epochs": 8,
  "epoch": 8,
  "training_accuracy": 0.8208078910286519,
  "training_loss": 1.0161678248376989,
  "training_worker_0_memory_MB": 2328.3125,
  "training_gpu_0_memory_MB": 64.7041015625,
  "validation_accuracy": 0.7582781456953642,
  "validation_loss": 1.1619821965694428,
  "best_validation_accuracy": 0.7582781456953642,
  "best_validation_loss": 1.1619821965694428
}