{
  "best_epoch": 15,
  "peak_worker_0_memory_MB": 2269.69921875,
  "peak_gpu_0_memory_MB": 8.73193359375,
  "training_duration": "0:00:03.243010",
  "training_start_epoch": 0,
  "training_epochs": 22,
  "epoch": 22,
  "training_accuracy": 0.9109903886335144,
  "training_loss": 0.3150273183066594,
  "training_worker_0_memory_MB": 2269.69921875,
  "training_gpu_0_memory_MB": 8.73193359375,
  "validation_accuracy": 0.8344370860927153,
  "validation_loss": 0.8826037406921386,
  "best_validation_accuracy": 0.8327814569536424,
  "best_validation_loss": 0.8491589993238449
}