{
  "best_epoch": 72,
  "peak_worker_0_memory_MB": 2311.359375,
  "peak_gpu_0_memory_MB": 58.2568359375,
  "training_duration": "0:00:18.303094",
  "training_start_epoch": 0,
  "training_epochs": 73,
  "epoch": 73,
  "training_accuracy": 0.3603167619885614,
  "training_loss": 2.3232770495944552,
  "training_worker_0_memory_MB": 2311.359375,
  "training_gpu_0_memory_MB": 58.2568359375,
  "validation_accuracy": 0.6937086092715232,
  "validation_loss": 1.6713416576385498,
  "best_validation_accuracy": 0.6920529801324503,
  "best_validation_loss": 1.6326220512390137
}