{
  "best_epoch": 8,
  "peak_worker_0_memory_MB": 2311.359375,
  "peak_gpu_0_memory_MB": 58.2568359375,
  "training_duration": "0:00:02.226038",
  "training_start_epoch": 0,
  "training_epochs": 8,
  "epoch": 8,
  "training_accuracy": 0.1581610206775187,
  "training_loss": 3.4345829685529075,
  "training_worker_0_memory_MB": 2311.359375,
  "training_gpu_0_memory_MB": 58.2568359375,
  "validation_accuracy": 0.29304635761589404,
  "validation_loss": 3.1865260124206545,
  "best_validation_accuracy": 0.29304635761589404,
  "best_validation_loss": 3.1865260124206545
}