{
  "best_epoch": 51,
  "peak_worker_0_memory_MB": 2311.359375,
  "peak_gpu_0_memory_MB": 58.2568359375,
  "training_duration": "0:00:12.862393",
  "training_start_epoch": 0,
  "training_epochs": 51,
  "epoch": 51,
  "training_accuracy": 0.3471183457985042,
  "training_loss": 2.5202166636784873,
  "training_worker_0_memory_MB": 2311.359375,
  "training_gpu_0_memory_MB": 58.2568359375,
  "validation_accuracy": 0.6440397350993378,
  "validation_loss": 1.892444384098053,
  "best_validation_accuracy": 0.6440397350993378,
  "best_validation_loss": 1.892444384098053
}