{
  "best_epoch": 44,
  "peak_worker_0_memory_MB": 2311.359375,
  "peak_gpu_0_memory_MB": 58.2568359375,
  "training_duration": "0:00:11.130647",
  "training_start_epoch": 0,
  "training_epochs": 44,
  "epoch": 44,
  "training_accuracy": 0.3240211174659041,
  "training_loss": 2.595712900161743,
  "training_worker_0_memory_MB": 2311.359375,
  "training_gpu_0_memory_MB": 58.2568359375,
  "validation_accuracy": 0.6225165562913907,
  "validation_loss": 2.0086760759353637,
  "best_validation_accuracy": 0.6225165562913907,
  "best_validation_loss": 2.0086760759353637
}