{
  "best_epoch": 6,
  "peak_worker_0_memory_MB": 2311.359375,
  "peak_gpu_0_memory_MB": 58.2568359375,
  "training_duration": "0:00:01.731350",
  "training_start_epoch": 0,
  "training_epochs": 6,
  "epoch": 6,
  "training_accuracy": 0.14100307963044434,
  "training_loss": 3.514616721206241,
  "training_worker_0_memory_MB": 2311.359375,
  "training_gpu_0_memory_MB": 58.2568359375,
  "validation_accuracy": 0.26158940397350994,
  "validation_loss": 3.2867808103561402,
  "best_validation_accuracy": 0.26158940397350994,
  "best_validation_loss": 3.2867808103561402
}