{
  "best_epoch": 1,
  "peak_worker_0_memory_MB": 2311.359375,
  "peak_gpu_0_memory_MB": 58.2568359375,
  "training_duration": "0:00:00.492697",
  "training_start_epoch": 0,
  "training_epochs": 1,
  "epoch": 1,
  "training_accuracy": 0.06885173779146503,
  "training_loss": 4.035016510221693,
  "training_worker_0_memory_MB": 2311.359375,
  "training_gpu_0_memory_MB": 58.2568359375,
  "validation_accuracy": 0.24006622516556292,
  "validation_loss": 3.923142647743225,
  "best_validation_accuracy": 0.24006622516556292,
  "best_validation_loss": 3.923142647743225
}