{
  "best_epoch": 72,
  "peak_worker_0_memory_MB": 2311.359375,
  "peak_gpu_0_memory_MB": 58.2568359375,
  "training_duration": "0:00:18.797038",
  "training_start_epoch": 0,
  "training_epochs": 75,
  "epoch": 75,
  "training_accuracy": 0.3653761548614166,
  "training_loss": 2.3852136615249844,
  "training_worker_0_memory_MB": 2311.359375,
  "training_gpu_0_memory_MB": 58.2568359375,
  "validation_accuracy": 0.6986754966887417,
  "validation_loss": 1.6408988118171692,
  "best_validation_accuracy": 0.6920529801324503,
  "best_validation_loss": 1.6326220512390137
}