{
  "best_epoch": 66,
  "peak_worker_0_memory_MB": 2311.359375,
  "peak_gpu_0_memory_MB": 58.2568359375,
  "training_duration": "0:00:16.822282",
  "training_start_epoch": 0,
  "training_epochs": 67,
  "epoch": 67,
  "training_accuracy": 0.35459744830620327,
  "training_loss": 2.3723492042885885,
  "training_worker_0_memory_MB": 2311.359375,
  "training_gpu_0_memory_MB": 58.2568359375,
  "validation_accuracy": 0.6870860927152318,
  "validation_loss": 1.703576099872589,
  "best_validation_accuracy": 0.6854304635761589,
  "best_validation_loss": 1.6943145990371704
}