{
  "best_epoch": 29,
  "peak_worker_0_memory_MB": 2311.359375,
  "peak_gpu_0_memory_MB": 58.2568359375,
  "training_duration": "0:00:07.668947",
  "training_start_epoch": 0,
  "training_epochs": 30,
  "epoch": 30,
  "training_accuracy": 0.28618565772107346,
  "training_loss": 2.801911668645011,
  "training_worker_0_memory_MB": 2311.359375,
  "training_gpu_0_memory_MB": 58.2568359375,
  "validation_accuracy": 0.5579470198675497,
  "validation_loss": 2.3772122621536256,
  "best_validation_accuracy": 0.5496688741721855,
  "best_validation_loss": 2.376429891586304
}