{
  "best_epoch": 12,
  "peak_worker_0_memory_MB": 2317.36328125,
  "peak_gpu_0_memory_MB": 51.4853515625,
  "training_duration": "0:00:03.494954",
  "training_start_epoch": 0,
  "training_epochs": 12,
  "epoch": 12,
  "training_accuracy": 0.8241217798594848,
  "training_loss": 1.0240586177626652,
  "training_worker_0_memory_MB": 2317.36328125,
  "training_gpu_0_memory_MB": 51.4853515625,
  "validation_accuracy": 0.7566225165562914,
  "validation_loss": 1.2477819204330445,
  "best_validation_accuracy": 0.7566225165562914,
  "best_validation_loss": 1.2477819204330445
}