{
  "best_epoch": 23,
  "peak_worker_0_memory_MB": 2328.3125,
  "peak_gpu_0_memory_MB": 64.7041015625,
  "training_duration": "0:00:06.391401",
  "training_start_epoch": 0,
  "training_epochs": 25,
  "epoch": 25,
  "training_accuracy": 0.9645373414748708,
  "training_loss": 0.208128978289775,
  "training_worker_0_memory_MB": 2328.3125,
  "training_gpu_0_memory_MB": 64.7041015625,
  "validation_accuracy": 0.8013245033112583,
  "validation_loss": 0.9236043393611908,
  "best_validation_accuracy": 0.7996688741721855,
  "best_validation_loss": 0.918903136253357
}