{
  "best_epoch": 1,
  "peak_worker_0_memory_MB": 2288.81640625,
  "peak_gpu_0_memory_MB": 49.984375,
  "training_duration": "0:00:01.303325",
  "training_start_epoch": 0,
  "training_epochs": 1,
  "epoch": 1,
  "training_accuracy": 0.6782281654826577,
  "training_loss": 1.5419232186518217,
  "training_worker_0_memory_MB": 2288.81640625,
  "training_gpu_0_memory_MB": 49.984375,
  "validation_accuracy": 0.7466887417218543,
  "validation_loss": 1.379086935520172,
  "best_validation_accuracy": 0.7466887417218543,
  "best_validation_loss": 1.379086935520172
}