{
  "best_epoch": 6,
  "peak_worker_0_memory_MB": 2287.21484375,
  "peak_gpu_0_memory_MB": 30.3212890625,
  "training_duration": "0:00:01.551013",
  "training_start_epoch": 0,
  "training_epochs": 9,
  "epoch": 9,
  "training_accuracy": 0.9544504805683243,
  "training_loss": 0.2015841871892151,
  "training_worker_0_memory_MB": 2287.21484375,
  "training_gpu_0_memory_MB": 30.3212890625,
  "validation_accuracy": 0.7963576158940397,
  "validation_loss": 0.893504285812378,
  "best_validation_accuracy": 0.793046357615894,
  "best_validation_loss": 0.8921142220497131
}