{
  "best_epoch": 10,
  "peak_worker_0_memory_MB": 2287.21484375,
  "peak_gpu_0_memory_MB": 30.3212890625,
  "training_duration": "0:00:02.647869",
  "training_start_epoch": 0,
  "training_epochs": 16,
  "epoch": 16,
  "training_accuracy": 0.9857918930213122,
  "training_loss": 0.07617802761102978,
  "training_worker_0_memory_MB": 2287.21484375,
  "training_gpu_0_memory_MB": 30.3212890625,
  "validation_accuracy": 0.793046357615894,
  "validation_loss": 1.0173881828784943,
  "best_validation_accuracy": 0.8079470198675497,
  "best_validation_loss": 0.8860911071300507
}