{
  "best_epoch": 10,
  "peak_worker_0_memory_MB": 2287.21484375,
  "peak_gpu_0_memory_MB": 30.3212890625,
  "training_duration": "0:00:02.182558",
  "training_start_epoch": 0,
  "training_epochs": 13,
  "epoch": 13,
  "training_accuracy": 0.975762641036356,
  "training_loss": 0.11265753415462218,
  "training_worker_0_memory_MB": 2287.21484375,
  "training_gpu_0_memory_MB": 30.3212890625,
  "validation_accuracy": 0.7963576158940397,
  "validation_loss": 0.9604892134666443,
  "best_validation_accuracy": 0.8079470198675497,
  "best_validation_loss": 0.8860911071300507
}