{
  "best_epoch": 0,
  "peak_worker_0_memory_MB": 2319.46875,
  "peak_gpu_0_memory_MB": 51.08984375,
  "training_duration": "0:00:00.243192",
  "training_start_epoch": 0,
  "training_epochs": 0,
  "epoch": 0,
  "training_accuracy": 0.17142857142857143,
  "training_loss": 3.957682018849387,
  "training_worker_0_memory_MB": 2319.46875,
  "training_gpu_0_memory_MB": 51.08984375,
  "validation_accuracy": 0.3526490066225166,
  "validation_loss": 3.5378439903259276,
  "best_validation_accuracy": 0.3526490066225166,
  "best_validation_loss": 3.5378439903259276
}