{
  "best_epoch": 7,
  "peak_worker_0_memory_MB": 2317.36328125,
  "peak_gpu_0_memory_MB": 51.4853515625,
  "training_duration": "0:00:02.084583",
  "training_start_epoch": 0,
  "training_epochs": 7,
  "epoch": 7,
  "training_accuracy": 0.5840749414519907,
  "training_loss": 2.2802902726984735,
  "training_worker_0_memory_MB": 2317.36328125,
  "training_gpu_0_memory_MB": 51.4853515625,
  "validation_accuracy": 0.6208609271523179,
  "validation_loss": 2.2084314107894896,
  "best_validation_accuracy": 0.6208609271523179,
  "best_validation_loss": 2.2084314107894896
}