{
  "best_epoch": 9,
  "peak_worker_0_memory_MB": 2317.36328125,
  "peak_gpu_0_memory_MB": 51.4853515625,
  "training_duration": "0:00:02.617923",
  "training_start_epoch": 0,
  "training_epochs": 9,
  "epoch": 9,
  "training_accuracy": 0.6709601873536299,
  "training_loss": 1.866343574737435,
  "training_worker_0_memory_MB": 2317.36328125,
  "training_gpu_0_memory_MB": 51.4853515625,
  "validation_accuracy": 0.6870860927152318,
  "validation_loss": 1.866412913799286,
  "best_validation_accuracy": 0.6870860927152318,
  "best_validation_loss": 1.866412913799286
}