{
  "best_epoch": 6,
  "peak_worker_0_memory_MB": 2317.36328125,
  "peak_gpu_0_memory_MB": 51.4853515625,
  "training_duration": "0:00:01.808534",
  "training_start_epoch": 0,
  "training_epochs": 6,
  "epoch": 6,
  "training_accuracy": 0.7402810304449648,
  "training_loss": 1.4501265785587367,
  "training_worker_0_memory_MB": 2317.36328125,
  "training_gpu_0_memory_MB": 51.4853515625,
  "validation_accuracy": 0.7251655629139073,
  "validation_loss": 1.4591472744941711,
  "best_validation_accuracy": 0.7251655629139073,
  "best_validation_loss": 1.4591472744941711
}