{
  "best_epoch": 3,
  "peak_worker_0_memory_MB": 2309.67578125,
  "peak_gpu_0_memory_MB": 42.29736328125,
  "training_duration": "0:00:01.022687",
  "training_start_epoch": 0,
  "training_epochs": 3,
  "epoch": 3,
  "training_accuracy": 0.9124121779859484,
  "training_loss": 0.4806289904153169,
  "training_worker_0_memory_MB": 2309.67578125,
  "training_gpu_0_memory_MB": 42.29736328125,
  "validation_accuracy": 0.7963576158940397,
  "validation_loss": 0.9048749774694442,
  "best_validation_accuracy": 0.7963576158940397,
  "best_validation_loss": 0.9048749774694442
}