{
  "best_epoch": 4,
  "peak_worker_0_memory_MB": 2309.84765625,
  "peak_gpu_0_memory_MB": 42.29736328125,
  "training_duration": "0:00:03.325216",
  "training_start_epoch": 0,
  "training_epochs": 12,
  "epoch": 12,
  "training_accuracy": 0.9950819672131147,
  "training_loss": 0.03079961882487162,
  "training_worker_0_memory_MB": 2309.84765625,
  "training_gpu_0_memory_MB": 42.29736328125,
  "validation_accuracy": 0.7980132450331126,
  "validation_loss": 0.9913936793804169,
  "best_validation_accuracy": 0.8013245033112583,
  "best_validation_loss": 0.8623708769679069
}