{
  "best_epoch": 25,
  "peak_worker_0_memory_MB": 2316.2890625,
  "peak_gpu_0_memory_MB": 62.47802734375,
  "training_duration": "0:00:06.560497",
  "training_start_epoch": 0,
  "training_epochs": 25,
  "epoch": 25,
  "training_accuracy": 0.6487119437939111,
  "training_loss": 1.349542922938048,
  "training_worker_0_memory_MB": 2316.2890625,
  "training_gpu_0_memory_MB": 62.47802734375,
  "validation_accuracy": 0.7913907284768212,
  "validation_loss": 0.9807470142841339,
  "best_validation_accuracy": 0.7913907284768212,
  "best_validation_loss": 0.9807470142841339
}