{
  "best_epoch": 36,
  "peak_worker_0_memory_MB": 2316.2890625,
  "peak_gpu_0_memory_MB": 62.47802734375,
  "training_duration": "0:00:10.058783",
  "training_start_epoch": 0,
  "training_epochs": 38,
  "epoch": 38,
  "training_accuracy": 0.6847775175644029,
  "training_loss": 1.136906211945548,
  "training_worker_0_memory_MB": 2316.2890625,
  "training_gpu_0_memory_MB": 62.47802734375,
  "validation_accuracy": 0.7980132450331126,
  "validation_loss": 0.9038929045200348,
  "best_validation_accuracy": 0.7947019867549668,
  "best_validation_loss": 0.8979442179203033
}