{
  "best_epoch": 30,
  "peak_worker_0_memory_MB": 2316.2890625,
  "peak_gpu_0_memory_MB": 62.47802734375,
  "training_duration": "0:00:08.469192",
  "training_start_epoch": 0,
  "training_epochs": 32,
  "epoch": 32,
  "training_accuracy": 0.6566744730679157,
  "training_loss": 1.2768882272848443,
  "training_worker_0_memory_MB": 2316.2890625,
  "training_gpu_0_memory_MB": 62.47802734375,
  "validation_accuracy": 0.7864238410596026,
  "validation_loss": 0.960283237695694,
  "best_validation_accuracy": 0.7947019867549668,
  "best_validation_loss": 0.9239120364189148
}