{
  "best_epoch": 10,
  "peak_worker_0_memory_MB": 2313.5546875,
  "peak_gpu_0_memory_MB": 54.728515625,
  "training_duration": "0:00:02.279164",
  "training_start_epoch": 0,
  "training_epochs": 10,
  "epoch": 10,
  "training_accuracy": 0.8846492515409451,
  "training_loss": 0.705587062018889,
  "training_worker_0_memory_MB": 2313.5546875,
  "training_gpu_0_memory_MB": 54.728515625,
  "validation_accuracy": 0.7748344370860927,
  "validation_loss": 1.0912776052951814,
  "best_validation_accuracy": 0.7748344370860927,
  "best_validation_loss": 1.0912776052951814
}