{
  "best_epoch": 6,
  "peak_worker_0_memory_MB": 2313.5546875,
  "peak_gpu_0_memory_MB": 54.728515625,
  "training_duration": "0:00:01.449386",
  "training_start_epoch": 0,
  "training_epochs": 6,
  "epoch": 6,
  "training_accuracy": 0.7584385089521574,
  "training_loss": 1.3435922816947654,
  "training_worker_0_memory_MB": 2313.5546875,
  "training_gpu_0_memory_MB": 54.728515625,
  "validation_accuracy": 0.7201986754966887,
  "validation_loss": 1.4500631809234619,
  "best_validation_accuracy": 0.7201986754966887,
  "best_validation_loss": 1.4500631809234619
}