{
  "best_epoch": 15,
  "peak_worker_0_memory_MB": 2313.5546875,
  "peak_gpu_0_memory_MB": 54.728515625,
  "training_duration": "0:00:03.333488",
  "training_start_epoch": 0,
  "training_epochs": 15,
  "epoch": 15,
  "training_accuracy": 0.9313178749633109,
  "training_loss": 0.37063111806357346,
  "training_worker_0_memory_MB": 2313.5546875,
  "training_gpu_0_memory_MB": 54.728515625,
  "validation_accuracy": 0.7947019867549668,
  "validation_loss": 0.9141844034194946,
  "best_validation_accuracy": 0.7947019867549668,
  "best_validation_loss": 0.9141844034194946
}