{
  "best_epoch": 5,
  "peak_worker_0_memory_MB": 2318.11328125,
  "peak_gpu_0_memory_MB": 51.84521484375,
  "training_duration": "0:00:01.673082",
  "training_start_epoch": 0,
  "training_epochs": 5,
  "epoch": 5,
  "training_accuracy": 0.7074801504387798,
  "training_loss": 1.465166942069405,
  "training_worker_0_memory_MB": 2318.11328125,
  "training_gpu_0_memory_MB": 51.84521484375,
  "validation_accuracy": 0.7168874172185431,
  "validation_loss": 1.4656020820140838,
  "best_validation_accuracy": 0.7168874172185431,
  "best_validation_loss": 1.4656020820140838
}