{
  "best_epoch": 45,
  "peak_worker_0_memory_MB": 2309.2734375,
  "peak_gpu_0_memory_MB": 55.18505859375,
  "training_duration": "0:00:09.832073",
  "training_start_epoch": 0,
  "training_epochs": 45,
  "epoch": 45,
  "training_accuracy": 0.3212775951150775,
  "training_loss": 2.601129439339709,
  "training_worker_0_memory_MB": 2309.2734375,
  "training_gpu_0_memory_MB": 55.18505859375,
  "validation_accuracy": 0.6357615894039735,
  "validation_loss": 2.00587944984436,
  "best_validation_accuracy": 0.6357615894039735,
  "best_validation_loss": 2.00587944984436
}