{
  "best_epoch": 27,
  "peak_worker_0_memory_MB": 2309.2734375,
  "peak_gpu_0_memory_MB": 55.18505859375,
  "training_duration": "0:00:06.287982",
  "training_start_epoch": 0,
  "training_epochs": 28,
  "epoch": 28,
  "training_accuracy": 0.2597463597933302,
  "training_loss": 2.8879454384988814,
  "training_worker_0_memory_MB": 2309.2734375,
  "training_gpu_0_memory_MB": 55.18505859375,
  "validation_accuracy": 0.5562913907284768,
  "validation_loss": 2.439795231819153,
  "best_validation_accuracy": 0.5529801324503312,
  "best_validation_loss": 2.4392203807830812
}