{
  "best_epoch": 2,
  "peak_worker_0_memory_MB": 2309.2734375,
  "peak_gpu_0_memory_MB": 55.18505859375,
  "training_duration": "0:00:00.716609",
  "training_start_epoch": 0,
  "training_epochs": 2,
  "epoch": 2,
  "training_accuracy": 0.0819633630812588,
  "training_loss": 3.958269211783338,
  "training_worker_0_memory_MB": 2309.2734375,
  "training_gpu_0_memory_MB": 55.18505859375,
  "validation_accuracy": 0.12251655629139073,
  "validation_loss": 3.8049817800521852,
  "best_validation_accuracy": 0.12251655629139073,
  "best_validation_loss": 3.8049817800521852
}