{
  "best_epoch": 76,
  "peak_worker_0_memory_MB": 2309.2734375,
  "peak_gpu_0_memory_MB": 55.18505859375,
  "training_duration": "0:00:16.289095",
  "training_start_epoch": 0,
  "training_epochs": 76,
  "epoch": 76,
  "training_accuracy": 0.3626115547205261,
  "training_loss": 2.3383051601808464,
  "training_worker_0_memory_MB": 2309.2734375,
  "training_gpu_0_memory_MB": 55.18505859375,
  "validation_accuracy": 0.695364238410596,
  "validation_loss": 1.6247126579284668,
  "best_validation_accuracy": 0.695364238410596,
  "best_validation_loss": 1.6247126579284668
}