{
  "best_epoch": 75,
  "peak_worker_0_memory_MB": 2309.2734375,
  "peak_gpu_0_memory_MB": 55.18505859375,
  "training_duration": "0:00:16.080212",
  "training_start_epoch": 0,
  "training_epochs": 75,
  "epoch": 75,
  "training_accuracy": 0.3759981211836543,
  "training_loss": 2.313096856003377,
  "training_worker_0_memory_MB": 2309.2734375,
  "training_gpu_0_memory_MB": 55.18505859375,
  "validation_accuracy": 0.6937086092715232,
  "validation_loss": 1.626243281364441,
  "best_validation_accuracy": 0.6937086092715232,
  "best_validation_loss": 1.626243281364441
}