{
  "best_epoch": 50,
  "peak_worker_0_memory_MB": 2309.2734375,
  "peak_gpu_0_memory_MB": 55.18505859375,
  "training_duration": "0:00:11.081773",
  "training_start_epoch": 0,
  "training_epochs": 51,
  "epoch": 51,
  "training_accuracy": 0.33842179426961017,
  "training_loss": 2.4917830780370913,
  "training_worker_0_memory_MB": 2309.2734375,
  "training_gpu_0_memory_MB": 55.18505859375,
  "validation_accuracy": 0.6605960264900662,
  "validation_loss": 1.9096157550811768,
  "best_validation_accuracy": 0.6589403973509934,
  "best_validation_loss": 1.9040277242660522
}