{
  "best_epoch": 8,
  "peak_worker_0_memory_MB": 2271.57421875,
  "peak_gpu_0_memory_MB": 15.515625,
  "training_duration": "0:00:00.736057",
  "training_start_epoch": 0,
  "training_epochs": 8,
  "epoch": 8,
  "training_accuracy": 0.7038523274478331,
  "training_loss": 1.959378331899643,
  "training_worker_0_memory_MB": 2271.57421875,
  "training_gpu_0_memory_MB": 15.515625,
  "validation_accuracy": 0.7698675496688742,
  "validation_loss": 1.9418865442276,
  "best_validation_accuracy": 0.7698675496688742,
  "best_validation_loss": 1.9418865442276
}