{
  "best_epoch": 29,
  "peak_worker_0_memory_MB": 2311.3828125,
  "peak_gpu_0_memory_MB": 43.572265625,
  "training_duration": "0:00:07.740758",
  "training_start_epoch": 0,
  "training_epochs": 29,
  "epoch": 29,
  "training_accuracy": 0.9318501170960187,
  "training_loss": 0.43372146073561996,
  "training_worker_0_memory_MB": 2311.3828125,
  "training_gpu_0_memory_MB": 43.572265625,
  "validation_accuracy": 0.793046357615894,
  "validation_loss": 0.9450682282447815,
  "best_validation_accuracy": 0.793046357615894,
  "best_validation_loss": 0.9450682282447815
}