{
  "best_epoch": 36,
  "peak_worker_0_memory_MB": 2311.3828125,
  "peak_gpu_0_memory_MB": 43.572265625,
  "training_duration": "0:00:10.307659",
  "training_start_epoch": 0,
  "training_epochs": 39,
  "epoch": 39,
  "training_accuracy": 0.9634660421545668,
  "training_loss": 0.23617296243336663,
  "training_worker_0_memory_MB": 2311.3828125,
  "training_gpu_0_memory_MB": 43.572265625,
  "validation_accuracy": 0.8013245033112583,
  "validation_loss": 0.9132983267307282,
  "best_validation_accuracy": 0.7947019867549668,
  "best_validation_loss": 0.8955438226461411
}