{
  "best_epoch": 8,
  "peak_worker_0_memory_MB": 2316.54296875,
  "peak_gpu_0_memory_MB": 51.12255859375,
  "training_duration": "0:00:05.792515",
  "training_start_epoch": 0,
  "training_epochs": 8,
  "epoch": 8,
  "training_accuracy": 0.6903468449644797,
  "training_loss": 1.3070193246791237,
  "training_worker_0_memory_MB": 2316.54296875,
  "training_gpu_0_memory_MB": 51.12255859375,
  "validation_accuracy": 0.7367549668874173,
  "validation_loss": 1.2182698011398316,
  "best_validation_accuracy": 0.7367549668874173,
  "best_validation_loss": 1.2182698011398316
}