{
  "best_epoch": 3,
  "peak_worker_0_memory_MB": 2269.6171875,
  "peak_gpu_0_memory_MB": 8.73193359375,
  "training_duration": "0:00:00.571810",
  "training_start_epoch": 0,
  "training_epochs": 3,
  "epoch": 3,
  "training_accuracy": 0.8474717927287924,
  "training_loss": 0.843143996439482,
  "training_worker_0_memory_MB": 2269.6171875,
  "training_gpu_0_memory_MB": 8.73193359375,
  "validation_accuracy": 0.793046357615894,
  "validation_loss": 1.020827978849411,
  "best_validation_accuracy": 0.793046357615894,
  "best_validation_loss": 1.020827978849411
}