{
  "best_epoch": 1,
  "peak_worker_0_memory_MB": 2280.1484375,
  "peak_gpu_0_memory_MB": 49.984375,
  "training_duration": "0:00:04.160236",
  "training_start_epoch": 0,
  "training_epochs": 5,
  "epoch": 5,
  "training_accuracy": 0.9598829920601755,
  "training_loss": 0.13830361620670087,
  "training_worker_0_memory_MB": 2280.1484375,
  "training_gpu_0_memory_MB": 49.984375,
  "validation_accuracy": 0.7201986754966887,
  "validation_loss": 1.9465400457382203,
  "best_validation_accuracy": 0.7334437086092715,
  "best_validation_loss": 1.2379742741584778
}