{
  "best_epoch": 0,
  "peak_worker_0_memory_MB": 0,
  "training_duration": "0:00:04.491968",
  "training_start_epoch": 0,
  "training_epochs": 0,
  "epoch": 0,
  "training_accuracy": 0.24237358963643962,
  "training_loss": 24.74683831867419,
  "training_worker_0_memory_MB": 0.0,
  "validation_accuracy": 0.5082781456953642,
  "validation_loss": 35.806708335876465,
  "best_validation_accuracy": 0.5082781456953642,
  "best_validation_loss": 35.806708335876465
}