{
  "best_epoch": 28,
  "peak_worker_0_memory_MB": 0,
  "training_duration": "0:00:20.091860",
  "training_start_epoch": 0,
  "training_epochs": 28,
  "epoch": 28,
  "training_accuracy": 0.8741666666666666,
  "training_loss": 0.6910425837834676,
  "training_reg_loss": 0.0,
  "training_worker_0_memory_MB": 0.0,
  "validation_accuracy": 0.7583333333333333,
  "validation_loss": 1.2762577721947117,
  "validation_reg_loss": 0.0,
  "best_validation_accuracy": 0.7583333333333333,
  "best_validation_loss": 1.2762577721947117,
  "best_validation_reg_loss": 0.0
}