{
  "best_epoch": 0,
  "peak_worker_0_memory_MB": 2273.13671875,
  "peak_gpu_0_memory_MB": 15.416015625,
  "training_duration": "0:00:00.079545",
  "training_start_epoch": 0,
  "training_epochs": 0,
  "epoch": 0,
  "training_accuracy": 0.14285714285714285,
  "training_loss": 3.9522333979606628,
  "training_worker_0_memory_MB": 2273.13671875,
  "training_gpu_0_memory_MB": 15.416015625,
  "validation_accuracy": 0.5182119205298014,
  "validation_loss": 3.2905768156051636,
  "best_validation_accuracy": 0.5182119205298014,
  "best_validation_loss": 3.2905768156051636
}