{
  "best_epoch": 5,
  "peak_worker_0_memory_MB": 2298.41015625,
  "peak_gpu_0_memory_MB": 50.91064453125,
  "training_duration": "0:00:04.030954",
  "training_start_epoch": 0,
  "training_epochs": 5,
  "epoch": 5,
  "training_accuracy": 0.5252820727120769,
  "training_loss": 2.0470638557484278,
  "training_worker_0_memory_MB": 2298.41015625,
  "training_gpu_0_memory_MB": 50.91064453125,
  "validation_accuracy": 0.6589403973509934,
  "validation_loss": 1.4892321228981018,
  "best_validation_accuracy": 0.6589403973509934,
  "best_validation_loss": 1.4892321228981018
}