{
  "best_epoch": 21,
  "peak_worker_0_memory_MB": 2298.41015625,
  "peak_gpu_0_memory_MB": 50.91064453125,
  "training_duration": "0:00:17.031295",
  "training_start_epoch": 0,
  "training_epochs": 24,
  "epoch": 24,
  "training_accuracy": 0.7133305474300041,
  "training_loss": 1.1270320305698796,
  "training_worker_0_memory_MB": 2298.41015625,
  "training_gpu_0_memory_MB": 50.91064453125,
  "validation_accuracy": 0.7715231788079471,
  "validation_loss": 1.0002787113189697,
  "best_validation_accuracy": 0.7715231788079471,
  "best_validation_loss": 0.9725578844547271
}