{
  "best_epoch": 21,
  "peak_worker_0_memory_MB": 2298.41015625,
  "peak_gpu_0_memory_MB": 50.91064453125,
  "training_duration": "0:00:18.353990",
  "training_start_epoch": 0,
  "training_epochs": 26,
  "epoch": 26,
  "training_accuracy": 0.7108232344337652,
  "training_loss": 1.1669994529924894,
  "training_worker_0_memory_MB": 2298.41015625,
  "training_gpu_0_memory_MB": 50.91064453125,
  "validation_accuracy": 0.7880794701986755,
  "validation_loss": 1.021267831325531,
  "best_validation_accuracy": 0.7715231788079471,
  "best_validation_loss": 0.9725578844547271
}