{
  "best_epoch": 6,
  "peak_worker_0_memory_MB": 2298.41015625,
  "peak_gpu_0_memory_MB": 50.91064453125,
  "training_duration": "0:00:04.757731",
  "training_start_epoch": 0,
  "training_epochs": 6,
  "epoch": 6,
  "training_accuracy": 0.547430004178855,
  "training_loss": 1.9050136522242898,
  "training_worker_0_memory_MB": 2298.41015625,
  "training_gpu_0_memory_MB": 50.91064453125,
  "validation_accuracy": 0.6887417218543046,
  "validation_loss": 1.4032904267311097,
  "best_validation_accuracy": 0.6887417218543046,
  "best_validation_loss": 1.4032904267311097
}