{
  "best_epoch": 27,
  "peak_worker_0_memory_MB": 2298.41015625,
  "peak_gpu_0_memory_MB": 50.91064453125,
  "training_duration": "0:00:23.707598",
  "training_start_epoch": 0,
  "training_epochs": 34,
  "epoch": 34,
  "training_accuracy": 0.7413288758880067,
  "training_loss": 1.1193047056072636,
  "training_worker_0_memory_MB": 2298.41015625,
  "training_gpu_0_memory_MB": 50.91064453125,
  "validation_accuracy": 0.7947019867549668,
  "validation_loss": 1.0011305689811707,
  "best_validation_accuracy": 0.7814569536423841,
  "best_validation_loss": 0.9630201384425163
}