{
  "best_epoch": 14,
  "peak_worker_0_memory_MB": 2310.2265625,
  "peak_gpu_0_memory_MB": 46.67724609375,
  "training_duration": "0:00:02.965216",
  "training_start_epoch": 0,
  "training_epochs": 14,
  "epoch": 14,
  "training_accuracy": 0.40211329615497504,
  "training_loss": 2.7620948288175793,
  "training_worker_0_memory_MB": 2310.2265625,
  "training_gpu_0_memory_MB": 46.67724609375,
  "validation_accuracy": 0.40894039735099336,
  "validation_loss": 2.821201491355896,
  "best_validation_accuracy": 0.40894039735099336,
  "best_validation_loss": 2.821201491355896
}