{
  "best_epoch": 65,
  "peak_worker_0_memory_MB": 2310.2265625,
  "peak_gpu_0_memory_MB": 46.67724609375,
  "training_duration": "0:00:13.123829",
  "training_start_epoch": 0,
  "training_epochs": 65,
  "epoch": 65,
  "training_accuracy": 0.9134135603169944,
  "training_loss": 0.5276935227491237,
  "training_worker_0_memory_MB": 2310.2265625,
  "training_gpu_0_memory_MB": 46.67724609375,
  "validation_accuracy": 0.7814569536423841,
  "validation_loss": 1.0655917584896089,
  "best_validation_accuracy": 0.7814569536423841,
  "best_validation_loss": 1.0655917584896089
}