{
  "best_epoch": 36,
  "peak_worker_0_memory_MB": 2310.2265625,
  "peak_gpu_0_memory_MB": 46.67724609375,
  "training_duration": "0:00:07.308274",
  "training_start_epoch": 0,
  "training_epochs": 36,
  "epoch": 36,
  "training_accuracy": 0.7892574112122102,
  "training_loss": 1.3141403341734852,
  "training_worker_0_memory_MB": 2310.2265625,
  "training_gpu_0_memory_MB": 46.67724609375,
  "validation_accuracy": 0.7102649006622517,
  "validation_loss": 1.632121741771698,
  "best_validation_accuracy": 0.7102649006622517,
  "best_validation_loss": 1.632121741771698
}