{
  "best_epoch": 86,
  "peak_worker_0_memory_MB": 2310.2265625,
  "peak_gpu_0_memory_MB": 46.67724609375,
  "training_duration": "0:00:17.275650",
  "training_start_epoch": 0,
  "training_epochs": 86,
  "epoch": 86,
  "training_accuracy": 0.942764895802759,
  "training_loss": 0.30916502064576856,
  "training_worker_0_memory_MB": 2310.2265625,
  "training_gpu_0_memory_MB": 46.67724609375,
  "validation_accuracy": 0.7897350993377483,
  "validation_loss": 0.9492824673652649,
  "best_validation_accuracy": 0.7897350993377483,
  "best_validation_loss": 0.9492824673652649
}