{
  "best_epoch": 16,
  "peak_worker_0_memory_MB": 2310.2265625,
  "peak_gpu_0_memory_MB": 46.67724609375,
  "training_duration": "0:00:03.358174",
  "training_start_epoch": 0,
  "training_epochs": 16,
  "epoch": 16,
  "training_accuracy": 0.44349867918990316,
  "training_loss": 2.612006907109861,
  "training_worker_0_memory_MB": 2310.2265625,
  "training_gpu_0_memory_MB": 46.67724609375,
  "validation_accuracy": 0.44867549668874174,
  "validation_loss": 2.6475798368453978,
  "best_validation_accuracy": 0.44867549668874174,
  "best_validation_loss": 2.6475798368453978
}