{
  "best_epoch": 52,
  "peak_worker_0_memory_MB": 2310.2265625,
  "peak_gpu_0_memory_MB": 46.67724609375,
  "training_duration": "0:00:10.533800",
  "training_start_epoch": 0,
  "training_epochs": 52,
  "epoch": 52,
  "training_accuracy": 0.8837687114763721,
  "training_loss": 0.7683601622228269,
  "training_worker_0_memory_MB": 2310.2265625,
  "training_gpu_0_memory_MB": 46.67724609375,
  "validation_accuracy": 0.7615894039735099,
  "validation_loss": 1.2225829362869263,
  "best_validation_accuracy": 0.7615894039735099,
  "best_validation_loss": 1.2225829362869263
}