{
  "best_epoch": 20,
  "peak_worker_0_memory_MB": 2310.2265625,
  "peak_gpu_0_memory_MB": 46.67724609375,
  "training_duration": "0:00:04.144378",
  "training_start_epoch": 0,
  "training_epochs": 20,
  "epoch": 20,
  "training_accuracy": 0.5380099794540651,
  "training_loss": 2.322794417540232,
  "training_worker_0_memory_MB": 2310.2265625,
  "training_gpu_0_memory_MB": 46.67724609375,
  "validation_accuracy": 0.5049668874172185,
  "validation_loss": 2.401751899719238,
  "best_validation_accuracy": 0.5049668874172185,
  "best_validation_loss": 2.401751899719238
}