{
  "best_epoch": 34,
  "peak_worker_0_memory_MB": 2298.41015625,
  "peak_gpu_0_memory_MB": 50.91064453125,
  "training_duration": "0:00:24.658227",
  "training_start_epoch": 0,
  "training_epochs": 35,
  "epoch": 35,
  "training_accuracy": 0.588800668616799,
  "training_loss": 1.6252526484037702,
  "training_worker_0_memory_MB": 2298.41015625,
  "training_gpu_0_memory_MB": 50.91064453125,
  "validation_accuracy": 0.7350993377483444,
  "validation_loss": 1.1980729162693025,
  "best_validation_accuracy": 0.7334437086092715,
  "best_validation_loss": 1.1851623773574829
}