{
  "best_epoch": 6,
  "peak_worker_0_memory_MB": 2298.41015625,
  "peak_gpu_0_memory_MB": 50.91064453125,
  "training_duration": "0:00:04.729635",
  "training_start_epoch": 0,
  "training_epochs": 6,
  "epoch": 6,
  "training_accuracy": 0.23777684914333472,
  "training_loss": 3.1873398078115365,
  "training_worker_0_memory_MB": 2298.41015625,
  "training_gpu_0_memory_MB": 50.91064453125,
  "validation_accuracy": 0.347682119205298,
  "validation_loss": 2.735295844078064,
  "best_validation_accuracy": 0.347682119205298,
  "best_validation_loss": 2.735295844078064
}