{
  "best_epoch": 58,
  "peak_worker_0_memory_MB": 2298.41015625,
  "peak_gpu_0_memory_MB": 50.91064453125,
  "training_duration": "0:00:43.626814",
  "training_start_epoch": 0,
  "training_epochs": 63,
  "epoch": 63,
  "training_accuracy": 0.6506477225240285,
  "training_loss": 1.3557146254338717,
  "training_worker_0_memory_MB": 2298.41015625,
  "training_gpu_0_memory_MB": 50.91064453125,
  "validation_accuracy": 0.7665562913907285,
  "validation_loss": 1.0146199882030487,
  "best_validation_accuracy": 0.7698675496688742,
  "best_validation_loss": 1.0056522905826568
}