{
  "best_epoch": 11,
  "peak_worker_0_memory_MB": 2298.41015625,
  "peak_gpu_0_memory_MB": 50.91064453125,
  "training_duration": "0:00:08.145418",
  "training_start_epoch": 0,
  "training_epochs": 11,
  "epoch": 11,
  "training_accuracy": 0.3623067279565399,
  "training_loss": 2.6184872577064917,
  "training_worker_0_memory_MB": 2298.41015625,
  "training_gpu_0_memory_MB": 50.91064453125,
  "validation_accuracy": 0.5811258278145696,
  "validation_loss": 2.026735007762909,
  "best_validation_accuracy": 0.5811258278145696,
  "best_validation_loss": 2.026735007762909
}