{
  "best_epoch": 5,
  "peak_worker_0_memory_MB": 2379.60546875,
  "peak_gpu_0_memory_MB": 89.33056640625,
  "training_duration": "0:00:02.855608",
  "training_start_epoch": 0,
  "training_epochs": 5,
  "epoch": 5,
  "training_accuracy": 0.7247959673547768,
  "training_loss": 1.29010221020866,
  "training_worker_0_memory_MB": 2379.60546875,
  "training_gpu_0_memory_MB": 89.33056640625,
  "validation_accuracy": 0.7715231788079471,
  "validation_loss": 1.0432015240192414,
  "best_validation_accuracy": 0.7715231788079471,
  "best_validation_loss": 1.0432015240192414
}