{
  "best_epoch": 33,
  "peak_worker_0_memory_MB": 2311.37890625,
  "peak_gpu_0_memory_MB": 43.572265625,
  "training_duration": "0:00:08.058326",
  "training_start_epoch": 0,
  "training_epochs": 33,
  "epoch": 33,
  "training_accuracy": 0.7723653395784543,
  "training_loss": 1.307455392915811,
  "training_worker_0_memory_MB": 2311.37890625,
  "training_gpu_0_memory_MB": 43.572265625,
  "validation_accuracy": 0.7235099337748344,
  "validation_loss": 1.4963547348976136,
  "best_validation_accuracy": 0.7235099337748344,
  "best_validation_loss": 1.4963547348976136
}