{
  "best_epoch": 20,
  "peak_worker_0_memory_MB": 2311.37890625,
  "peak_gpu_0_memory_MB": 43.572265625,
  "training_duration": "0:00:04.965035",
  "training_start_epoch": 0,
  "training_epochs": 20,
  "epoch": 20,
  "training_accuracy": 0.6002341920374707,
  "training_loss": 2.1335509481714734,
  "training_worker_0_memory_MB": 2311.37890625,
  "training_gpu_0_memory_MB": 43.572265625,
  "validation_accuracy": 0.6158940397350994,
  "validation_loss": 2.1414018511772155,
  "best_validation_accuracy": 0.6158940397350994,
  "best_validation_loss": 2.1414018511772155
}