{
  "best_epoch": 31,
  "peak_worker_0_memory_MB": 2311.37890625,
  "peak_gpu_0_memory_MB": 43.572265625,
  "training_duration": "0:00:07.592925",
  "training_start_epoch": 0,
  "training_epochs": 31,
  "epoch": 31,
  "training_accuracy": 0.7501170960187353,
  "training_loss": 1.4071861363168974,
  "training_worker_0_memory_MB": 2311.37890625,
  "training_gpu_0_memory_MB": 43.572265625,
  "validation_accuracy": 0.7086092715231788,
  "validation_loss": 1.5479950070381165,
  "best_validation_accuracy": 0.7086092715231788,
  "best_validation_loss": 1.5479950070381165
}