{
  "best_epoch": 6,
  "peak_worker_0_memory_MB": 2311.37890625,
  "peak_gpu_0_memory_MB": 43.572265625,
  "training_duration": "0:00:01.663948",
  "training_start_epoch": 0,
  "training_epochs": 6,
  "epoch": 6,
  "training_accuracy": 0.25971896955503515,
  "training_loss": 3.299380419859246,
  "training_worker_0_memory_MB": 2311.37890625,
  "training_gpu_0_memory_MB": 43.572265625,
  "validation_accuracy": 0.34105960264900664,
  "validation_loss": 3.1818227529525758,
  "best_validation_accuracy": 0.34105960264900664,
  "best_validation_loss": 3.1818227529525758
}