{
  "best_epoch": 41,
  "peak_worker_0_memory_MB": 2311.37890625,
  "peak_gpu_0_memory_MB": 43.572265625,
  "training_duration": "0:00:09.948905",
  "training_start_epoch": 0,
  "training_epochs": 41,
  "epoch": 41,
  "training_accuracy": 0.8330210772833724,
  "training_loss": 0.9947005563707494,
  "training_worker_0_memory_MB": 2311.37890625,
  "training_gpu_0_memory_MB": 43.572265625,
  "validation_accuracy": 0.7566225165562914,
  "validation_loss": 1.250586450099945,
  "best_validation_accuracy": 0.7566225165562914,
  "best_validation_loss": 1.250586450099945
}