{
  "best_epoch": 25,
  "peak_worker_0_memory_MB": 2311.37890625,
  "peak_gpu_0_memory_MB": 43.572265625,
  "training_duration": "0:00:06.139838",
  "training_start_epoch": 0,
  "training_epochs": 25,
  "epoch": 25,
  "training_accuracy": 0.6747072599531616,
  "training_loss": 1.7612684769416922,
  "training_worker_0_memory_MB": 2311.37890625,
  "training_gpu_0_memory_MB": 43.572265625,
  "validation_accuracy": 0.6738410596026491,
  "validation_loss": 1.8480224132537841,
  "best_validation_accuracy": 0.6738410596026491,
  "best_validation_loss": 1.8480224132537841
}