{
  "best_epoch": 48,
  "peak_worker_0_memory_MB": 2311.37890625,
  "peak_gpu_0_memory_MB": 43.572265625,
  "training_duration": "0:00:11.833974",
  "training_start_epoch": 0,
  "training_epochs": 49,
  "epoch": 49,
  "training_accuracy": 0.8690866510538642,
  "training_loss": 0.7697156396374774,
  "training_worker_0_memory_MB": 2311.37890625,
  "training_gpu_0_memory_MB": 43.572265625,
  "validation_accuracy": 0.7715231788079471,
  "validation_loss": 1.1389245629310607,
  "best_validation_accuracy": 0.7665562913907285,
  "best_validation_loss": 1.134428870677948
}