{
  "best_epoch": 7,
  "peak_worker_0_memory_MB": 2271.57421875,
  "peak_gpu_0_memory_MB": 15.515625,
  "training_duration": "0:00:00.625763",
  "training_start_epoch": 0,
  "training_epochs": 7,
  "epoch": 7,
  "training_accuracy": 0.5425361155698234,
  "training_loss": 2.765088510513306,
  "training_worker_0_memory_MB": 2271.57421875,
  "training_gpu_0_memory_MB": 15.515625,
  "validation_accuracy": 0.6043046357615894,
  "validation_loss": 2.656650757789612,
  "best_validation_accuracy": 0.6043046357615894,
  "best_validation_loss": 2.656650757789612
}