{
  "best_epoch": 7,
  "peak_worker_0_memory_MB": 2287.45703125,
  "peak_gpu_0_memory_MB": 30.3212890625,
  "training_duration": "0:00:02.198966",
  "training_start_epoch": 0,
  "training_epochs": 12,
  "epoch": 12,
  "training_accuracy": 0.9849561220225658,
  "training_loss": 0.07986292448875151,
  "training_worker_0_memory_MB": 2287.45703125,
  "training_gpu_0_memory_MB": 30.3212890625,
  "validation_accuracy": 0.793046357615894,
  "validation_loss": 0.9482613742351532,
  "best_validation_accuracy": 0.7980132450331126,
  "best_validation_loss": 0.889456033706665
}