{
  "best_epoch": 7,
  "peak_worker_0_memory_MB": 2287.45703125,
  "peak_gpu_0_memory_MB": 30.3212890625,
  "training_duration": "0:00:01.358399",
  "training_start_epoch": 0,
  "training_epochs": 7,
  "epoch": 7,
  "training_accuracy": 0.9519431675720853,
  "training_loss": 0.22349761426448822,
  "training_worker_0_memory_MB": 2287.45703125,
  "training_gpu_0_memory_MB": 30.3212890625,
  "validation_accuracy": 0.7980132450331126,
  "validation_loss": 0.889456033706665,
  "best_validation_accuracy": 0.7980132450331126,
  "best_validation_loss": 0.889456033706665
}