{
  "best_epoch": 12,
  "peak_worker_0_memory_MB": 2271.57421875,
  "peak_gpu_0_memory_MB": 15.515625,
  "training_duration": "0:00:01.431142",
  "training_start_epoch": 0,
  "training_epochs": 16,
  "epoch": 16,
  "training_accuracy": 0.884430176565008,
  "training_loss": 0.36415053978562356,
  "training_worker_0_memory_MB": 2271.57421875,
  "training_gpu_0_memory_MB": 15.515625,
  "validation_accuracy": 0.8112582781456954,
  "validation_loss": 1.1140844166278838,
  "best_validation_accuracy": 0.8079470198675497,
  "best_validation_loss": 1.1075311541557311
}