{
  "best_epoch": 94,
  "peak_worker_0_memory_MB": 2365.1484375,
  "peak_gpu_0_memory_MB": 75.88427734375,
  "training_duration": "0:00:41.980928",
  "training_start_epoch": 0,
  "training_epochs": 94,
  "epoch": 94,
  "training_accuracy": 0.30364858377340376,
  "training_loss": 2.521727797639279,
  "training_worker_0_memory_MB": 2365.1484375,
  "training_gpu_0_memory_MB": 75.88427734375,
  "validation_accuracy": 0.7367549668874173,
  "validation_loss": 1.4060169577598571,
  "best_validation_accuracy": 0.7367549668874173,
  "best_validation_loss": 1.4060169577598571
}