{
  "best_epoch": 1,
  "peak_worker_0_memory_MB": 2365.1484375,
  "peak_gpu_0_memory_MB": 75.88427734375,
  "training_duration": "0:00:00.876111",
  "training_start_epoch": 0,
  "training_epochs": 1,
  "epoch": 1,
  "training_accuracy": 0.05556889102256361,
  "training_loss": 4.03158852162252,
  "training_worker_0_memory_MB": 2365.1484375,
  "training_gpu_0_memory_MB": 75.88427734375,
  "validation_accuracy": 0.13245033112582782,
  "validation_loss": 3.8199419736862184,
  "best_validation_accuracy": 0.13245033112582782,
  "best_validation_loss": 3.8199419736862184
}