{
  "best_epoch": 84,
  "peak_worker_0_memory_MB": 2365.1484375,
  "peak_gpu_0_memory_MB": 75.88427734375,
  "training_duration": "0:00:38.413427",
  "training_start_epoch": 0,
  "training_epochs": 86,
  "epoch": 86,
  "training_accuracy": 0.3030484877580413,
  "training_loss": 2.5304746464008594,
  "training_worker_0_memory_MB": 2365.1484375,
  "training_gpu_0_memory_MB": 75.88427734375,
  "validation_accuracy": 0.7350993377483444,
  "validation_loss": 1.4268153071403504,
  "best_validation_accuracy": 0.7334437086092715,
  "best_validation_loss": 1.415978479385376
}