{
  "best_epoch": 10,
  "peak_worker_0_memory_MB": 2328.0390625,
  "peak_gpu_0_memory_MB": 64.7041015625,
  "training_duration": "0:00:02.896357",
  "training_start_epoch": 0,
  "training_epochs": 10,
  "epoch": 10,
  "training_accuracy": 0.9023015500234852,
  "training_loss": 0.6455956105865649,
  "training_worker_0_memory_MB": 2328.0390625,
  "training_gpu_0_memory_MB": 64.7041015625,
  "validation_accuracy": 0.7731788079470199,
  "validation_loss": 1.1110907077789307,
  "best_validation_accuracy": 0.7731788079470199,
  "best_validation_loss": 1.1110907077789307
}