{
  "best_epoch": 16,
  "peak_worker_0_memory_MB": 2328.0390625,
  "peak_gpu_0_memory_MB": 64.7041015625,
  "training_duration": "0:00:04.500092",
  "training_start_epoch": 0,
  "training_epochs": 16,
  "epoch": 16,
  "training_accuracy": 0.9581963363081258,
  "training_loss": 0.2618721983770826,
  "training_worker_0_memory_MB": 2328.0390625,
  "training_gpu_0_memory_MB": 64.7041015625,
  "validation_accuracy": 0.7947019867549668,
  "validation_loss": 0.9801637053489685,
  "best_validation_accuracy": 0.7947019867549668,
  "best_validation_loss": 0.9801637053489685
}