{
  "best_epoch": 3,
  "peak_worker_0_memory_MB": 2292.06640625,
  "peak_gpu_0_memory_MB": 49.984375,
  "training_duration": "0:00:06.615853",
  "training_start_epoch": 0,
  "training_epochs": 9,
  "epoch": 9,
  "training_accuracy": 0.963643961554534,
  "training_loss": 0.14524014990188575,
  "training_worker_0_memory_MB": 2292.06640625,
  "training_gpu_0_memory_MB": 49.984375,
  "validation_accuracy": 0.7632450331125827,
  "validation_loss": 1.770666253566742,
  "best_validation_accuracy": 0.7483443708609272,
  "best_validation_loss": 1.2743148684501648
}