{
  "best_epoch": 19,
  "peak_worker_0_memory_MB": 2271.328125,
  "peak_gpu_0_memory_MB": 15.515625,
  "training_duration": "0:00:01.554353",
  "training_start_epoch": 0,
  "training_epochs": 19,
  "epoch": 19,
  "training_accuracy": 0.8828250401284109,
  "training_loss": 0.48176691234111785,
  "training_worker_0_memory_MB": 2271.328125,
  "training_gpu_0_memory_MB": 15.515625,
  "validation_accuracy": 0.8245033112582781,
  "validation_loss": 1.090453141927719,
  "best_validation_accuracy": 0.8245033112582781,
  "best_validation_loss": 1.090453141927719
}