{
  "best_epoch": 5,
  "peak_worker_0_memory_MB": 2287.21484375,
  "peak_gpu_0_memory_MB": 30.3212890625,
  "training_duration": "0:00:00.945690",
  "training_start_epoch": 0,
  "training_epochs": 5,
  "epoch": 5,
  "training_accuracy": 0.7826995403259507,
  "training_loss": 1.0990649399004484,
  "training_worker_0_memory_MB": 2287.21484375,
  "training_gpu_0_memory_MB": 30.3212890625,
  "validation_accuracy": 0.7483443708609272,
  "validation_loss": 1.2253150284290313,
  "best_validation_accuracy": 0.7483443708609272,
  "best_validation_loss": 1.2253150284290313
}