{
  "best_epoch": 0,
  "peak_worker_0_memory_MB": 2273.13671875,
  "peak_gpu_0_memory_MB": 15.416015625,
  "training_duration": "0:00:00.087582",
  "training_start_epoch": 0,
  "training_epochs": 0,
  "epoch": 0,
  "training_accuracy": 0.11316211878009631,
  "training_loss": 3.959009420871735,
  "training_worker_0_memory_MB": 2273.13671875,
  "training_gpu_0_memory_MB": 15.416015625,
  "validation_accuracy": 0.39403973509933776,
  "validation_loss": 3.356661009788513,
  "best_validation_accuracy": 0.39403973509933776,
  "best_validation_loss": 3.356661009788513
}