{
  "best_epoch": 7,
  "peak_worker_0_memory_MB": 2284.52734375,
  "peak_gpu_0_memory_MB": 30.3212890625,
  "training_duration": "0:00:01.319131",
  "training_start_epoch": 0,
  "training_epochs": 7,
  "epoch": 7,
  "training_accuracy": 0.9017969076473047,
  "training_loss": 0.4752989152544423,
  "training_worker_0_memory_MB": 2284.52734375,
  "training_gpu_0_memory_MB": 30.3212890625,
  "validation_accuracy": 0.7831125827814569,
  "validation_loss": 0.9324340224266052,
  "best_validation_accuracy": 0.7831125827814569,
  "best_validation_loss": 0.9324340224266052
}