{
  "best_epoch": 6,
  "peak_worker_0_memory_MB": 2271.57421875,
  "peak_gpu_0_memory_MB": 15.515625,
  "training_duration": "0:00:00.572427",
  "training_start_epoch": 0,
  "training_epochs": 6,
  "epoch": 6,
  "training_accuracy": 0.7792937399678973,
  "training_loss": 1.2417081713676452,
  "training_worker_0_memory_MB": 2271.57421875,
  "training_gpu_0_memory_MB": 15.515625,
  "validation_accuracy": 0.7831125827814569,
  "validation_loss": 1.4278303623199462,
  "best_validation_accuracy": 0.7831125827814569,
  "best_validation_loss": 1.4278303623199462
}