{
  "best_epoch": 1,
  "peak_worker_0_memory_MB": 2271.57421875,
  "peak_gpu_0_memory_MB": 15.515625,
  "training_duration": "0:00:00.161645",
  "training_start_epoch": 0,
  "training_epochs": 1,
  "epoch": 1,
  "training_accuracy": 0.24398073836276082,
  "training_loss": 3.67039076089859,
  "training_worker_0_memory_MB": 2271.57421875,
  "training_gpu_0_memory_MB": 15.515625,
  "validation_accuracy": 0.3526490066225166,
  "validation_loss": 3.297407031059265,
  "best_validation_accuracy": 0.3526490066225166,
  "best_validation_loss": 3.297407031059265
}