{
  "best_epoch": 27,
  "peak_worker_0_memory_MB": 2298.41015625,
  "peak_gpu_0_memory_MB": 50.91064453125,
  "training_duration": "0:00:20.447696",
  "training_start_epoch": 0,
  "training_epochs": 29,
  "epoch": 29,
  "training_accuracy": 0.7994149603008776,
  "training_loss": 0.7179538254675112,
  "training_worker_0_memory_MB": 2298.41015625,
  "training_gpu_0_memory_MB": 50.91064453125,
  "validation_accuracy": 0.7864238410596026,
  "validation_loss": 0.9481290936470032,
  "best_validation_accuracy": 0.7864238410596026,
  "best_validation_loss": 0.9433175481855869
}