{
  "best_epoch": 1,
  "peak_worker_0_memory_MB": 2298.41015625,
  "peak_gpu_0_memory_MB": 50.91064453125,
  "training_duration": "0:00:01.345721",
  "training_start_epoch": 0,
  "training_epochs": 1,
  "epoch": 1,
  "training_accuracy": 0.07354784788967823,
  "training_loss": 3.9963344712006417,
  "training_worker_0_memory_MB": 2298.41015625,
  "training_gpu_0_memory_MB": 50.91064453125,
  "validation_accuracy": 0.14403973509933773,
  "validation_loss": 3.4337013006210326,
  "best_validation_accuracy": 0.14403973509933773,
  "best_validation_loss": 3.4337013006210326
}