{
  "best_epoch": 6,
  "peak_worker_0_memory_MB": 2298.41015625,
  "peak_gpu_0_memory_MB": 50.91064453125,
  "training_duration": "0:00:04.823684",
  "training_start_epoch": 0,
  "training_epochs": 6,
  "epoch": 6,
  "training_accuracy": 0.4229001253656498,
  "training_loss": 2.4810460052992167,
  "training_worker_0_memory_MB": 2298.41015625,
  "training_gpu_0_memory_MB": 50.91064453125,
  "validation_accuracy": 0.6175496688741722,
  "validation_loss": 1.9079267740249635,
  "best_validation_accuracy": 0.6175496688741722,
  "best_validation_loss": 1.9079267740249635
}