{
  "best_epoch": 7,
  "peak_worker_0_memory_MB": 2316.2890625,
  "peak_gpu_0_memory_MB": 62.47802734375,
  "training_duration": "0:00:02.052952",
  "training_start_epoch": 0,
  "training_epochs": 7,
  "epoch": 7,
  "training_accuracy": 0.7847775175644028,
  "training_loss": 0.8431049389625663,
  "training_worker_0_memory_MB": 2316.2890625,
  "training_gpu_0_memory_MB": 62.47802734375,
  "validation_accuracy": 0.8029801324503312,
  "validation_loss": 0.9203612864017486,
  "best_validation_accuracy": 0.8029801324503312,
  "best_validation_loss": 0.9203612864017486
}