{
  "best_epoch": 5,
  "peak_worker_0_memory_MB": 2331.171875,
  "peak_gpu_0_memory_MB": 65.09326171875,
  "training_duration": "0:00:01.528144",
  "training_start_epoch": 0,
  "training_epochs": 5,
  "epoch": 5,
  "training_accuracy": 0.6477751756440281,
  "training_loss": 1.8377883701182123,
  "training_worker_0_memory_MB": 2331.171875,
  "training_gpu_0_memory_MB": 65.09326171875,
  "validation_accuracy": 0.6920529801324503,
  "validation_loss": 1.6810965657234191,
  "best_validation_accuracy": 0.6920529801324503,
  "best_validation_loss": 1.6810965657234191
}