{
  "best_epoch": 56,
  "peak_worker_0_memory_MB": 2319.734375,
  "peak_gpu_0_memory_MB": 51.08984375,
  "training_duration": "0:00:17.068991",
  "training_start_epoch": 0,
  "training_epochs": 63,
  "epoch": 63,
  "training_accuracy": 0.9796252927400468,
  "training_loss": 0.13093604658966634,
  "training_worker_0_memory_MB": 2319.734375,
  "training_gpu_0_memory_MB": 51.08984375,
  "validation_accuracy": 0.7996688741721855,
  "validation_loss": 0.9064374327659607,
  "best_validation_accuracy": 0.7980132450331126,
  "best_validation_loss": 0.8843218684196472
}