{
  "best_epoch": 30,
  "peak_worker_0_memory_MB": 2319.734375,
  "peak_gpu_0_memory_MB": 51.08984375,
  "training_duration": "0:00:08.800396",
  "training_start_epoch": 0,
  "training_epochs": 32,
  "epoch": 32,
  "training_accuracy": 0.9110070257611241,
  "training_loss": 0.530528257142252,
  "training_worker_0_memory_MB": 2319.734375,
  "training_gpu_0_memory_MB": 51.08984375,
  "validation_accuracy": 0.7831125827814569,
  "validation_loss": 1.0009067356586456,
  "best_validation_accuracy": 0.7814569536423841,
  "best_validation_loss": 0.9722672224044799
}