{
  "best_epoch": 40,
  "peak_worker_0_memory_MB": 2319.734375,
  "peak_gpu_0_memory_MB": 51.08984375,
  "training_duration": "0:00:10.957397",
  "training_start_epoch": 0,
  "training_epochs": 40,
  "epoch": 40,
  "training_accuracy": 0.9430913348946136,
  "training_loss": 0.3567704335967107,
  "training_worker_0_memory_MB": 2319.734375,
  "training_gpu_0_memory_MB": 51.08984375,
  "validation_accuracy": 0.793046357615894,
  "validation_loss": 0.8976908802986145,
  "best_validation_accuracy": 0.793046357615894,
  "best_validation_loss": 0.8976908802986145
}