{
  "best_epoch": 36,
  "peak_worker_0_memory_MB": 2331.171875,
  "peak_gpu_0_memory_MB": 65.09326171875,
  "training_duration": "0:00:09.305686",
  "training_start_epoch": 0,
  "training_epochs": 36,
  "epoch": 36,
  "training_accuracy": 0.9796252927400468,
  "training_loss": 0.11810576871259888,
  "training_worker_0_memory_MB": 2331.171875,
  "training_gpu_0_memory_MB": 65.09326171875,
  "validation_accuracy": 0.8079470198675497,
  "validation_loss": 0.8670987278223038,
  "best_validation_accuracy": 0.8079470198675497,
  "best_validation_loss": 0.8670987278223038
}