{
  "best_epoch": 21,
  "peak_worker_0_memory_MB": 2331.171875,
  "peak_gpu_0_memory_MB": 65.09326171875,
  "training_duration": "0:00:06.057899",
  "training_start_epoch": 0,
  "training_epochs": 23,
  "epoch": 23,
  "training_accuracy": 0.9526932084309133,
  "training_loss": 0.28062475472688675,
  "training_worker_0_memory_MB": 2331.171875,
  "training_gpu_0_memory_MB": 65.09326171875,
  "validation_accuracy": 0.7963576158940397,
  "validation_loss": 0.9290986776351928,
  "best_validation_accuracy": 0.7947019867549668,
  "best_validation_loss": 0.9223386168479919
}