{
  "best_epoch": 17,
  "peak_worker_0_memory_MB": 2312.5625,
  "peak_gpu_0_memory_MB": 51.12255859375,
  "training_duration": "0:00:11.846437",
  "training_start_epoch": 0,
  "training_epochs": 17,
  "epoch": 17,
  "training_accuracy": 0.3890513999164229,
  "training_loss": 2.5356780792537488,
  "training_worker_0_memory_MB": 2312.5625,
  "training_gpu_0_memory_MB": 51.12255859375,
  "validation_accuracy": 0.5811258278145696,
  "validation_loss": 2.0426597237586974,
  "best_validation_accuracy": 0.5811258278145696,
  "best_validation_loss": 2.0426597237586974
}