{
  "best_epoch": 53,
  "peak_worker_0_memory_MB": 2312.5625,
  "peak_gpu_0_memory_MB": 51.12255859375,
  "training_duration": "0:00:37.458655",
  "training_start_epoch": 0,
  "training_epochs": 56,
  "epoch": 56,
  "training_accuracy": 0.6644379440033431,
  "training_loss": 1.3025731663954885,
  "training_worker_0_memory_MB": 2312.5625,
  "training_gpu_0_memory_MB": 51.12255859375,
  "validation_accuracy": 0.7731788079470199,
  "validation_loss": 0.9757274985313416,
  "best_validation_accuracy": 0.7715231788079471,
  "best_validation_loss": 0.9363997131586075
}