{
  "best_epoch": 24,
  "peak_worker_0_memory_MB": 2312.5625,
  "peak_gpu_0_memory_MB": 51.12255859375,
  "training_duration": "0:00:16.492869",
  "training_start_epoch": 0,
  "training_epochs": 24,
  "epoch": 24,
  "training_accuracy": 0.5027162557459256,
  "training_loss": 2.0493423687784293,
  "training_worker_0_memory_MB": 2312.5625,
  "training_gpu_0_memory_MB": 51.12255859375,
  "validation_accuracy": 0.6672185430463576,
  "validation_loss": 1.5444473505020142,
  "best_validation_accuracy": 0.6672185430463576,
  "best_validation_loss": 1.5444473505020142
}