{
  "best_epoch": 71,
  "peak_worker_0_memory_MB": 2312.5625,
  "peak_gpu_0_memory_MB": 51.12255859375,
  "training_duration": "0:00:49.181314",
  "training_start_epoch": 0,
  "training_epochs": 74,
  "epoch": 74,
  "training_accuracy": 0.7116590054325115,
  "training_loss": 1.0746382867035114,
  "training_worker_0_memory_MB": 2312.5625,
  "training_gpu_0_memory_MB": 51.12255859375,
  "validation_accuracy": 0.793046357615894,
  "validation_loss": 0.9153448641300201,
  "best_validation_accuracy": 0.7880794701986755,
  "best_validation_loss": 0.8757035434246063
}