{
  "best_epoch": 37,
  "peak_worker_0_memory_MB": 2312.5625,
  "peak_gpu_0_memory_MB": 51.12255859375,
  "training_duration": "0:00:25.103300",
  "training_start_epoch": 0,
  "training_epochs": 37,
  "epoch": 37,
  "training_accuracy": 0.6000835770998746,
  "training_loss": 1.612819514776531,
  "training_worker_0_memory_MB": 2312.5625,
  "training_gpu_0_memory_MB": 51.12255859375,
  "validation_accuracy": 0.7400662251655629,
  "validation_loss": 1.1458812534809113,
  "best_validation_accuracy": 0.7400662251655629,
  "best_validation_loss": 1.1458812534809113
}