{
  "best_epoch": 68,
  "peak_worker_0_memory_MB": 2312.5625,
  "peak_gpu_0_memory_MB": 51.12255859375,
  "training_duration": "0:00:45.253594",
  "training_start_epoch": 0,
  "training_epochs": 68,
  "epoch": 68,
  "training_accuracy": 0.6953614709569578,
  "training_loss": 1.1769575664871617,
  "training_worker_0_memory_MB": 2312.5625,
  "training_gpu_0_memory_MB": 51.12255859375,
  "validation_accuracy": 0.7847682119205298,
  "validation_loss": 0.9048201680183411,
  "best_validation_accuracy": 0.7847682119205298,
  "best_validation_loss": 0.9048201680183411
}