{
  "best_epoch": 29,
  "peak_worker_0_memory_MB": 2312.5625,
  "peak_gpu_0_memory_MB": 51.12255859375,
  "training_duration": "0:00:19.799054",
  "training_start_epoch": 0,
  "training_epochs": 29,
  "epoch": 29,
  "training_accuracy": 0.5311324697033013,
  "training_loss": 1.8804046354795758,
  "training_worker_0_memory_MB": 2312.5625,
  "training_gpu_0_memory_MB": 51.12255859375,
  "validation_accuracy": 0.7119205298013245,
  "validation_loss": 1.3382387816905976,
  "best_validation_accuracy": 0.7119205298013245,
  "best_validation_loss": 1.3382387816905976
}