{
  "best_epoch": 36,
  "peak_worker_0_memory_MB": 2316.30078125,
  "peak_gpu_0_memory_MB": 62.47802734375,
  "training_duration": "0:00:12.516367",
  "training_start_epoch": 0,
  "training_epochs": 45,
  "epoch": 45,
  "training_accuracy": 0.9442622950819672,
  "training_loss": 0.24011347164858632,
  "training_worker_0_memory_MB": 2316.30078125,
  "training_gpu_0_memory_MB": 62.47802734375,
  "validation_accuracy": 0.8079470198675497,
  "validation_loss": 0.8939494490623474,
  "best_validation_accuracy": 0.8029801324503312,
  "best_validation_loss": 0.867811781167984
}