{
  "best_epoch": 9,
  "peak_worker_0_memory_MB": 2316.30078125,
  "peak_gpu_0_memory_MB": 62.47802734375,
  "training_duration": "0:00:02.716115",
  "training_start_epoch": 0,
  "training_epochs": 9,
  "epoch": 9,
  "training_accuracy": 0.6660421545667448,
  "training_loss": 1.5914932293678397,
  "training_worker_0_memory_MB": 2316.30078125,
  "training_gpu_0_memory_MB": 62.47802734375,
  "validation_accuracy": 0.7201986754966887,
  "validation_loss": 1.381929838657379,
  "best_validation_accuracy": 0.7201986754966887,
  "best_validation_loss": 1.381929838657379
}