{
  "best_epoch": 0,
  "peak_worker_0_memory_MB": 2317.36328125,
  "peak_gpu_0_memory_MB": 51.4853515625,
  "training_duration": "0:00:00.252523",
  "training_start_epoch": 0,
  "training_epochs": 0,
  "epoch": 0,
  "training_accuracy": 0.1793911007025761,
  "training_loss": 3.7745112945784385,
  "training_worker_0_memory_MB": 2317.36328125,
  "training_gpu_0_memory_MB": 51.4853515625,
  "validation_accuracy": 0.3129139072847682,
  "validation_loss": 3.2073108673095705,
  "best_validation_accuracy": 0.3129139072847682,
  "best_validation_loss": 3.2073108673095705
}