{
  "best_epoch": 20,
  "peak_worker_0_memory_MB": 2313.5546875,
  "peak_gpu_0_memory_MB": 54.728515625,
  "training_duration": "0:00:06.023500",
  "training_start_epoch": 0,
  "training_epochs": 27,
  "epoch": 27,
  "training_accuracy": 0.9870854123862636,
  "training_loss": 0.06436134288432421,
  "training_worker_0_memory_MB": 2313.5546875,
  "training_gpu_0_memory_MB": 54.728515625,
  "validation_accuracy": 0.7996688741721855,
  "validation_loss": 0.933336877822876,
  "best_validation_accuracy": 0.7996688741721855,
  "best_validation_loss": 0.8527322828769683
}