{
  "best_epoch": 12,
  "peak_worker_0_memory_MB": 2313.5546875,
  "peak_gpu_0_memory_MB": 54.728515625,
  "training_duration": "0:00:02.781906",
  "training_start_epoch": 0,
  "training_epochs": 12,
  "epoch": 12,
  "training_accuracy": 0.9512767830936307,
  "training_loss": 0.2885259221549387,
  "training_worker_0_memory_MB": 2313.5546875,
  "training_gpu_0_memory_MB": 54.728515625,
  "validation_accuracy": 0.793046357615894,
  "validation_loss": 0.8954636454582214,
  "best_validation_accuracy": 0.793046357615894,
  "best_validation_loss": 0.8954636454582214
}