{
  "best_epoch": 11,
  "peak_worker_0_memory_MB": 2271.109375,
  "peak_gpu_0_memory_MB": 15.515625,
  "training_duration": "0:00:01.728425",
  "training_start_epoch": 0,
  "training_epochs": 20,
  "epoch": 20,
  "training_accuracy": 0.8788121990369181,
  "training_loss": 0.29855396300554277,
  "training_worker_0_memory_MB": 2271.109375,
  "training_gpu_0_memory_MB": 15.515625,
  "validation_accuracy": 0.7963576158940397,
  "validation_loss": 1.183587235212326,
  "best_validation_accuracy": 0.8195364238410596,
  "best_validation_loss": 1.0960716366767884
}