{
  "best_epoch": 6,
  "peak_worker_0_memory_MB": 2318.11328125,
  "peak_gpu_0_memory_MB": 51.84521484375,
  "training_duration": "0:00:02.448459",
  "training_start_epoch": 0,
  "training_epochs": 8,
  "epoch": 8,
  "training_accuracy": 0.8800668616798997,
  "training_loss": 0.49238386358085434,
  "training_worker_0_memory_MB": 2318.11328125,
  "training_gpu_0_memory_MB": 51.84521484375,
  "validation_accuracy": 0.7996688741721855,
  "validation_loss": 1.082417643070221,
  "best_validation_accuracy": 0.7847682119205298,
  "best_validation_loss": 1.0371322154998779
}