{
  "best_epoch": 2,
  "peak_worker_0_memory_MB": 2287.08203125,
  "peak_gpu_0_memory_MB": 30.3212890625,
  "training_duration": "0:00:00.617949",
  "training_start_epoch": 0,
  "training_epochs": 3,
  "epoch": 3,
  "training_accuracy": 0.9348098620977852,
  "training_loss": 0.28685027478556885,
  "training_worker_0_memory_MB": 2287.08203125,
  "training_gpu_0_memory_MB": 30.3212890625,
  "validation_accuracy": 0.7980132450331126,
  "validation_loss": 0.9285364270210266,
  "best_validation_accuracy": 0.7897350993377483,
  "best_validation_loss": 0.9111153483390808
}