{
  "best_epoch": 2,
  "peak_worker_0_memory_MB": 2287.08203125,
  "peak_gpu_0_memory_MB": 30.3212890625,
  "training_duration": "0:00:01.671472",
  "training_start_epoch": 0,
  "training_epochs": 10,
  "epoch": 10,
  "training_accuracy": 0.994985374007522,
  "training_loss": 0.03141795245832518,
  "training_worker_0_memory_MB": 2287.08203125,
  "training_gpu_0_memory_MB": 30.3212890625,
  "validation_accuracy": 0.7864238410596026,
  "validation_loss": 1.0982564210891723,
  "best_validation_accuracy": 0.7897350993377483,
  "best_validation_loss": 0.9111153483390808
}