{
  "best_epoch": 0,
  "peak_worker_0_memory_MB": 2287.08203125,
  "peak_gpu_0_memory_MB": 30.3212890625,
  "training_duration": "0:00:00.164356",
  "training_start_epoch": 0,
  "training_epochs": 0,
  "epoch": 0,
  "training_accuracy": 0.4141245298788132,
  "training_loss": 2.831206738948822,
  "training_worker_0_memory_MB": 2287.08203125,
  "training_gpu_0_memory_MB": 30.3212890625,
  "validation_accuracy": 0.6622516556291391,
  "validation_loss": 1.792475163936615,
  "best_validation_accuracy": 0.6622516556291391,
  "best_validation_loss": 1.792475163936615
}