{
  "best_epoch": 5,
  "peak_worker_0_memory_MB": 2271.109375,
  "peak_gpu_0_memory_MB": 15.515625,
  "training_duration": "0:00:00.952983",
  "training_start_epoch": 0,
  "training_epochs": 10,
  "epoch": 10,
  "training_accuracy": 0.8796147672552167,
  "training_loss": 0.3104801528155804,
  "training_worker_0_memory_MB": 2271.109375,
  "training_gpu_0_memory_MB": 15.515625,
  "validation_accuracy": 0.8129139072847682,
  "validation_loss": 1.1962494730949402,
  "best_validation_accuracy": 0.8112582781456954,
  "best_validation_loss": 1.1124247312545776
}