{
  "best_epoch": 54,
  "peak_worker_0_memory_MB": 2365.1484375,
  "peak_gpu_0_memory_MB": 89.33056640625,
  "training_duration": "0:00:26.926779",
  "training_start_epoch": 0,
  "training_epochs": 57,
  "epoch": 57,
  "training_accuracy": 0.9870379260681709,
  "training_loss": 0.11792870084861763,
  "training_worker_0_memory_MB": 2365.1484375,
  "training_gpu_0_memory_MB": 89.33056640625,
  "validation_accuracy": 0.8029801324503312,
  "validation_loss": 0.9027584671974183,
  "best_validation_accuracy": 0.7980132450331126,
  "best_validation_loss": 0.8816008299589158
}