{
  "best_epoch": 17,
  "peak_worker_0_memory_MB": 2365.1484375,
  "peak_gpu_0_memory_MB": 89.33056640625,
  "training_duration": "0:00:08.445147",
  "training_start_epoch": 0,
  "training_epochs": 17,
  "epoch": 17,
  "training_accuracy": 0.7435189630340855,
  "training_loss": 1.5370361568363569,
  "training_worker_0_memory_MB": 2365.1484375,
  "training_gpu_0_memory_MB": 89.33056640625,
  "validation_accuracy": 0.7268211920529801,
  "validation_loss": 1.4098946571350097,
  "best_validation_accuracy": 0.7268211920529801,
  "best_validation_loss": 1.4098946571350097
}