{
  "best_epoch": 37,
  "peak_worker_0_memory_MB": 2365.1484375,
  "peak_gpu_0_memory_MB": 89.33056640625,
  "training_duration": "0:00:18.106936",
  "training_start_epoch": 0,
  "training_epochs": 38,
  "epoch": 38,
  "training_accuracy": 0.951392222755641,
  "training_loss": 0.3991748239020355,
  "training_worker_0_memory_MB": 2365.1484375,
  "training_gpu_0_memory_MB": 89.33056640625,
  "validation_accuracy": 0.7880794701986755,
  "validation_loss": 0.9317444264888763,
  "best_validation_accuracy": 0.7880794701986755,
  "best_validation_loss": 0.9287064433097839
}