{
  "best_epoch": 54,
  "peak_worker_0_memory_MB": 2365.1484375,
  "peak_gpu_0_memory_MB": 89.33056640625,
  "training_duration": "0:00:28.298931",
  "training_start_epoch": 0,
  "training_epochs": 60,
  "epoch": 60,
  "training_accuracy": 0.9890782525204033,
  "training_loss": 0.09851215529532834,
  "training_worker_0_memory_MB": 2365.1484375,
  "training_gpu_0_memory_MB": 89.33056640625,
  "validation_accuracy": 0.804635761589404,
  "validation_loss": 0.8883552432060242,
  "best_validation_accuracy": 0.7980132450331126,
  "best_validation_loss": 0.8816008299589158
}