{
  "best_epoch": 25,
  "peak_worker_0_memory_MB": 2269.6171875,
  "peak_gpu_0_memory_MB": 8.73193359375,
  "training_duration": "0:00:03.543722",
  "training_start_epoch": 0,
  "training_epochs": 25,
  "epoch": 25,
  "training_accuracy": 0.9139155871291266,
  "training_loss": 0.32106422083942515,
  "training_worker_0_memory_MB": 2269.6171875,
  "training_gpu_0_memory_MB": 8.73193359375,
  "validation_accuracy": 0.8311258278145696,
  "validation_loss": 0.848699513077736,
  "best_validation_accuracy": 0.8311258278145696,
  "best_validation_loss": 0.848699513077736
}