{
  "best_epoch": 7,
  "peak_worker_0_memory_MB": 2288.81640625,
  "peak_gpu_0_memory_MB": 49.984375,
  "training_duration": "0:00:05.222280",
  "training_start_epoch": 0,
  "training_epochs": 7,
  "epoch": 7,
  "training_accuracy": 0.7977434183033849,
  "training_loss": 0.8953986293391177,
  "training_worker_0_memory_MB": 2288.81640625,
  "training_gpu_0_memory_MB": 49.984375,
  "validation_accuracy": 0.7632450331125827,
  "validation_loss": 1.2705210328102112,
  "best_validation_accuracy": 0.7632450331125827,
  "best_validation_loss": 1.2705210328102112
}