{
  "best_epoch": 8,
  "peak_worker_0_memory_MB": 2271.57421875,
  "peak_gpu_0_memory_MB": 15.515625,
  "training_duration": "0:00:01.544900",
  "training_start_epoch": 0,
  "training_epochs": 17,
  "epoch": 17,
  "training_accuracy": 0.8804173354735152,
  "training_loss": 0.28922597840428355,
  "training_worker_0_memory_MB": 2271.57421875,
  "training_gpu_0_memory_MB": 15.515625,
  "validation_accuracy": 0.8162251655629139,
  "validation_loss": 1.1991466760635376,
  "best_validation_accuracy": 0.8096026490066225,
  "best_validation_loss": 1.1178054809570312
}