{
  "best_epoch": 4,
  "peak_worker_0_memory_MB": 2271.57421875,
  "peak_gpu_0_memory_MB": 15.515625,
  "training_duration": "0:00:00.406455",
  "training_start_epoch": 0,
  "training_epochs": 4,
  "epoch": 4,
  "training_accuracy": 0.7744783306581059,
  "training_loss": 1.3443625777959824,
  "training_worker_0_memory_MB": 2271.57421875,
  "training_gpu_0_memory_MB": 15.515625,
  "validation_accuracy": 0.7980132450331126,
  "validation_loss": 1.3584208488464355,
  "best_validation_accuracy": 0.7980132450331126,
  "best_validation_loss": 1.3584208488464355
}