{
  "best_epoch": 7,
  "peak_worker_0_memory_MB": 2271.57421875,
  "peak_gpu_0_memory_MB": 15.515625,
  "training_duration": "0:00:00.653132",
  "training_start_epoch": 0,
  "training_epochs": 7,
  "epoch": 7,
  "training_accuracy": 0.8707865168539326,
  "training_loss": 0.5818474188446998,
  "training_worker_0_memory_MB": 2271.57421875,
  "training_gpu_0_memory_MB": 15.515625,
  "validation_accuracy": 0.8129139072847682,
  "validation_loss": 1.1359576106071472,
  "best_validation_accuracy": 0.8129139072847682,
  "best_validation_loss": 1.1359576106071472
}