{
  "best_epoch": 21,
  "peak_worker_0_memory_MB": 2331.171875,
  "peak_gpu_0_memory_MB": 65.09326171875,
  "training_duration": "0:00:05.930161",
  "training_start_epoch": 0,
  "training_epochs": 22,
  "epoch": 22,
  "training_accuracy": 0.9217798594847775,
  "training_loss": 0.5000359411559888,
  "training_worker_0_memory_MB": 2331.171875,
  "training_gpu_0_memory_MB": 65.09326171875,
  "validation_accuracy": 0.7798013245033113,
  "validation_loss": 1.0167498171329499,
  "best_validation_accuracy": 0.7798013245033113,
  "best_validation_loss": 1.005052387714386
}