{
  "best_epoch": 30,
  "peak_worker_0_memory_MB": 2331.171875,
  "peak_gpu_0_memory_MB": 65.09326171875,
  "training_duration": "0:00:08.721527",
  "training_start_epoch": 0,
  "training_epochs": 33,
  "epoch": 33,
  "training_accuracy": 0.9618266978922717,
  "training_loss": 0.22816579266270595,
  "training_worker_0_memory_MB": 2331.171875,
  "training_gpu_0_memory_MB": 65.09326171875,
  "validation_accuracy": 0.7980132450331126,
  "validation_loss": 0.9053911447525025,
  "best_validation_accuracy": 0.7897350993377483,
  "best_validation_loss": 0.8931406736373901
}