{
  "best_epoch": 40,
  "peak_worker_0_memory_MB": 2331.171875,
  "peak_gpu_0_memory_MB": 65.09326171875,
  "training_duration": "0:00:10.525153",
  "training_start_epoch": 0,
  "training_epochs": 40,
  "epoch": 40,
  "training_accuracy": 0.972599531615925,
  "training_loss": 0.15455924269201152,
  "training_worker_0_memory_MB": 2331.171875,
  "training_gpu_0_memory_MB": 65.09326171875,
  "validation_accuracy": 0.8062913907284768,
  "validation_loss": 0.8607142239809036,
  "best_validation_accuracy": 0.8062913907284768,
  "best_validation_loss": 0.8607142239809036
}