{
  "best_epoch": 7,
  "peak_worker_0_memory_MB": 2287.2109375,
  "peak_gpu_0_memory_MB": 30.3212890625,
  "training_duration": "0:00:01.185298",
  "training_start_epoch": 0,
  "training_epochs": 7,
  "epoch": 7,
  "training_accuracy": 0.8817384036773924,
  "training_loss": 0.5883306476630663,
  "training_worker_0_memory_MB": 2287.2109375,
  "training_gpu_0_memory_MB": 30.3212890625,
  "validation_accuracy": 0.7715231788079471,
  "validation_loss": 1.004982191324234,
  "best_validation_accuracy": 0.7715231788079471,
  "best_validation_loss": 1.004982191324234
}