{
  "best_epoch": 5,
  "peak_worker_0_memory_MB": 2287.2109375,
  "peak_gpu_0_memory_MB": 30.3212890625,
  "training_duration": "0:00:00.872384",
  "training_start_epoch": 0,
  "training_epochs": 5,
  "epoch": 5,
  "training_accuracy": 0.8286669452569996,
  "training_loss": 0.871275355941371,
  "training_worker_0_memory_MB": 2287.2109375,
  "training_gpu_0_memory_MB": 30.3212890625,
  "validation_accuracy": 0.7599337748344371,
  "validation_loss": 1.1298715412616729,
  "best_validation_accuracy": 0.7599337748344371,
  "best_validation_loss": 1.1298715412616729
}