{
  "best_epoch": 15,
  "peak_worker_0_memory_MB": 2287.2109375,
  "peak_gpu_0_memory_MB": 30.3212890625,
  "training_duration": "0:00:03.215201",
  "training_start_epoch": 0,
  "training_epochs": 21,
  "epoch": 21,
  "training_accuracy": 0.9778520685332219,
  "training_loss": 0.10570607667690829,
  "training_worker_0_memory_MB": 2287.2109375,
  "training_gpu_0_memory_MB": 30.3212890625,
  "validation_accuracy": 0.7897350993377483,
  "validation_loss": 0.9655927777290344,
  "best_validation_accuracy": 0.7980132450331126,
  "best_validation_loss": 0.9110783696174621
}