{
  "best_epoch": 2,
  "peak_worker_0_memory_MB": 2269.6171875,
  "peak_gpu_0_memory_MB": 8.73193359375,
  "training_duration": "0:00:00.408379",
  "training_start_epoch": 0,
  "training_epochs": 2,
  "epoch": 2,
  "training_accuracy": 0.4521521103217718,
  "training_loss": 2.462040562378733,
  "training_worker_0_memory_MB": 2269.6171875,
  "training_gpu_0_memory_MB": 8.73193359375,
  "validation_accuracy": 0.5496688741721855,
  "validation_loss": 2.231349301338196,
  "best_validation_accuracy": 0.5496688741721855,
  "best_validation_loss": 2.231349301338196
}