{
  "best_epoch": 20,
  "peak_worker_0_memory_MB": 2313.4765625,
  "peak_gpu_0_memory_MB": 54.728515625,
  "training_duration": "0:00:05.057752",
  "training_start_epoch": 0,
  "training_epochs": 21,
  "epoch": 21,
  "training_accuracy": 0.915468153800998,
  "training_loss": 0.5073741299134714,
  "training_worker_0_memory_MB": 2313.4765625,
  "training_gpu_0_memory_MB": 54.728515625,
  "validation_accuracy": 0.7831125827814569,
  "validation_loss": 1.0488327205181123,
  "best_validation_accuracy": 0.7781456953642384,
  "best_validation_loss": 1.0341871678829193
}