{
  "best_epoch": 33,
  "peak_worker_0_memory_MB": 2313.4765625,
  "peak_gpu_0_memory_MB": 54.728515625,
  "training_duration": "0:00:07.798496",
  "training_start_epoch": 0,
  "training_epochs": 33,
  "epoch": 33,
  "training_accuracy": 0.9609627238039331,
  "training_loss": 0.21897248827196933,
  "training_worker_0_memory_MB": 2313.4765625,
  "training_gpu_0_memory_MB": 54.728515625,
  "validation_accuracy": 0.7980132450331126,
  "validation_loss": 0.8974522590637207,
  "best_validation_accuracy": 0.7980132450331126,
  "best_validation_loss": 0.8974522590637207
}