{
  "best_epoch": 0,
  "peak_worker_0_memory_MB": 2317.36328125,
  "peak_gpu_0_memory_MB": 51.4853515625,
  "training_duration": "0:00:00.254755",
  "training_start_epoch": 0,
  "training_epochs": 0,
  "epoch": 0,
  "training_accuracy": 0.15433255269320842,
  "training_loss": 4.055519420709183,
  "training_worker_0_memory_MB": 2317.36328125,
  "training_gpu_0_memory_MB": 51.4853515625,
  "validation_accuracy": 0.3344370860927152,
  "validation_loss": 3.8265565633773804,
  "best_validation_accuracy": 0.3344370860927152,
  "best_validation_loss": 3.8265565633773804
}