{
  "best_epoch": 13,
  "peak_worker_0_memory_MB": 2271.109375,
  "peak_gpu_0_memory_MB": 15.515625,
  "training_duration": "0:00:01.271843",
  "training_start_epoch": 0,
  "training_epochs": 13,
  "epoch": 13,
  "training_accuracy": 0.5104333868378812,
  "training_loss": 2.9809720635414125,
  "training_worker_0_memory_MB": 2271.109375,
  "training_gpu_0_memory_MB": 15.515625,
  "validation_accuracy": 0.5877483443708609,
  "validation_loss": 2.9154417514801025,
  "best_validation_accuracy": 0.5877483443708609,
  "best_validation_loss": 2.9154417514801025
}