{
  "best_epoch": 2,
  "peak_worker_0_memory_MB": 2271.109375,
  "peak_gpu_0_memory_MB": 15.515625,
  "training_duration": "0:00:00.246481",
  "training_start_epoch": 0,
  "training_epochs": 2,
  "epoch": 2,
  "training_accuracy": 0.16693418940609953,
  "training_loss": 4.0330844759941105,
  "training_worker_0_memory_MB": 2271.109375,
  "training_gpu_0_memory_MB": 15.515625,
  "validation_accuracy": 0.19039735099337748,
  "validation_loss": 3.979926347732544,
  "best_validation_accuracy": 0.19039735099337748,
  "best_validation_loss": 3.979926347732544
}