{
  "best_epoch": 25,
  "peak_worker_0_memory_MB": 2271.109375,
  "peak_gpu_0_memory_MB": 15.515625,
  "training_duration": "0:00:02.289321",
  "training_start_epoch": 0,
  "training_epochs": 25,
  "epoch": 25,
  "training_accuracy": 0.7680577849117175,
  "training_loss": 1.6140521168708801,
  "training_worker_0_memory_MB": 2271.109375,
  "training_gpu_0_memory_MB": 15.515625,
  "validation_accuracy": 0.7665562913907285,
  "validation_loss": 1.771537709236145,
  "best_validation_accuracy": 0.7665562913907285,
  "best_validation_loss": 1.771537709236145
}