{
  "best_epoch": 14,
  "peak_worker_0_memory_MB": 2319.46875,
  "peak_gpu_0_memory_MB": 51.08984375,
  "training_duration": "0:00:04.056894",
  "training_start_epoch": 0,
  "training_epochs": 14,
  "epoch": 14,
  "training_accuracy": 0.972599531615925,
  "training_loss": 0.19225504482859995,
  "training_worker_0_memory_MB": 2319.46875,
  "training_gpu_0_memory_MB": 51.08984375,
  "validation_accuracy": 0.8013245033112583,
  "validation_loss": 0.904303514957428,
  "best_validation_accuracy": 0.8013245033112583,
  "best_validation_loss": 0.904303514957428
}