{
  "best_epoch": 44,
  "peak_worker_0_memory_MB": 2313.53515625,
  "peak_gpu_0_memory_MB": 54.728515625,
  "training_duration": "0:00:10.238195",
  "training_start_epoch": 0,
  "training_epochs": 46,
  "epoch": 46,
  "training_accuracy": 0.9729967713530966,
  "training_loss": 0.1461187600399609,
  "training_worker_0_memory_MB": 2313.53515625,
  "training_gpu_0_memory_MB": 54.728515625,
  "validation_accuracy": 0.8029801324503312,
  "validation_loss": 0.8753415763378143,
  "best_validation_accuracy": 0.8013245033112583,
  "best_validation_loss": 0.8554724544286728
}