{
  "best_epoch": 42,
  "peak_worker_0_memory_MB": 2313.53515625,
  "peak_gpu_0_memory_MB": 54.728515625,
  "training_duration": "0:00:09.362669",
  "training_start_epoch": 0,
  "training_epochs": 42,
  "epoch": 42,
  "training_accuracy": 0.9665394775462284,
  "training_loss": 0.1750756041319282,
  "training_worker_0_memory_MB": 2313.53515625,
  "training_gpu_0_memory_MB": 54.728515625,
  "validation_accuracy": 0.7996688741721855,
  "validation_loss": 0.868170166015625,
  "best_validation_accuracy": 0.7996688741721855,
  "best_validation_loss": 0.868170166015625
}