{
  "best_epoch": 38,
  "peak_worker_0_memory_MB": 2313.53515625,
  "peak_gpu_0_memory_MB": 54.728515625,
  "training_duration": "0:00:08.495294",
  "training_start_epoch": 0,
  "training_epochs": 38,
  "epoch": 38,
  "training_accuracy": 0.9615497505136483,
  "training_loss": 0.2108714395651111,
  "training_worker_0_memory_MB": 2313.53515625,
  "training_gpu_0_memory_MB": 54.728515625,
  "validation_accuracy": 0.7963576158940397,
  "validation_loss": 0.881128454208374,
  "best_validation_accuracy": 0.7963576158940397,
  "best_validation_loss": 0.881128454208374
}