{
  "best_epoch": 11,
  "peak_worker_0_memory_MB": 2379.60546875,
  "peak_gpu_0_memory_MB": 89.33056640625,
  "training_duration": "0:00:07.174969",
  "training_start_epoch": 0,
  "training_epochs": 14,
  "epoch": 14,
  "training_accuracy": 0.7768843014882382,
  "training_loss": 0.9406572314164111,
  "training_worker_0_memory_MB": 2379.60546875,
  "training_gpu_0_memory_MB": 89.33056640625,
  "validation_accuracy": 0.7847682119205298,
  "validation_loss": 0.9564882278442383,
  "best_validation_accuracy": 0.7798013245033113,
  "best_validation_loss": 0.9493493914604187
}