{
  "best_epoch": 13,
  "peak_worker_0_memory_MB": 2269.83203125,
  "peak_gpu_0_memory_MB": 15.515625,
  "training_duration": "0:00:01.161780",
  "training_start_epoch": 0,
  "training_epochs": 13,
  "epoch": 13,
  "training_accuracy": 0.8354735152487961,
  "training_loss": 0.9181610226631165,
  "training_worker_0_memory_MB": 2269.83203125,
  "training_gpu_0_memory_MB": 15.515625,
  "validation_accuracy": 0.8079470198675497,
  "validation_loss": 1.2738459587097168,
  "best_validation_accuracy": 0.8079470198675497,
  "best_validation_loss": 1.2738459587097168
}