{
  "best_epoch": 12,
  "peak_worker_0_memory_MB": 2269.83203125,
  "peak_gpu_0_memory_MB": 15.515625,
  "training_duration": "0:00:01.080566",
  "training_start_epoch": 0,
  "training_epochs": 12,
  "epoch": 12,
  "training_accuracy": 0.8154093097913323,
  "training_loss": 1.0126235961914063,
  "training_worker_0_memory_MB": 2269.83203125,
  "training_gpu_0_memory_MB": 15.515625,
  "validation_accuracy": 0.8029801324503312,
  "validation_loss": 1.3083215236663819,
  "best_validation_accuracy": 0.8029801324503312,
  "best_validation_loss": 1.3083215236663819
}