{
  "best_epoch": 21,
  "peak_worker_0_memory_MB": 2269.83203125,
  "peak_gpu_0_memory_MB": 15.515625,
  "training_duration": "0:00:01.889604",
  "training_start_epoch": 0,
  "training_epochs": 22,
  "epoch": 22,
  "training_accuracy": 0.8804173354735152,
  "training_loss": 0.4615380361676216,
  "training_worker_0_memory_MB": 2269.83203125,
  "training_gpu_0_memory_MB": 15.515625,
  "validation_accuracy": 0.8112582781456954,
  "validation_loss": 1.1570831775665282,
  "best_validation_accuracy": 0.8195364238410596,
  "best_validation_loss": 1.140386515855789
}