{
  "best_epoch": 35,
  "peak_worker_0_memory_MB": 2313.53515625,
  "peak_gpu_0_memory_MB": 54.728515625,
  "training_duration": "0:00:08.850791",
  "training_start_epoch": 0,
  "training_epochs": 41,
  "epoch": 41,
  "training_accuracy": 0.9823891987085412,
  "training_loss": 0.1043279907769627,
  "training_worker_0_memory_MB": 2313.53515625,
  "training_gpu_0_memory_MB": 54.728515625,
  "validation_accuracy": 0.8079470198675497,
  "validation_loss": 0.8873082339763642,
  "best_validation_accuracy": 0.8062913907284768,
  "best_validation_loss": 0.8629310369491577
}