{
  "best_epoch": 11,
  "peak_worker_0_memory_MB": 2313.53515625,
  "peak_gpu_0_memory_MB": 54.728515625,
  "training_duration": "0:00:02.525915",
  "training_start_epoch": 0,
  "training_epochs": 11,
  "epoch": 11,
  "training_accuracy": 0.8224244203111242,
  "training_loss": 1.104548932225616,
  "training_worker_0_memory_MB": 2313.53515625,
  "training_gpu_0_memory_MB": 54.728515625,
  "validation_accuracy": 0.7334437086092715,
  "validation_loss": 1.4189217805862426,
  "best_validation_accuracy": 0.7334437086092715,
  "best_validation_loss": 1.4189217805862426
}