{
  "best_epoch": 5,
  "peak_worker_0_memory_MB": 2316.30078125,
  "peak_gpu_0_memory_MB": 62.47802734375,
  "training_duration": "0:00:01.573460",
  "training_start_epoch": 0,
  "training_epochs": 5,
  "epoch": 5,
  "training_accuracy": 0.21686182669789228,
  "training_loss": 3.2716131459421187,
  "training_worker_0_memory_MB": 2316.30078125,
  "training_gpu_0_memory_MB": 62.47802734375,
  "validation_accuracy": 0.35927152317880795,
  "validation_loss": 3.0701800346374513,
  "best_validation_accuracy": 0.35927152317880795,
  "best_validation_loss": 3.0701800346374513
}