{
  "best_epoch": 33,
  "peak_worker_0_memory_MB": 2316.30078125,
  "peak_gpu_0_memory_MB": 62.47802734375,
  "training_duration": "0:00:08.977695",
  "training_start_epoch": 0,
  "training_epochs": 33,
  "epoch": 33,
  "training_accuracy": 0.7325526932084309,
  "training_loss": 1.3115106518588848,
  "training_worker_0_memory_MB": 2316.30078125,
  "training_gpu_0_memory_MB": 62.47802734375,
  "validation_accuracy": 0.7417218543046358,
  "validation_loss": 1.2941347122192384,
  "best_validation_accuracy": 0.7417218543046358,
  "best_validation_loss": 1.2941347122192384
}