{
  "best_epoch": 61,
  "peak_worker_0_memory_MB": 2316.30078125,
  "peak_gpu_0_memory_MB": 62.47802734375,
  "training_duration": "0:00:17.891576",
  "training_start_epoch": 0,
  "training_epochs": 67,
  "epoch": 67,
  "training_accuracy": 0.8908665105386416,
  "training_loss": 0.5667348633061594,
  "training_worker_0_memory_MB": 2316.30078125,
  "training_gpu_0_memory_MB": 62.47802734375,
  "validation_accuracy": 0.7963576158940397,
  "validation_loss": 0.9326250076293945,
  "best_validation_accuracy": 0.7897350993377483,
  "best_validation_loss": 0.9220720946788787
}