{
  "best_epoch": 56,
  "peak_worker_0_memory_MB": 2316.30078125,
  "peak_gpu_0_memory_MB": 62.47802734375,
  "training_duration": "0:00:15.329737",
  "training_start_epoch": 0,
  "training_epochs": 57,
  "epoch": 57,
  "training_accuracy": 0.8679156908665105,
  "training_loss": 0.6898971493564435,
  "training_worker_0_memory_MB": 2316.30078125,
  "training_gpu_0_memory_MB": 62.47802734375,
  "validation_accuracy": 0.7864238410596026,
  "validation_loss": 0.9707316100597382,
  "best_validation_accuracy": 0.7814569536423841,
  "best_validation_loss": 0.9524941504001617
}