{
  "best_epoch": 12,
  "peak_worker_0_memory_MB": 2316.30078125,
  "peak_gpu_0_memory_MB": 62.47802734375,
  "training_duration": "0:00:03.410852",
  "training_start_epoch": 0,
  "training_epochs": 12,
  "epoch": 12,
  "training_accuracy": 0.4173302107728337,
  "training_loss": 2.6591697023875676,
  "training_worker_0_memory_MB": 2316.30078125,
  "training_gpu_0_memory_MB": 62.47802734375,
  "validation_accuracy": 0.5529801324503312,
  "validation_loss": 2.4254691362380982,
  "best_validation_accuracy": 0.5529801324503312,
  "best_validation_loss": 2.4254691362380982
}