{
  "best_epoch": 55,
  "peak_worker_0_memory_MB": 2316.30078125,
  "peak_gpu_0_memory_MB": 62.47802734375,
  "training_duration": "0:00:14.808088",
  "training_start_epoch": 0,
  "training_epochs": 55,
  "epoch": 55,
  "training_accuracy": 0.8613583138173302,
  "training_loss": 0.7420811003713466,
  "training_worker_0_memory_MB": 2316.30078125,
  "training_gpu_0_memory_MB": 62.47802734375,
  "validation_accuracy": 0.7831125827814569,
  "validation_loss": 0.9716544806957245,
  "best_validation_accuracy": 0.7831125827814569,
  "best_validation_loss": 0.9716544806957245
}