{
  "best_epoch": 11,
  "peak_worker_0_memory_MB": 2316.30078125,
  "peak_gpu_0_memory_MB": 62.47802734375,
  "training_duration": "0:00:03.137054",
  "training_start_epoch": 0,
  "training_epochs": 11,
  "epoch": 11,
  "training_accuracy": 0.38337236533957847,
  "training_loss": 2.7444344883534444,
  "training_worker_0_memory_MB": 2316.30078125,
  "training_gpu_0_memory_MB": 62.47802734375,
  "validation_accuracy": 0.5281456953642384,
  "validation_loss": 2.519550347328186,
  "best_validation_accuracy": 0.5281456953642384,
  "best_validation_loss": 2.519550347328186
}