{
  "best_epoch": 37,
  "peak_worker_0_memory_MB": 2316.30078125,
  "peak_gpu_0_memory_MB": 62.47802734375,
  "training_duration": "0:00:10.034818",
  "training_start_epoch": 0,
  "training_epochs": 37,
  "epoch": 37,
  "training_accuracy": 0.7655737704918033,
  "training_loss": 1.1552501392008654,
  "training_worker_0_memory_MB": 2316.30078125,
  "training_gpu_0_memory_MB": 62.47802734375,
  "validation_accuracy": 0.7566225165562914,
  "validation_loss": 1.1909273624420167,
  "best_validation_accuracy": 0.7566225165562914,
  "best_validation_loss": 1.1909273624420167
}