{
  "best_epoch": 60,
  "peak_worker_0_memory_MB": 2327.01171875,
  "peak_gpu_0_memory_MB": 69.92529296875,
  "training_duration": "0:00:15.524290",
  "training_start_epoch": 0,
  "training_epochs": 61,
  "epoch": 61,
  "training_accuracy": 0.9346678398592169,
  "training_loss": 0.38807502626958823,
  "training_worker_0_memory_MB": 2327.01171875,
  "training_gpu_0_memory_MB": 69.92529296875,
  "validation_accuracy": 0.7963576158940397,
  "validation_loss": 0.9463943541049957,
  "best_validation_accuracy": 0.7963576158940397,
  "best_validation_loss": 0.9234555065631866
}