{
  "best_epoch": 78,
  "peak_worker_0_memory_MB": 2327.01171875,
  "peak_gpu_0_memory_MB": 69.92529296875,
  "training_duration": "0:00:19.789894",
  "training_start_epoch": 0,
  "training_epochs": 78,
  "epoch": 78,
  "training_accuracy": 0.9586449626044875,
  "training_loss": 0.24232055262352029,
  "training_worker_0_memory_MB": 2327.01171875,
  "training_gpu_0_memory_MB": 69.92529296875,
  "validation_accuracy": 0.8029801324503312,
  "validation_loss": 0.8890703558921814,
  "best_validation_accuracy": 0.8029801324503312,
  "best_validation_loss": 0.8890703558921814
}