{
  "best_epoch": 7,
  "peak_worker_0_memory_MB": 2327.01171875,
  "peak_gpu_0_memory_MB": 69.92529296875,
  "training_duration": "0:00:02.014228",
  "training_start_epoch": 0,
  "training_epochs": 7,
  "epoch": 7,
  "training_accuracy": 0.2888253409590849,
  "training_loss": 3.00906142923567,
  "training_worker_0_memory_MB": 2327.01171875,
  "training_gpu_0_memory_MB": 69.92529296875,
  "validation_accuracy": 0.3543046357615894,
  "validation_loss": 2.9073541879653932,
  "best_validation_accuracy": 0.3543046357615894,
  "best_validation_loss": 2.9073541879653932
}