{
  "best_epoch": 27,
  "peak_worker_0_memory_MB": 2327.01171875,
  "peak_gpu_0_memory_MB": 69.92529296875,
  "training_duration": "0:00:07.015722",
  "training_start_epoch": 0,
  "training_epochs": 27,
  "epoch": 27,
  "training_accuracy": 0.7738671359436867,
  "training_loss": 1.2586148919330702,
  "training_worker_0_memory_MB": 2327.01171875,
  "training_gpu_0_memory_MB": 69.92529296875,
  "validation_accuracy": 0.7301324503311258,
  "validation_loss": 1.3826164722442627,
  "best_validation_accuracy": 0.7301324503311258,
  "best_validation_loss": 1.3826164722442627
}