{
  "best_epoch": 42,
  "peak_worker_0_memory_MB": 2327.01171875,
  "peak_gpu_0_memory_MB": 69.92529296875,
  "training_duration": "0:00:10.769404",
  "training_start_epoch": 0,
  "training_epochs": 42,
  "epoch": 42,
  "training_accuracy": 0.8801143862736471,
  "training_loss": 0.6996956401401095,
  "training_worker_0_memory_MB": 2327.01171875,
  "training_gpu_0_memory_MB": 69.92529296875,
  "validation_accuracy": 0.7715231788079471,
  "validation_loss": 1.0613712310791015,
  "best_validation_accuracy": 0.7715231788079471,
  "best_validation_loss": 1.0613712310791015
}