{
  "best_epoch": 1,
  "peak_worker_0_memory_MB": 2327.01171875,
  "peak_gpu_0_memory_MB": 69.92529296875,
  "training_duration": "0:00:00.503955",
  "training_start_epoch": 0,
  "training_epochs": 1,
  "epoch": 1,
  "training_accuracy": 0.17861856577210736,
  "training_loss": 3.9108245538340674,
  "training_worker_0_memory_MB": 2327.01171875,
  "training_gpu_0_memory_MB": 69.92529296875,
  "validation_accuracy": 0.24006622516556292,
  "validation_loss": 3.7666882514953612,
  "best_validation_accuracy": 0.24006622516556292,
  "best_validation_loss": 3.7666882514953612
}