{
  "best_epoch": 39,
  "peak_worker_0_memory_MB": 2327.01171875,
  "peak_gpu_0_memory_MB": 69.92529296875,
  "training_duration": "0:00:10.020694",
  "training_start_epoch": 0,
  "training_epochs": 39,
  "epoch": 39,
  "training_accuracy": 0.8706555213374395,
  "training_loss": 0.7887366049819522,
  "training_worker_0_memory_MB": 2327.01171875,
  "training_gpu_0_memory_MB": 69.92529296875,
  "validation_accuracy": 0.7682119205298014,
  "validation_loss": 1.090570229291916,
  "best_validation_accuracy": 0.7682119205298014,
  "best_validation_loss": 1.090570229291916
}