{
  "best_epoch": 18,
  "peak_worker_0_memory_MB": 2371.23046875,
  "peak_gpu_0_memory_MB": 89.33056640625,
  "training_duration": "0:00:12.237330",
  "training_start_epoch": 0,
  "training_epochs": 25,
  "epoch": 25,
  "training_accuracy": 0.9519923187710033,
  "training_loss": 0.24169724736049886,
  "training_worker_0_memory_MB": 2371.23046875,
  "training_gpu_0_memory_MB": 89.33056640625,
  "validation_accuracy": 0.8079470198675497,
  "validation_loss": 0.8900515407323837,
  "best_validation_accuracy": 0.804635761589404,
  "best_validation_loss": 0.8883090913295746
}