{
  "best_epoch": 56,
  "peak_worker_0_memory_MB": 2316.2890625,
  "peak_gpu_0_memory_MB": 62.47802734375,
  "training_duration": "0:00:16.154412",
  "training_start_epoch": 0,
  "training_epochs": 59,
  "epoch": 59,
  "training_accuracy": 0.9714285714285714,
  "training_loss": 0.1616781366182797,
  "training_worker_0_memory_MB": 2316.2890625,
  "training_gpu_0_memory_MB": 62.47802734375,
  "validation_accuracy": 0.7980132450331126,
  "validation_loss": 0.8919784307479859,
  "best_validation_accuracy": 0.7980132450331126,
  "best_validation_loss": 0.864999669790268
}