{
  "best_epoch": 48,
  "peak_worker_0_memory_MB": 2316.2890625,
  "peak_gpu_0_memory_MB": 62.47802734375,
  "training_duration": "0:00:14.561357",
  "training_start_epoch": 0,
  "training_epochs": 53,
  "epoch": 53,
  "training_accuracy": 0.964168618266979,
  "training_loss": 0.19932060255043543,
  "training_worker_0_memory_MB": 2316.2890625,
  "training_gpu_0_memory_MB": 62.47802734375,
  "validation_accuracy": 0.793046357615894,
  "validation_loss": 0.9108441472053528,
  "best_validation_accuracy": 0.7947019867549668,
  "best_validation_loss": 0.8747363775968552
}