{
  "best_epoch": 36,
  "peak_worker_0_memory_MB": 2316.2890625,
  "peak_gpu_0_memory_MB": 62.47802734375,
  "training_duration": "0:00:10.103430",
  "training_start_epoch": 0,
  "training_epochs": 36,
  "epoch": 36,
  "training_accuracy": 0.9344262295081968,
  "training_loss": 0.42119183269009663,
  "training_worker_0_memory_MB": 2316.2890625,
  "training_gpu_0_memory_MB": 62.47802734375,
  "validation_accuracy": 0.7831125827814569,
  "validation_loss": 0.9250012338161469,
  "best_validation_accuracy": 0.7831125827814569,
  "best_validation_loss": 0.9250012338161469
}