{
  "best_epoch": 17,
  "peak_worker_0_memory_MB": 2316.2890625,
  "peak_gpu_0_memory_MB": 62.47802734375,
  "training_duration": "0:00:04.968050",
  "training_start_epoch": 0,
  "training_epochs": 17,
  "epoch": 17,
  "training_accuracy": 0.763231850117096,
  "training_loss": 1.290295407843234,
  "training_worker_0_memory_MB": 2316.2890625,
  "training_gpu_0_memory_MB": 62.47802734375,
  "validation_accuracy": 0.7235099337748344,
  "validation_loss": 1.3840668559074403,
  "best_validation_accuracy": 0.7235099337748344,
  "best_validation_loss": 1.3840668559074403
}