{
  "best_epoch": 13,
  "peak_worker_0_memory_MB": 2379.60546875,
  "peak_gpu_0_memory_MB": 89.33056640625,
  "training_duration": "0:00:06.682847",
  "training_start_epoch": 0,
  "training_epochs": 13,
  "epoch": 13,
  "training_accuracy": 0.6785885741718675,
  "training_loss": 1.3780888655713497,
  "training_worker_0_memory_MB": 2379.60546875,
  "training_gpu_0_memory_MB": 89.33056640625,
  "validation_accuracy": 0.7731788079470199,
  "validation_loss": 1.0199394285678864,
  "best_validation_accuracy": 0.7731788079470199,
  "best_validation_loss": 1.0199394285678864
}