{
  "best_epoch": 22,
  "peak_worker_0_memory_MB": 2268.59765625,
  "peak_gpu_0_memory_MB": 8.73193359375,
  "training_duration": "0:00:03.104941",
  "training_start_epoch": 0,
  "training_epochs": 22,
  "epoch": 22,
  "training_accuracy": 0.9055578771416631,
  "training_loss": 0.3992527421367796,
  "training_worker_0_memory_MB": 2268.59765625,
  "training_gpu_0_memory_MB": 8.73193359375,
  "validation_accuracy": 0.8294701986754967,
  "validation_loss": 0.8535529553890229,
  "best_validation_accuracy": 0.8294701986754967,
  "best_validation_loss": 0.8535529553890229
}