{
  "best_epoch": 10,
  "peak_worker_0_memory_MB": 2268.59765625,
  "peak_gpu_0_memory_MB": 8.73193359375,
  "training_duration": "0:00:01.516192",
  "training_start_epoch": 0,
  "training_epochs": 10,
  "epoch": 10,
  "training_accuracy": 0.8671124111993314,
  "training_loss": 0.7311966928996538,
  "training_worker_0_memory_MB": 2268.59765625,
  "training_gpu_0_memory_MB": 8.73193359375,
  "validation_accuracy": 0.8029801324503312,
  "validation_loss": 0.9641096264123916,
  "best_validation_accuracy": 0.8029801324503312,
  "best_validation_loss": 0.9641096264123916
}