{
  "best_epoch": 11,
  "peak_worker_0_memory_MB": 2271.328125,
  "peak_gpu_0_memory_MB": 15.515625,
  "training_duration": "0:00:01.329503",
  "training_start_epoch": 0,
  "training_epochs": 15,
  "epoch": 15,
  "training_accuracy": 0.8764044943820225,
  "training_loss": 0.3161521352827549,
  "training_worker_0_memory_MB": 2271.328125,
  "training_gpu_0_memory_MB": 15.515625,
  "validation_accuracy": 0.7119205298013245,
  "validation_loss": 1.1655866622924804,
  "best_validation_accuracy": 0.8096026490066225,
  "best_validation_loss": 1.0998817086219788
}