{
  "best_epoch": 19,
  "peak_worker_0_memory_MB": 0,
  "training_duration": "0:00:15.057727",
  "training_start_epoch": 0,
  "training_epochs": 21,
  "epoch": 21,
  "training_accuracy": 0.8391666666666666,
  "training_loss": 0.7304758336146673,
  "training_reg_loss": 0.0,
  "training_worker_0_memory_MB": 0.0,
  "validation_accuracy": 0.7533333333333333,
  "validation_loss": 1.3598747096563641,
  "validation_reg_loss": 0.0,
  "best_validation_accuracy": 0.7516666666666667,
  "best_validation_loss": 1.3449604887711375,
  "best_validation_reg_loss": 0.0
}