{
  "best_epoch": 12,
  "peak_worker_0_memory_MB": 0,
  "training_duration": "0:00:09.329087",
  "training_start_epoch": 0,
  "training_epochs": 12,
  "epoch": 12,
  "training_accuracy": 0.8220833333333334,
  "training_loss": 0.88399822473526,
  "training_reg_loss": 0.0,
  "training_worker_0_memory_MB": 0.0,
  "validation_accuracy": 0.7333333333333333,
  "validation_loss": 1.390402006475549,
  "validation_reg_loss": 0.0,
  "best_validation_accuracy": 0.7333333333333333,
  "best_validation_loss": 1.390402006475549,
  "best_validation_reg_loss": 0.0
}