{
  "best_epoch": 12,
  "peak_worker_0_memory_MB": 2308.46484375,
  "peak_gpu_0_memory_MB": 54.28173828125,
  "training_duration": "0:00:03.469671",
  "training_start_epoch": 0,
  "training_epochs": 12,
  "epoch": 12,
  "training_accuracy": 0.9456674473067915,
  "training_loss": 0.33081060959332026,
  "training_worker_0_memory_MB": 2308.46484375,
  "training_gpu_0_memory_MB": 54.28173828125,
  "validation_accuracy": 0.7947019867549668,
  "validation_loss": 0.9270547270774842,
  "best_validation_accuracy": 0.7947019867549668,
  "best_validation_loss": 0.9270547270774842
}