{
  "best_epoch": 25,
  "peak_worker_0_memory_MB": 2287.45703125,
  "peak_gpu_0_memory_MB": 30.3212890625,
  "training_duration": "0:00:04.418716",
  "training_start_epoch": 0,
  "training_epochs": 26,
  "epoch": 26,
  "training_accuracy": 0.45173422482239867,
  "training_loss": 2.16625084688789,
  "training_worker_0_memory_MB": 2287.45703125,
  "training_gpu_0_memory_MB": 30.3212890625,
  "validation_accuracy": 0.7019867549668874,
  "validation_loss": 1.4276677012443542,
  "best_validation_accuracy": 0.7019867549668874,
  "best_validation_loss": 1.4162161767482757
}