{
  "best_epoch": 27,
  "peak_worker_0_memory_MB": 2287.45703125,
  "peak_gpu_0_memory_MB": 30.3212890625,
  "training_duration": "0:00:04.575228",
  "training_start_epoch": 0,
  "training_epochs": 27,
  "epoch": 27,
  "training_accuracy": 0.44504805683242793,
  "training_loss": 2.1977051151426217,
  "training_worker_0_memory_MB": 2287.45703125,
  "training_gpu_0_memory_MB": 30.3212890625,
  "validation_accuracy": 0.7086092715231788,
  "validation_loss": 1.3530657529830932,
  "best_validation_accuracy": 0.7086092715231788,
  "best_validation_loss": 1.3530657529830932
}