{
  "best_epoch": 83,
  "peak_worker_0_memory_MB": 2287.45703125,
  "peak_gpu_0_memory_MB": 30.3212890625,
  "training_duration": "0:00:13.716608",
  "training_start_epoch": 0,
  "training_epochs": 83,
  "epoch": 83,
  "training_accuracy": 0.5357292101964062,
  "training_loss": 1.785372909746672,
  "training_worker_0_memory_MB": 2287.45703125,
  "training_gpu_0_memory_MB": 30.3212890625,
  "validation_accuracy": 0.7682119205298014,
  "validation_loss": 0.9905434668064117,
  "best_validation_accuracy": 0.7682119205298014,
  "best_validation_loss": 0.9905434668064117
}