{
  "best_epoch": 71,
  "peak_worker_0_memory_MB": 2287.45703125,
  "peak_gpu_0_memory_MB": 30.3212890625,
  "training_duration": "0:00:12.259474",
  "training_start_epoch": 0,
  "training_epochs": 74,
  "epoch": 74,
  "training_accuracy": 0.5261178437108233,
  "training_loss": 1.8108955904057151,
  "training_worker_0_memory_MB": 2287.45703125,
  "training_gpu_0_memory_MB": 30.3212890625,
  "validation_accuracy": 0.7682119205298014,
  "validation_loss": 1.0356701016426086,
  "best_validation_accuracy": 0.7632450331125827,
  "best_validation_loss": 1.0158651351928711
}