{
  "best_epoch": 54,
  "peak_worker_0_memory_MB": 2379.60546875,
  "peak_gpu_0_memory_MB": 89.33056640625,
  "training_duration": "0:00:26.253098",
  "training_start_epoch": 0,
  "training_epochs": 54,
  "epoch": 54,
  "training_accuracy": 0.684829572731637,
  "training_loss": 1.1683870503920635,
  "training_worker_0_memory_MB": 2379.60546875,
  "training_gpu_0_memory_MB": 89.33056640625,
  "validation_accuracy": 0.7963576158940397,
  "validation_loss": 0.8871411144733429,
  "best_validation_accuracy": 0.7963576158940397,
  "best_validation_loss": 0.8871411144733429
}