{
  "best_epoch": 37,
  "peak_worker_0_memory_MB": 2379.60546875,
  "peak_gpu_0_memory_MB": 89.33056640625,
  "training_duration": "0:00:21.932388",
  "training_start_epoch": 0,
  "training_epochs": 45,
  "epoch": 45,
  "training_accuracy": 0.6764282285165627,
  "training_loss": 1.2302105677036839,
  "training_worker_0_memory_MB": 2379.60546875,
  "training_gpu_0_memory_MB": 89.33056640625,
  "validation_accuracy": 0.7947019867549668,
  "validation_loss": 0.9290252923965454,
  "best_validation_accuracy": 0.7947019867549668,
  "best_validation_loss": 0.9066621959209442
}