{
  "best_epoch": 50,
  "peak_worker_0_memory_MB": 2379.60546875,
  "peak_gpu_0_memory_MB": 89.33056640625,
  "training_duration": "0:00:24.837888",
  "training_start_epoch": 0,
  "training_epochs": 51,
  "epoch": 51,
  "training_accuracy": 0.6874699951992319,
  "training_loss": 1.1742025545535197,
  "training_worker_0_memory_MB": 2379.60546875,
  "training_gpu_0_memory_MB": 89.33056640625,
  "validation_accuracy": 0.7980132450331126,
  "validation_loss": 0.9010996103286744,
  "best_validation_accuracy": 0.7980132450331126,
  "best_validation_loss": 0.8915353834629058
}