{
  "best_epoch": 2,
  "peak_worker_0_memory_MB": 2268.59765625,
  "peak_gpu_0_memory_MB": 8.73193359375,
  "training_duration": "0:00:01.497283",
  "training_start_epoch": 0,
  "training_epochs": 10,
  "epoch": 10,
  "training_accuracy": 0.9068115336397827,
  "training_loss": 0.34013957491046504,
  "training_worker_0_memory_MB": 2268.59765625,
  "training_gpu_0_memory_MB": 8.73193359375,
  "validation_accuracy": 0.8278145695364238,
  "validation_loss": 0.9398537814617157,
  "best_validation_accuracy": 0.8311258278145696,
  "best_validation_loss": 0.8547809317708015
}