{
  "best_epoch": 7,
  "peak_worker_0_memory_MB": 2313.5546875,
  "peak_gpu_0_memory_MB": 54.728515625,
  "training_duration": "0:00:02.029596",
  "training_start_epoch": 0,
  "training_epochs": 9,
  "epoch": 9,
  "training_accuracy": 0.975931904901673,
  "training_loss": 0.1329237636592653,
  "training_worker_0_memory_MB": 2313.5546875,
  "training_gpu_0_memory_MB": 54.728515625,
  "validation_accuracy": 0.8062913907284768,
  "validation_loss": 0.8921618759632111,
  "best_validation_accuracy": 0.8013245033112583,
  "best_validation_loss": 0.8780590951442718
}