{
  "best_epoch": 53,
  "peak_worker_0_memory_MB": 2326.80078125,
  "peak_gpu_0_memory_MB": 69.92529296875,
  "training_duration": "0:00:13.721641",
  "training_start_epoch": 0,
  "training_epochs": 53,
  "epoch": 53,
  "training_accuracy": 0.6273647162340519,
  "training_loss": 1.906970962882042,
  "training_worker_0_memory_MB": 2326.80078125,
  "training_gpu_0_memory_MB": 69.92529296875,
  "validation_accuracy": 0.6423841059602649,
  "validation_loss": 1.9390263199806212,
  "best_validation_accuracy": 0.6423841059602649,
  "best_validation_loss": 1.9390263199806212
}