{
  "best_epoch": 12,
  "peak_worker_0_memory_MB": 2326.74609375,
  "peak_gpu_0_memory_MB": 69.92529296875,
  "training_duration": "0:00:03.299095",
  "training_start_epoch": 0,
  "training_epochs": 12,
  "epoch": 12,
  "training_accuracy": 0.20501539815222172,
  "training_loss": 3.2747217184967465,
  "training_worker_0_memory_MB": 2326.74609375,
  "training_gpu_0_memory_MB": 69.92529296875,
  "validation_accuracy": 0.26655629139072845,
  "validation_loss": 3.233411455154419,
  "best_validation_accuracy": 0.26655629139072845,
  "best_validation_loss": 3.233411455154419
}