{
  "best_epoch": 6,
  "peak_worker_0_memory_MB": 2326.74609375,
  "peak_gpu_0_memory_MB": 69.92529296875,
  "training_duration": "0:00:01.777264",
  "training_start_epoch": 0,
  "training_epochs": 6,
  "epoch": 6,
  "training_accuracy": 0.13528376594808622,
  "training_loss": 3.646950284639994,
  "training_worker_0_memory_MB": 2326.74609375,
  "training_gpu_0_memory_MB": 69.92529296875,
  "validation_accuracy": 0.1490066225165563,
  "validation_loss": 3.581524467468262,
  "best_validation_accuracy": 0.1490066225165563,
  "best_validation_loss": 3.581524467468262
}