{
  "best_epoch": 3,
  "peak_worker_0_memory_MB": 2292.06640625,
  "peak_gpu_0_memory_MB": 49.984375,
  "training_duration": "0:00:08.504603",
  "training_start_epoch": 0,
  "training_epochs": 12,
  "epoch": 12,
  "training_accuracy": 0.9866276640200585,
  "training_loss": 0.053122297517563165,
  "training_worker_0_memory_MB": 2292.06640625,
  "training_gpu_0_memory_MB": 49.984375,
  "validation_accuracy": 0.7632450331125827,
  "validation_loss": 1.7754373669624328,
  "best_validation_accuracy": 0.7384105960264901,
  "best_validation_loss": 1.2777642965316773
}