{
  "best_epoch": 29,
  "peak_worker_0_memory_MB": 2310.23828125,
  "peak_gpu_0_memory_MB": 46.67724609375,
  "training_duration": "0:00:06.222544",
  "training_start_epoch": 0,
  "training_epochs": 29,
  "epoch": 29,
  "training_accuracy": 0.9357205752861755,
  "training_loss": 0.3616113273633851,
  "training_worker_0_memory_MB": 2310.23828125,
  "training_gpu_0_memory_MB": 46.67724609375,
  "validation_accuracy": 0.7897350993377483,
  "validation_loss": 0.94539834856987,
  "best_validation_accuracy": 0.7897350993377483,
  "best_validation_loss": 0.94539834856987
}