{
  "best_epoch": 31,
  "peak_worker_0_memory_MB": 2310.23828125,
  "peak_gpu_0_memory_MB": 46.67724609375,
  "training_duration": "0:00:06.636634",
  "training_start_epoch": 0,
  "training_epochs": 31,
  "epoch": 31,
  "training_accuracy": 0.9410038156736131,
  "training_loss": 0.32141848322418,
  "training_worker_0_memory_MB": 2310.23828125,
  "training_gpu_0_memory_MB": 46.67724609375,
  "validation_accuracy": 0.7947019867549668,
  "validation_loss": 0.9451604425907135,
  "best_validation_accuracy": 0.7947019867549668,
  "best_validation_loss": 0.9451604425907135
}