{
  "best_epoch": 23,
  "peak_worker_0_memory_MB": 2328.3125,
  "peak_gpu_0_memory_MB": 64.7041015625,
  "training_duration": "0:00:07.594979",
  "training_start_epoch": 0,
  "training_epochs": 27,
  "epoch": 27,
  "training_accuracy": 0.9708783466416158,
  "training_loss": 0.14652070603263911,
  "training_worker_0_memory_MB": 2328.3125,
  "training_gpu_0_memory_MB": 64.7041015625,
  "validation_accuracy": 0.8062913907284768,
  "validation_loss": 0.9372071266174317,
  "best_validation_accuracy": 0.8062913907284768,
  "best_validation_loss": 0.9227363646030426
}