{
  "best_epoch": 0,
  "peak_worker_0_memory_MB": 2328.3125,
  "peak_gpu_0_memory_MB": 64.7041015625,
  "training_duration": "0:00:00.249965",
  "training_start_epoch": 0,
  "training_epochs": 0,
  "epoch": 0,
  "training_accuracy": 0.1369187411930484,
  "training_loss": 3.824707198498854,
  "training_worker_0_memory_MB": 2328.3125,
  "training_gpu_0_memory_MB": 64.7041015625,
  "validation_accuracy": 0.29304635761589404,
  "validation_loss": 3.2913202047348022,
  "best_validation_accuracy": 0.29304635761589404,
  "best_validation_loss": 3.2913202047348022
}