{
  "best_epoch": 10,
  "peak_worker_0_memory_MB": 2313.65625,
  "peak_gpu_0_memory_MB": 54.71142578125,
  "training_duration": "0:00:02.715030",
  "training_start_epoch": 0,
  "training_epochs": 10,
  "epoch": 10,
  "training_accuracy": 0.7639344262295082,
  "training_loss": 1.4071676393053425,
  "training_worker_0_memory_MB": 2313.65625,
  "training_gpu_0_memory_MB": 54.71142578125,
  "validation_accuracy": 0.7201986754966887,
  "validation_loss": 1.5305481195449828,
  "best_validation_accuracy": 0.7201986754966887,
  "best_validation_loss": 1.5305481195449828
}