{
  "best_epoch": 8,
  "peak_worker_0_memory_MB": 2313.41796875,
  "peak_gpu_0_memory_MB": 54.71142578125,
  "training_duration": "0:00:02.211267",
  "training_start_epoch": 0,
  "training_epochs": 8,
  "epoch": 8,
  "training_accuracy": 0.6836065573770492,
  "training_loss": 1.7837282312450125,
  "training_worker_0_memory_MB": 2313.41796875,
  "training_gpu_0_memory_MB": 54.71142578125,
  "validation_accuracy": 0.6837748344370861,
  "validation_loss": 1.7804415225982666,
  "best_validation_accuracy": 0.6837748344370861,
  "best_validation_loss": 1.7804415225982666
}