{
  "best_epoch": 19,
  "peak_worker_0_memory_MB": 2313.65625,
  "peak_gpu_0_memory_MB": 54.71142578125,
  "training_duration": "0:00:05.036458",
  "training_start_epoch": 0,
  "training_epochs": 19,
  "epoch": 19,
  "training_accuracy": 0.9220140515222482,
  "training_loss": 0.5466720964481582,
  "training_worker_0_memory_MB": 2313.65625,
  "training_gpu_0_memory_MB": 54.71142578125,
  "validation_accuracy": 0.7781456953642384,
  "validation_loss": 1.0330837577581407,
  "best_validation_accuracy": 0.7781456953642384,
  "best_validation_loss": 1.0330837577581407
}