{
  "best_epoch": 16,
  "peak_worker_0_memory_MB": 2319.734375,
  "peak_gpu_0_memory_MB": 51.08984375,
  "training_duration": "0:00:05.947255",
  "training_start_epoch": 0,
  "training_epochs": 21,
  "epoch": 21,
  "training_accuracy": 0.9768149882903981,
  "training_loss": 0.16496621066732192,
  "training_worker_0_memory_MB": 2319.734375,
  "training_gpu_0_memory_MB": 51.08984375,
  "validation_accuracy": 0.793046357615894,
  "validation_loss": 0.9078541219234466,
  "best_validation_accuracy": 0.7880794701986755,
  "best_validation_loss": 0.897587850689888
}