{
  "best_epoch": 2,
  "peak_worker_0_memory_MB": 2317.734375,
  "peak_gpu_0_memory_MB": 51.84521484375,
  "training_duration": "0:00:01.203514",
  "training_start_epoch": 0,
  "training_epochs": 4,
  "epoch": 4,
  "training_accuracy": 0.8432929377350606,
  "training_loss": 0.6967992174782252,
  "training_worker_0_memory_MB": 2317.734375,
  "training_gpu_0_memory_MB": 51.84521484375,
  "validation_accuracy": 0.7864238410596026,
  "validation_loss": 1.3967695236206055,
  "best_validation_accuracy": 0.7731788079470199,
  "best_validation_loss": 1.2214515268802644
}