{
  "best_epoch": 55,
  "peak_worker_0_memory_MB": 2327.0078125,
  "peak_gpu_0_memory_MB": 69.92529296875,
  "training_duration": "0:00:14.332759",
  "training_start_epoch": 0,
  "training_epochs": 56,
  "epoch": 56,
  "training_accuracy": 0.9390673119225693,
  "training_loss": 0.37074437033798957,
  "training_worker_0_memory_MB": 2327.0078125,
  "training_gpu_0_memory_MB": 69.92529296875,
  "validation_accuracy": 0.8013245033112583,
  "validation_loss": 0.9103589832782746,
  "best_validation_accuracy": 0.804635761589404,
  "best_validation_loss": 0.9063152730464935
}