{
  "best_epoch": 39,
  "peak_worker_0_memory_MB": 2327.0078125,
  "peak_gpu_0_memory_MB": 69.92529296875,
  "training_duration": "0:00:10.303760",
  "training_start_epoch": 0,
  "training_epochs": 40,
  "epoch": 40,
  "training_accuracy": 0.8968323801143863,
  "training_loss": 0.630292207830482,
  "training_worker_0_memory_MB": 2327.0078125,
  "training_gpu_0_memory_MB": 69.92529296875,
  "validation_accuracy": 0.7880794701986755,
  "validation_loss": 0.9951277613639832,
  "best_validation_accuracy": 0.7864238410596026,
  "best_validation_loss": 0.9876981794834137
}