{
  "best_epoch": 66,
  "peak_worker_0_memory_MB": 2327.0078125,
  "peak_gpu_0_memory_MB": 69.92529296875,
  "training_duration": "0:00:18.602877",
  "training_start_epoch": 0,
  "training_epochs": 73,
  "epoch": 73,
  "training_accuracy": 0.9621645402551694,
  "training_loss": 0.225090557605856,
  "training_worker_0_memory_MB": 2327.0078125,
  "training_gpu_0_memory_MB": 69.92529296875,
  "validation_accuracy": 0.8112582781456954,
  "validation_loss": 0.9120902925729751,
  "best_validation_accuracy": 0.8096026490066225,
  "best_validation_loss": 0.8631095498800277
}