{
  "best_epoch": 9,
  "peak_worker_0_memory_MB": 2327.0078125,
  "peak_gpu_0_memory_MB": 69.92529296875,
  "training_duration": "0:00:02.506253",
  "training_start_epoch": 0,
  "training_epochs": 9,
  "epoch": 9,
  "training_accuracy": 0.4320281566212055,
  "training_loss": 2.600780520174238,
  "training_worker_0_memory_MB": 2327.0078125,
  "training_gpu_0_memory_MB": 69.92529296875,
  "validation_accuracy": 0.5231788079470199,
  "validation_loss": 2.4747548341751098,
  "best_validation_accuracy": 0.5231788079470199,
  "best_validation_loss": 2.4747548341751098
}