{
  "best_epoch": 3,
  "peak_worker_0_memory_MB": 2327.0078125,
  "peak_gpu_0_memory_MB": 69.92529296875,
  "training_duration": "0:00:00.999469",
  "training_start_epoch": 0,
  "training_epochs": 3,
  "epoch": 3,
  "training_accuracy": 0.19511658600967885,
  "training_loss": 3.3097970022095575,
  "training_worker_0_memory_MB": 2327.0078125,
  "training_gpu_0_memory_MB": 69.92529296875,
  "validation_accuracy": 0.2980132450331126,
  "validation_loss": 3.187554454803467,
  "best_validation_accuracy": 0.2980132450331126,
  "best_validation_loss": 3.187554454803467
}