{
  "best_epoch": 32,
  "peak_worker_0_memory_MB": 2327.0078125,
  "peak_gpu_0_memory_MB": 69.92529296875,
  "training_duration": "0:00:08.538997",
  "training_start_epoch": 0,
  "training_epochs": 33,
  "epoch": 33,
  "training_accuracy": 0.8526176858776947,
  "training_loss": 0.8213449589287242,
  "training_worker_0_memory_MB": 2327.0078125,
  "training_gpu_0_memory_MB": 69.92529296875,
  "validation_accuracy": 0.7698675496688742,
  "validation_loss": 1.0955745458602906,
  "best_validation_accuracy": 0.7682119205298014,
  "best_validation_loss": 1.0867482781410218
}