{
  "best_epoch": 5,
  "peak_worker_0_memory_MB": 2328.29296875,
  "peak_gpu_0_memory_MB": 64.7041015625,
  "training_duration": "0:00:01.615194",
  "training_start_epoch": 0,
  "training_epochs": 5,
  "epoch": 5,
  "training_accuracy": 0.7395490840770315,
  "training_loss": 1.5492317658751757,
  "training_worker_0_memory_MB": 2328.29296875,
  "training_gpu_0_memory_MB": 64.7041015625,
  "validation_accuracy": 0.7119205298013245,
  "validation_loss": 1.5824755907058716,
  "best_validation_accuracy": 0.7119205298013245,
  "best_validation_loss": 1.5824755907058716
}