{
  "best_epoch": 10,
  "peak_worker_0_memory_MB": 2328.29296875,
  "peak_gpu_0_memory_MB": 64.7041015625,
  "training_duration": "0:00:02.968402",
  "training_start_epoch": 0,
  "training_epochs": 10,
  "epoch": 10,
  "training_accuracy": 0.9133395960544857,
  "training_loss": 0.5687351411403115,
  "training_worker_0_memory_MB": 2328.29296875,
  "training_gpu_0_memory_MB": 64.7041015625,
  "validation_accuracy": 0.7781456953642384,
  "validation_loss": 1.0652386009693147,
  "best_validation_accuracy": 0.7781456953642384,
  "best_validation_loss": 1.0652386009693147
}