{
  "best_epoch": 33,
  "peak_worker_0_memory_MB": 2317.984375,
  "peak_gpu_0_memory_MB": 51.84521484375,
  "training_duration": "0:00:08.071326",
  "training_start_epoch": 0,
  "training_epochs": 33,
  "epoch": 33,
  "training_accuracy": 0.6218136230672796,
  "training_loss": 1.7847144791954441,
  "training_worker_0_memory_MB": 2317.984375,
  "training_gpu_0_memory_MB": 51.84521484375,
  "validation_accuracy": 0.7119205298013245,
  "validation_loss": 1.5241356253623963,
  "best_validation_accuracy": 0.7119205298013245,
  "best_validation_loss": 1.5241356253623963
}