{
  "best_epoch": 69,
  "peak_worker_0_memory_MB": 2317.984375,
  "peak_gpu_0_memory_MB": 51.84521484375,
  "training_duration": "0:00:18.097615",
  "training_start_epoch": 0,
  "training_epochs": 76,
  "epoch": 76,
  "training_accuracy": 0.7839531968240702,
  "training_loss": 0.9404367184952686,
  "training_worker_0_memory_MB": 2317.984375,
  "training_gpu_0_memory_MB": 51.84521484375,
  "validation_accuracy": 0.7798013245033113,
  "validation_loss": 0.955196475982666,
  "best_validation_accuracy": 0.7814569536423841,
  "best_validation_loss": 0.9512615621089935
}