{
  "best_epoch": 43,
  "peak_worker_0_memory_MB": 2317.984375,
  "peak_gpu_0_memory_MB": 51.84521484375,
  "training_duration": "0:00:10.556471",
  "training_start_epoch": 0,
  "training_epochs": 43,
  "epoch": 43,
  "training_accuracy": 0.686167989970748,
  "training_loss": 1.4728536056844812,
  "training_worker_0_memory_MB": 2317.984375,
  "training_gpu_0_memory_MB": 51.84521484375,
  "validation_accuracy": 0.7533112582781457,
  "validation_loss": 1.2280101716518401,
  "best_validation_accuracy": 0.7533112582781457,
  "best_validation_loss": 1.2280101716518401
}