{
  "best_epoch": 69,
  "peak_worker_0_memory_MB": 2317.984375,
  "peak_gpu_0_memory_MB": 51.84521484375,
  "training_duration": "0:00:18.323195",
  "training_start_epoch": 0,
  "training_epochs": 77,
  "epoch": 77,
  "training_accuracy": 0.790639364814041,
  "training_loss": 0.9355006108158513,
  "training_worker_0_memory_MB": 2317.984375,
  "training_gpu_0_memory_MB": 51.84521484375,
  "validation_accuracy": 0.7831125827814569,
  "validation_loss": 0.9803394198417663,
  "best_validation_accuracy": 0.7814569536423841,
  "best_validation_loss": 0.9512615621089935
}