{
  "best_epoch": 1,
  "peak_worker_0_memory_MB": 2317.984375,
  "peak_gpu_0_memory_MB": 51.84521484375,
  "training_duration": "0:00:00.438464",
  "training_start_epoch": 0,
  "training_epochs": 1,
  "epoch": 1,
  "training_accuracy": 0.029251984956122024,
  "training_loss": 4.186466329976132,
  "training_worker_0_memory_MB": 2317.984375,
  "training_gpu_0_memory_MB": 51.84521484375,
  "validation_accuracy": 0.20033112582781457,
  "validation_loss": 4.168618297576904,
  "best_validation_accuracy": 0.20033112582781457,
  "best_validation_loss": 4.168618297576904
}