{
  "best_epoch": 0,
  "peak_worker_0_memory_MB": 2317.36328125,
  "peak_gpu_0_memory_MB": 51.4853515625,
  "training_duration": "0:00:00.250250",
  "training_start_epoch": 0,
  "training_epochs": 0,
  "epoch": 0,
  "training_accuracy": 0.15081967213114755,
  "training_loss": 4.085160742944746,
  "training_worker_0_memory_MB": 2317.36328125,
  "training_gpu_0_memory_MB": 51.4853515625,
  "validation_accuracy": 0.3576158940397351,
  "validation_loss": 3.871641492843628,
  "best_validation_accuracy": 0.3576158940397351,
  "best_validation_loss": 3.871641492843628
}