{
  "best_epoch": 48,
  "peak_worker_0_memory_MB": 2317.36328125,
  "peak_gpu_0_memory_MB": 51.4853515625,
  "training_duration": "0:00:14.437745",
  "training_start_epoch": 0,
  "training_epochs": 54,
  "epoch": 54,
  "training_accuracy": 0.9866510538641686,
  "training_loss": 0.08734667490222561,
  "training_worker_0_memory_MB": 2317.36328125,
  "training_gpu_0_memory_MB": 51.4853515625,
  "validation_accuracy": 0.8096026490066225,
  "validation_loss": 0.8962678074836731,
  "best_validation_accuracy": 0.804635761589404,
  "best_validation_loss": 0.8723827421665191
}