{
  "best_epoch": 16,
  "peak_worker_0_memory_MB": 2317.36328125,
  "peak_gpu_0_memory_MB": 51.4853515625,
  "training_duration": "0:00:04.503774",
  "training_start_epoch": 0,
  "training_epochs": 16,
  "epoch": 16,
  "training_accuracy": 0.8414519906323185,
  "training_loss": 0.9063932308510169,
  "training_worker_0_memory_MB": 2317.36328125,
  "training_gpu_0_memory_MB": 51.4853515625,
  "validation_accuracy": 0.7649006622516556,
  "validation_loss": 1.1390401303768158,
  "best_validation_accuracy": 0.7649006622516556,
  "best_validation_loss": 1.1390401303768158
}