{
  "best_epoch": 34,
  "peak_worker_0_memory_MB": 2317.36328125,
  "peak_gpu_0_memory_MB": 51.4853515625,
  "training_duration": "0:00:09.557785",
  "training_start_epoch": 0,
  "training_epochs": 35,
  "epoch": 35,
  "training_accuracy": 0.9618266978922717,
  "training_loss": 0.23768965911064574,
  "training_worker_0_memory_MB": 2317.36328125,
  "training_gpu_0_memory_MB": 51.4853515625,
  "validation_accuracy": 0.7980132450331126,
  "validation_loss": 0.9437047839164734,
  "best_validation_accuracy": 0.7980132450331126,
  "best_validation_loss": 0.8886196136474609
}