{
  "best_epoch": 40,
  "peak_worker_0_memory_MB": 2317.36328125,
  "peak_gpu_0_memory_MB": 51.4853515625,
  "training_duration": "0:00:11.905232",
  "training_start_epoch": 0,
  "training_epochs": 44,
  "epoch": 44,
  "training_accuracy": 0.9749414519906323,
  "training_loss": 0.1435608821573542,
  "training_worker_0_memory_MB": 2317.36328125,
  "training_gpu_0_memory_MB": 51.4853515625,
  "validation_accuracy": 0.8013245033112583,
  "validation_loss": 0.916447925567627,
  "best_validation_accuracy": 0.8013245033112583,
  "best_validation_loss": 0.872429969906807
}