{
  "best_epoch": 7,
  "peak_worker_0_memory_MB": 2317.36328125,
  "peak_gpu_0_memory_MB": 51.4853515625,
  "training_duration": "0:00:02.118272",
  "training_start_epoch": 0,
  "training_epochs": 7,
  "epoch": 7,
  "training_accuracy": 0.6081967213114754,
  "training_loss": 2.1671120017322143,
  "training_worker_0_memory_MB": 2317.36328125,
  "training_gpu_0_memory_MB": 51.4853515625,
  "validation_accuracy": 0.640728476821192,
  "validation_loss": 2.0753683924674986,
  "best_validation_accuracy": 0.640728476821192,
  "best_validation_loss": 2.0753683924674986
}