{
  "best_epoch": 6,
  "peak_worker_0_memory_MB": 2287.2109375,
  "peak_gpu_0_memory_MB": 30.3212890625,
  "training_duration": "0:00:02.051215",
  "training_start_epoch": 0,
  "training_epochs": 12,
  "epoch": 12,
  "training_accuracy": 0.9912244045131634,
  "training_loss": 0.0567740379881702,
  "training_worker_0_memory_MB": 2287.2109375,
  "training_gpu_0_memory_MB": 30.3212890625,
  "validation_accuracy": 0.7980132450331126,
  "validation_loss": 1.0019525110721588,
  "best_validation_accuracy": 0.8079470198675497,
  "best_validation_loss": 0.8909162521362305
}