{
  "best_epoch": 3,
  "peak_worker_0_memory_MB": 2313.53515625,
  "peak_gpu_0_memory_MB": 54.728515625,
  "training_duration": "0:00:00.812256",
  "training_start_epoch": 0,
  "training_epochs": 3,
  "epoch": 3,
  "training_accuracy": 0.34135603169944234,
  "training_loss": 2.8714891495528043,
  "training_worker_0_memory_MB": 2313.53515625,
  "training_gpu_0_memory_MB": 54.728515625,
  "validation_accuracy": 0.4155629139072848,
  "validation_loss": 2.747409224510193,
  "best_validation_accuracy": 0.4155629139072848,
  "best_validation_loss": 2.747409224510193
}