{
  "best_epoch": 7,
  "peak_worker_0_memory_MB": 2313.53515625,
  "peak_gpu_0_memory_MB": 54.728515625,
  "training_duration": "0:00:01.628113",
  "training_start_epoch": 0,
  "training_epochs": 7,
  "epoch": 7,
  "training_accuracy": 0.664220722042853,
  "training_loss": 1.7710406559484977,
  "training_worker_0_memory_MB": 2313.53515625,
  "training_gpu_0_memory_MB": 54.728515625,
  "validation_accuracy": 0.6854304635761589,
  "validation_loss": 1.7866296172142029,
  "best_validation_accuracy": 0.6854304635761589,
  "best_validation_loss": 1.7866296172142029
}