{
  "best_epoch": 1,
  "peak_worker_0_memory_MB": 2316.30078125,
  "peak_gpu_0_memory_MB": 62.47802734375,
  "training_duration": "0:00:00.513009",
  "training_start_epoch": 0,
  "training_epochs": 1,
  "epoch": 1,
  "training_accuracy": 0.11498829039812647,
  "training_loss": 3.874167912041963,
  "training_worker_0_memory_MB": 2316.30078125,
  "training_gpu_0_memory_MB": 62.47802734375,
  "validation_accuracy": 0.2847682119205298,
  "validation_loss": 3.6157536268234254,
  "best_validation_accuracy": 0.2847682119205298,
  "best_validation_loss": 3.6157536268234254
}