{
  "best_epoch": 45,
  "peak_worker_0_memory_MB": 2316.30078125,
  "peak_gpu_0_memory_MB": 62.47802734375,
  "training_duration": "0:00:12.170121",
  "training_start_epoch": 0,
  "training_epochs": 45,
  "epoch": 45,
  "training_accuracy": 0.7494145199063232,
  "training_loss": 1.1332890489208165,
  "training_worker_0_memory_MB": 2316.30078125,
  "training_gpu_0_memory_MB": 62.47802734375,
  "validation_accuracy": 0.7798013245033113,
  "validation_loss": 1.0406745791435241,
  "best_validation_accuracy": 0.7798013245033113,
  "best_validation_loss": 1.0406745791435241
}