{
  "best_epoch": 87,
  "peak_worker_0_memory_MB": 2316.30078125,
  "peak_gpu_0_memory_MB": 62.47802734375,
  "training_duration": "0:00:24.964810",
  "training_start_epoch": 0,
  "training_epochs": 94,
  "epoch": 94,
  "training_accuracy": 0.8646370023419204,
  "training_loss": 0.5797343356395835,
  "training_worker_0_memory_MB": 2316.30078125,
  "training_gpu_0_memory_MB": 62.47802734375,
  "validation_accuracy": 0.804635761589404,
  "validation_loss": 0.9117009162902832,
  "best_validation_accuracy": 0.7996688741721855,
  "best_validation_loss": 0.8616748854517937
}