{
  "best_epoch": 12,
  "peak_worker_0_memory_MB": 2316.30078125,
  "peak_gpu_0_memory_MB": 62.47802734375,
  "training_duration": "0:00:03.497914",
  "training_start_epoch": 0,
  "training_epochs": 12,
  "epoch": 12,
  "training_accuracy": 0.4060889929742389,
  "training_loss": 2.6240662745575407,
  "training_worker_0_memory_MB": 2316.30078125,
  "training_gpu_0_memory_MB": 62.47802734375,
  "validation_accuracy": 0.5794701986754967,
  "validation_loss": 2.2969687938690186,
  "best_validation_accuracy": 0.5794701986754967,
  "best_validation_loss": 2.2969687938690186
}