{
  "best_epoch": 5,
  "peak_worker_0_memory_MB": 2316.30078125,
  "peak_gpu_0_memory_MB": 62.47802734375,
  "training_duration": "0:00:01.602165",
  "training_start_epoch": 0,
  "training_epochs": 5,
  "epoch": 5,
  "training_accuracy": 0.21592505854800936,
  "training_loss": 3.2668596239232306,
  "training_worker_0_memory_MB": 2316.30078125,
  "training_gpu_0_memory_MB": 62.47802734375,
  "validation_accuracy": 0.3990066225165563,
  "validation_loss": 3.0220431089401245,
  "best_validation_accuracy": 0.3990066225165563,
  "best_validation_loss": 3.0220431089401245
}