{
  "best_epoch": 77,
  "peak_worker_0_memory_MB": 2316.30078125,
  "peak_gpu_0_memory_MB": 62.47802734375,
  "training_duration": "0:00:21.805393",
  "training_start_epoch": 0,
  "training_epochs": 82,
  "epoch": 82,
  "training_accuracy": 0.848711943793911,
  "training_loss": 0.6520044972647482,
  "training_worker_0_memory_MB": 2316.30078125,
  "training_gpu_0_memory_MB": 62.47802734375,
  "validation_accuracy": 0.7980132450331126,
  "validation_loss": 0.9218245565891265,
  "best_validation_accuracy": 0.7980132450331126,
  "best_validation_loss": 0.8901018381118775
}