{
  "best_epoch": 44,
  "peak_worker_0_memory_MB": 2313.5546875,
  "peak_gpu_0_memory_MB": 54.728515625,
  "training_duration": "0:00:09.819852",
  "training_start_epoch": 0,
  "training_epochs": 45,
  "epoch": 45,
  "training_accuracy": 0.8752568241855004,
  "training_loss": 0.7754464933165798,
  "training_worker_0_memory_MB": 2313.5546875,
  "training_gpu_0_memory_MB": 54.728515625,
  "validation_accuracy": 0.7649006622516556,
  "validation_loss": 1.1906368553638458,
  "best_validation_accuracy": 0.7665562913907285,
  "best_validation_loss": 1.17313232421875
}