{
  "best_epoch": 50,
  "peak_worker_0_memory_MB": 2313.5546875,
  "peak_gpu_0_memory_MB": 54.728515625,
  "training_duration": "0:00:11.098219",
  "training_start_epoch": 0,
  "training_epochs": 51,
  "epoch": 51,
  "training_accuracy": 0.8981508658643969,
  "training_loss": 0.6473548219159797,
  "training_worker_0_memory_MB": 2313.5546875,
  "training_gpu_0_memory_MB": 54.728515625,
  "validation_accuracy": 0.7781456953642384,
  "validation_loss": 1.080446481704712,
  "best_validation_accuracy": 0.7731788079470199,
  "best_validation_loss": 1.0764001607894897
}