{
  "best_epoch": 47,
  "peak_worker_0_memory_MB": 2313.5546875,
  "peak_gpu_0_memory_MB": 54.728515625,
  "training_duration": "0:00:10.244257",
  "training_start_epoch": 0,
  "training_epochs": 47,
  "epoch": 47,
  "training_accuracy": 0.8840622248312299,
  "training_loss": 0.7264981689276518,
  "training_worker_0_memory_MB": 2313.5546875,
  "training_gpu_0_memory_MB": 54.728515625,
  "validation_accuracy": 0.7715231788079471,
  "validation_loss": 1.1651784121990203,
  "best_validation_accuracy": 0.7715231788079471,
  "best_validation_loss": 1.1651784121990203
}