{
  "best_epoch": 58,
  "peak_worker_0_memory_MB": 2313.5546875,
  "peak_gpu_0_memory_MB": 54.728515625,
  "training_duration": "0:00:12.583753",
  "training_start_epoch": 0,
  "training_epochs": 58,
  "epoch": 58,
  "training_accuracy": 0.9110654534781333,
  "training_loss": 0.52386531399356,
  "training_worker_0_memory_MB": 2313.5546875,
  "training_gpu_0_memory_MB": 54.728515625,
  "validation_accuracy": 0.7847682119205298,
  "validation_loss": 1.0139243483543396,
  "best_validation_accuracy": 0.7847682119205298,
  "best_validation_loss": 1.0139243483543396
}