{
  "best_epoch": 2,
  "peak_worker_0_memory_MB": 2313.5546875,
  "peak_gpu_0_memory_MB": 54.728515625,
  "training_duration": "0:00:00.624338",
  "training_start_epoch": 0,
  "training_epochs": 2,
  "epoch": 2,
  "training_accuracy": 0.16935720575286176,
  "training_loss": 3.8116708861456976,
  "training_worker_0_memory_MB": 2313.5546875,
  "training_gpu_0_memory_MB": 54.728515625,
  "validation_accuracy": 0.17052980132450332,
  "validation_loss": 3.7001158475875853,
  "best_validation_accuracy": 0.17052980132450332,
  "best_validation_loss": 3.7001158475875853
}