{
  "best_epoch": 11,
  "peak_worker_0_memory_MB": 2367.51171875,
  "peak_gpu_0_memory_MB": 75.88427734375,
  "training_duration": "0:00:06.088047",
  "training_start_epoch": 0,
  "training_epochs": 12,
  "epoch": 12,
  "training_accuracy": 0.27628420547287563,
  "training_loss": 3.5883174706961363,
  "training_worker_0_memory_MB": 2367.51171875,
  "training_gpu_0_memory_MB": 75.88427734375,
  "validation_accuracy": 0.7268211920529801,
  "validation_loss": 1.1854875266551972,
  "best_validation_accuracy": 0.7235099337748344,
  "best_validation_loss": 1.1741685390472412
}