{
  "best_epoch": 28,
  "peak_worker_0_memory_MB": 2367.51171875,
  "peak_gpu_0_memory_MB": 75.88427734375,
  "training_duration": "0:00:15.747411",
  "training_start_epoch": 0,
  "training_epochs": 33,
  "epoch": 33,
  "training_accuracy": 0.3396543446951512,
  "training_loss": 3.451810208895734,
  "training_worker_0_memory_MB": 2367.51171875,
  "training_gpu_0_memory_MB": 75.88427734375,
  "validation_accuracy": 0.7632450331125827,
  "validation_loss": 1.1124134719371797,
  "best_validation_accuracy": 0.7582781456953642,
  "best_validation_loss": 1.078804898262024
}