{
  "best_epoch": 75,
  "peak_worker_0_memory_MB": 2331.171875,
  "peak_gpu_0_memory_MB": 65.09326171875,
  "training_duration": "0:00:19.397571",
  "training_start_epoch": 0,
  "training_epochs": 75,
  "epoch": 75,
  "training_accuracy": 0.30491803278688523,
  "training_loss": 2.676855567675918,
  "training_worker_0_memory_MB": 2331.171875,
  "training_gpu_0_memory_MB": 65.09326171875,
  "validation_accuracy": 0.6473509933774835,
  "validation_loss": 1.9167405605316161,
  "best_validation_accuracy": 0.6473509933774835,
  "best_validation_loss": 1.9167405605316161
}