{
  "best_epoch": 25,
  "peak_worker_0_memory_MB": 2267.08984375,
  "peak_gpu_0_memory_MB": 7.4111328125,
  "training_duration": "0:00:03.776093",
  "training_start_epoch": 0,
  "training_epochs": 25,
  "epoch": 25,
  "training_accuracy": 0.9126619306310071,
  "training_loss": 0.33252075824298355,
  "training_worker_0_memory_MB": 2267.08984375,
  "training_gpu_0_memory_MB": 7.4111328125,
  "validation_accuracy": 0.8294701986754967,
  "validation_loss": 0.8351163834333419,
  "best_validation_accuracy": 0.8294701986754967,
  "best_validation_loss": 0.8351163834333419
}