{
  "best_epoch": 14,
  "peak_worker_0_memory_MB": 2267.08984375,
  "peak_gpu_0_memory_MB": 7.4111328125,
  "training_duration": "0:00:02.323450",
  "training_start_epoch": 0,
  "training_epochs": 14,
  "epoch": 14,
  "training_accuracy": 0.9034684496447973,
  "training_loss": 0.45196369682487686,
  "training_worker_0_memory_MB": 2267.08984375,
  "training_gpu_0_memory_MB": 7.4111328125,
  "validation_accuracy": 0.8311258278145696,
  "validation_loss": 0.8765511810779572,
  "best_validation_accuracy": 0.8311258278145696,
  "best_validation_loss": 0.8765511810779572
}