{
  "best_epoch": 13,
  "peak_worker_0_memory_MB": 2271.109375,
  "peak_gpu_0_memory_MB": 15.515625,
  "training_duration": "0:00:01.371834",
  "training_start_epoch": 0,
  "training_epochs": 13,
  "epoch": 13,
  "training_accuracy": 0.5168539325842697,
  "training_loss": 2.858655309677124,
  "training_worker_0_memory_MB": 2271.109375,
  "training_gpu_0_memory_MB": 15.515625,
  "validation_accuracy": 0.6076158940397351,
  "validation_loss": 2.82333562374115,
  "best_validation_accuracy": 0.6076158940397351,
  "best_validation_loss": 2.82333562374115
}