{
  "best_epoch": 38,
  "peak_worker_0_memory_MB": 2370.37890625,
  "peak_gpu_0_memory_MB": 89.33056640625,
  "training_duration": "0:00:20.865540",
  "training_start_epoch": 0,
  "training_epochs": 38,
  "epoch": 38,
  "training_accuracy": 0.9293086893903024,
  "training_loss": 0.5252177690276663,
  "training_worker_0_memory_MB": 2370.37890625,
  "training_gpu_0_memory_MB": 89.33056640625,
  "validation_accuracy": 0.7814569536423841,
  "validation_loss": 0.9598567724227905,
  "best_validation_accuracy": 0.7814569536423841,
  "best_validation_loss": 0.9598567724227905
}