{
  "best_epoch": 54,
  "peak_worker_0_memory_MB": 2370.38671875,
  "peak_gpu_0_memory_MB": 89.33056640625,
  "training_duration": "0:00:32.114540",
  "training_start_epoch": 0,
  "training_epochs": 59,
  "epoch": 59,
  "training_accuracy": 0.9828372539606337,
  "training_loss": 0.15345199582458452,
  "training_worker_0_memory_MB": 2370.38671875,
  "training_gpu_0_memory_MB": 89.33056640625,
  "validation_accuracy": 0.8013245033112583,
  "validation_loss": 0.9023762762546539,
  "best_validation_accuracy": 0.7980132450331126,
  "best_validation_loss": 0.8886619836091996
}