{
  "best_epoch": 33,
  "peak_worker_0_memory_MB": 2370.37890625,
  "peak_gpu_0_memory_MB": 89.33056640625,
  "training_duration": "0:00:18.721083",
  "training_start_epoch": 0,
  "training_epochs": 34,
  "epoch": 34,
  "training_accuracy": 0.9050648103696591,
  "training_loss": 0.662362331197462,
  "training_worker_0_memory_MB": 2370.37890625,
  "training_gpu_0_memory_MB": 89.33056640625,
  "validation_accuracy": 0.7764900662251656,
  "validation_loss": 1.0230039417743684,
  "best_validation_accuracy": 0.7798013245033113,
  "best_validation_loss": 1.0145270466804504
}