{
  "best_epoch": 24,
  "peak_worker_0_memory_MB": 2370.37109375,
  "peak_gpu_0_memory_MB": 89.33056640625,
  "training_duration": "0:00:13.364084",
  "training_start_epoch": 0,
  "training_epochs": 24,
  "epoch": 24,
  "training_accuracy": 0.8124099855976956,
  "training_loss": 1.1643451502304951,
  "training_worker_0_memory_MB": 2370.37109375,
  "training_gpu_0_memory_MB": 89.33056640625,
  "validation_accuracy": 0.7516556291390728,
  "validation_loss": 1.1888975918292999,
  "best_validation_accuracy": 0.7516556291390728,
  "best_validation_loss": 1.1888975918292999
}