{
  "best_epoch": 18,
  "peak_worker_0_memory_MB": 2318.34765625,
  "peak_gpu_0_memory_MB": 58.2568359375,
  "training_duration": "0:00:06.361245",
  "training_start_epoch": 0,
  "training_epochs": 23,
  "epoch": 23,
  "training_accuracy": 0.9813022437307523,
  "training_loss": 0.10367742390371859,
  "training_worker_0_memory_MB": 2318.34765625,
  "training_gpu_0_memory_MB": 58.2568359375,
  "validation_accuracy": 0.8079470198675497,
  "validation_loss": 0.90446158349514,
  "best_validation_accuracy": 0.8096026490066225,
  "best_validation_loss": 0.872852885723114
}