{
  "best_epoch": 2,
  "peak_worker_0_memory_MB": 2269.6171875,
  "peak_gpu_0_memory_MB": 8.73193359375,
  "training_duration": "0:00:00.398281",
  "training_start_epoch": 0,
  "training_epochs": 2,
  "epoch": 2,
  "training_accuracy": 0.8106978687839532,
  "training_loss": 1.0194015502929688,
  "training_worker_0_memory_MB": 2269.6171875,
  "training_gpu_0_memory_MB": 8.73193359375,
  "validation_accuracy": 0.7963576158940397,
  "validation_loss": 1.0239524066448211,
  "best_validation_accuracy": 0.7963576158940397,
  "best_validation_loss": 1.0239524066448211
}