{
  "best_epoch": 29,
  "peak_worker_0_memory_MB": 2268.421875,
  "peak_gpu_0_memory_MB": 15.416015625,
  "training_duration": "0:00:03.164479",
  "training_start_epoch": 0,
  "training_epochs": 38,
  "epoch": 38,
  "training_accuracy": 0.8836276083467095,
  "training_loss": 0.31663971170783045,
  "training_worker_0_memory_MB": 2268.421875,
  "training_gpu_0_memory_MB": 15.416015625,
  "validation_accuracy": 0.8129139072847682,
  "validation_loss": 1.149353712797165,
  "best_validation_accuracy": 0.8178807947019867,
  "best_validation_loss": 1.065114015340805
}