{
  "best_epoch": 2,
  "peak_worker_0_memory_MB": 2269.6171875,
  "peak_gpu_0_memory_MB": 8.73193359375,
  "training_duration": "0:00:00.559712",
  "training_start_epoch": 0,
  "training_epochs": 3,
  "epoch": 3,
  "training_accuracy": 0.8988717091516925,
  "training_loss": 0.4108978623622342,
  "training_worker_0_memory_MB": 2269.6171875,
  "training_gpu_0_memory_MB": 8.73193359375,
  "validation_accuracy": 0.8344370860927153,
  "validation_loss": 0.9353995651006699,
  "best_validation_accuracy": 0.8311258278145696,
  "best_validation_loss": 0.8781973630189895
}