{
  "best_epoch": 36,
  "peak_worker_0_memory_MB": 2271.109375,
  "peak_gpu_0_memory_MB": 15.515625,
  "training_duration": "0:00:03.182316",
  "training_start_epoch": 0,
  "training_epochs": 36,
  "epoch": 36,
  "training_accuracy": 0.8515248796147673,
  "training_loss": 0.8100385427474975,
  "training_worker_0_memory_MB": 2271.109375,
  "training_gpu_0_memory_MB": 15.515625,
  "validation_accuracy": 0.8112582781456954,
  "validation_loss": 1.2351021885871887,
  "best_validation_accuracy": 0.8112582781456954,
  "best_validation_loss": 1.2351021885871887
}