{
  "best_epoch": 57,
  "peak_worker_0_memory_MB": 2271.109375,
  "peak_gpu_0_memory_MB": 15.515625,
  "training_duration": "0:00:05.053397",
  "training_start_epoch": 0,
  "training_epochs": 58,
  "epoch": 58,
  "training_accuracy": 0.8868378812199037,
  "training_loss": 0.4269622936844826,
  "training_worker_0_memory_MB": 2271.109375,
  "training_gpu_0_memory_MB": 15.515625,
  "validation_accuracy": 0.8112582781456954,
  "validation_loss": 1.104852843284607,
  "best_validation_accuracy": 0.8112582781456954,
  "best_validation_loss": 1.0780456483364105
}