{
  "best_epoch": 3,
  "peak_worker_0_memory_MB": 2317.36328125,
  "peak_gpu_0_memory_MB": 51.4853515625,
  "training_duration": "0:00:01.059639",
  "training_start_epoch": 0,
  "training_epochs": 3,
  "epoch": 3,
  "training_accuracy": 0.43021077283372366,
  "training_loss": 2.815052601828504,
  "training_worker_0_memory_MB": 2317.36328125,
  "training_gpu_0_memory_MB": 51.4853515625,
  "validation_accuracy": 0.5149006622516556,
  "validation_loss": 2.569961333274841,
  "best_validation_accuracy": 0.5149006622516556,
  "best_validation_loss": 2.569961333274841
}