{
  "best_epoch": 45,
  "peak_worker_0_memory_MB": 2317.09765625,
  "peak_gpu_0_memory_MB": 51.4853515625,
  "training_duration": "0:00:12.260966",
  "training_start_epoch": 0,
  "training_epochs": 47,
  "epoch": 47,
  "training_accuracy": 0.6466042154566745,
  "training_loss": 1.3494963423529667,
  "training_worker_0_memory_MB": 2317.09765625,
  "training_gpu_0_memory_MB": 51.4853515625,
  "validation_accuracy": 0.7880794701986755,
  "validation_loss": 0.9747320890426636,
  "best_validation_accuracy": 0.7880794701986755,
  "best_validation_loss": 0.9465046226978302
}