{
  "best_epoch": 56,
  "peak_worker_0_memory_MB": 2317.09765625,
  "peak_gpu_0_memory_MB": 51.4853515625,
  "training_duration": "0:00:15.066446",
  "training_start_epoch": 0,
  "training_epochs": 58,
  "epoch": 58,
  "training_accuracy": 0.6625292740046839,
  "training_loss": 1.255632164762981,
  "training_worker_0_memory_MB": 2317.09765625,
  "training_gpu_0_memory_MB": 51.4853515625,
  "validation_accuracy": 0.793046357615894,
  "validation_loss": 0.931648850440979,
  "best_validation_accuracy": 0.793046357615894,
  "best_validation_loss": 0.8947389125823975
}