{
  "best_epoch": 29,
  "peak_worker_0_memory_MB": 2316.89453125,
  "peak_gpu_0_memory_MB": 51.4853515625,
  "training_duration": "0:00:07.645163",
  "training_start_epoch": 0,
  "training_epochs": 29,
  "epoch": 29,
  "training_accuracy": 0.5929742388758782,
  "training_loss": 1.637656181605894,
  "training_worker_0_memory_MB": 2316.89453125,
  "training_gpu_0_memory_MB": 51.4853515625,
  "validation_accuracy": 0.7781456953642384,
  "validation_loss": 1.0531128227710724,
  "best_validation_accuracy": 0.7781456953642384,
  "best_validation_loss": 1.0531128227710724
}