{
  "best_epoch": 24,
  "peak_worker_0_memory_MB": 2316.89453125,
  "peak_gpu_0_memory_MB": 51.4853515625,
  "training_duration": "0:00:06.357855",
  "training_start_epoch": 0,
  "training_epochs": 24,
  "epoch": 24,
  "training_accuracy": 0.5697892271662763,
  "training_loss": 1.7433973266117608,
  "training_worker_0_memory_MB": 2316.89453125,
  "training_gpu_0_memory_MB": 51.4853515625,
  "validation_accuracy": 0.7715231788079471,
  "validation_loss": 1.1429399847984314,
  "best_validation_accuracy": 0.7715231788079471,
  "best_validation_loss": 1.1429399847984314
}