{
  "best_epoch": 50,
  "peak_worker_0_memory_MB": 2379.60546875,
  "peak_gpu_0_memory_MB": 89.33056640625,
  "training_duration": "0:00:26.050590",
  "training_start_epoch": 0,
  "training_epochs": 52,
  "epoch": 52,
  "training_accuracy": 0.4173067690830533,
  "training_loss": 2.2917307415081343,
  "training_worker_0_memory_MB": 2379.60546875,
  "training_gpu_0_memory_MB": 89.33056640625,
  "validation_accuracy": 0.7632450331125827,
  "validation_loss": 1.0510016977787018,
  "best_validation_accuracy": 0.7649006622516556,
  "best_validation_loss": 1.0460002064704894
}