{
  "best_epoch": 69,
  "peak_worker_0_memory_MB": 2379.60546875,
  "peak_gpu_0_memory_MB": 89.33056640625,
  "training_duration": "0:00:35.429220",
  "training_start_epoch": 0,
  "training_epochs": 71,
  "epoch": 71,
  "training_accuracy": 0.44359097455592894,
  "training_loss": 2.163208583839067,
  "training_worker_0_memory_MB": 2379.60546875,
  "training_gpu_0_memory_MB": 89.33056640625,
  "validation_accuracy": 0.7731788079470199,
  "validation_loss": 1.025162410736084,
  "best_validation_accuracy": 0.7764900662251656,
  "best_validation_loss": 1.0088856518268585
}