{
  "best_epoch": 25,
  "peak_worker_0_memory_MB": 2379.60546875,
  "peak_gpu_0_memory_MB": 89.33056640625,
  "training_duration": "0:00:12.827333",
  "training_start_epoch": 0,
  "training_epochs": 25,
  "epoch": 25,
  "training_accuracy": 0.3611377820451272,
  "training_loss": 2.602906694849029,
  "training_worker_0_memory_MB": 2379.60546875,
  "training_gpu_0_memory_MB": 89.33056640625,
  "validation_accuracy": 0.7417218543046358,
  "validation_loss": 1.2567436397075653,
  "best_validation_accuracy": 0.7417218543046358,
  "best_validation_loss": 1.2567436397075653
}