{
  "best_epoch": 31,
  "peak_worker_0_memory_MB": 2379.60546875,
  "peak_gpu_0_memory_MB": 89.33056640625,
  "training_duration": "0:00:15.761654",
  "training_start_epoch": 0,
  "training_epochs": 31,
  "epoch": 31,
  "training_accuracy": 0.3748199711953913,
  "training_loss": 2.5074319056882204,
  "training_worker_0_memory_MB": 2379.60546875,
  "training_gpu_0_memory_MB": 89.33056640625,
  "validation_accuracy": 0.7533112582781457,
  "validation_loss": 1.205420309305191,
  "best_validation_accuracy": 0.7533112582781457,
  "best_validation_loss": 1.205420309305191
}