{
  "best_epoch": 48,
  "peak_worker_0_memory_MB": 2379.60546875,
  "peak_gpu_0_memory_MB": 89.33056640625,
  "training_duration": "0:00:24.587618",
  "training_start_epoch": 0,
  "training_epochs": 49,
  "epoch": 49,
  "training_accuracy": 0.4131060969755161,
  "training_loss": 2.293348895684453,
  "training_worker_0_memory_MB": 2379.60546875,
  "training_gpu_0_memory_MB": 89.33056640625,
  "validation_accuracy": 0.7632450331125827,
  "validation_loss": 1.0702651560306549,
  "best_validation_accuracy": 0.7665562913907285,
  "best_validation_loss": 1.057964825630188
}