{
  "best_epoch": 56,
  "peak_worker_0_memory_MB": 2317.36328125,
  "peak_gpu_0_memory_MB": 51.4853515625,
  "training_duration": "0:00:16.521277",
  "training_start_epoch": 0,
  "training_epochs": 60,
  "epoch": 60,
  "training_accuracy": 0.9714285714285714,
  "training_loss": 0.17541697699187406,
  "training_worker_0_memory_MB": 2317.36328125,
  "training_gpu_0_memory_MB": 51.4853515625,
  "validation_accuracy": 0.8062913907284768,
  "validation_loss": 0.8768024533987046,
  "best_validation_accuracy": 0.8029801324503312,
  "best_validation_loss": 0.8728786617517471
}