{
  "best_epoch": 7,
  "peak_worker_0_memory_MB": 2317.36328125,
  "peak_gpu_0_memory_MB": 51.4853515625,
  "training_duration": "0:00:02.201604",
  "training_start_epoch": 0,
  "training_epochs": 7,
  "epoch": 7,
  "training_accuracy": 0.4667447306791569,
  "training_loss": 2.6572144316203556,
  "training_worker_0_memory_MB": 2317.36328125,
  "training_gpu_0_memory_MB": 51.4853515625,
  "validation_accuracy": 0.5480132450331126,
  "validation_loss": 2.5239852905273437,
  "best_validation_accuracy": 0.5480132450331126,
  "best_validation_loss": 2.5239852905273437
}