{
  "best_epoch": 48,
  "peak_worker_0_memory_MB": 2317.36328125,
  "peak_gpu_0_memory_MB": 51.4853515625,
  "training_duration": "0:00:13.795128",
  "training_start_epoch": 0,
  "training_epochs": 50,
  "epoch": 50,
  "training_accuracy": 0.9526932084309133,
  "training_loss": 0.26507177126051773,
  "training_worker_0_memory_MB": 2317.36328125,
  "training_gpu_0_memory_MB": 51.4853515625,
  "validation_accuracy": 0.7996688741721855,
  "validation_loss": 0.9531081318855286,
  "best_validation_accuracy": 0.7947019867549668,
  "best_validation_loss": 0.8888006627559661
}