{
  "best_epoch": 56,
  "peak_worker_0_memory_MB": 2317.36328125,
  "peak_gpu_0_memory_MB": 51.4853515625,
  "training_duration": "0:00:15.442077",
  "training_start_epoch": 0,
  "training_epochs": 56,
  "epoch": 56,
  "training_accuracy": 0.965807962529274,
  "training_loss": 0.2067466998723016,
  "training_worker_0_memory_MB": 2317.36328125,
  "training_gpu_0_memory_MB": 51.4853515625,
  "validation_accuracy": 0.8029801324503312,
  "validation_loss": 0.8728786617517471,
  "best_validation_accuracy": 0.8029801324503312,
  "best_validation_loss": 0.8728786617517471
}