{
  "best_epoch": 17,
  "peak_worker_0_memory_MB": 2317.36328125,
  "peak_gpu_0_memory_MB": 51.4853515625,
  "training_duration": "0:00:04.950395",
  "training_start_epoch": 0,
  "training_epochs": 17,
  "epoch": 17,
  "training_accuracy": 0.7618266978922716,
  "training_loss": 1.343370754327347,
  "training_worker_0_memory_MB": 2317.36328125,
  "training_gpu_0_memory_MB": 51.4853515625,
  "validation_accuracy": 0.7317880794701986,
  "validation_loss": 1.4438013792037965,
  "best_validation_accuracy": 0.7317880794701986,
  "best_validation_loss": 1.4438013792037965
}