{
  "best_epoch": 13,
  "peak_worker_0_memory_MB": 2317.36328125,
  "peak_gpu_0_memory_MB": 51.4853515625,
  "training_duration": "0:00:03.856765",
  "training_start_epoch": 0,
  "training_epochs": 13,
  "epoch": 13,
  "training_accuracy": 0.6765807962529274,
  "training_loss": 1.7587814170922806,
  "training_worker_0_memory_MB": 2317.36328125,
  "training_gpu_0_memory_MB": 51.4853515625,
  "validation_accuracy": 0.6986754966887417,
  "validation_loss": 1.743097758293152,
  "best_validation_accuracy": 0.6986754966887417,
  "best_validation_loss": 1.743097758293152
}