{
  "best_epoch": 1,
  "peak_worker_0_memory_MB": 2318.11328125,
  "peak_gpu_0_memory_MB": 51.84521484375,
  "training_duration": "0:00:00.495179",
  "training_start_epoch": 0,
  "training_epochs": 1,
  "epoch": 1,
  "training_accuracy": 0.23192645215211033,
  "training_loss": 3.459552099830226,
  "training_worker_0_memory_MB": 2318.11328125,
  "training_gpu_0_memory_MB": 51.84521484375,
  "validation_accuracy": 0.3758278145695364,
  "validation_loss": 3.0585669755935667,
  "best_validation_accuracy": 0.3758278145695364,
  "best_validation_loss": 3.0585669755935667
}