{
  "best_epoch": 10,
  "peak_worker_0_memory_MB": 2318.11328125,
  "peak_gpu_0_memory_MB": 51.84521484375,
  "training_duration": "0:00:04.740049",
  "training_start_epoch": 0,
  "training_epochs": 17,
  "epoch": 17,
  "training_accuracy": 0.9423318010865023,
  "training_loss": 0.21899346330840336,
  "training_worker_0_memory_MB": 2318.11328125,
  "training_gpu_0_memory_MB": 51.84521484375,
  "validation_accuracy": 0.8029801324503312,
  "validation_loss": 1.1656880497932434,
  "best_validation_accuracy": 0.7980132450331126,
  "best_validation_loss": 0.9812747299671173
}