{
  "best_epoch": 10,
  "peak_worker_0_memory_MB": 2318.11328125,
  "peak_gpu_0_memory_MB": 51.84521484375,
  "training_duration": "0:00:02.951749",
  "training_start_epoch": 0,
  "training_epochs": 10,
  "epoch": 10,
  "training_accuracy": 0.8817384036773924,
  "training_loss": 0.5074938076891398,
  "training_worker_0_memory_MB": 2318.11328125,
  "training_gpu_0_memory_MB": 51.84521484375,
  "validation_accuracy": 0.7980132450331126,
  "validation_loss": 0.9812747299671173,
  "best_validation_accuracy": 0.7980132450331126,
  "best_validation_loss": 0.9812747299671173
}