{
  "best_epoch": 9,
  "peak_worker_0_memory_MB": 2318.11328125,
  "peak_gpu_0_memory_MB": 51.84521484375,
  "training_duration": "0:00:02.696739",
  "training_start_epoch": 0,
  "training_epochs": 9,
  "epoch": 9,
  "training_accuracy": 0.8712912661930631,
  "training_loss": 0.602774660054006,
  "training_worker_0_memory_MB": 2318.11328125,
  "training_gpu_0_memory_MB": 51.84521484375,
  "validation_accuracy": 0.7913907284768212,
  "validation_loss": 1.0206278860569,
  "best_validation_accuracy": 0.7913907284768212,
  "best_validation_loss": 1.0206278860569
}