{
  "best_epoch": 34,
  "peak_worker_0_memory_MB": 2328.3125,
  "peak_gpu_0_memory_MB": 64.7041015625,
  "training_duration": "0:00:10.974256",
  "training_start_epoch": 0,
  "training_epochs": 42,
  "epoch": 42,
  "training_accuracy": 0.9906059182714889,
  "training_loss": 0.06097106604989785,
  "training_worker_0_memory_MB": 2328.3125,
  "training_gpu_0_memory_MB": 64.7041015625,
  "validation_accuracy": 0.8096026490066225,
  "validation_loss": 0.944783478975296,
  "best_validation_accuracy": 0.8096026490066225,
  "best_validation_loss": 0.913521209359169
}