{
  "best_epoch": 2,
  "peak_worker_0_memory_MB": 2328.3125,
  "peak_gpu_0_memory_MB": 64.7041015625,
  "training_duration": "0:00:00.741222",
  "training_start_epoch": 0,
  "training_epochs": 2,
  "epoch": 2,
  "training_accuracy": 0.31587599812118367,
  "training_loss": 3.076232661062212,
  "training_worker_0_memory_MB": 2328.3125,
  "training_gpu_0_memory_MB": 64.7041015625,
  "validation_accuracy": 0.423841059602649,
  "validation_loss": 2.917494368553162,
  "best_validation_accuracy": 0.423841059602649,
  "best_validation_loss": 2.917494368553162
}