{
  "best_epoch": 27,
  "peak_worker_0_memory_MB": 2328.3125,
  "peak_gpu_0_memory_MB": 64.7041015625,
  "training_duration": "0:00:07.957235",
  "training_start_epoch": 0,
  "training_epochs": 30,
  "epoch": 30,
  "training_accuracy": 0.9793330201972757,
  "training_loss": 0.1283974847130811,
  "training_worker_0_memory_MB": 2328.3125,
  "training_gpu_0_memory_MB": 64.7041015625,
  "validation_accuracy": 0.8079470198675497,
  "validation_loss": 0.9692348361015319,
  "best_validation_accuracy": 0.804635761589404,
  "best_validation_loss": 0.9216702580451965
}