{
  "best_epoch": 36,
  "peak_worker_0_memory_MB": 0,
  "training_duration": "0:00:27.893376",
  "training_start_epoch": 0,
  "training_epochs": 36,
  "epoch": 36,
  "training_accuracy": 0.38208333333333333,
  "training_loss": 2.9631641626358034,
  "training_reg_loss": 0.0,
  "training_worker_0_memory_MB": 0.0,
  "validation_accuracy": 0.36333333333333334,
  "validation_loss": 3.1251633669200696,
  "validation_reg_loss": 0.0,
  "best_validation_accuracy": 0.36333333333333334,
  "best_validation_loss": 3.1251633669200696,
  "best_validation_reg_loss": 0.0
}