{
  "best_epoch": 34,
  "peak_worker_0_memory_MB": 2319.734375,
  "peak_gpu_0_memory_MB": 51.08984375,
  "training_duration": "0:00:08.745106",
  "training_start_epoch": 0,
  "training_epochs": 34,
  "epoch": 34,
  "training_accuracy": 0.9510538641686183,
  "training_loss": 0.32316443946824147,
  "training_worker_0_memory_MB": 2319.734375,
  "training_gpu_0_memory_MB": 51.08984375,
  "validation_accuracy": 0.7947019867549668,
  "validation_loss": 0.9195472300052643,
  "best_validation_accuracy": 0.7947019867549668,
  "best_validation_loss": 0.9195472300052643
}