{
  "best_epoch": 25,
  "peak_worker_0_memory_MB": 2319.734375,
  "peak_gpu_0_memory_MB": 51.08984375,
  "training_duration": "0:00:06.477104",
  "training_start_epoch": 0,
  "training_epochs": 25,
  "epoch": 25,
  "training_accuracy": 0.9039812646370023,
  "training_loss": 0.5693810524335549,
  "training_worker_0_memory_MB": 2319.734375,
  "training_gpu_0_memory_MB": 51.08984375,
  "validation_accuracy": 0.7847682119205298,
  "validation_loss": 1.0306014478206635,
  "best_validation_accuracy": 0.7847682119205298,
  "best_validation_loss": 1.0306014478206635
}