{
  "best_epoch": 4,
  "peak_worker_0_memory_MB": 2319.734375,
  "peak_gpu_0_memory_MB": 51.08984375,
  "training_duration": "0:00:01.237616",
  "training_start_epoch": 0,
  "training_epochs": 4,
  "epoch": 4,
  "training_accuracy": 0.3639344262295082,
  "training_loss": 2.9655173607726595,
  "training_worker_0_memory_MB": 2319.734375,
  "training_gpu_0_memory_MB": 51.08984375,
  "validation_accuracy": 0.44867549668874174,
  "validation_loss": 2.7995503425598143,
  "best_validation_accuracy": 0.44867549668874174,
  "best_validation_loss": 2.7995503425598143
}