{
  "best_epoch": 40,
  "peak_worker_0_memory_MB": 2319.734375,
  "peak_gpu_0_memory_MB": 51.08984375,
  "training_duration": "0:00:11.917308",
  "training_start_epoch": 0,
  "training_epochs": 47,
  "epoch": 47,
  "training_accuracy": 0.9779859484777518,
  "training_loss": 0.157426709337021,
  "training_worker_0_memory_MB": 2319.734375,
  "training_gpu_0_memory_MB": 51.08984375,
  "validation_accuracy": 0.8013245033112583,
  "validation_loss": 0.9375105321407318,
  "best_validation_accuracy": 0.7996688741721855,
  "best_validation_loss": 0.8890285044908524
}