{
  "best_epoch": 38,
  "peak_worker_0_memory_MB": 2317.37890625,
  "peak_gpu_0_memory_MB": 51.4853515625,
  "training_duration": "0:00:10.480195",
  "training_start_epoch": 0,
  "training_epochs": 39,
  "epoch": 39,
  "training_accuracy": 0.9634660421545668,
  "training_loss": 0.2352966879730794,
  "training_worker_0_memory_MB": 2317.37890625,
  "training_gpu_0_memory_MB": 51.4853515625,
  "validation_accuracy": 0.7996688741721855,
  "validation_loss": 0.9055305659770966,
  "best_validation_accuracy": 0.7996688741721855,
  "best_validation_loss": 0.8881895184516907
}