{
  "best_epoch": 30,
  "peak_worker_0_memory_MB": 2317.37890625,
  "peak_gpu_0_memory_MB": 51.4853515625,
  "training_duration": "0:00:08.074664",
  "training_start_epoch": 0,
  "training_epochs": 30,
  "epoch": 30,
  "training_accuracy": 0.9370023419203747,
  "training_loss": 0.39470689999523445,
  "training_worker_0_memory_MB": 2317.37890625,
  "training_gpu_0_memory_MB": 51.4853515625,
  "validation_accuracy": 0.7880794701986755,
  "validation_loss": 0.9266962528228759,
  "best_validation_accuracy": 0.7880794701986755,
  "best_validation_loss": 0.9266962528228759
}