{
  "best_epoch": 24,
  "peak_worker_0_memory_MB": 2317.37890625,
  "peak_gpu_0_memory_MB": 51.4853515625,
  "training_duration": "0:00:06.492160",
  "training_start_epoch": 0,
  "training_epochs": 24,
  "epoch": 24,
  "training_accuracy": 0.9025761124121779,
  "training_loss": 0.5836219640810099,
  "training_worker_0_memory_MB": 2317.37890625,
  "training_gpu_0_memory_MB": 51.4853515625,
  "validation_accuracy": 0.7847682119205298,
  "validation_loss": 1.0295632123947143,
  "best_validation_accuracy": 0.7847682119205298,
  "best_validation_loss": 1.0295632123947143
}