{
  "best_epoch": 27,
  "peak_worker_0_memory_MB": 2287.45703125,
  "peak_gpu_0_memory_MB": 30.3212890625,
  "training_duration": "0:00:04.774504",
  "training_start_epoch": 0,
  "training_epochs": 30,
  "epoch": 30,
  "training_accuracy": 0.8587547012118679,
  "training_loss": 0.5223214343974465,
  "training_worker_0_memory_MB": 2287.45703125,
  "training_gpu_0_memory_MB": 30.3212890625,
  "validation_accuracy": 0.8013245033112583,
  "validation_loss": 0.8715183705091476,
  "best_validation_accuracy": 0.7996688741721855,
  "best_validation_loss": 0.8462338350713253
}