{
  "best_epoch": 5,
  "peak_worker_0_memory_MB": 2287.45703125,
  "peak_gpu_0_memory_MB": 30.3212890625,
  "training_duration": "0:00:00.927195",
  "training_start_epoch": 0,
  "training_epochs": 5,
  "epoch": 5,
  "training_accuracy": 0.6535729210196406,
  "training_loss": 1.6731937245318764,
  "training_worker_0_memory_MB": 2287.45703125,
  "training_gpu_0_memory_MB": 30.3212890625,
  "validation_accuracy": 0.7102649006622517,
  "validation_loss": 1.4687667727470397,
  "best_validation_accuracy": 0.7102649006622517,
  "best_validation_loss": 1.4687667727470397
}