{
  "best_epoch": 19,
  "peak_worker_0_memory_MB": 2271.109375,
  "peak_gpu_0_memory_MB": 15.515625,
  "training_duration": "0:00:02.235565",
  "training_start_epoch": 0,
  "training_epochs": 26,
  "epoch": 26,
  "training_accuracy": 0.8860353130016051,
  "training_loss": 0.31827488243579866,
  "training_worker_0_memory_MB": 2271.109375,
  "training_gpu_0_memory_MB": 15.515625,
  "validation_accuracy": 0.8129139072847682,
  "validation_loss": 1.1227067053318023,
  "best_validation_accuracy": 0.8145695364238411,
  "best_validation_loss": 1.0843538343906403
}