{
  "best_epoch": 19,
  "peak_worker_0_memory_MB": 2309.91796875,
  "peak_gpu_0_memory_MB": 46.67724609375,
  "training_duration": "0:00:04.515815",
  "training_start_epoch": 0,
  "training_epochs": 19,
  "epoch": 19,
  "training_accuracy": 0.9565600234810684,
  "training_loss": 0.23609247169008962,
  "training_worker_0_memory_MB": 2309.91796875,
  "training_gpu_0_memory_MB": 46.67724609375,
  "validation_accuracy": 0.8029801324503312,
  "validation_loss": 0.9017431676387787,
  "best_validation_accuracy": 0.8029801324503312,
  "best_validation_loss": 0.9017431676387787
}