{
  "best_epoch": 20,
  "peak_worker_0_memory_MB": 2309.91796875,
  "peak_gpu_0_memory_MB": 46.67724609375,
  "training_duration": "0:00:04.742336",
  "training_start_epoch": 0,
  "training_epochs": 20,
  "epoch": 20,
  "training_accuracy": 0.9612562371587907,
  "training_loss": 0.21455269872590346,
  "training_worker_0_memory_MB": 2309.91796875,
  "training_gpu_0_memory_MB": 46.67724609375,
  "validation_accuracy": 0.804635761589404,
  "validation_loss": 0.867840713262558,
  "best_validation_accuracy": 0.804635761589404,
  "best_validation_loss": 0.867840713262558
}