{
  "best_epoch": 26,
  "peak_worker_0_memory_MB": 2313.53515625,
  "peak_gpu_0_memory_MB": 54.728515625,
  "training_duration": "0:00:06.113949",
  "training_start_epoch": 0,
  "training_epochs": 26,
  "epoch": 26,
  "training_accuracy": 0.554740240680951,
  "training_loss": 2.313149085751286,
  "training_worker_0_memory_MB": 2313.53515625,
  "training_gpu_0_memory_MB": 54.728515625,
  "validation_accuracy": 0.5397350993377483,
  "validation_loss": 2.4121979475021362,
  "best_validation_accuracy": 0.5397350993377483,
  "best_validation_loss": 2.4121979475021362
}