{
  "best_epoch": 29,
  "peak_worker_0_memory_MB": 2313.53515625,
  "peak_gpu_0_memory_MB": 54.728515625,
  "training_duration": "0:00:06.799022",
  "training_start_epoch": 0,
  "training_epochs": 29,
  "epoch": 29,
  "training_accuracy": 0.6046375110067508,
  "training_loss": 2.150496513755233,
  "training_worker_0_memory_MB": 2313.53515625,
  "training_gpu_0_memory_MB": 54.728515625,
  "validation_accuracy": 0.5761589403973509,
  "validation_loss": 2.2669641733169557,
  "best_validation_accuracy": 0.5761589403973509,
  "best_validation_loss": 2.2669641733169557
}