{
  "best_epoch": 77,
  "peak_worker_0_memory_MB": 2313.53515625,
  "peak_gpu_0_memory_MB": 54.728515625,
  "training_duration": "0:00:17.668246",
  "training_start_epoch": 0,
  "training_epochs": 77,
  "epoch": 77,
  "training_accuracy": 0.9019665394775462,
  "training_loss": 0.6287521377757743,
  "training_worker_0_memory_MB": 2313.53515625,
  "training_gpu_0_memory_MB": 54.728515625,
  "validation_accuracy": 0.7715231788079471,
  "validation_loss": 1.0946736693382264,
  "best_validation_accuracy": 0.7715231788079471,
  "best_validation_loss": 1.0946736693382264
}