{
  "best_epoch": 45,
  "peak_worker_0_memory_MB": 2313.53515625,
  "peak_gpu_0_memory_MB": 54.728515625,
  "training_duration": "0:00:10.439918",
  "training_start_epoch": 0,
  "training_epochs": 45,
  "epoch": 45,
  "training_accuracy": 0.7775168770179043,
  "training_loss": 1.3817596722532202,
  "training_worker_0_memory_MB": 2313.53515625,
  "training_gpu_0_memory_MB": 54.728515625,
  "validation_accuracy": 0.7036423841059603,
  "validation_loss": 1.6701702713966369,
  "best_validation_accuracy": 0.7036423841059603,
  "best_validation_loss": 1.6701702713966369
}