{
  "best_epoch": 22,
  "peak_worker_0_memory_MB": 2313.53515625,
  "peak_gpu_0_memory_MB": 54.728515625,
  "training_duration": "0:00:05.203038",
  "training_start_epoch": 0,
  "training_epochs": 22,
  "epoch": 22,
  "training_accuracy": 0.48253595538597005,
  "training_loss": 2.5450004869037204,
  "training_worker_0_memory_MB": 2313.53515625,
  "training_gpu_0_memory_MB": 54.728515625,
  "validation_accuracy": 0.48013245033112584,
  "validation_loss": 2.600697898864746,
  "best_validation_accuracy": 0.48013245033112584,
  "best_validation_loss": 2.600697898864746
}