{
  "best_epoch": 7,
  "peak_worker_0_memory_MB": 2313.53515625,
  "peak_gpu_0_memory_MB": 54.728515625,
  "training_duration": "0:00:01.792498",
  "training_start_epoch": 0,
  "training_epochs": 7,
  "epoch": 7,
  "training_accuracy": 0.2174933959495157,
  "training_loss": 3.3994456617920488,
  "training_worker_0_memory_MB": 2313.53515625,
  "training_gpu_0_memory_MB": 54.728515625,
  "validation_accuracy": 0.2433774834437086,
  "validation_loss": 3.3479270458221437,
  "best_validation_accuracy": 0.2433774834437086,
  "best_validation_loss": 3.3479270458221437
}