{
  "best_epoch": 86,
  "peak_worker_0_memory_MB": 2313.53515625,
  "peak_gpu_0_memory_MB": 54.728515625,
  "training_duration": "0:00:19.692219",
  "training_start_epoch": 0,
  "training_epochs": 86,
  "epoch": 86,
  "training_accuracy": 0.9134135603169944,
  "training_loss": 0.5112880978871275,
  "training_worker_0_memory_MB": 2313.53515625,
  "training_gpu_0_memory_MB": 54.728515625,
  "validation_accuracy": 0.7731788079470199,
  "validation_loss": 1.041868805885315,
  "best_validation_accuracy": 0.7731788079470199,
  "best_validation_loss": 1.041868805885315
}