{
  "best_epoch": 15,
  "peak_worker_0_memory_MB": 2279.0703125,
  "peak_gpu_0_memory_MB": 25.87255859375,
  "training_duration": "0:00:03.517781",
  "training_start_epoch": 0,
  "training_epochs": 19,
  "epoch": 19,
  "training_accuracy": 0.975762641036356,
  "training_loss": 0.13523786711065391,
  "training_worker_0_memory_MB": 2279.0703125,
  "training_gpu_0_memory_MB": 25.87255859375,
  "validation_accuracy": 0.8013245033112583,
  "validation_loss": 0.887867096066475,
  "best_validation_accuracy": 0.7980132450331126,
  "best_validation_loss": 0.8713123947381973
}