{
  "best_epoch": 4,
  "peak_worker_0_memory_MB": 2317.36328125,
  "peak_gpu_0_memory_MB": 51.4853515625,
  "training_duration": "0:00:04.110972",
  "training_start_epoch": 0,
  "training_epochs": 4,
  "epoch": 4,
  "training_accuracy": 0.6266978922716627,
  "training_loss": 2.035390670619794,
  "training_worker_0_memory_MB": 2317.36328125,
  "training_gpu_0_memory_MB": 51.4853515625,
  "validation_accuracy": 0.6821192052980133,
  "validation_loss": 1.8523577213287354,
  "best_validation_accuracy": 0.6821192052980133,
  "best_validation_loss": 1.8523577213287354
}