{
  "best_epoch": 7,
  "peak_worker_0_memory_MB": 2317.36328125,
  "peak_gpu_0_memory_MB": 51.4853515625,
  "training_duration": "0:00:06.792533",
  "training_start_epoch": 0,
  "training_epochs": 7,
  "epoch": 7,
  "training_accuracy": 0.7941451990632319,
  "training_loss": 1.167367266185248,
  "training_worker_0_memory_MB": 2317.36328125,
  "training_gpu_0_memory_MB": 51.4853515625,
  "validation_accuracy": 0.7483443708609272,
  "validation_loss": 1.279207181930542,
  "best_validation_accuracy": 0.7483443708609272,
  "best_validation_loss": 1.279207181930542
}