{
  "best_epoch": 34,
  "peak_worker_0_memory_MB": 2319.734375,
  "peak_gpu_0_memory_MB": 51.08984375,
  "training_duration": "0:00:09.308519",
  "training_start_epoch": 0,
  "training_epochs": 35,
  "epoch": 35,
  "training_accuracy": 0.9597189695550351,
  "training_loss": 0.2615208080900249,
  "training_worker_0_memory_MB": 2319.734375,
  "training_gpu_0_memory_MB": 51.08984375,
  "validation_accuracy": 0.7913907284768212,
  "validation_loss": 0.9606037020683289,
  "best_validation_accuracy": 0.7897350993377483,
  "best_validation_loss": 0.9073074340820313
}