{
  "best_epoch": 9,
  "peak_worker_0_memory_MB": 2313.5546875,
  "peak_gpu_0_memory_MB": 54.728515625,
  "training_duration": "0:00:01.983168",
  "training_start_epoch": 0,
  "training_epochs": 9,
  "epoch": 9,
  "training_accuracy": 0.5127678309363076,
  "training_loss": 2.420639055746573,
  "training_worker_0_memory_MB": 2313.5546875,
  "training_gpu_0_memory_MB": 54.728515625,
  "validation_accuracy": 0.5149006622516556,
  "validation_loss": 2.431587481498718,
  "best_validation_accuracy": 0.5149006622516556,
  "best_validation_loss": 2.431587481498718
}