{
  "best_epoch": 56,
  "peak_worker_0_memory_MB": 2313.5546875,
  "peak_gpu_0_memory_MB": 54.728515625,
  "training_duration": "0:00:13.011771",
  "training_start_epoch": 0,
  "training_epochs": 63,
  "epoch": 63,
  "training_accuracy": 0.9727032579982389,
  "training_loss": 0.15488844847789518,
  "training_worker_0_memory_MB": 2313.5546875,
  "training_gpu_0_memory_MB": 54.728515625,
  "validation_accuracy": 0.7996688741721855,
  "validation_loss": 0.881713354587555,
  "best_validation_accuracy": 0.8029801324503312,
  "best_validation_loss": 0.8809997975826264
}