{
  "best_epoch": 32,
  "peak_worker_0_memory_MB": 2313.5546875,
  "peak_gpu_0_memory_MB": 54.728515625,
  "training_duration": "0:00:06.646775",
  "training_start_epoch": 0,
  "training_epochs": 32,
  "epoch": 32,
  "training_accuracy": 0.9119459935427062,
  "training_loss": 0.5441985406257488,
  "training_worker_0_memory_MB": 2313.5546875,
  "training_gpu_0_memory_MB": 54.728515625,
  "validation_accuracy": 0.7814569536423841,
  "validation_loss": 1.0633025348186493,
  "best_validation_accuracy": 0.7814569536423841,
  "best_validation_loss": 1.0633025348186493
}