{
  "best_epoch": 1,
  "peak_worker_0_memory_MB": 2318.11328125,
  "peak_gpu_0_memory_MB": 51.84521484375,
  "training_duration": "0:00:00.494630",
  "training_start_epoch": 0,
  "training_epochs": 1,
  "epoch": 1,
  "training_accuracy": 0.5666527371500208,
  "training_loss": 2.1725019216537476,
  "training_worker_0_memory_MB": 2318.11328125,
  "training_gpu_0_memory_MB": 51.84521484375,
  "validation_accuracy": 0.6804635761589404,
  "validation_loss": 1.7100375294685364,
  "best_validation_accuracy": 0.6804635761589404,
  "best_validation_loss": 1.7100375294685364
}