{
  "best_epoch": 3,
  "peak_worker_0_memory_MB": 2318.11328125,
  "peak_gpu_0_memory_MB": 51.84521484375,
  "training_duration": "0:00:01.803095",
  "training_start_epoch": 0,
  "training_epochs": 6,
  "epoch": 6,
  "training_accuracy": 0.9506895110739657,
  "training_loss": 0.20057762698515466,
  "training_worker_0_memory_MB": 2318.11328125,
  "training_gpu_0_memory_MB": 51.84521484375,
  "validation_accuracy": 0.7897350993377483,
  "validation_loss": 1.2727559685707093,
  "best_validation_accuracy": 0.7831125827814569,
  "best_validation_loss": 1.0749086558818817
}