{
  "best_epoch": 27,
  "peak_worker_0_memory_MB": 2270.7265625,
  "peak_gpu_0_memory_MB": 8.73193359375,
  "training_duration": "0:00:04.118894",
  "training_start_epoch": 0,
  "training_epochs": 29,
  "epoch": 29,
  "training_accuracy": 0.9101546176347681,
  "training_loss": 0.3759879873771417,
  "training_worker_0_memory_MB": 2270.7265625,
  "training_gpu_0_memory_MB": 8.73193359375,
  "validation_accuracy": 0.8278145695364238,
  "validation_loss": 0.8530842870473861,
  "best_validation_accuracy": 0.8327814569536424,
  "best_validation_loss": 0.8344092234969139
}