{
  "best_epoch": 14,
  "peak_worker_0_memory_MB": 2270.7265625,
  "peak_gpu_0_memory_MB": 8.73193359375,
  "training_duration": "0:00:02.075997",
  "training_start_epoch": 0,
  "training_epochs": 14,
  "epoch": 14,
  "training_accuracy": 0.8792310906811533,
  "training_loss": 0.6270139578141665,
  "training_worker_0_memory_MB": 2270.7265625,
  "training_gpu_0_memory_MB": 8.73193359375,
  "validation_accuracy": 0.8162251655629139,
  "validation_loss": 0.9460057616233826,
  "best_validation_accuracy": 0.8162251655629139,
  "best_validation_loss": 0.9460057616233826
}