{
  "best_epoch": 0,
  "peak_worker_0_memory_MB": 2268.36328125,
  "peak_gpu_0_memory_MB": 8.73193359375,
  "training_duration": "0:00:00.262841",
  "training_start_epoch": 0,
  "training_epochs": 1,
  "epoch": 1,
  "training_accuracy": 0.8545758462181362,
  "training_loss": 0.7218570426890725,
  "training_worker_0_memory_MB": 2268.36328125,
  "training_gpu_0_memory_MB": 8.73193359375,
  "validation_accuracy": 0.7963576158940397,
  "validation_loss": 1.2998153805732726,
  "best_validation_accuracy": 0.8029801324503312,
  "best_validation_loss": 1.2764181733131408
}