{
  "best_epoch": 10,
  "peak_worker_0_memory_MB": 2292.33203125,
  "peak_gpu_0_memory_MB": 50.91064453125,
  "training_duration": "0:00:08.783015",
  "training_start_epoch": 0,
  "training_epochs": 12,
  "epoch": 12,
  "training_accuracy": 0.8106978687839532,
  "training_loss": 0.7373576893618232,
  "training_worker_0_memory_MB": 2292.33203125,
  "training_gpu_0_memory_MB": 50.91064453125,
  "validation_accuracy": 0.7731788079470199,
  "validation_loss": 1.1204280853271484,
  "best_validation_accuracy": 0.7682119205298014,
  "best_validation_loss": 1.112819343805313
}