{
  "best_epoch": 15,
  "peak_worker_0_memory_MB": 2292.33203125,
  "peak_gpu_0_memory_MB": 50.91064453125,
  "training_duration": "0:00:15.893265",
  "training_start_epoch": 0,
  "training_epochs": 22,
  "epoch": 22,
  "training_accuracy": 0.8884245716673631,
  "training_loss": 0.38055768765901266,
  "training_worker_0_memory_MB": 2292.33203125,
  "training_gpu_0_memory_MB": 50.91064453125,
  "validation_accuracy": 0.7996688741721855,
  "validation_loss": 1.143799039721489,
  "best_validation_accuracy": 0.7798013245033113,
  "best_validation_loss": 1.0705291420221328
}