{
  "best_epoch": 15,
  "peak_worker_0_memory_MB": 2292.33203125,
  "peak_gpu_0_memory_MB": 50.91064453125,
  "training_duration": "0:00:11.710044",
  "training_start_epoch": 0,
  "training_epochs": 16,
  "epoch": 16,
  "training_accuracy": 0.8445465942331801,
  "training_loss": 0.5867265149166709,
  "training_worker_0_memory_MB": 2292.33203125,
  "training_gpu_0_memory_MB": 50.91064453125,
  "validation_accuracy": 0.7864238410596026,
  "validation_loss": 1.1793034255504609,
  "best_validation_accuracy": 0.7798013245033113,
  "best_validation_loss": 1.0705291420221328
}