{
  "best_epoch": 0,
  "peak_worker_0_memory_MB": 2292.33203125,
  "peak_gpu_0_memory_MB": 49.984375,
  "training_duration": "0:00:00.653658",
  "training_start_epoch": 0,
  "training_epochs": 0,
  "epoch": 0,
  "training_accuracy": 0.0442958629335562,
  "training_loss": 4.147197685743633,
  "training_worker_0_memory_MB": 2292.33203125,
  "training_gpu_0_memory_MB": 49.984375,
  "validation_accuracy": 0.2367549668874172,
  "validation_loss": 3.8456125974655153,
  "best_validation_accuracy": 0.2367549668874172,
  "best_validation_loss": 3.8456125974655153
}