{
  "best_epoch": 15,
  "peak_worker_0_memory_MB": 2292.33203125,
  "peak_gpu_0_memory_MB": 50.91064453125,
  "training_duration": "0:00:11.009710",
  "training_start_epoch": 0,
  "training_epochs": 15,
  "epoch": 15,
  "training_accuracy": 0.8478896782281655,
  "training_loss": 0.62159957697517,
  "training_worker_0_memory_MB": 2292.33203125,
  "training_gpu_0_memory_MB": 50.91064453125,
  "validation_accuracy": 0.7798013245033113,
  "validation_loss": 1.0705291420221328,
  "best_validation_accuracy": 0.7798013245033113,
  "best_validation_loss": 1.0705291420221328
}