{
  "best_epoch": 56,
  "peak_worker_0_memory_MB": 2316.55078125,
  "peak_gpu_0_memory_MB": 62.47802734375,
  "training_duration": "0:00:15.123330",
  "training_start_epoch": 0,
  "training_epochs": 56,
  "epoch": 56,
  "training_accuracy": 0.5758782201405153,
  "training_loss": 1.6873451862762223,
  "training_worker_0_memory_MB": 2316.55078125,
  "training_gpu_0_memory_MB": 62.47802734375,
  "validation_accuracy": 0.7615894039735099,
  "validation_loss": 1.1661845982074737,
  "best_validation_accuracy": 0.7615894039735099,
  "best_validation_loss": 1.1661845982074737
}