{
  "best_epoch": 45,
  "peak_worker_0_memory_MB": 2316.55078125,
  "peak_gpu_0_memory_MB": 62.47802734375,
  "training_duration": "0:00:12.229355",
  "training_start_epoch": 0,
  "training_epochs": 45,
  "epoch": 45,
  "training_accuracy": 0.546135831381733,
  "training_loss": 1.8693474602343432,
  "training_worker_0_memory_MB": 2316.55078125,
  "training_gpu_0_memory_MB": 62.47802734375,
  "validation_accuracy": 0.7384105960264901,
  "validation_loss": 1.321132379770279,
  "best_validation_accuracy": 0.7384105960264901,
  "best_validation_loss": 1.321132379770279
}