{
  "best_epoch": 15,
  "peak_worker_0_memory_MB": 2316.55078125,
  "peak_gpu_0_memory_MB": 62.47802734375,
  "training_duration": "0:00:04.310069",
  "training_start_epoch": 0,
  "training_epochs": 15,
  "epoch": 15,
  "training_accuracy": 0.31288056206088993,
  "training_loss": 2.861891187838654,
  "training_worker_0_memory_MB": 2316.55078125,
  "training_gpu_0_memory_MB": 62.47802734375,
  "validation_accuracy": 0.5529801324503312,
  "validation_loss": 2.4660099267959597,
  "best_validation_accuracy": 0.5529801324503312,
  "best_validation_loss": 2.4660099267959597
}