{
  "best_epoch": 70,
  "peak_worker_0_memory_MB": 2316.55078125,
  "peak_gpu_0_memory_MB": 62.47802734375,
  "training_duration": "0:00:18.786861",
  "training_start_epoch": 0,
  "training_epochs": 70,
  "epoch": 70,
  "training_accuracy": 0.5946135831381733,
  "training_loss": 1.5594319710090978,
  "training_worker_0_memory_MB": 2316.55078125,
  "training_gpu_0_memory_MB": 62.47802734375,
  "validation_accuracy": 0.7764900662251656,
  "validation_loss": 1.0767362594604493,
  "best_validation_accuracy": 0.7764900662251656,
  "best_validation_loss": 1.0767362594604493
}