{
  "best_epoch": 77,
  "peak_worker_0_memory_MB": 2316.55078125,
  "peak_gpu_0_memory_MB": 62.47802734375,
  "training_duration": "0:00:21.109944",
  "training_start_epoch": 0,
  "training_epochs": 79,
  "epoch": 79,
  "training_accuracy": 0.6309133489461358,
  "training_loss": 1.4675126333734883,
  "training_worker_0_memory_MB": 2316.55078125,
  "training_gpu_0_memory_MB": 62.47802734375,
  "validation_accuracy": 0.7781456953642384,
  "validation_loss": 1.050806814432144,
  "best_validation_accuracy": 0.7798013245033113,
  "best_validation_loss": 1.0258060097694397
}