{
  "best_epoch": 72,
  "peak_worker_0_memory_MB": 2316.55078125,
  "peak_gpu_0_memory_MB": 62.47802734375,
  "training_duration": "0:00:20.073578",
  "training_start_epoch": 0,
  "training_epochs": 75,
  "epoch": 75,
  "training_accuracy": 0.6245901639344262,
  "training_loss": 1.4950590453930754,
  "training_worker_0_memory_MB": 2316.55078125,
  "training_gpu_0_memory_MB": 62.47802734375,
  "validation_accuracy": 0.7814569536423841,
  "validation_loss": 1.050313800573349,
  "best_validation_accuracy": 0.7781456953642384,
  "best_validation_loss": 1.0448701858520508
}