{
  "best_epoch": 22,
  "peak_worker_0_memory_MB": 2319.46875,
  "peak_gpu_0_memory_MB": 51.08984375,
  "training_duration": "0:00:05.515342",
  "training_start_epoch": 0,
  "training_epochs": 22,
  "epoch": 22,
  "training_accuracy": 0.2896955503512881,
  "training_loss": 2.9882361248357974,
  "training_worker_0_memory_MB": 2319.46875,
  "training_gpu_0_memory_MB": 51.08984375,
  "validation_accuracy": 0.423841059602649,
  "validation_loss": 2.841833066940308,
  "best_validation_accuracy": 0.423841059602649,
  "best_validation_loss": 2.841833066940308
}