{
  "best_epoch": 34,
  "peak_worker_0_memory_MB": 2319.46875,
  "peak_gpu_0_memory_MB": 51.08984375,
  "training_duration": "0:00:08.351609",
  "training_start_epoch": 0,
  "training_epochs": 34,
  "epoch": 34,
  "training_accuracy": 0.41943793911007027,
  "training_loss": 2.5673419859871935,
  "training_worker_0_memory_MB": 2319.46875,
  "training_gpu_0_memory_MB": 51.08984375,
  "validation_accuracy": 0.5281456953642384,
  "validation_loss": 2.387231969833374,
  "best_validation_accuracy": 0.5281456953642384,
  "best_validation_loss": 2.387231969833374
}