{
  "best_epoch": 29,
  "peak_worker_0_memory_MB": 2319.46875,
  "peak_gpu_0_memory_MB": 51.08984375,
  "training_duration": "0:00:07.167177",
  "training_start_epoch": 0,
  "training_epochs": 29,
  "epoch": 29,
  "training_accuracy": 0.36697892271662763,
  "training_loss": 2.7483875893834813,
  "training_worker_0_memory_MB": 2319.46875,
  "training_gpu_0_memory_MB": 51.08984375,
  "validation_accuracy": 0.4817880794701987,
  "validation_loss": 2.5871957540512085,
  "best_validation_accuracy": 0.4817880794701987,
  "best_validation_loss": 2.5871957540512085
}