{
  "best_epoch": 74,
  "peak_worker_0_memory_MB": 2319.46875,
  "peak_gpu_0_memory_MB": 51.08984375,
  "training_duration": "0:00:17.911794",
  "training_start_epoch": 0,
  "training_epochs": 74,
  "epoch": 74,
  "training_accuracy": 0.6634660421545667,
  "training_loss": 1.561818951991067,
  "training_worker_0_memory_MB": 2319.46875,
  "training_gpu_0_memory_MB": 51.08984375,
  "validation_accuracy": 0.7201986754966887,
  "validation_loss": 1.4436781883239747,
  "best_validation_accuracy": 0.7201986754966887,
  "best_validation_loss": 1.4436781883239747
}