{
  "best_epoch": 40,
  "peak_worker_0_memory_MB": 2319.46875,
  "peak_gpu_0_memory_MB": 51.08984375,
  "training_duration": "0:00:09.796678",
  "training_start_epoch": 0,
  "training_epochs": 40,
  "epoch": 40,
  "training_accuracy": 0.46932084309133487,
  "training_loss": 2.3743720374890227,
  "training_worker_0_memory_MB": 2319.46875,
  "training_gpu_0_memory_MB": 51.08984375,
  "validation_accuracy": 0.5894039735099338,
  "validation_loss": 2.1869402647018434,
  "best_validation_accuracy": 0.5894039735099338,
  "best_validation_loss": 2.1869402647018434
}