{
  "best_epoch": 66,
  "peak_worker_0_memory_MB": 2319.46875,
  "peak_gpu_0_memory_MB": 51.08984375,
  "training_duration": "0:00:16.024801",
  "training_start_epoch": 0,
  "training_epochs": 66,
  "epoch": 66,
  "training_accuracy": 0.6292740046838408,
  "training_loss": 1.7179130226818484,
  "training_worker_0_memory_MB": 2319.46875,
  "training_gpu_0_memory_MB": 51.08984375,
  "validation_accuracy": 0.7086092715231788,
  "validation_loss": 1.5621731758117676,
  "best_validation_accuracy": 0.7086092715231788,
  "best_validation_loss": 1.5621731758117676
}