{
  "best_epoch": 2,
  "peak_worker_0_memory_MB": 2268.36328125,
  "peak_gpu_0_memory_MB": 8.73193359375,
  "training_duration": "0:00:01.211630",
  "training_start_epoch": 0,
  "training_epochs": 8,
  "epoch": 8,
  "training_accuracy": 0.8884245716673631,
  "training_loss": 0.5158076972553605,
  "training_worker_0_memory_MB": 2268.36328125,
  "training_gpu_0_memory_MB": 8.73193359375,
  "validation_accuracy": 0.8079470198675497,
  "validation_loss": 1.2785451531410217,
  "best_validation_accuracy": 0.8112582781456954,
  "best_validation_loss": 1.1435337409377098
}