{
  "best_epoch": 0,
  "peak_worker_0_memory_MB": 2292.33203125,
  "peak_gpu_0_memory_MB": 50.91064453125,
  "training_duration": "0:00:00.633961",
  "training_start_epoch": 0,
  "training_epochs": 0,
  "epoch": 0,
  "training_accuracy": 0.1550355202674467,
  "training_loss": 3.6056440817682365,
  "training_worker_0_memory_MB": 2292.33203125,
  "training_gpu_0_memory_MB": 50.91064453125,
  "validation_accuracy": 0.36423841059602646,
  "validation_loss": 2.950438213348389,
  "best_validation_accuracy": 0.36423841059602646,
  "best_validation_loss": 2.950438213348389
}