{
  "best_epoch": 3,
  "peak_worker_0_memory_MB": 2273.13671875,
  "peak_gpu_0_memory_MB": 15.416015625,
  "training_duration": "0:00:00.370797",
  "training_start_epoch": 0,
  "training_epochs": 3,
  "epoch": 3,
  "training_accuracy": 0.47191011235955055,
  "training_loss": 3.098991274833679,
  "training_worker_0_memory_MB": 2273.13671875,
  "training_gpu_0_memory_MB": 15.416015625,
  "validation_accuracy": 0.6059602649006622,
  "validation_loss": 2.817555284500122,
  "best_validation_accuracy": 0.6059602649006622,
  "best_validation_loss": 2.817555284500122
}