{
  "best_epoch": 2,
  "peak_worker_0_memory_MB": 2273.13671875,
  "peak_gpu_0_memory_MB": 15.416015625,
  "training_duration": "0:00:00.274452",
  "training_start_epoch": 0,
  "training_epochs": 2,
  "epoch": 2,
  "training_accuracy": 0.35874799357945425,
  "training_loss": 3.4484508752822878,
  "training_worker_0_memory_MB": 2273.13671875,
  "training_gpu_0_memory_MB": 15.416015625,
  "validation_accuracy": 0.5629139072847682,
  "validation_loss": 3.163752055168152,
  "best_validation_accuracy": 0.5629139072847682,
  "best_validation_loss": 3.163752055168152
}