{
  "best_epoch": 12,
  "peak_worker_0_memory_MB": 2273.13671875,
  "peak_gpu_0_memory_MB": 15.416015625,
  "training_duration": "0:00:01.301752",
  "training_start_epoch": 0,
  "training_epochs": 13,
  "epoch": 13,
  "training_accuracy": 0.8691813804173355,
  "training_loss": 0.5519892975687981,
  "training_worker_0_memory_MB": 2273.13671875,
  "training_gpu_0_memory_MB": 15.416015625,
  "validation_accuracy": 0.8195364238410596,
  "validation_loss": 1.094589078426361,
  "best_validation_accuracy": 0.8245033112582781,
  "best_validation_loss": 1.092991203069687
}