{
  "best_epoch": 11,
  "peak_worker_0_memory_MB": 2315.51171875,
  "peak_gpu_0_memory_MB": 51.84521484375,
  "training_duration": "0:00:03.483398",
  "training_start_epoch": 0,
  "training_epochs": 14,
  "epoch": 14,
  "training_accuracy": 0.8666945256999582,
  "training_loss": 0.750983791915994,
  "training_worker_0_memory_MB": 2315.51171875,
  "training_gpu_0_memory_MB": 51.84521484375,
  "validation_accuracy": 0.7963576158940397,
  "validation_loss": 1.1438644289970399,
  "best_validation_accuracy": 0.7814569536423841,
  "best_validation_loss": 1.0935620725154878
}