{
  "best_epoch": 5,
  "peak_worker_0_memory_MB": 2315.51171875,
  "peak_gpu_0_memory_MB": 51.84521484375,
  "training_duration": "0:00:01.401876",
  "training_start_epoch": 0,
  "training_epochs": 5,
  "epoch": 5,
  "training_accuracy": 0.44504805683242793,
  "training_loss": 2.7077220364620813,
  "training_worker_0_memory_MB": 2315.51171875,
  "training_gpu_0_memory_MB": 51.84521484375,
  "validation_accuracy": 0.5844370860927153,
  "validation_loss": 2.256292986869812,
  "best_validation_accuracy": 0.5844370860927153,
  "best_validation_loss": 2.256292986869812
}