{
  "best_epoch": 59,
  "peak_worker_0_memory_MB": 2327.01171875,
  "peak_gpu_0_memory_MB": 69.92529296875,
  "training_duration": "0:00:15.154268",
  "training_start_epoch": 0,
  "training_epochs": 59,
  "epoch": 59,
  "training_accuracy": 0.7960844698636164,
  "training_loss": 0.84323743565215,
  "training_worker_0_memory_MB": 2327.01171875,
  "training_gpu_0_memory_MB": 69.92529296875,
  "validation_accuracy": 0.793046357615894,
  "validation_loss": 0.9681050598621368,
  "best_validation_accuracy": 0.793046357615894,
  "best_validation_loss": 0.9681050598621368
}