{
  "best_epoch": 6,
  "peak_worker_0_memory_MB": 2327.01171875,
  "peak_gpu_0_memory_MB": 69.92529296875,
  "training_duration": "0:00:01.767573",
  "training_start_epoch": 0,
  "training_epochs": 6,
  "epoch": 6,
  "training_accuracy": 0.2652881654201496,
  "training_loss": 2.99377398358451,
  "training_worker_0_memory_MB": 2327.01171875,
  "training_gpu_0_memory_MB": 69.92529296875,
  "validation_accuracy": 0.38576158940397354,
  "validation_loss": 2.8152090072631837,
  "best_validation_accuracy": 0.38576158940397354,
  "best_validation_loss": 2.8152090072631837
}