{
  "best_epoch": 37,
  "peak_worker_0_memory_MB": 2327.01171875,
  "peak_gpu_0_memory_MB": 69.92529296875,
  "training_duration": "0:00:09.594526",
  "training_start_epoch": 0,
  "training_epochs": 37,
  "epoch": 37,
  "training_accuracy": 0.7382314122305323,
  "training_loss": 1.1475283255179722,
  "training_worker_0_memory_MB": 2327.01171875,
  "training_gpu_0_memory_MB": 69.92529296875,
  "validation_accuracy": 0.7748344370860927,
  "validation_loss": 1.0923966646194458,
  "best_validation_accuracy": 0.7748344370860927,
  "best_validation_loss": 1.0923966646194458
}