{
  "best_epoch": 14,
  "peak_worker_0_memory_MB": 2327.01171875,
  "peak_gpu_0_memory_MB": 69.92529296875,
  "training_duration": "0:00:03.787249",
  "training_start_epoch": 0,
  "training_epochs": 14,
  "epoch": 14,
  "training_accuracy": 0.48724153101627804,
  "training_loss": 2.1920538114176855,
  "training_worker_0_memory_MB": 2327.01171875,
  "training_gpu_0_memory_MB": 69.92529296875,
  "validation_accuracy": 0.609271523178808,
  "validation_loss": 1.932160198688507,
  "best_validation_accuracy": 0.609271523178808,
  "best_validation_loss": 1.932160198688507
}