{
  "best_epoch": 7,
  "peak_worker_0_memory_MB": 2327.01171875,
  "peak_gpu_0_memory_MB": 69.92529296875,
  "training_duration": "0:00:02.020096",
  "training_start_epoch": 0,
  "training_epochs": 7,
  "epoch": 7,
  "training_accuracy": 0.30378354597448304,
  "training_loss": 2.8876836399237313,
  "training_worker_0_memory_MB": 2327.01171875,
  "training_gpu_0_memory_MB": 69.92529296875,
  "validation_accuracy": 0.4105960264900662,
  "validation_loss": 2.6891916036605834,
  "best_validation_accuracy": 0.4105960264900662,
  "best_validation_loss": 2.6891916036605834
}