{
  "best_epoch": 66,
  "peak_worker_0_memory_MB": 2327.01171875,
  "peak_gpu_0_memory_MB": 69.92529296875,
  "training_duration": "0:00:19.177393",
  "training_start_epoch": 0,
  "training_epochs": 75,
  "epoch": 75,
  "training_accuracy": 0.8169819621645402,
  "training_loss": 0.7121061686840322,
  "training_worker_0_memory_MB": 2327.01171875,
  "training_gpu_0_memory_MB": 69.92529296875,
  "validation_accuracy": 0.7947019867549668,
  "validation_loss": 0.9735743999481201,
  "best_validation_accuracy": 0.7963576158940397,
  "best_validation_loss": 0.9409738034009933
}