{
  "best_epoch": 57,
  "peak_worker_0_memory_MB": 2327.01171875,
  "peak_gpu_0_memory_MB": 69.92529296875,
  "training_duration": "0:00:14.901002",
  "training_start_epoch": 0,
  "training_epochs": 58,
  "epoch": 58,
  "training_accuracy": 0.7987241531016278,
  "training_loss": 0.8302774272031255,
  "training_worker_0_memory_MB": 2327.01171875,
  "training_gpu_0_memory_MB": 69.92529296875,
  "validation_accuracy": 0.7947019867549668,
  "validation_loss": 0.9905393421649933,
  "best_validation_accuracy": 0.7947019867549668,
  "best_validation_loss": 0.9776151061058045
}