{
  "best_epoch": 26,
  "peak_worker_0_memory_MB": 2317.37890625,
  "peak_gpu_0_memory_MB": 51.4853515625,
  "training_duration": "0:00:08.755463",
  "training_start_epoch": 0,
  "training_epochs": 32,
  "epoch": 32,
  "training_accuracy": 0.9911007025761124,
  "training_loss": 0.06084316087636485,
  "training_worker_0_memory_MB": 2317.37890625,
  "training_gpu_0_memory_MB": 51.4853515625,
  "validation_accuracy": 0.804635761589404,
  "validation_loss": 0.9496562957763672,
  "best_validation_accuracy": 0.8029801324503312,
  "best_validation_loss": 0.882860979437828
}