{
  "best_epoch": 8,
  "peak_worker_0_memory_MB": 2317.37890625,
  "peak_gpu_0_memory_MB": 51.4853515625,
  "training_duration": "0:00:02.427338",
  "training_start_epoch": 0,
  "training_epochs": 8,
  "epoch": 8,
  "training_accuracy": 0.847072599531616,
  "training_loss": 0.8878631680759032,
  "training_worker_0_memory_MB": 2317.37890625,
  "training_gpu_0_memory_MB": 51.4853515625,
  "validation_accuracy": 0.7665562913907285,
  "validation_loss": 1.1654740154743195,
  "best_validation_accuracy": 0.7665562913907285,
  "best_validation_loss": 1.1654740154743195
}