{
  "best_epoch": 16,
  "peak_worker_0_memory_MB": 2317.37890625,
  "peak_gpu_0_memory_MB": 51.4853515625,
  "training_duration": "0:00:05.369538",
  "training_start_epoch": 0,
  "training_epochs": 19,
  "epoch": 19,
  "training_accuracy": 0.9707259953161592,
  "training_loss": 0.19426909122449249,
  "training_worker_0_memory_MB": 2317.37890625,
  "training_gpu_0_memory_MB": 51.4853515625,
  "validation_accuracy": 0.7980132450331126,
  "validation_loss": 0.9188820749521256,
  "best_validation_accuracy": 0.7963576158940397,
  "best_validation_loss": 0.8968573778867721
}