{
  "best_epoch": 10,
  "peak_worker_0_memory_MB": 2317.984375,
  "peak_gpu_0_memory_MB": 51.84521484375,
  "training_duration": "0:00:04.025173",
  "training_start_epoch": 0,
  "training_epochs": 15,
  "epoch": 15,
  "training_accuracy": 0.9264521521103217,
  "training_loss": 0.27484735768092305,
  "training_worker_0_memory_MB": 2317.984375,
  "training_gpu_0_memory_MB": 51.84521484375,
  "validation_accuracy": 0.7996688741721855,
  "validation_loss": 1.0870397746562959,
  "best_validation_accuracy": 0.7897350993377483,
  "best_validation_loss": 1.0048827618360519
}