{
  "best_epoch": 9,
  "peak_worker_0_memory_MB": 2379.60546875,
  "peak_gpu_0_memory_MB": 89.33056640625,
  "training_duration": "0:00:06.804730",
  "training_start_epoch": 0,
  "training_epochs": 12,
  "epoch": 12,
  "training_accuracy": 0.9390302448391743,
  "training_loss": 0.3000001373864312,
  "training_worker_0_memory_MB": 2379.60546875,
  "training_gpu_0_memory_MB": 89.33056640625,
  "validation_accuracy": 0.8062913907284768,
  "validation_loss": 0.9003945589065552,
  "best_validation_accuracy": 0.8013245033112583,
  "best_validation_loss": 0.8748318552970886
}