{
  "best_epoch": 4,
  "peak_worker_0_memory_MB": 2268.2578125,
  "peak_gpu_0_memory_MB": 8.73193359375,
  "training_duration": "0:00:00.880120",
  "training_start_epoch": 0,
  "training_epochs": 5,
  "epoch": 5,
  "training_accuracy": 0.9022147931466779,
  "training_loss": 0.40000176037612717,
  "training_worker_0_memory_MB": 2268.2578125,
  "training_gpu_0_memory_MB": 8.73193359375,
  "validation_accuracy": 0.8294701986754967,
  "validation_loss": 0.8679385006427764,
  "best_validation_accuracy": 0.8311258278145696,
  "best_validation_loss": 0.8552584052085876
}