{
  "best_epoch": 3,
  "peak_worker_0_memory_MB": 2313.5546875,
  "peak_gpu_0_memory_MB": 54.728515625,
  "training_duration": "0:00:00.853147",
  "training_start_epoch": 0,
  "training_epochs": 3,
  "epoch": 3,
  "training_accuracy": 0.705606105077781,
  "training_loss": 1.6672427897100095,
  "training_worker_0_memory_MB": 2313.5546875,
  "training_gpu_0_memory_MB": 54.728515625,
  "validation_accuracy": 0.7086092715231788,
  "validation_loss": 1.6170228958129882,
  "best_validation_accuracy": 0.7086092715231788,
  "best_validation_loss": 1.6170228958129882
}