{
  "best_epoch": 1,
  "peak_worker_0_memory_MB": 2379.60546875,
  "peak_gpu_0_memory_MB": 89.33056640625,
  "training_duration": "0:00:00.954445",
  "training_start_epoch": 0,
  "training_epochs": 1,
  "epoch": 1,
  "training_accuracy": 0.12638022083533365,
  "training_loss": 3.6517191279025476,
  "training_worker_0_memory_MB": 2379.60546875,
  "training_gpu_0_memory_MB": 89.33056640625,
  "validation_accuracy": 0.49337748344370863,
  "validation_loss": 3.223311448097229,
  "best_validation_accuracy": 0.49337748344370863,
  "best_validation_loss": 3.223311448097229
}