{
  "best_epoch": 30,
  "peak_worker_0_memory_MB": 2308.9453125,
  "peak_gpu_0_memory_MB": 54.28173828125,
  "training_duration": "0:00:08.976329",
  "training_start_epoch": 0,
  "training_epochs": 32,
  "epoch": 32,
  "training_accuracy": 0.6402810304449649,
  "training_loss": 1.3863737823358222,
  "training_worker_0_memory_MB": 2308.9453125,
  "training_gpu_0_memory_MB": 54.28173828125,
  "validation_accuracy": 0.7814569536423841,
  "validation_loss": 0.9642896473407745,
  "best_validation_accuracy": 0.7864238410596026,
  "best_validation_loss": 0.9268882572650909
}