{
  "best_epoch": 61,
  "peak_worker_0_memory_MB": 2308.9453125,
  "peak_gpu_0_memory_MB": 54.28173828125,
  "training_duration": "0:00:16.918810",
  "training_start_epoch": 0,
  "training_epochs": 62,
  "epoch": 62,
  "training_accuracy": 0.7154566744730679,
  "training_loss": 1.038388927036257,
  "training_worker_0_memory_MB": 2308.9453125,
  "training_gpu_0_memory_MB": 54.28173828125,
  "validation_accuracy": 0.8029801324503312,
  "validation_loss": 0.8826731026172638,
  "best_validation_accuracy": 0.7963576158940397,
  "best_validation_loss": 0.8634815037250518
}