{
  "best_epoch": 8,
  "peak_worker_0_memory_MB": 2308.9453125,
  "peak_gpu_0_memory_MB": 54.28173828125,
  "training_duration": "0:00:02.445387",
  "training_start_epoch": 0,
  "training_epochs": 8,
  "epoch": 8,
  "training_accuracy": 0.4529274004683841,
  "training_loss": 2.3205208137853823,
  "training_worker_0_memory_MB": 2308.9453125,
  "training_gpu_0_memory_MB": 54.28173828125,
  "validation_accuracy": 0.7052980132450332,
  "validation_loss": 1.6053792357444763,
  "best_validation_accuracy": 0.7052980132450332,
  "best_validation_loss": 1.6053792357444763
}