{
  "best_epoch": 10,
  "peak_worker_0_memory_MB": 2317.36328125,
  "peak_gpu_0_memory_MB": 51.4853515625,
  "training_duration": "0:00:02.981195",
  "training_start_epoch": 0,
  "training_epochs": 10,
  "epoch": 10,
  "training_accuracy": 0.9735362997658079,
  "training_loss": 0.17050601175027108,
  "training_worker_0_memory_MB": 2317.36328125,
  "training_gpu_0_memory_MB": 51.4853515625,
  "validation_accuracy": 0.8013245033112583,
  "validation_loss": 0.8890564203262329,
  "best_validation_accuracy": 0.8013245033112583,
  "best_validation_loss": 0.8890564203262329
}