{
  "best_epoch": 6,
  "peak_worker_0_memory_MB": 2326.73828125,
  "peak_gpu_0_memory_MB": 69.92529296875,
  "training_duration": "0:00:03.084103",
  "training_start_epoch": 0,
  "training_epochs": 11,
  "epoch": 11,
  "training_accuracy": 0.9938407391113067,
  "training_loss": 0.0391214630799368,
  "training_worker_0_memory_MB": 2326.73828125,
  "training_gpu_0_memory_MB": 69.92529296875,
  "validation_accuracy": 0.804635761589404,
  "validation_loss": 0.9945071995258331,
  "best_validation_accuracy": 0.804635761589404,
  "best_validation_loss": 0.8849203288555145
}