{
  "best_epoch": 1,
  "peak_worker_0_memory_MB": 2328.05859375,
  "peak_gpu_0_memory_MB": 64.7041015625,
  "training_duration": "0:00:00.529742",
  "training_start_epoch": 0,
  "training_epochs": 1,
  "epoch": 1,
  "training_accuracy": 0.32292155941756695,
  "training_loss": 3.050296623315384,
  "training_worker_0_memory_MB": 2328.05859375,
  "training_gpu_0_memory_MB": 64.7041015625,
  "validation_accuracy": 0.4602649006622517,
  "validation_loss": 2.713247227668762,
  "best_validation_accuracy": 0.4602649006622517,
  "best_validation_loss": 2.713247227668762
}