{
  "best_epoch": 11,
  "peak_worker_0_memory_MB": 2328.05859375,
  "peak_gpu_0_memory_MB": 64.7041015625,
  "training_duration": "0:00:03.823297",
  "training_start_epoch": 0,
  "training_epochs": 13,
  "epoch": 13,
  "training_accuracy": 0.9607797087834664,
  "training_loss": 0.23470031581263043,
  "training_worker_0_memory_MB": 2328.05859375,
  "training_gpu_0_memory_MB": 64.7041015625,
  "validation_accuracy": 0.8029801324503312,
  "validation_loss": 0.9557892322540283,
  "best_validation_accuracy": 0.793046357615894,
  "best_validation_loss": 0.9540232360363007
}