{
  "best_epoch": 8,
  "peak_worker_0_memory_MB": 2319.48828125,
  "peak_gpu_0_memory_MB": 51.08984375,
  "training_duration": "0:00:02.433528",
  "training_start_epoch": 0,
  "training_epochs": 8,
  "epoch": 8,
  "training_accuracy": 0.8737704918032787,
  "training_loss": 0.7505342622301472,
  "training_worker_0_memory_MB": 2319.48828125,
  "training_gpu_0_memory_MB": 51.08984375,
  "validation_accuracy": 0.7731788079470199,
  "validation_loss": 1.0604001700878143,
  "best_validation_accuracy": 0.7731788079470199,
  "best_validation_loss": 1.0604001700878143
}