{
  "best_epoch": 16,
  "peak_worker_0_memory_MB": 2319.48828125,
  "peak_gpu_0_memory_MB": 51.08984375,
  "training_duration": "0:00:06.724339",
  "training_start_epoch": 0,
  "training_epochs": 24,
  "epoch": 24,
  "training_accuracy": 0.988056206088993,
  "training_loss": 0.08426229538979815,
  "training_worker_0_memory_MB": 2319.48828125,
  "training_gpu_0_memory_MB": 51.08984375,
  "validation_accuracy": 0.7980132450331126,
  "validation_loss": 0.9542482793331146,
  "best_validation_accuracy": 0.7947019867549668,
  "best_validation_loss": 0.8901358544826508
}