{
  "best_epoch": 0,
  "peak_worker_0_memory_MB": 2316.54296875,
  "peak_gpu_0_memory_MB": 51.12255859375,
  "training_duration": "0:00:02.627959",
  "training_start_epoch": 0,
  "training_epochs": 3,
  "epoch": 3,
  "training_accuracy": 0.046803175929795236,
  "training_loss": 862.8530610737048,
  "training_worker_0_memory_MB": 2316.54296875,
  "training_gpu_0_memory_MB": 51.12255859375,
  "validation_accuracy": 0.30132450331125826,
  "validation_loss": 86.61034240722657,
  "best_validation_accuracy": 0.25,
  "best_validation_loss": 3.545955538749695
}