{
  "best_epoch": 2,
  "peak_worker_0_memory_MB": 2311.93359375,
  "peak_gpu_0_memory_MB": 51.12255859375,
  "training_duration": "0:00:04.493271",
  "training_start_epoch": 0,
  "training_epochs": 6,
  "epoch": 6,
  "training_accuracy": 0.9573756790639365,
  "training_loss": 0.15781378437225757,
  "training_worker_0_memory_MB": 2311.93359375,
  "training_gpu_0_memory_MB": 51.12255859375,
  "validation_accuracy": 0.7913907284768212,
  "validation_loss": 1.4656412243843078,
  "best_validation_accuracy": 0.7582781456953642,
  "best_validation_loss": 1.1364647537469863
}