{
  "best_epoch": 2,
  "peak_worker_0_memory_MB": 2311.93359375,
  "peak_gpu_0_memory_MB": 51.12255859375,
  "training_duration": "0:00:07.103719",
  "training_start_epoch": 0,
  "training_epochs": 10,
  "epoch": 10,
  "training_accuracy": 0.9745089845382365,
  "training_loss": 0.0837116964210413,
  "training_worker_0_memory_MB": 2311.93359375,
  "training_gpu_0_memory_MB": 51.12255859375,
  "validation_accuracy": 0.7847682119205298,
  "validation_loss": 1.8355937838554381,
  "best_validation_accuracy": 0.7582781456953642,
  "best_validation_loss": 1.1364647537469863
}