{
  "best_epoch": 1,
  "peak_worker_0_memory_MB": 2330.921875,
  "peak_gpu_0_memory_MB": 65.09326171875,
  "training_duration": "0:00:01.930660",
  "training_start_epoch": 0,
  "training_epochs": 6,
  "epoch": 6,
  "training_accuracy": 0.9941451990632318,
  "training_loss": 0.02430116504069362,
  "training_worker_0_memory_MB": 2330.921875,
  "training_gpu_0_memory_MB": 65.09326171875,
  "validation_accuracy": 0.7897350993377483,
  "validation_loss": 1.1809279680252076,
  "best_validation_accuracy": 0.8013245033112583,
  "best_validation_loss": 0.9693993985652923
}