{
  "best_epoch": 7,
  "peak_worker_0_memory_MB": 2271.57421875,
  "peak_gpu_0_memory_MB": 15.515625,
  "training_duration": "0:00:00.798595",
  "training_start_epoch": 0,
  "training_epochs": 9,
  "epoch": 9,
  "training_accuracy": 0.8731942215088283,
  "training_loss": 0.3744381174445152,
  "training_worker_0_memory_MB": 2271.57421875,
  "training_gpu_0_memory_MB": 15.515625,
  "validation_accuracy": 0.8145695364238411,
  "validation_loss": 1.1841387689113616,
  "best_validation_accuracy": 0.8129139072847682,
  "best_validation_loss": 1.1541362941265105
}