{
  "best_epoch": 10,
  "peak_worker_0_memory_MB": 2268.36328125,
  "peak_gpu_0_memory_MB": 8.73193359375,
  "training_duration": "0:00:01.885892",
  "training_start_epoch": 0,
  "training_epochs": 13,
  "epoch": 13,
  "training_accuracy": 0.9055578771416631,
  "training_loss": 0.4106864352759562,
  "training_worker_0_memory_MB": 2268.36328125,
  "training_gpu_0_memory_MB": 8.73193359375,
  "validation_accuracy": 0.8327814569536424,
  "validation_loss": 0.8825589776039123,
  "best_validation_accuracy": 0.8294701986754967,
  "best_validation_loss": 0.8548260927200317
}