{
  "best_epoch": 10,
  "peak_worker_0_memory_MB": 2268.359375,
  "peak_gpu_0_memory_MB": 8.73193359375,
  "training_duration": "0:00:01.457051",
  "training_start_epoch": 0,
  "training_epochs": 10,
  "epoch": 10,
  "training_accuracy": 0.9063936481404096,
  "training_loss": 0.3953004361767518,
  "training_worker_0_memory_MB": 2268.359375,
  "training_gpu_0_memory_MB": 8.73193359375,
  "validation_accuracy": 0.8294701986754967,
  "validation_loss": 0.8345978200435639,
  "best_validation_accuracy": 0.8294701986754967,
  "best_validation_loss": 0.8345978200435639
}