{
  "best_epoch": 9,
  "peak_worker_0_memory_MB": 2319.734375,
  "peak_gpu_0_memory_MB": 51.08984375,
  "training_duration": "0:00:02.581290",
  "training_start_epoch": 0,
  "training_epochs": 9,
  "epoch": 9,
  "training_accuracy": 0.911943793911007,
  "training_loss": 0.5023074768372436,
  "training_worker_0_memory_MB": 2319.734375,
  "training_gpu_0_memory_MB": 51.08984375,
  "validation_accuracy": 0.7831125827814569,
  "validation_loss": 0.949895566701889,
  "best_validation_accuracy": 0.7831125827814569,
  "best_validation_loss": 0.949895566701889
}