{
  "best_epoch": 71,
  "peak_worker_0_memory_MB": 2327.01171875,
  "peak_gpu_0_memory_MB": 69.92529296875,
  "training_duration": "0:00:21.781058",
  "training_start_epoch": 0,
  "training_epochs": 77,
  "epoch": 77,
  "training_accuracy": 0.9771227452705675,
  "training_loss": 0.13452510635316786,
  "training_worker_0_memory_MB": 2327.01171875,
  "training_gpu_0_memory_MB": 69.92529296875,
  "validation_accuracy": 0.8062913907284768,
  "validation_loss": 0.8970650792121887,
  "best_validation_accuracy": 0.8062913907284768,
  "best_validation_loss": 0.85502590239048
}