{
  "best_epoch": 55,
  "peak_worker_0_memory_MB": 2327.01171875,
  "peak_gpu_0_memory_MB": 69.92529296875,
  "training_duration": "0:00:15.651673",
  "training_start_epoch": 0,
  "training_epochs": 55,
  "epoch": 55,
  "training_accuracy": 0.9560052793664761,
  "training_loss": 0.28642110692130196,
  "training_worker_0_memory_MB": 2327.01171875,
  "training_gpu_0_memory_MB": 69.92529296875,
  "validation_accuracy": 0.8079470198675497,
  "validation_loss": 0.9062565624713897,
  "best_validation_accuracy": 0.8079470198675497,
  "best_validation_loss": 0.9062565624713897
}