{
  "best_epoch": 10,
  "peak_worker_0_memory_MB": 2327.01171875,
  "peak_gpu_0_memory_MB": 69.92529296875,
  "training_duration": "0:00:03.065646",
  "training_start_epoch": 0,
  "training_epochs": 10,
  "epoch": 10,
  "training_accuracy": 0.4861416630004399,
  "training_loss": 2.4989458190070257,
  "training_worker_0_memory_MB": 2327.01171875,
  "training_gpu_0_memory_MB": 69.92529296875,
  "validation_accuracy": 0.5364238410596026,
  "validation_loss": 2.4439285516738893,
  "best_validation_accuracy": 0.5364238410596026,
  "best_validation_loss": 2.4439285516738893
}