{
  "best_epoch": 71,
  "peak_worker_0_memory_MB": 2327.01171875,
  "peak_gpu_0_memory_MB": 69.92529296875,
  "training_duration": "0:00:20.949823",
  "training_start_epoch": 0,
  "training_epochs": 74,
  "epoch": 74,
  "training_accuracy": 0.9764628244610647,
  "training_loss": 0.13988868166537335,
  "training_worker_0_memory_MB": 2327.01171875,
  "training_gpu_0_memory_MB": 69.92529296875,
  "validation_accuracy": 0.8062913907284768,
  "validation_loss": 0.8826159864664078,
  "best_validation_accuracy": 0.8062913907284768,
  "best_validation_loss": 0.85502590239048
}