{
  "best_epoch": 1,
  "peak_worker_0_memory_MB": 2327.01171875,
  "peak_gpu_0_memory_MB": 69.92529296875,
  "training_duration": "0:00:00.540684",
  "training_start_epoch": 0,
  "training_epochs": 1,
  "epoch": 1,
  "training_accuracy": 0.1658600967883854,
  "training_loss": 3.8536551329824658,
  "training_worker_0_memory_MB": 2327.01171875,
  "training_gpu_0_memory_MB": 69.92529296875,
  "validation_accuracy": 0.2185430463576159,
  "validation_loss": 3.6881720304489134,
  "best_validation_accuracy": 0.2185430463576159,
  "best_validation_loss": 3.6881720304489134
}