{
  "best_epoch": 37,
  "peak_worker_0_memory_MB": 2327.01171875,
  "peak_gpu_0_memory_MB": 69.92529296875,
  "training_duration": "0:00:10.913602",
  "training_start_epoch": 0,
  "training_epochs": 38,
  "epoch": 38,
  "training_accuracy": 0.913770347558293,
  "training_loss": 0.5771781110929118,
  "training_worker_0_memory_MB": 2327.01171875,
  "training_gpu_0_memory_MB": 69.92529296875,
  "validation_accuracy": 0.7781456953642384,
  "validation_loss": 1.066650116443634,
  "best_validation_accuracy": 0.7764900662251656,
  "best_validation_loss": 1.012925487756729
}