{
  "best_epoch": 3,
  "peak_worker_0_memory_MB": 2269.6171875,
  "peak_gpu_0_memory_MB": 8.73193359375,
  "training_duration": "0:00:00.551021",
  "training_start_epoch": 0,
  "training_epochs": 3,
  "epoch": 3,
  "training_accuracy": 0.7709987463435019,
  "training_loss": 1.352760878048445,
  "training_worker_0_memory_MB": 2269.6171875,
  "training_gpu_0_memory_MB": 8.73193359375,
  "validation_accuracy": 0.75,
  "validation_loss": 1.3261847615242004,
  "best_validation_accuracy": 0.75,
  "best_validation_loss": 1.3261847615242004
}