{
  "best_epoch": 0,
  "peak_worker_0_memory_MB": 2269.6171875,
  "peak_gpu_0_memory_MB": 8.73193359375,
  "training_duration": "0:00:00.133497",
  "training_start_epoch": 0,
  "training_epochs": 0,
  "epoch": 0,
  "training_accuracy": 0.3681571249477643,
  "training_loss": 3.6789978679857755,
  "training_worker_0_memory_MB": 2269.6171875,
  "training_gpu_0_memory_MB": 8.73193359375,
  "validation_accuracy": 0.4056291390728477,
  "validation_loss": 3.120979380607605,
  "best_validation_accuracy": 0.4056291390728477,
  "best_validation_loss": 3.120979380607605
}