{
  "best_epoch": 15,
  "peak_worker_0_memory_MB": 2269.6171875,
  "peak_gpu_0_memory_MB": 8.73193359375,
  "training_duration": "0:00:02.243875",
  "training_start_epoch": 0,
  "training_epochs": 15,
  "epoch": 15,
  "training_accuracy": 0.9080651901379022,
  "training_loss": 0.3876501270814946,
  "training_worker_0_memory_MB": 2269.6171875,
  "training_gpu_0_memory_MB": 8.73193359375,
  "validation_accuracy": 0.8344370860927153,
  "validation_loss": 0.8484211146831513,
  "best_validation_accuracy": 0.8344370860927153,
  "best_validation_loss": 0.8484211146831513
}