{
  "best_epoch": 5,
  "peak_worker_0_memory_MB": 2273.13671875,
  "peak_gpu_0_memory_MB": 15.68994140625,
  "training_duration": "0:00:00.871798",
  "training_start_epoch": 0,
  "training_epochs": 8,
  "epoch": 8,
  "training_accuracy": 0.8683788121990369,
  "training_loss": 0.3757600970566273,
  "training_worker_0_memory_MB": 2273.13671875,
  "training_gpu_0_memory_MB": 15.68994140625,
  "validation_accuracy": 0.7897350993377483,
  "validation_loss": 1.1068948268890382,
  "best_validation_accuracy": 0.8261589403973509,
  "best_validation_loss": 1.0873735666275024
}