{
  "best_epoch": 16,
  "peak_worker_0_memory_MB": 2379.60546875,
  "peak_gpu_0_memory_MB": 89.33056640625,
  "training_duration": "0:00:08.098209",
  "training_start_epoch": 0,
  "training_epochs": 16,
  "epoch": 16,
  "training_accuracy": 0.5818530964954393,
  "training_loss": 1.7070653820765838,
  "training_worker_0_memory_MB": 2379.60546875,
  "training_gpu_0_memory_MB": 89.33056640625,
  "validation_accuracy": 0.7665562913907285,
  "validation_loss": 1.0712507009506225,
  "best_validation_accuracy": 0.7665562913907285,
  "best_validation_loss": 1.0712507009506225
}