{
  "best_epoch": 46,
  "peak_worker_0_memory_MB": 2379.60546875,
  "peak_gpu_0_memory_MB": 89.33056640625,
  "training_duration": "0:00:25.686063",
  "training_start_epoch": 0,
  "training_epochs": 53,
  "epoch": 53,
  "training_accuracy": 0.7872059529524724,
  "training_loss": 0.8002208305224208,
  "training_worker_0_memory_MB": 2379.60546875,
  "training_gpu_0_memory_MB": 89.33056640625,
  "validation_accuracy": 0.7980132450331126,
  "validation_loss": 0.8967861831188202,
  "best_validation_accuracy": 0.7996688741721855,
  "best_validation_loss": 0.8898337632417679
}