{
  "best_epoch": 11,
  "peak_worker_0_memory_MB": 2379.60546875,
  "peak_gpu_0_memory_MB": 89.33056640625,
  "training_duration": "0:00:05.730564",
  "training_start_epoch": 0,
  "training_epochs": 11,
  "epoch": 11,
  "training_accuracy": 0.5106817090734518,
  "training_loss": 2.076131678719557,
  "training_worker_0_memory_MB": 2379.60546875,
  "training_gpu_0_memory_MB": 89.33056640625,
  "validation_accuracy": 0.7317880794701986,
  "validation_loss": 1.2817547798156739,
  "best_validation_accuracy": 0.7317880794701986,
  "best_validation_loss": 1.2817547798156739
}