{
  "best_epoch": 20,
  "peak_worker_0_memory_MB": 2379.60546875,
  "peak_gpu_0_memory_MB": 89.33056640625,
  "training_duration": "0:00:09.980899",
  "training_start_epoch": 0,
  "training_epochs": 20,
  "epoch": 20,
  "training_accuracy": 0.6249399903984637,
  "training_loss": 1.5133347038094325,
  "training_worker_0_memory_MB": 2379.60546875,
  "training_gpu_0_memory_MB": 89.33056640625,
  "validation_accuracy": 0.7781456953642384,
  "validation_loss": 0.9994909942150116,
  "best_validation_accuracy": 0.7781456953642384,
  "best_validation_loss": 0.9994909942150116
}