{
  "best_epoch": 25,
  "peak_worker_0_memory_MB": 2379.60546875,
  "peak_gpu_0_memory_MB": 89.33056640625,
  "training_duration": "0:00:15.723228",
  "training_start_epoch": 0,
  "training_epochs": 32,
  "epoch": 32,
  "training_accuracy": 0.7132741238598176,
  "training_loss": 1.125933464701849,
  "training_worker_0_memory_MB": 2379.60546875,
  "training_gpu_0_memory_MB": 89.33056640625,
  "validation_accuracy": 0.7963576158940397,
  "validation_loss": 0.9269623398780823,
  "best_validation_accuracy": 0.7847682119205298,
  "best_validation_loss": 0.9264938801527023
}