{
  "best_epoch": 4,
  "peak_worker_0_memory_MB": 2326.51953125,
  "peak_gpu_0_memory_MB": 69.92529296875,
  "training_duration": "0:00:01.455209",
  "training_start_epoch": 0,
  "training_epochs": 4,
  "epoch": 4,
  "training_accuracy": 0.33347998240211174,
  "training_loss": 2.9535532924864025,
  "training_worker_0_memory_MB": 2326.51953125,
  "training_gpu_0_memory_MB": 69.92529296875,
  "validation_accuracy": 0.3990066225165563,
  "validation_loss": 2.8929367780685427,
  "best_validation_accuracy": 0.3990066225165563,
  "best_validation_loss": 2.8929367780685427
}