{
  "best_epoch": 25,
  "peak_worker_0_memory_MB": 2326.51953125,
  "peak_gpu_0_memory_MB": 69.92529296875,
  "training_duration": "0:00:07.606952",
  "training_start_epoch": 0,
  "training_epochs": 25,
  "epoch": 25,
  "training_accuracy": 0.9205895292564892,
  "training_loss": 0.5415509140325917,
  "training_worker_0_memory_MB": 2326.51953125,
  "training_gpu_0_memory_MB": 69.92529296875,
  "validation_accuracy": 0.7847682119205298,
  "validation_loss": 1.040485328435898,
  "best_validation_accuracy": 0.7847682119205298,
  "best_validation_loss": 1.040485328435898
}