{
  "best_epoch": 46,
  "peak_worker_0_memory_MB": 2326.73828125,
  "peak_gpu_0_memory_MB": 69.92529296875,
  "training_duration": "0:00:14.557618",
  "training_start_epoch": 0,
  "training_epochs": 49,
  "epoch": 49,
  "training_accuracy": 0.978002639683238,
  "training_loss": 0.1289508091027124,
  "training_worker_0_memory_MB": 2326.73828125,
  "training_gpu_0_memory_MB": 69.92529296875,
  "validation_accuracy": 0.804635761589404,
  "validation_loss": 0.907418406009674,
  "best_validation_accuracy": 0.804635761589404,
  "best_validation_loss": 0.8598115801811218
}