{
  "best_epoch": 34,
  "peak_worker_0_memory_MB": 2326.73828125,
  "peak_gpu_0_memory_MB": 69.92529296875,
  "training_duration": "0:00:10.217100",
  "training_start_epoch": 0,
  "training_epochs": 34,
  "epoch": 34,
  "training_accuracy": 0.9533655961284646,
  "training_loss": 0.2929410935483045,
  "training_worker_0_memory_MB": 2326.73828125,
  "training_gpu_0_memory_MB": 69.92529296875,
  "validation_accuracy": 0.7963576158940397,
  "validation_loss": 0.9140253961086273,
  "best_validation_accuracy": 0.7963576158940397,
  "best_validation_loss": 0.9140253961086273
}