{
  "best_epoch": 5,
  "peak_worker_0_memory_MB": 2318.11328125,
  "peak_gpu_0_memory_MB": 51.84521484375,
  "training_duration": "0:00:03.462696",
  "training_start_epoch": 0,
  "training_epochs": 11,
  "epoch": 11,
  "training_accuracy": 0.9803593815294609,
  "training_loss": 0.0715404341585542,
  "training_worker_0_memory_MB": 2318.11328125,
  "training_gpu_0_memory_MB": 51.84521484375,
  "validation_accuracy": 0.793046357615894,
  "validation_loss": 1.4531952440738678,
  "best_validation_accuracy": 0.7996688741721855,
  "best_validation_loss": 1.0457343101501464
}