{
  "best_epoch": 5,
  "peak_worker_0_memory_MB": 2318.11328125,
  "peak_gpu_0_memory_MB": 51.84521484375,
  "training_duration": "0:00:02.945890",
  "training_start_epoch": 0,
  "training_epochs": 9,
  "epoch": 9,
  "training_accuracy": 0.9728374425407439,
  "training_loss": 0.10389271309893382,
  "training_worker_0_memory_MB": 2318.11328125,
  "training_gpu_0_memory_MB": 51.84521484375,
  "validation_accuracy": 0.7831125827814569,
  "validation_loss": 1.3303602576255797,
  "best_validation_accuracy": 0.7996688741721855,
  "best_validation_loss": 1.0457343101501464
}