{
  "best_epoch": 17,
  "peak_worker_0_memory_MB": 2315.51171875,
  "peak_gpu_0_memory_MB": 51.84521484375,
  "training_duration": "0:00:04.770091",
  "training_start_epoch": 0,
  "training_epochs": 17,
  "epoch": 17,
  "training_accuracy": 0.8483075637275387,
  "training_loss": 0.7077863083073967,
  "training_worker_0_memory_MB": 2315.51171875,
  "training_gpu_0_memory_MB": 51.84521484375,
  "validation_accuracy": 0.793046357615894,
  "validation_loss": 1.0786917150020598,
  "best_validation_accuracy": 0.793046357615894,
  "best_validation_loss": 1.0786917150020598
}