{
  "best_epoch": 0,
  "peak_worker_0_memory_MB": 0,
  "training_duration": "0:00:35.758452",
  "training_start_epoch": 0,
  "training_epochs": 9,
  "epoch": 9,
  "training_accuracy": 0.03677392394483912,
  "training_loss": 11291516.394736841,
  "training_worker_0_memory_MB": 0.0,
  "validation_accuracy": 0.24834437086092714,
  "validation_loss": 346628.4921875,
  "best_validation_accuracy": 0.08443708609271523,
  "best_validation_loss": 12197.86494140625
}