{
  "best_epoch": 3,
  "peak_worker_0_memory_MB": 2371.23046875,
  "peak_gpu_0_memory_MB": 89.33056640625,
  "training_duration": "0:00:05.190011",
  "training_start_epoch": 0,
  "training_epochs": 10,
  "epoch": 10,
  "training_accuracy": 0.9560729716754681,
  "training_loss": 0.16396128335071883,
  "training_worker_0_memory_MB": 2371.23046875,
  "training_gpu_0_memory_MB": 89.33056640625,
  "validation_accuracy": 0.8013245033112583,
  "validation_loss": 1.0967673540115357,
  "best_validation_accuracy": 0.7963576158940397,
  "best_validation_loss": 0.9360133349895478
}