{
  "best_epoch": 0,
  "peak_worker_0_memory_MB": 2313.5546875,
  "peak_gpu_0_memory_MB": 54.728515625,
  "training_duration": "0:00:00.194185",
  "training_start_epoch": 0,
  "training_epochs": 0,
  "epoch": 0,
  "training_accuracy": 0.13178749633108305,
  "training_loss": 3.866801968327275,
  "training_worker_0_memory_MB": 2313.5546875,
  "training_gpu_0_memory_MB": 54.728515625,
  "validation_accuracy": 0.25496688741721857,
  "validation_loss": 3.349153423309326,
  "best_validation_accuracy": 0.25496688741721857,
  "best_validation_loss": 3.349153423309326
}