{
  "best_epoch": 20,
  "peak_worker_0_memory_MB": 2313.5546875,
  "peak_gpu_0_memory_MB": 54.728515625,
  "training_duration": "0:00:05.956354",
  "training_start_epoch": 0,
  "training_epochs": 29,
  "epoch": 29,
  "training_accuracy": 0.9521573231582037,
  "training_loss": 0.2473561214628043,
  "training_worker_0_memory_MB": 2313.5546875,
  "training_gpu_0_memory_MB": 54.728515625,
  "validation_accuracy": 0.7980132450331126,
  "validation_loss": 0.8891047179698944,
  "best_validation_accuracy": 0.8013245033112583,
  "best_validation_loss": 0.8764846533536911
}