{
  "best_epoch": 37,
  "peak_worker_0_memory_MB": 2379.60546875,
  "peak_gpu_0_memory_MB": 89.33056640625,
  "training_duration": "0:00:18.807597",
  "training_start_epoch": 0,
  "training_epochs": 39,
  "epoch": 39,
  "training_accuracy": 0.6566250600096015,
  "training_loss": 1.304726874100343,
  "training_worker_0_memory_MB": 2379.60546875,
  "training_gpu_0_memory_MB": 89.33056640625,
  "validation_accuracy": 0.793046357615894,
  "validation_loss": 0.9369130671024323,
  "best_validation_accuracy": 0.7913907284768212,
  "best_validation_loss": 0.9208969205617905
}