{
  "best_epoch": 25,
  "peak_worker_0_memory_MB": 2379.60546875,
  "peak_gpu_0_memory_MB": 89.33056640625,
  "training_duration": "0:00:14.039993",
  "training_start_epoch": 0,
  "training_epochs": 29,
  "epoch": 29,
  "training_accuracy": 0.6168987037926068,
  "training_loss": 1.5108870668265655,
  "training_worker_0_memory_MB": 2379.60546875,
  "training_gpu_0_memory_MB": 89.33056640625,
  "validation_accuracy": 0.7798013245033113,
  "validation_loss": 0.9842119097709656,
  "best_validation_accuracy": 0.7748344370860927,
  "best_validation_loss": 0.9731815874576568
}