{
  "best_epoch": 1,
  "peak_worker_0_memory_MB": 2379.60546875,
  "peak_gpu_0_memory_MB": 89.33056640625,
  "training_duration": "0:00:00.921739",
  "training_start_epoch": 0,
  "training_epochs": 1,
  "epoch": 1,
  "training_accuracy": 0.10381661065770523,
  "training_loss": 3.69701527093203,
  "training_worker_0_memory_MB": 2379.60546875,
  "training_gpu_0_memory_MB": 89.33056640625,
  "validation_accuracy": 0.4205298013245033,
  "validation_loss": 3.2830653190612793,
  "best_validation_accuracy": 0.4205298013245033,
  "best_validation_loss": 3.2830653190612793
}