{
  "best_epoch": 11,
  "peak_worker_0_memory_MB": 2370.390625,
  "peak_gpu_0_memory_MB": 89.33056640625,
  "training_duration": "0:00:08.459195",
  "training_start_epoch": 0,
  "training_epochs": 16,
  "epoch": 16,
  "training_accuracy": 0.9907585213634181,
  "training_loss": 0.08768612046846906,
  "training_worker_0_memory_MB": 2370.390625,
  "training_gpu_0_memory_MB": 89.33056640625,
  "validation_accuracy": 0.8079470198675497,
  "validation_loss": 0.9117842257022858,
  "best_validation_accuracy": 0.8029801324503312,
  "best_validation_loss": 0.8992743223905564
}