{
  "best_epoch": 11,
  "peak_worker_0_memory_MB": 2370.390625,
  "peak_gpu_0_memory_MB": 89.33056640625,
  "training_duration": "0:00:09.887639",
  "training_start_epoch": 0,
  "training_epochs": 19,
  "epoch": 19,
  "training_accuracy": 0.9932789246279404,
  "training_loss": 0.05693764155659512,
  "training_worker_0_memory_MB": 2370.390625,
  "training_gpu_0_memory_MB": 89.33056640625,
  "validation_accuracy": 0.8062913907284768,
  "validation_loss": 0.9419784247875214,
  "best_validation_accuracy": 0.8029801324503312,
  "best_validation_loss": 0.8992743223905564
}