{
  "best_epoch": 11,
  "peak_worker_0_memory_MB": 2271.328125,
  "peak_gpu_0_memory_MB": 15.515625,
  "training_duration": "0:00:01.281130",
  "training_start_epoch": 0,
  "training_epochs": 15,
  "epoch": 15,
  "training_accuracy": 0.8747993579454254,
  "training_loss": 0.30938429310917853,
  "training_worker_0_memory_MB": 2271.328125,
  "training_gpu_0_memory_MB": 15.515625,
  "validation_accuracy": 0.7086092715231788,
  "validation_loss": 1.164060926437378,
  "best_validation_accuracy": 0.8096026490066225,
  "best_validation_loss": 1.0929703056812285
}