{
  "best_epoch": 27,
  "peak_worker_0_memory_MB": 2318.20703125,
  "peak_gpu_0_memory_MB": 51.84521484375,
  "training_duration": "0:00:07.997307",
  "training_start_epoch": 0,
  "training_epochs": 29,
  "epoch": 29,
  "training_accuracy": 0.8240702047638947,
  "training_loss": 0.7476320031442141,
  "training_worker_0_memory_MB": 2318.20703125,
  "training_gpu_0_memory_MB": 51.84521484375,
  "validation_accuracy": 0.7996688741721855,
  "validation_loss": 0.9723169505596161,
  "best_validation_accuracy": 0.7963576158940397,
  "best_validation_loss": 0.9224097404628993
}