{
  "best_epoch": 15,
  "peak_worker_0_memory_MB": 2317.32421875,
  "peak_gpu_0_memory_MB": 51.12255859375,
  "training_duration": "0:00:10.645391",
  "training_start_epoch": 0,
  "training_epochs": 15,
  "epoch": 15,
  "training_accuracy": 0.6590054325114919,
  "training_loss": 1.3340991390378851,
  "training_worker_0_memory_MB": 2317.32421875,
  "training_gpu_0_memory_MB": 51.12255859375,
  "validation_accuracy": 0.7632450331125827,
  "validation_loss": 1.052112889289856,
  "best_validation_accuracy": 0.7632450331125827,
  "best_validation_loss": 1.052112889289856
}