{
  "best_epoch": 3,
  "peak_worker_0_memory_MB": 2317.32421875,
  "peak_gpu_0_memory_MB": 51.12255859375,
  "training_duration": "0:00:02.648633",
  "training_start_epoch": 0,
  "training_epochs": 3,
  "epoch": 3,
  "training_accuracy": 0.1521103217718345,
  "training_loss": 3.611216294138055,
  "training_worker_0_memory_MB": 2317.32421875,
  "training_gpu_0_memory_MB": 51.12255859375,
  "validation_accuracy": 0.23013245033112584,
  "validation_loss": 3.142450976371765,
  "best_validation_accuracy": 0.23013245033112584,
  "best_validation_loss": 3.142450976371765
}