{
  "best_epoch": 25,
  "peak_worker_0_memory_MB": 2316.2890625,
  "peak_gpu_0_memory_MB": 62.47802734375,
  "training_duration": "0:00:06.899936",
  "training_start_epoch": 0,
  "training_epochs": 25,
  "epoch": 25,
  "training_accuracy": 0.8505854800936768,
  "training_loss": 0.6887695473521503,
  "training_worker_0_memory_MB": 2316.2890625,
  "training_gpu_0_memory_MB": 62.47802734375,
  "validation_accuracy": 0.793046357615894,
  "validation_loss": 0.9431369125843048,
  "best_validation_accuracy": 0.793046357615894,
  "best_validation_loss": 0.9431369125843048
}