{
  "best_epoch": 1,
  "peak_worker_0_memory_MB": 2328.3125,
  "peak_gpu_0_memory_MB": 64.7041015625,
  "training_duration": "0:00:00.496613",
  "training_start_epoch": 0,
  "training_epochs": 1,
  "epoch": 1,
  "training_accuracy": 0.3515735086895256,
  "training_loss": 2.9875307261054194,
  "training_worker_0_memory_MB": 2328.3125,
  "training_gpu_0_memory_MB": 64.7041015625,
  "validation_accuracy": 0.47019867549668876,
  "validation_loss": 2.6330352783203126,
  "best_validation_accuracy": 0.47019867549668876,
  "best_validation_loss": 2.6330352783203126
}