{
  "best_epoch": 7,
  "peak_worker_0_memory_MB": 2326.80078125,
  "peak_gpu_0_memory_MB": 69.92529296875,
  "training_duration": "0:00:02.137134",
  "training_start_epoch": 0,
  "training_epochs": 7,
  "epoch": 7,
  "training_accuracy": 0.8585569731632204,
  "training_loss": 0.8650531346599261,
  "training_worker_0_memory_MB": 2326.80078125,
  "training_gpu_0_memory_MB": 69.92529296875,
  "validation_accuracy": 0.7731788079470199,
  "validation_loss": 1.1169819235801697,
  "best_validation_accuracy": 0.7731788079470199,
  "best_validation_loss": 1.1169819235801697
}