{
  "best_epoch": 12,
  "peak_worker_0_memory_MB": 2326.80078125,
  "peak_gpu_0_memory_MB": 69.92529296875,
  "training_duration": "0:00:04.287059",
  "training_start_epoch": 0,
  "training_epochs": 15,
  "epoch": 15,
  "training_accuracy": 0.9645842498900132,
  "training_loss": 0.2151120857646068,
  "training_worker_0_memory_MB": 2326.80078125,
  "training_gpu_0_memory_MB": 69.92529296875,
  "validation_accuracy": 0.804635761589404,
  "validation_loss": 0.9215046763420105,
  "best_validation_accuracy": 0.7980132450331126,
  "best_validation_loss": 0.8914047479629517
}