{
  "best_epoch": 23,
  "peak_worker_0_memory_MB": 2317.109375,
  "peak_gpu_0_memory_MB": 51.4853515625,
  "training_duration": "0:00:06.537678",
  "training_start_epoch": 0,
  "training_epochs": 23,
  "epoch": 23,
  "training_accuracy": 0.8611241217798595,
  "training_loss": 0.8141594182199506,
  "training_worker_0_memory_MB": 2317.109375,
  "training_gpu_0_memory_MB": 51.4853515625,
  "validation_accuracy": 0.7682119205298014,
  "validation_loss": 1.1604511141777039,
  "best_validation_accuracy": 0.7682119205298014,
  "best_validation_loss": 1.1604511141777039
}