{
  "best_epoch": 4,
  "peak_worker_0_memory_MB": 2317.109375,
  "peak_gpu_0_memory_MB": 51.4853515625,
  "training_duration": "0:00:01.328106",
  "training_start_epoch": 0,
  "training_epochs": 4,
  "epoch": 4,
  "training_accuracy": 0.3405152224824356,
  "training_loss": 3.1088276976969706,
  "training_worker_0_memory_MB": 2317.109375,
  "training_gpu_0_memory_MB": 51.4853515625,
  "validation_accuracy": 0.4304635761589404,
  "validation_loss": 2.9692514896392823,
  "best_validation_accuracy": 0.4304635761589404,
  "best_validation_loss": 2.9692514896392823
}