{
  "best_epoch": 20,
  "peak_worker_0_memory_MB": 2317.109375,
  "peak_gpu_0_memory_MB": 51.4853515625,
  "training_duration": "0:00:05.722014",
  "training_start_epoch": 0,
  "training_epochs": 20,
  "epoch": 20,
  "training_accuracy": 0.8360655737704918,
  "training_loss": 0.9944712991145119,
  "training_worker_0_memory_MB": 2317.109375,
  "training_gpu_0_memory_MB": 51.4853515625,
  "validation_accuracy": 0.7649006622516556,
  "validation_loss": 1.2535054206848144,
  "best_validation_accuracy": 0.7649006622516556,
  "best_validation_loss": 1.2535054206848144
}