{
  "best_epoch": 40,
  "peak_worker_0_memory_MB": 2317.109375,
  "peak_gpu_0_memory_MB": 51.4853515625,
  "training_duration": "0:00:11.946568",
  "training_start_epoch": 0,
  "training_epochs": 43,
  "epoch": 43,
  "training_accuracy": 0.95807962529274,
  "training_loss": 0.26654955789224427,
  "training_worker_0_memory_MB": 2317.109375,
  "training_gpu_0_memory_MB": 51.4853515625,
  "validation_accuracy": 0.7864238410596026,
  "validation_loss": 0.9205992639064788,
  "best_validation_accuracy": 0.7864238410596026,
  "best_validation_loss": 0.9078844457864761
}