{
  "best_epoch": 48,
  "peak_worker_0_memory_MB": 2317.109375,
  "peak_gpu_0_memory_MB": 51.4853515625,
  "training_duration": "0:00:14.664016",
  "training_start_epoch": 0,
  "training_epochs": 53,
  "epoch": 53,
  "training_accuracy": 0.9754098360655737,
  "training_loss": 0.16498781084569533,
  "training_worker_0_memory_MB": 2317.109375,
  "training_gpu_0_memory_MB": 51.4853515625,
  "validation_accuracy": 0.8013245033112583,
  "validation_loss": 0.9257344961166382,
  "best_validation_accuracy": 0.793046357615894,
  "best_validation_loss": 0.8878544390201568
}