{
  "best_epoch": 21,
  "peak_worker_0_memory_MB": 2317.109375,
  "peak_gpu_0_memory_MB": 51.4853515625,
  "training_duration": "0:00:06.002213",
  "training_start_epoch": 0,
  "training_epochs": 21,
  "epoch": 21,
  "training_accuracy": 0.846135831381733,
  "training_loss": 0.9295759565794646,
  "training_worker_0_memory_MB": 2317.109375,
  "training_gpu_0_memory_MB": 51.4853515625,
  "validation_accuracy": 0.7698675496688742,
  "validation_loss": 1.2137194514274596,
  "best_validation_accuracy": 0.7698675496688742,
  "best_validation_loss": 1.2137194514274596
}