{
  "best_epoch": 2,
  "peak_worker_0_memory_MB": 2268.2578125,
  "peak_gpu_0_memory_MB": 8.73193359375,
  "training_duration": "0:00:00.394661",
  "training_start_epoch": 0,
  "training_epochs": 2,
  "epoch": 2,
  "training_accuracy": 0.8111157542833264,
  "training_loss": 1.0363248649396395,
  "training_worker_0_memory_MB": 2268.2578125,
  "training_gpu_0_memory_MB": 8.73193359375,
  "validation_accuracy": 0.7980132450331126,
  "validation_loss": 1.0424585968255997,
  "best_validation_accuracy": 0.7980132450331126,
  "best_validation_loss": 1.0424585968255997
}