{
  "best_epoch": 52,
  "peak_worker_0_memory_MB": 2316.2890625,
  "peak_gpu_0_memory_MB": 62.47802734375,
  "training_duration": "0:00:13.784741",
  "training_start_epoch": 0,
  "training_epochs": 53,
  "epoch": 53,
  "training_accuracy": 0.42927400468384075,
  "training_loss": 2.665500085745285,
  "training_worker_0_memory_MB": 2316.2890625,
  "training_gpu_0_memory_MB": 62.47802734375,
  "validation_accuracy": 0.5082781456953642,
  "validation_loss": 2.593369245529175,
  "best_validation_accuracy": 0.5016556291390728,
  "best_validation_loss": 2.5843332052230834
}