{
  "best_epoch": 19,
  "peak_worker_0_memory_MB": 2316.2890625,
  "peak_gpu_0_memory_MB": 62.47802734375,
  "training_duration": "0:00:05.186450",
  "training_start_epoch": 0,
  "training_epochs": 19,
  "epoch": 19,
  "training_accuracy": 0.1686182669789227,
  "training_loss": 3.3794007052236528,
  "training_worker_0_memory_MB": 2316.2890625,
  "training_gpu_0_memory_MB": 62.47802734375,
  "validation_accuracy": 0.24834437086092714,
  "validation_loss": 3.264514994621277,
  "best_validation_accuracy": 0.24834437086092714,
  "best_validation_loss": 3.264514994621277
}