{
  "best_epoch": 76,
  "peak_worker_0_memory_MB": 2316.2890625,
  "peak_gpu_0_memory_MB": 62.47802734375,
  "training_duration": "0:00:19.615106",
  "training_start_epoch": 0,
  "training_epochs": 76,
  "epoch": 76,
  "training_accuracy": 0.5627634660421545,
  "training_loss": 2.195515109531915,
  "training_worker_0_memory_MB": 2316.2890625,
  "training_gpu_0_memory_MB": 62.47802734375,
  "validation_accuracy": 0.6076158940397351,
  "validation_loss": 2.144958257675171,
  "best_validation_accuracy": 0.6076158940397351,
  "best_validation_loss": 2.144958257675171
}