{
  "best_epoch": 87,
  "peak_worker_0_memory_MB": 2316.2890625,
  "peak_gpu_0_memory_MB": 62.47802734375,
  "training_duration": "0:00:22.916373",
  "training_start_epoch": 0,
  "training_epochs": 89,
  "epoch": 89,
  "training_accuracy": 0.623887587822014,
  "training_loss": 1.9420723879515236,
  "training_worker_0_memory_MB": 2316.2890625,
  "training_gpu_0_memory_MB": 62.47802734375,
  "validation_accuracy": 0.6589403973509934,
  "validation_loss": 1.9476398706436158,
  "best_validation_accuracy": 0.6506622516556292,
  "best_validation_loss": 1.919729769229889
}