{
  "best_epoch": 31,
  "peak_worker_0_memory_MB": 2316.2890625,
  "peak_gpu_0_memory_MB": 62.47802734375,
  "training_duration": "0:00:08.493471",
  "training_start_epoch": 0,
  "training_epochs": 32,
  "epoch": 32,
  "training_accuracy": 0.2873536299765808,
  "training_loss": 3.1035161730068834,
  "training_worker_0_memory_MB": 2316.2890625,
  "training_gpu_0_memory_MB": 62.47802734375,
  "validation_accuracy": 0.3791390728476821,
  "validation_loss": 3.0258326292037965,
  "best_validation_accuracy": 0.37748344370860926,
  "best_validation_loss": 3.021360397338867
}