{
  "best_epoch": 61,
  "peak_worker_0_memory_MB": 2316.2890625,
  "peak_gpu_0_memory_MB": 62.47802734375,
  "training_duration": "0:00:15.787494",
  "training_start_epoch": 0,
  "training_epochs": 61,
  "epoch": 61,
  "training_accuracy": 0.4775175644028103,
  "training_loss": 2.5002376748554744,
  "training_worker_0_memory_MB": 2316.2890625,
  "training_gpu_0_memory_MB": 62.47802734375,
  "validation_accuracy": 0.5529801324503312,
  "validation_loss": 2.403748369216919,
  "best_validation_accuracy": 0.5529801324503312,
  "best_validation_loss": 2.403748369216919
}