{
  "best_epoch": 27,
  "peak_worker_0_memory_MB": 2316.2890625,
  "peak_gpu_0_memory_MB": 62.47802734375,
  "training_duration": "0:00:07.482893",
  "training_start_epoch": 0,
  "training_epochs": 28,
  "epoch": 28,
  "training_accuracy": 0.2615925058548009,
  "training_loss": 3.18859531630331,
  "training_worker_0_memory_MB": 2316.2890625,
  "training_gpu_0_memory_MB": 62.47802734375,
  "validation_accuracy": 0.3576158940397351,
  "validation_loss": 3.097401237487793,
  "best_validation_accuracy": 0.347682119205298,
  "best_validation_loss": 3.078704595565796
}