{
  "best_epoch": 94,
  "peak_worker_0_memory_MB": 2316.2890625,
  "peak_gpu_0_memory_MB": 62.47802734375,
  "training_duration": "0:00:24.686665",
  "training_start_epoch": 0,
  "training_epochs": 96,
  "epoch": 96,
  "training_accuracy": 0.646135831381733,
  "training_loss": 1.826289458061332,
  "training_worker_0_memory_MB": 2316.2890625,
  "training_gpu_0_memory_MB": 62.47802734375,
  "validation_accuracy": 0.6788079470198676,
  "validation_loss": 1.8362490296363831,
  "best_validation_accuracy": 0.6721854304635762,
  "best_validation_loss": 1.8163384318351745
}