{
  "best_epoch": 8,
  "peak_worker_0_memory_MB": 2316.2890625,
  "peak_gpu_0_memory_MB": 62.47802734375,
  "training_duration": "0:00:02.309105",
  "training_start_epoch": 0,
  "training_epochs": 8,
  "epoch": 8,
  "training_accuracy": 0.11007025761124122,
  "training_loss": 3.849364707719034,
  "training_worker_0_memory_MB": 2316.2890625,
  "training_gpu_0_memory_MB": 62.47802734375,
  "validation_accuracy": 0.12582781456953643,
  "validation_loss": 3.7926048278808593,
  "best_validation_accuracy": 0.12582781456953643,
  "best_validation_loss": 3.7926048278808593
}