{
  "best_epoch": 48,
  "peak_worker_0_memory_MB": 2316.2890625,
  "peak_gpu_0_memory_MB": 62.47802734375,
  "training_duration": "0:00:12.515434",
  "training_start_epoch": 0,
  "training_epochs": 48,
  "epoch": 48,
  "training_accuracy": 0.3992974238875878,
  "training_loss": 2.7810060728841752,
  "training_worker_0_memory_MB": 2316.2890625,
  "training_gpu_0_memory_MB": 62.47802734375,
  "validation_accuracy": 0.478476821192053,
  "validation_loss": 2.685894751548767,
  "best_validation_accuracy": 0.478476821192053,
  "best_validation_loss": 2.685894751548767
}