{
  "best_epoch": 65,
  "peak_worker_0_memory_MB": 2309.8046875,
  "peak_gpu_0_memory_MB": 46.67724609375,
  "training_duration": "0:00:15.865985",
  "training_start_epoch": 0,
  "training_epochs": 66,
  "epoch": 66,
  "training_accuracy": 0.9189903140592897,
  "training_loss": 0.4819757905271318,
  "training_worker_0_memory_MB": 2309.8046875,
  "training_gpu_0_memory_MB": 46.67724609375,
  "validation_accuracy": 0.7831125827814569,
  "validation_loss": 1.0199527263641357,
  "best_validation_accuracy": 0.7814569536423841,
  "best_validation_loss": 1.0141970098018647
}