{
  "best_epoch": 69,
  "peak_worker_0_memory_MB": 2309.8046875,
  "peak_gpu_0_memory_MB": 46.67724609375,
  "training_duration": "0:00:16.786235",
  "training_start_epoch": 0,
  "training_epochs": 70,
  "epoch": 70,
  "training_accuracy": 0.9251540945113003,
  "training_loss": 0.4357256351245774,
  "training_worker_0_memory_MB": 2309.8046875,
  "training_gpu_0_memory_MB": 46.67724609375,
  "validation_accuracy": 0.7897350993377483,
  "validation_loss": 1.005289912223816,
  "best_validation_accuracy": 0.7913907284768212,
  "best_validation_loss": 0.9965100884437561
}