{
  "best_epoch": 15,
  "peak_worker_0_memory_MB": 2309.5546875,
  "peak_gpu_0_memory_MB": 46.67724609375,
  "training_duration": "0:00:04.081448",
  "training_start_epoch": 0,
  "training_epochs": 15,
  "epoch": 15,
  "training_accuracy": 0.47402406809509834,
  "training_loss": 2.596858183542887,
  "training_worker_0_memory_MB": 2309.5546875,
  "training_gpu_0_memory_MB": 46.67724609375,
  "validation_accuracy": 0.48344370860927155,
  "validation_loss": 2.6140082597732546,
  "best_validation_accuracy": 0.48344370860927155,
  "best_validation_loss": 2.6140082597732546
}