{
  "best_epoch": 22,
  "peak_worker_0_memory_MB": 2309.8046875,
  "peak_gpu_0_memory_MB": 46.67724609375,
  "training_duration": "0:00:05.697905",
  "training_start_epoch": 0,
  "training_epochs": 22,
  "epoch": 22,
  "training_accuracy": 0.6234223657176402,
  "training_loss": 2.048534832618855,
  "training_worker_0_memory_MB": 2309.8046875,
  "training_gpu_0_memory_MB": 46.67724609375,
  "validation_accuracy": 0.6059602649006622,
  "validation_loss": 2.1484122037887574,
  "best_validation_accuracy": 0.6059602649006622,
  "best_validation_loss": 2.1484122037887574
}