{
  "best_epoch": 5,
  "peak_worker_0_memory_MB": 2315.51171875,
  "peak_gpu_0_memory_MB": 51.84521484375,
  "training_duration": "0:00:02.305853",
  "training_start_epoch": 0,
  "training_epochs": 8,
  "epoch": 8,
  "training_accuracy": 0.9506895110739657,
  "training_loss": 0.19662975696356674,
  "training_worker_0_memory_MB": 2315.51171875,
  "training_gpu_0_memory_MB": 51.84521484375,
  "validation_accuracy": 0.8062913907284768,
  "validation_loss": 1.0973389208316804,
  "best_validation_accuracy": 0.7913907284768212,
  "best_validation_loss": 0.9961372137069702
}