{
  "best_epoch": 34,
  "peak_worker_0_memory_MB": 2331.171875,
  "peak_gpu_0_memory_MB": 65.09326171875,
  "training_duration": "0:00:08.643159",
  "training_start_epoch": 0,
  "training_epochs": 34,
  "epoch": 34,
  "training_accuracy": 0.8676814988290398,
  "training_loss": 0.7150211476567966,
  "training_worker_0_memory_MB": 2331.171875,
  "training_gpu_0_memory_MB": 65.09326171875,
  "validation_accuracy": 0.7798013245033113,
  "validation_loss": 0.9824519991874695,
  "best_validation_accuracy": 0.7798013245033113,
  "best_validation_loss": 0.9824519991874695
}