{
  "best_epoch": 6,
  "peak_worker_0_memory_MB": 2331.171875,
  "peak_gpu_0_memory_MB": 65.09326171875,
  "training_duration": "0:00:01.753216",
  "training_start_epoch": 0,
  "training_epochs": 6,
  "epoch": 6,
  "training_accuracy": 0.3510538641686183,
  "training_loss": 2.894784870432384,
  "training_worker_0_memory_MB": 2331.171875,
  "training_gpu_0_memory_MB": 65.09326171875,
  "validation_accuracy": 0.48509933774834435,
  "validation_loss": 2.6655064105987547,
  "best_validation_accuracy": 0.48509933774834435,
  "best_validation_loss": 2.6655064105987547
}