{
  "best_epoch": 17,
  "peak_worker_0_memory_MB": 2331.171875,
  "peak_gpu_0_memory_MB": 65.09326171875,
  "training_duration": "0:00:04.482462",
  "training_start_epoch": 0,
  "training_epochs": 17,
  "epoch": 17,
  "training_accuracy": 0.6922716627634661,
  "training_loss": 1.5332869451437423,
  "training_worker_0_memory_MB": 2331.171875,
  "training_gpu_0_memory_MB": 65.09326171875,
  "validation_accuracy": 0.7185430463576159,
  "validation_loss": 1.4797861695289611,
  "best_validation_accuracy": 0.7185430463576159,
  "best_validation_loss": 1.4797861695289611
}