{
  "best_epoch": 20,
  "peak_worker_0_memory_MB": 2331.171875,
  "peak_gpu_0_memory_MB": 65.09326171875,
  "training_duration": "0:00:05.219299",
  "training_start_epoch": 0,
  "training_epochs": 20,
  "epoch": 20,
  "training_accuracy": 0.7381733021077284,
  "training_loss": 1.313263202781108,
  "training_worker_0_memory_MB": 2331.171875,
  "training_gpu_0_memory_MB": 65.09326171875,
  "validation_accuracy": 0.7400662251655629,
  "validation_loss": 1.3070557832717895,
  "best_validation_accuracy": 0.7400662251655629,
  "best_validation_loss": 1.3070557832717895
}