{
  "best_epoch": 40,
  "peak_worker_0_memory_MB": 2331.171875,
  "peak_gpu_0_memory_MB": 65.09326171875,
  "training_duration": "0:00:10.997742",
  "training_start_epoch": 0,
  "training_epochs": 43,
  "epoch": 43,
  "training_accuracy": 0.9039812646370023,
  "training_loss": 0.5267122045381746,
  "training_worker_0_memory_MB": 2331.171875,
  "training_gpu_0_memory_MB": 65.09326171875,
  "validation_accuracy": 0.7947019867549668,
  "validation_loss": 0.9406247437000275,
  "best_validation_accuracy": 0.793046357615894,
  "best_validation_loss": 0.9316801428794861
}