{
  "best_epoch": 19,
  "peak_worker_0_memory_MB": 2331.171875,
  "peak_gpu_0_memory_MB": 65.09326171875,
  "training_duration": "0:00:04.979030",
  "training_start_epoch": 0,
  "training_epochs": 19,
  "epoch": 19,
  "training_accuracy": 0.7334894613583138,
  "training_loss": 1.3883987264846689,
  "training_worker_0_memory_MB": 2331.171875,
  "training_gpu_0_memory_MB": 65.09326171875,
  "validation_accuracy": 0.7350993377483444,
  "validation_loss": 1.3584703207015991,
  "best_validation_accuracy": 0.7350993377483444,
  "best_validation_loss": 1.3584703207015991
}