{
  "best_epoch": 61,
  "peak_worker_0_memory_MB": 2331.171875,
  "peak_gpu_0_memory_MB": 65.09326171875,
  "training_duration": "0:00:16.614755",
  "training_start_epoch": 0,
  "training_epochs": 66,
  "epoch": 66,
  "training_accuracy": 0.9386416861826697,
  "training_loss": 0.31466158712977793,
  "training_worker_0_memory_MB": 2331.171875,
  "training_gpu_0_memory_MB": 65.09326171875,
  "validation_accuracy": 0.8096026490066225,
  "validation_loss": 0.8997706830501556,
  "best_validation_accuracy": 0.8062913907284768,
  "best_validation_loss": 0.8681130826473236
}