{
  "best_epoch": 32,
  "peak_worker_0_memory_MB": 2326.80078125,
  "peak_gpu_0_memory_MB": 69.92529296875,
  "training_duration": "0:00:08.953113",
  "training_start_epoch": 0,
  "training_epochs": 33,
  "epoch": 33,
  "training_accuracy": 0.952485701715794,
  "training_loss": 0.2762274283450097,
  "training_worker_0_memory_MB": 2326.80078125,
  "training_gpu_0_memory_MB": 69.92529296875,
  "validation_accuracy": 0.8079470198675497,
  "validation_loss": 0.8979314804077149,
  "best_validation_accuracy": 0.8062913907284768,
  "best_validation_loss": 0.8638556659221649
}