{
  "best_epoch": 37,
  "peak_worker_0_memory_MB": 2326.80078125,
  "peak_gpu_0_memory_MB": 69.92529296875,
  "training_duration": "0:00:11.320131",
  "training_start_epoch": 0,
  "training_epochs": 42,
  "epoch": 42,
  "training_accuracy": 0.9663440387153541,
  "training_loss": 0.18795802423523533,
  "training_worker_0_memory_MB": 2326.80078125,
  "training_gpu_0_memory_MB": 69.92529296875,
  "validation_accuracy": 0.8096026490066225,
  "validation_loss": 0.881041693687439,
  "best_validation_accuracy": 0.8079470198675497,
  "best_validation_loss": 0.8521716743707657
}