{
  "best_epoch": 9,
  "peak_worker_0_memory_MB": 2371.23046875,
  "peak_gpu_0_memory_MB": 89.33056640625,
  "training_duration": "0:00:08.152929",
  "training_start_epoch": 0,
  "training_epochs": 15,
  "epoch": 15,
  "training_accuracy": 0.8733797407585213,
  "training_loss": 0.47869539181239734,
  "training_worker_0_memory_MB": 2371.23046875,
  "training_gpu_0_memory_MB": 89.33056640625,
  "validation_accuracy": 0.7980132450331126,
  "validation_loss": 0.9538820803165435,
  "best_validation_accuracy": 0.7897350993377483,
  "best_validation_loss": 0.8941399097442627
}