{
  "best_epoch": 5,
  "peak_worker_0_memory_MB": 2273.13671875,
  "peak_gpu_0_memory_MB": 15.68994140625,
  "training_duration": "0:00:01.079734",
  "training_start_epoch": 0,
  "training_epochs": 11,
  "epoch": 11,
  "training_accuracy": 0.8667736757624398,
  "training_loss": 0.3039153411984444,
  "training_worker_0_memory_MB": 2273.13671875,
  "training_gpu_0_memory_MB": 15.68994140625,
  "validation_accuracy": 0.7102649006622517,
  "validation_loss": 1.1839632868766785,
  "best_validation_accuracy": 0.8211920529801324,
  "best_validation_loss": 1.0900415897369384
}