{
  "best_epoch": 0,
  "peak_worker_0_memory_MB": 2273.13671875,
  "peak_gpu_0_memory_MB": 15.68994140625,
  "training_duration": "0:00:00.088914",
  "training_start_epoch": 0,
  "training_epochs": 0,
  "epoch": 0,
  "training_accuracy": 0.13964686998394862,
  "training_loss": 3.9224308729171753,
  "training_worker_0_memory_MB": 2273.13671875,
  "training_gpu_0_memory_MB": 15.68994140625,
  "validation_accuracy": 0.5281456953642384,
  "validation_loss": 3.225524878501892,
  "best_validation_accuracy": 0.5281456953642384,
  "best_validation_loss": 3.225524878501892
}