{
  "best_epoch": 20,
  "peak_worker_0_memory_MB": 2309.91796875,
  "peak_gpu_0_memory_MB": 46.67724609375,
  "training_duration": "0:00:05.648907",
  "training_start_epoch": 0,
  "training_epochs": 25,
  "epoch": 25,
  "training_accuracy": 0.9820956853536836,
  "training_loss": 0.10807712065676849,
  "training_worker_0_memory_MB": 2309.91796875,
  "training_gpu_0_memory_MB": 46.67724609375,
  "validation_accuracy": 0.8079470198675497,
  "validation_loss": 0.8648273050785065,
  "best_validation_accuracy": 0.8096026490066225,
  "best_validation_loss": 0.8528015285730361
}