{
  "best_epoch": 1,
  "peak_worker_0_memory_MB": 2317.36328125,
  "peak_gpu_0_memory_MB": 51.4853515625,
  "training_duration": "0:00:00.493371",
  "training_start_epoch": 0,
  "training_epochs": 1,
  "epoch": 1,
  "training_accuracy": 0.22669789227166276,
  "training_loss": 3.4233868655873767,
  "training_worker_0_memory_MB": 2317.36328125,
  "training_gpu_0_memory_MB": 51.4853515625,
  "validation_accuracy": 0.347682119205298,
  "validation_loss": 3.1213831424713137,
  "best_validation_accuracy": 0.347682119205298,
  "best_validation_loss": 3.1213831424713137
}