{
  "best_epoch": 22,
  "peak_worker_0_memory_MB": 2269.69921875,
  "peak_gpu_0_memory_MB": 8.73193359375,
  "training_duration": "0:00:03.327875",
  "training_start_epoch": 0,
  "training_epochs": 23,
  "epoch": 23,
  "training_accuracy": 0.9047221061429168,
  "training_loss": 0.42910534692438024,
  "training_worker_0_memory_MB": 2269.69921875,
  "training_gpu_0_memory_MB": 8.73193359375,
  "validation_accuracy": 0.8327814569536424,
  "validation_loss": 0.9039038479328155,
  "best_validation_accuracy": 0.8294701986754967,
  "best_validation_loss": 0.8681760311126709
}