{
  "best_epoch": 29,
  "peak_worker_0_memory_MB": 2269.83203125,
  "peak_gpu_0_memory_MB": 15.515625,
  "training_duration": "0:00:02.653624",
  "training_start_epoch": 0,
  "training_epochs": 32,
  "epoch": 32,
  "training_accuracy": 0.8820224719101124,
  "training_loss": 0.32945852652192115,
  "training_worker_0_memory_MB": 2269.83203125,
  "training_gpu_0_memory_MB": 15.515625,
  "validation_accuracy": 0.8112582781456954,
  "validation_loss": 1.1562405824661255,
  "best_validation_accuracy": 0.8162251655629139,
  "best_validation_loss": 1.1194523960351943
}