{
  "best_epoch": 27,
  "peak_worker_0_memory_MB": 2284.4375,
  "peak_gpu_0_memory_MB": 30.3212890625,
  "training_duration": "0:00:04.955320",
  "training_start_epoch": 0,
  "training_epochs": 29,
  "epoch": 29,
  "training_accuracy": 0.9745089845382365,
  "training_loss": 0.14348749306641126,
  "training_worker_0_memory_MB": 2284.4375,
  "training_gpu_0_memory_MB": 30.3212890625,
  "validation_accuracy": 0.8013245033112583,
  "validation_loss": 0.8930008828639984,
  "best_validation_accuracy": 0.8013245033112583,
  "best_validation_loss": 0.8535829700529576
}