{
  "best_epoch": 21,
  "peak_worker_0_memory_MB": 2284.4375,
  "peak_gpu_0_memory_MB": 30.3212890625,
  "training_duration": "0:00:03.633820",
  "training_start_epoch": 0,
  "training_epochs": 21,
  "epoch": 21,
  "training_accuracy": 0.9456748850814877,
  "training_loss": 0.25562058663681936,
  "training_worker_0_memory_MB": 2284.4375,
  "training_gpu_0_memory_MB": 30.3212890625,
  "validation_accuracy": 0.7980132450331126,
  "validation_loss": 0.8764103531837464,
  "best_validation_accuracy": 0.7980132450331126,
  "best_validation_loss": 0.8764103531837464
}