{
  "best_epoch": 34,
  "peak_worker_0_memory_MB": 2328.29296875,
  "peak_gpu_0_memory_MB": 64.7041015625,
  "training_duration": "0:00:07.957307",
  "training_start_epoch": 0,
  "training_epochs": 34,
  "epoch": 34,
  "training_accuracy": 0.954908407703147,
  "training_loss": 0.269638408253442,
  "training_worker_0_memory_MB": 2328.29296875,
  "training_gpu_0_memory_MB": 64.7041015625,
  "validation_accuracy": 0.8062913907284768,
  "validation_loss": 0.9373860716819763,
  "best_validation_accuracy": 0.8062913907284768,
  "best_validation_loss": 0.9373860716819763
}