{
  "best_epoch": 34,
  "peak_worker_0_memory_MB": 2328.29296875,
  "peak_gpu_0_memory_MB": 64.7041015625,
  "training_duration": "0:00:08.636003",
  "training_start_epoch": 0,
  "training_epochs": 37,
  "epoch": 37,
  "training_accuracy": 0.9617191169563175,
  "training_loss": 0.23509184415660686,
  "training_worker_0_memory_MB": 2328.29296875,
  "training_gpu_0_memory_MB": 64.7041015625,
  "validation_accuracy": 0.8112582781456954,
  "validation_loss": 0.995914351940155,
  "best_validation_accuracy": 0.8062913907284768,
  "best_validation_loss": 0.9373860716819763
}