{
  "best_epoch": 34,
  "peak_worker_0_memory_MB": 2328.29296875,
  "peak_gpu_0_memory_MB": 64.7041015625,
  "training_duration": "0:00:09.766100",
  "training_start_epoch": 0,
  "training_epochs": 42,
  "epoch": 42,
  "training_accuracy": 0.9699389384687647,
  "training_loss": 0.1880930351899631,
  "training_worker_0_memory_MB": 2328.29296875,
  "training_gpu_0_memory_MB": 64.7041015625,
  "validation_accuracy": 0.8112582781456954,
  "validation_loss": 0.9452580392360688,
  "best_validation_accuracy": 0.8062913907284768,
  "best_validation_loss": 0.9373860716819763
}