{
  "best_epoch": 44,
  "peak_worker_0_memory_MB": 2328.29296875,
  "peak_gpu_0_memory_MB": 64.7041015625,
  "training_duration": "0:00:11.574406",
  "training_start_epoch": 0,
  "training_epochs": 50,
  "epoch": 50,
  "training_accuracy": 0.9744011272898074,
  "training_loss": 0.14175142025324836,
  "training_worker_0_memory_MB": 2328.29296875,
  "training_gpu_0_memory_MB": 64.7041015625,
  "validation_accuracy": 0.8096026490066225,
  "validation_loss": 0.959412333369255,
  "best_validation_accuracy": 0.8112582781456954,
  "best_validation_loss": 0.928455051779747
}