{
  "best_epoch": 44,
  "peak_worker_0_memory_MB": 2328.29296875,
  "peak_gpu_0_memory_MB": 64.7041015625,
  "training_duration": "0:00:12.026038",
  "training_start_epoch": 0,
  "training_epochs": 52,
  "epoch": 52,
  "training_accuracy": 0.980037576326914,
  "training_loss": 0.12263323522325772,
  "training_worker_0_memory_MB": 2328.29296875,
  "training_gpu_0_memory_MB": 64.7041015625,
  "validation_accuracy": 0.8112582781456954,
  "validation_loss": 0.9422632306814194,
  "best_validation_accuracy": 0.8112582781456954,
  "best_validation_loss": 0.928455051779747
}