{
  "best_epoch": 25,
  "peak_worker_0_memory_MB": 2313.53515625,
  "peak_gpu_0_memory_MB": 54.728515625,
  "training_duration": "0:00:05.414811",
  "training_start_epoch": 0,
  "training_epochs": 25,
  "epoch": 25,
  "training_accuracy": 0.923686527737012,
  "training_loss": 0.44383037587006885,
  "training_worker_0_memory_MB": 2313.53515625,
  "training_gpu_0_memory_MB": 54.728515625,
  "validation_accuracy": 0.7947019867549668,
  "validation_loss": 0.9393680036067963,
  "best_validation_accuracy": 0.7947019867549668,
  "best_validation_loss": 0.9393680036067963
}