{
  "best_epoch": 23,
  "peak_worker_0_memory_MB": 2313.53515625,
  "peak_gpu_0_memory_MB": 54.728515625,
  "training_duration": "0:00:05.208267",
  "training_start_epoch": 0,
  "training_epochs": 24,
  "epoch": 24,
  "training_accuracy": 0.9166422072204286,
  "training_loss": 0.48908303098546135,
  "training_worker_0_memory_MB": 2313.53515625,
  "training_gpu_0_memory_MB": 54.728515625,
  "validation_accuracy": 0.7947019867549668,
  "validation_loss": 0.9866495788097381,
  "best_validation_accuracy": 0.7913907284768212,
  "best_validation_loss": 0.9637748539447785
}