{
  "best_epoch": 32,
  "peak_worker_0_memory_MB": 2268.36328125,
  "peak_gpu_0_memory_MB": 8.73193359375,
  "training_duration": "0:00:05.071828",
  "training_start_epoch": 0,
  "training_epochs": 38,
  "epoch": 38,
  "training_accuracy": 0.9114082741328876,
  "training_loss": 0.3311306116612334,
  "training_worker_0_memory_MB": 2268.36328125,
  "training_gpu_0_memory_MB": 8.73193359375,
  "validation_accuracy": 0.8278145695364238,
  "validation_loss": 0.8701620161533355,
  "best_validation_accuracy": 0.8278145695364238,
  "best_validation_loss": 0.8176137328147888
}