{
  "best_epoch": 0,
  "peak_worker_0_memory_MB": 2267.484375,
  "peak_gpu_0_memory_MB": 7.4111328125,
  "training_duration": "0:00:00.134092",
  "training_start_epoch": 0,
  "training_epochs": 0,
  "epoch": 0,
  "training_accuracy": 0.7333890513999164,
  "training_loss": 1.6350388452410698,
  "training_worker_0_memory_MB": 2267.484375,
  "training_gpu_0_memory_MB": 7.4111328125,
  "validation_accuracy": 0.7781456953642384,
  "validation_loss": 1.69548819065094,
  "best_validation_accuracy": 0.7781456953642384,
  "best_validation_loss": 1.69548819065094
}