{
  "best_epoch": 21,
  "peak_worker_0_memory_MB": 2319.734375,
  "peak_gpu_0_memory_MB": 51.08984375,
  "training_duration": "0:00:06.688536",
  "training_start_epoch": 0,
  "training_epochs": 25,
  "epoch": 25,
  "training_accuracy": 0.9695550351288056,
  "training_loss": 0.19786376039038844,
  "training_worker_0_memory_MB": 2319.734375,
  "training_gpu_0_memory_MB": 51.08984375,
  "validation_accuracy": 0.793046357615894,
  "validation_loss": 0.9411053538322449,
  "best_validation_accuracy": 0.7947019867549668,
  "best_validation_loss": 0.9215382099151611
}