{
  "best_epoch": 12,
  "peak_worker_0_memory_MB": 2319.734375,
  "peak_gpu_0_memory_MB": 51.08984375,
  "training_duration": "0:00:03.357713",
  "training_start_epoch": 0,
  "training_epochs": 12,
  "epoch": 12,
  "training_accuracy": 0.8725995316159251,
  "training_loss": 0.7655759355915126,
  "training_worker_0_memory_MB": 2319.734375,
  "training_gpu_0_memory_MB": 51.08984375,
  "validation_accuracy": 0.7731788079470199,
  "validation_loss": 1.0825678288936615,
  "best_validation_accuracy": 0.7731788079470199,
  "best_validation_loss": 1.0825678288936615
}