{
  "best_epoch": 16,
  "peak_worker_0_memory_MB": 2319.734375,
  "peak_gpu_0_memory_MB": 51.08984375,
  "training_duration": "0:00:04.364404",
  "training_start_epoch": 0,
  "training_epochs": 16,
  "epoch": 16,
  "training_accuracy": 0.9238875878220141,
  "training_loss": 0.48175364599299075,
  "training_worker_0_memory_MB": 2319.734375,
  "training_gpu_0_memory_MB": 51.08984375,
  "validation_accuracy": 0.7880794701986755,
  "validation_loss": 0.9457750082015991,
  "best_validation_accuracy": 0.7880794701986755,
  "best_validation_loss": 0.9457750082015991
}