{
  "best_epoch": 11,
  "peak_worker_0_memory_MB": 2365.1484375,
  "peak_gpu_0_memory_MB": 75.88427734375,
  "training_duration": "0:00:09.388623",
  "training_start_epoch": 0,
  "training_epochs": 18,
  "epoch": 18,
  "training_accuracy": 0.993398943831013,
  "training_loss": 0.06103290755387026,
  "training_worker_0_memory_MB": 2365.1484375,
  "training_gpu_0_memory_MB": 75.88427734375,
  "validation_accuracy": 0.8096026490066225,
  "validation_loss": 0.8994792461395263,
  "best_validation_accuracy": 0.7996688741721855,
  "best_validation_loss": 0.8787306398153305
}