{
  "best_epoch": 11,
  "peak_worker_0_memory_MB": 2365.1484375,
  "peak_gpu_0_memory_MB": 75.88427734375,
  "training_duration": "0:00:08.902354",
  "training_start_epoch": 0,
  "training_epochs": 17,
  "epoch": 17,
  "training_accuracy": 0.9914786365818531,
  "training_loss": 0.07059197520254222,
  "training_worker_0_memory_MB": 2365.1484375,
  "training_gpu_0_memory_MB": 75.88427734375,
  "validation_accuracy": 0.8112582781456954,
  "validation_loss": 0.9080992877483368,
  "best_validation_accuracy": 0.7996688741721855,
  "best_validation_loss": 0.8787306398153305
}