{
  "best_epoch": 4,
  "peak_worker_0_memory_MB": 2271.109375,
  "peak_gpu_0_memory_MB": 15.515625,
  "training_duration": "0:00:00.395613",
  "training_start_epoch": 0,
  "training_epochs": 4,
  "epoch": 4,
  "training_accuracy": 0.15008025682182985,
  "training_loss": 3.8284215092658997,
  "training_worker_0_memory_MB": 2271.109375,
  "training_gpu_0_memory_MB": 15.515625,
  "validation_accuracy": 0.14403973509933773,
  "validation_loss": 3.7216352462768554,
  "best_validation_accuracy": 0.14403973509933773,
  "best_validation_loss": 3.7216352462768554
}