{
  "best_epoch": 0,
  "peak_worker_0_memory_MB": 2271.109375,
  "peak_gpu_0_memory_MB": 15.515625,
  "training_duration": "0:00:00.077566",
  "training_start_epoch": 0,
  "training_epochs": 0,
  "epoch": 0,
  "training_accuracy": 0.03210272873194221,
  "training_loss": 4.189764928817749,
  "training_worker_0_memory_MB": 2271.109375,
  "training_gpu_0_memory_MB": 15.515625,
  "validation_accuracy": 0.04470198675496689,
  "validation_loss": 4.140729331970215,
  "best_validation_accuracy": 0.04470198675496689,
  "best_validation_loss": 4.140729331970215
}