{
  "best_epoch": 40,
  "peak_worker_0_memory_MB": 2271.109375,
  "peak_gpu_0_memory_MB": 15.515625,
  "training_duration": "0:00:03.542911",
  "training_start_epoch": 0,
  "training_epochs": 40,
  "epoch": 40,
  "training_accuracy": 0.8667736757624398,
  "training_loss": 0.7011451780796051,
  "training_worker_0_memory_MB": 2271.109375,
  "training_gpu_0_memory_MB": 15.515625,
  "validation_accuracy": 0.8112582781456954,
  "validation_loss": 1.1757030010223388,
  "best_validation_accuracy": 0.8112582781456954,
  "best_validation_loss": 1.1757030010223388
}