{
  "best_epoch": 8,
  "peak_worker_0_memory_MB": 2271.109375,
  "peak_gpu_0_memory_MB": 15.515625,
  "training_duration": "0:00:00.708942",
  "training_start_epoch": 0,
  "training_epochs": 8,
  "epoch": 8,
  "training_accuracy": 0.3274478330658106,
  "training_loss": 3.405652129650116,
  "training_worker_0_memory_MB": 2271.109375,
  "training_gpu_0_memory_MB": 15.515625,
  "validation_accuracy": 0.49503311258278143,
  "validation_loss": 3.267814207077026,
  "best_validation_accuracy": 0.49503311258278143,
  "best_validation_loss": 3.267814207077026
}