{
  "best_epoch": 33,
  "peak_worker_0_memory_MB": 2328.29296875,
  "peak_gpu_0_memory_MB": 64.7041015625,
  "training_duration": "0:00:07.826531",
  "training_start_epoch": 0,
  "training_epochs": 33,
  "epoch": 33,
  "training_accuracy": 0.943400657585721,
  "training_loss": 0.3326382436859074,
  "training_worker_0_memory_MB": 2328.29296875,
  "training_gpu_0_memory_MB": 64.7041015625,
  "validation_accuracy": 0.8062913907284768,
  "validation_loss": 0.9638378083705902,
  "best_validation_accuracy": 0.8062913907284768,
  "best_validation_loss": 0.9638378083705902
}