{
  "best_epoch": 27,
  "peak_worker_0_memory_MB": 2328.29296875,
  "peak_gpu_0_memory_MB": 64.7041015625,
  "training_duration": "0:00:06.883644",
  "training_start_epoch": 0,
  "training_epochs": 29,
  "epoch": 29,
  "training_accuracy": 0.9330671676843588,
  "training_loss": 0.40492094941993256,
  "training_worker_0_memory_MB": 2328.29296875,
  "training_gpu_0_memory_MB": 64.7041015625,
  "validation_accuracy": 0.8029801324503312,
  "validation_loss": 1.0192556619644164,
  "best_validation_accuracy": 0.7980132450331126,
  "best_validation_loss": 0.9733726680278778
}