{
  "best_epoch": 33,
  "peak_worker_0_memory_MB": 2309.91796875,
  "peak_gpu_0_memory_MB": 46.67724609375,
  "training_duration": "0:00:07.285872",
  "training_start_epoch": 0,
  "training_epochs": 33,
  "epoch": 33,
  "training_accuracy": 0.9509832697387731,
  "training_loss": 0.2728447017294389,
  "training_worker_0_memory_MB": 2309.91796875,
  "training_gpu_0_memory_MB": 46.67724609375,
  "validation_accuracy": 0.7980132450331126,
  "validation_loss": 0.9058624625205993,
  "best_validation_accuracy": 0.7980132450331126,
  "best_validation_loss": 0.9058624625205993
}