{
  "best_epoch": 44,
  "peak_worker_0_memory_MB": 2309.91796875,
  "peak_gpu_0_memory_MB": 46.67724609375,
  "training_duration": "0:00:09.541025",
  "training_start_epoch": 0,
  "training_epochs": 44,
  "epoch": 44,
  "training_accuracy": 0.9709421778690931,
  "training_loss": 0.1589782104861957,
  "training_worker_0_memory_MB": 2309.91796875,
  "training_gpu_0_memory_MB": 46.67724609375,
  "validation_accuracy": 0.8096026490066225,
  "validation_loss": 0.8516610145568848,
  "best_validation_accuracy": 0.8096026490066225,
  "best_validation_loss": 0.8516610145568848
}