{
  "best_epoch": 35,
  "peak_worker_0_memory_MB": 2309.91796875,
  "peak_gpu_0_memory_MB": 46.67724609375,
  "training_duration": "0:00:07.697373",
  "training_start_epoch": 0,
  "training_epochs": 35,
  "epoch": 35,
  "training_accuracy": 0.9565600234810684,
  "training_loss": 0.2472193721267912,
  "training_worker_0_memory_MB": 2309.91796875,
  "training_gpu_0_memory_MB": 46.67724609375,
  "validation_accuracy": 0.7963576158940397,
  "validation_loss": 0.8823405086994172,
  "best_validation_accuracy": 0.7963576158940397,
  "best_validation_loss": 0.8823405086994172
}