{
  "best_epoch": 50,
  "peak_worker_0_memory_MB": 2309.91796875,
  "peak_gpu_0_memory_MB": 46.67724609375,
  "training_duration": "0:00:11.388073",
  "training_start_epoch": 0,
  "training_epochs": 53,
  "epoch": 53,
  "training_accuracy": 0.9815086586439683,
  "training_loss": 0.10884698777011147,
  "training_worker_0_memory_MB": 2309.91796875,
  "training_gpu_0_memory_MB": 46.67724609375,
  "validation_accuracy": 0.8079470198675497,
  "validation_loss": 0.88275106549263,
  "best_validation_accuracy": 0.8096026490066225,
  "best_validation_loss": 0.8455350458621979
}