{
  "best_epoch": 16,
  "peak_worker_0_memory_MB": 2309.91796875,
  "peak_gpu_0_memory_MB": 46.67724609375,
  "training_duration": "0:00:03.551407",
  "training_start_epoch": 0,
  "training_epochs": 16,
  "epoch": 16,
  "training_accuracy": 0.8617552098620487,
  "training_loss": 0.8880794467749419,
  "training_worker_0_memory_MB": 2309.91796875,
  "training_gpu_0_memory_MB": 46.67724609375,
  "validation_accuracy": 0.7582781456953642,
  "validation_loss": 1.2210271418094636,
  "best_validation_accuracy": 0.7582781456953642,
  "best_validation_loss": 1.2210271418094636
}