{
  "best_epoch": 34,
  "peak_worker_0_memory_MB": 2304.85546875,
  "peak_gpu_0_memory_MB": 54.28173828125,
  "training_duration": "0:00:11.145212",
  "training_start_epoch": 0,
  "training_epochs": 35,
  "epoch": 35,
  "training_accuracy": 0.8147540983606557,
  "training_loss": 1.1090490533344781,
  "training_worker_0_memory_MB": 2304.85546875,
  "training_gpu_0_memory_MB": 54.28173828125,
  "validation_accuracy": 0.7317880794701986,
  "validation_loss": 1.416428118944168,
  "best_validation_accuracy": 0.7284768211920529,
  "best_validation_loss": 1.3741470575332642
}