{
  "best_epoch": 72,
  "peak_worker_0_memory_MB": 2304.85546875,
  "peak_gpu_0_memory_MB": 54.28173828125,
  "training_duration": "0:00:21.988277",
  "training_start_epoch": 0,
  "training_epochs": 74,
  "epoch": 74,
  "training_accuracy": 0.956440281030445,
  "training_loss": 0.28493641850663654,
  "training_worker_0_memory_MB": 2304.85546875,
  "training_gpu_0_memory_MB": 54.28173828125,
  "validation_accuracy": 0.7897350993377483,
  "validation_loss": 0.9246706664562225,
  "best_validation_accuracy": 0.7880794701986755,
  "best_validation_loss": 0.9196662485599518
}