{
  "best_epoch": 25,
  "peak_worker_0_memory_MB": 2304.85546875,
  "peak_gpu_0_memory_MB": 54.28173828125,
  "training_duration": "0:00:07.802177",
  "training_start_epoch": 0,
  "training_epochs": 25,
  "epoch": 25,
  "training_accuracy": 0.7117096018735363,
  "training_loss": 1.6688077983571523,
  "training_worker_0_memory_MB": 2304.85546875,
  "training_gpu_0_memory_MB": 54.28173828125,
  "validation_accuracy": 0.695364238410596,
  "validation_loss": 1.7721049070358277,
  "best_validation_accuracy": 0.695364238410596,
  "best_validation_loss": 1.7721049070358277
}