{
  "best_epoch": 45,
  "peak_worker_0_memory_MB": 2304.85546875,
  "peak_gpu_0_memory_MB": 54.28173828125,
  "training_duration": "0:00:14.074343",
  "training_start_epoch": 0,
  "training_epochs": 45,
  "epoch": 45,
  "training_accuracy": 0.8852459016393442,
  "training_loss": 0.7617667895644459,
  "training_worker_0_memory_MB": 2304.85546875,
  "training_gpu_0_memory_MB": 54.28173828125,
  "validation_accuracy": 0.7665562913907285,
  "validation_loss": 1.1457991540431975,
  "best_validation_accuracy": 0.7665562913907285,
  "best_validation_loss": 1.1457991540431975
}