{
  "best_epoch": 36,
  "peak_worker_0_memory_MB": 2304.85546875,
  "peak_gpu_0_memory_MB": 54.28173828125,
  "training_duration": "0:00:11.493689",
  "training_start_epoch": 0,
  "training_epochs": 36,
  "epoch": 36,
  "training_accuracy": 0.8285714285714286,
  "training_loss": 1.0722946720336801,
  "training_worker_0_memory_MB": 2304.85546875,
  "training_gpu_0_memory_MB": 54.28173828125,
  "validation_accuracy": 0.7367549668874173,
  "validation_loss": 1.3268576085567474,
  "best_validation_accuracy": 0.7367549668874173,
  "best_validation_loss": 1.3268576085567474
}