{
  "best_epoch": 87,
  "peak_worker_0_memory_MB": 2304.85546875,
  "peak_gpu_0_memory_MB": 54.28173828125,
  "training_duration": "0:00:25.802311",
  "training_start_epoch": 0,
  "training_epochs": 88,
  "epoch": 88,
  "training_accuracy": 0.970023419203747,
  "training_loss": 0.1893302340116074,
  "training_worker_0_memory_MB": 2304.85546875,
  "training_gpu_0_memory_MB": 54.28173828125,
  "validation_accuracy": 0.7947019867549668,
  "validation_loss": 0.9255114406347275,
  "best_validation_accuracy": 0.7947019867549668,
  "best_validation_loss": 0.8673876404762269
}