{
  "best_epoch": 64,
  "peak_worker_0_memory_MB": 2304.85546875,
  "peak_gpu_0_memory_MB": 54.28173828125,
  "training_duration": "0:00:19.263712",
  "training_start_epoch": 0,
  "training_epochs": 64,
  "epoch": 64,
  "training_accuracy": 0.9398126463700234,
  "training_loss": 0.39063681283993507,
  "training_worker_0_memory_MB": 2304.85546875,
  "training_gpu_0_memory_MB": 54.28173828125,
  "validation_accuracy": 0.7831125827814569,
  "validation_loss": 0.9689775347709656,
  "best_validation_accuracy": 0.7831125827814569,
  "best_validation_loss": 0.9689775347709656
}