{
  "best_epoch": 17,
  "peak_worker_0_memory_MB": 2271.57421875,
  "peak_gpu_0_memory_MB": 15.515625,
  "training_duration": "0:00:02.018670",
  "training_start_epoch": 0,
  "training_epochs": 24,
  "epoch": 24,
  "training_accuracy": 0.8804173354735152,
  "training_loss": 0.33260082378983497,
  "training_worker_0_memory_MB": 2271.57421875,
  "training_gpu_0_memory_MB": 15.515625,
  "validation_accuracy": 0.8178807947019867,
  "validation_loss": 1.1779182732105256,
  "best_validation_accuracy": 0.8178807947019867,
  "best_validation_loss": 1.120646733045578
}