{
  "best_epoch": 8,
  "peak_worker_0_memory_MB": 2271.57421875,
  "peak_gpu_0_memory_MB": 15.515625,
  "training_duration": "0:00:00.734525",
  "training_start_epoch": 0,
  "training_epochs": 8,
  "epoch": 8,
  "training_accuracy": 0.7889245585874799,
  "training_loss": 1.2364266216754913,
  "training_worker_0_memory_MB": 2271.57421875,
  "training_gpu_0_memory_MB": 15.515625,
  "validation_accuracy": 0.7980132450331126,
  "validation_loss": 1.3956985235214234,
  "best_validation_accuracy": 0.7980132450331126,
  "best_validation_loss": 1.3956985235214234
}