{
  "best_epoch": 10,
  "peak_worker_0_memory_MB": 2271.57421875,
  "peak_gpu_0_memory_MB": 15.515625,
  "training_duration": "0:00:00.896969",
  "training_start_epoch": 0,
  "training_epochs": 10,
  "epoch": 10,
  "training_accuracy": 0.8354735152487961,
  "training_loss": 0.8994674563407898,
  "training_worker_0_memory_MB": 2271.57421875,
  "training_gpu_0_memory_MB": 15.515625,
  "validation_accuracy": 0.8145695364238411,
  "validation_loss": 1.2619731187820435,
  "best_validation_accuracy": 0.8145695364238411,
  "best_validation_loss": 1.2619731187820435
}