{
  "best_epoch": 0,
  "peak_worker_0_memory_MB": 2271.57421875,
  "peak_gpu_0_memory_MB": 15.515625,
  "training_duration": "0:00:00.080295",
  "training_start_epoch": 0,
  "training_epochs": 0,
  "epoch": 0,
  "training_accuracy": 0.06741573033707865,
  "training_loss": 4.156283831596374,
  "training_worker_0_memory_MB": 2271.57421875,
  "training_gpu_0_memory_MB": 15.515625,
  "validation_accuracy": 0.24172185430463577,
  "validation_loss": 3.9818864107131957,
  "best_validation_accuracy": 0.24172185430463577,
  "best_validation_loss": 3.9818864107131957
}