{
  "best_epoch": 3,
  "peak_worker_0_memory_MB": 2271.57421875,
  "peak_gpu_0_memory_MB": 15.515625,
  "training_duration": "0:00:00.327588",
  "training_start_epoch": 0,
  "training_epochs": 3,
  "epoch": 3,
  "training_accuracy": 0.398876404494382,
  "training_loss": 3.1184999108314515,
  "training_worker_0_memory_MB": 2271.57421875,
  "training_gpu_0_memory_MB": 15.515625,
  "validation_accuracy": 0.5811258278145696,
  "validation_loss": 2.7857516765594483,
  "best_validation_accuracy": 0.5811258278145696,
  "best_validation_loss": 2.7857516765594483
}