{
  "best_epoch": 36,
  "peak_worker_0_memory_MB": 2331.171875,
  "peak_gpu_0_memory_MB": 65.09326171875,
  "training_duration": "0:00:09.414263",
  "training_start_epoch": 0,
  "training_epochs": 37,
  "epoch": 37,
  "training_accuracy": 0.9468384074941452,
  "training_loss": 0.2997500273718763,
  "training_worker_0_memory_MB": 2331.171875,
  "training_gpu_0_memory_MB": 65.09326171875,
  "validation_accuracy": 0.8013245033112583,
  "validation_loss": 0.9206761181354522,
  "best_validation_accuracy": 0.8013245033112583,
  "best_validation_loss": 0.8831826895475388
}