{
  "best_epoch": 0,
  "peak_worker_0_memory_MB": 2331.171875,
  "peak_gpu_0_memory_MB": 65.09326171875,
  "training_duration": "0:00:00.242629",
  "training_start_epoch": 0,
  "training_epochs": 0,
  "epoch": 0,
  "training_accuracy": 0.11311475409836065,
  "training_loss": 4.0282325388780285,
  "training_worker_0_memory_MB": 2331.171875,
  "training_gpu_0_memory_MB": 65.09326171875,
  "validation_accuracy": 0.28642384105960267,
  "validation_loss": 3.733747434616089,
  "best_validation_accuracy": 0.28642384105960267,
  "best_validation_loss": 3.733747434616089
}