{
  "best_epoch": 24,
  "peak_worker_0_memory_MB": 2331.171875,
  "peak_gpu_0_memory_MB": 65.09326171875,
  "training_duration": "0:00:06.214894",
  "training_start_epoch": 0,
  "training_epochs": 24,
  "epoch": 24,
  "training_accuracy": 0.905152224824356,
  "training_loss": 0.5608455992456692,
  "training_worker_0_memory_MB": 2331.171875,
  "training_gpu_0_memory_MB": 65.09326171875,
  "validation_accuracy": 0.7897350993377483,
  "validation_loss": 0.9868072092533111,
  "best_validation_accuracy": 0.7897350993377483,
  "best_validation_loss": 0.9868072092533111
}