{
  "best_epoch": 30,
  "peak_worker_0_memory_MB": 2331.171875,
  "peak_gpu_0_memory_MB": 65.09326171875,
  "training_duration": "0:00:08.177988",
  "training_start_epoch": 0,
  "training_epochs": 32,
  "epoch": 32,
  "training_accuracy": 0.9302107728337237,
  "training_loss": 0.3823267219226752,
  "training_worker_0_memory_MB": 2331.171875,
  "training_gpu_0_memory_MB": 65.09326171875,
  "validation_accuracy": 0.7980132450331126,
  "validation_loss": 0.9501076817512513,
  "best_validation_accuracy": 0.7947019867549668,
  "best_validation_loss": 0.9050953686237335
}