{
  "best_epoch": 30,
  "peak_worker_0_memory_MB": 2317.37890625,
  "peak_gpu_0_memory_MB": 51.4853515625,
  "training_duration": "0:00:09.465904",
  "training_start_epoch": 0,
  "training_epochs": 33,
  "epoch": 33,
  "training_accuracy": 0.970023419203747,
  "training_loss": 0.1891322628553234,
  "training_worker_0_memory_MB": 2317.37890625,
  "training_gpu_0_memory_MB": 51.4853515625,
  "validation_accuracy": 0.8013245033112583,
  "validation_loss": 0.9206260085105896,
  "best_validation_accuracy": 0.8029801324503312,
  "best_validation_loss": 0.8964182317256928
}