{
  "best_epoch": 40,
  "peak_worker_0_memory_MB": 2317.37890625,
  "peak_gpu_0_memory_MB": 51.4853515625,
  "training_duration": "0:00:11.955174",
  "training_start_epoch": 0,
  "training_epochs": 42,
  "epoch": 42,
  "training_accuracy": 0.9850117096018736,
  "training_loss": 0.10773119035719046,
  "training_worker_0_memory_MB": 2317.37890625,
  "training_gpu_0_memory_MB": 51.4853515625,
  "validation_accuracy": 0.804635761589404,
  "validation_loss": 0.9032051503658295,
  "best_validation_accuracy": 0.8062913907284768,
  "best_validation_loss": 0.8805783957242965
}