{
  "best_epoch": 1,
  "peak_worker_0_memory_MB": 2317.37890625,
  "peak_gpu_0_memory_MB": 51.4853515625,
  "training_duration": "0:00:00.553947",
  "training_start_epoch": 0,
  "training_epochs": 1,
  "epoch": 1,
  "training_accuracy": 0.23723653395784544,
  "training_loss": 3.591966095255382,
  "training_worker_0_memory_MB": 2317.37890625,
  "training_gpu_0_memory_MB": 51.4853515625,
  "validation_accuracy": 0.32450331125827814,
  "validation_loss": 3.297366189956665,
  "best_validation_accuracy": 0.32450331125827814,
  "best_validation_loss": 3.297366189956665
}