{
  "best_epoch": 23,
  "peak_worker_0_memory_MB": 2317.37890625,
  "peak_gpu_0_memory_MB": 51.4853515625,
  "training_duration": "0:00:06.708386",
  "training_start_epoch": 0,
  "training_epochs": 23,
  "epoch": 23,
  "training_accuracy": 0.9360655737704918,
  "training_loss": 0.39748441327863665,
  "training_worker_0_memory_MB": 2317.37890625,
  "training_gpu_0_memory_MB": 51.4853515625,
  "validation_accuracy": 0.7864238410596026,
  "validation_loss": 0.9698984205722809,
  "best_validation_accuracy": 0.7864238410596026,
  "best_validation_loss": 0.9698984205722809
}