{
  "best_epoch": 30,
  "peak_worker_0_memory_MB": 2316.2890625,
  "peak_gpu_0_memory_MB": 62.47802734375,
  "training_duration": "0:00:09.966779",
  "training_start_epoch": 0,
  "training_epochs": 38,
  "epoch": 38,
  "training_accuracy": 0.6653395784543326,
  "training_loss": 1.2333220679368546,
  "training_worker_0_memory_MB": 2316.2890625,
  "training_gpu_0_memory_MB": 62.47802734375,
  "validation_accuracy": 0.7947019867549668,
  "validation_loss": 0.8997264981269837,
  "best_validation_accuracy": 0.7996688741721855,
  "best_validation_loss": 0.8871195137500762
}