{
  "best_epoch": 30,
  "peak_worker_0_memory_MB": 2316.2890625,
  "peak_gpu_0_memory_MB": 62.47802734375,
  "training_duration": "0:00:08.717762",
  "training_start_epoch": 0,
  "training_epochs": 33,
  "epoch": 33,
  "training_accuracy": 0.6564402810304449,
  "training_loss": 1.2811666326736337,
  "training_worker_0_memory_MB": 2316.2890625,
  "training_gpu_0_memory_MB": 62.47802734375,
  "validation_accuracy": 0.7897350993377483,
  "validation_loss": 0.9149961531162262,
  "best_validation_accuracy": 0.7996688741721855,
  "best_validation_loss": 0.8871195137500762
}