{
  "best_epoch": 40,
  "peak_worker_0_memory_MB": 2316.2890625,
  "peak_gpu_0_memory_MB": 62.47802734375,
  "training_duration": "0:00:12.357381",
  "training_start_epoch": 0,
  "training_epochs": 47,
  "epoch": 47,
  "training_accuracy": 0.6878220140515222,
  "training_loss": 1.1762986654665932,
  "training_worker_0_memory_MB": 2316.2890625,
  "training_gpu_0_memory_MB": 62.47802734375,
  "validation_accuracy": 0.7947019867549668,
  "validation_loss": 0.9559172213077545,
  "best_validation_accuracy": 0.7980132450331126,
  "best_validation_loss": 0.885863971710205
}