{
  "best_epoch": 13,
  "peak_worker_0_memory_MB": 2370.390625,
  "peak_gpu_0_memory_MB": 89.33056640625,
  "training_duration": "0:00:06.771920",
  "training_start_epoch": 0,
  "training_epochs": 13,
  "epoch": 13,
  "training_accuracy": 0.3837013922227556,
  "training_loss": 2.7303274369421806,
  "training_worker_0_memory_MB": 2370.390625,
  "training_gpu_0_memory_MB": 89.33056640625,
  "validation_accuracy": 0.6721854304635762,
  "validation_loss": 1.9814018845558166,
  "best_validation_accuracy": 0.6721854304635762,
  "best_validation_loss": 1.9814018845558166
}