{
  "best_epoch": 54,
  "peak_worker_0_memory_MB": 2370.390625,
  "peak_gpu_0_memory_MB": 89.33056640625,
  "training_duration": "0:00:27.855113",
  "training_start_epoch": 0,
  "training_epochs": 56,
  "epoch": 56,
  "training_accuracy": 0.7030724915986558,
  "training_loss": 1.204453323178619,
  "training_worker_0_memory_MB": 2370.390625,
  "training_gpu_0_memory_MB": 89.33056640625,
  "validation_accuracy": 0.7864238410596026,
  "validation_loss": 0.9288507640361786,
  "best_validation_accuracy": 0.7781456953642384,
  "best_validation_loss": 0.9175319522619247
}