{
  "best_epoch": 32,
  "peak_worker_0_memory_MB": 2370.390625,
  "peak_gpu_0_memory_MB": 89.33056640625,
  "training_duration": "0:00:16.041467",
  "training_start_epoch": 0,
  "training_epochs": 32,
  "epoch": 32,
  "training_accuracy": 0.5885741718674988,
  "training_loss": 1.7126894424889834,
  "training_worker_0_memory_MB": 2370.390625,
  "training_gpu_0_memory_MB": 89.33056640625,
  "validation_accuracy": 0.7665562913907285,
  "validation_loss": 1.1191204607486724,
  "best_validation_accuracy": 0.7665562913907285,
  "best_validation_loss": 1.1191204607486724
}