{
  "best_epoch": 82,
  "peak_worker_0_memory_MB": 2370.390625,
  "peak_gpu_0_memory_MB": 89.33056640625,
  "training_duration": "0:00:40.934931",
  "training_start_epoch": 0,
  "training_epochs": 82,
  "epoch": 82,
  "training_accuracy": 0.7615218434949592,
  "training_loss": 0.9217051081075013,
  "training_worker_0_memory_MB": 2370.390625,
  "training_gpu_0_memory_MB": 89.33056640625,
  "validation_accuracy": 0.7980132450331126,
  "validation_loss": 0.9062370121479034,
  "best_validation_accuracy": 0.7980132450331126,
  "best_validation_loss": 0.9062370121479034
}