{
  "best_epoch": 69,
  "peak_worker_0_memory_MB": 2370.390625,
  "peak_gpu_0_memory_MB": 89.33056640625,
  "training_duration": "0:00:38.386700",
  "training_start_epoch": 0,
  "training_epochs": 77,
  "epoch": 77,
  "training_accuracy": 0.7555208833413346,
  "training_loss": 0.9671685909496919,
  "training_worker_0_memory_MB": 2370.390625,
  "training_gpu_0_memory_MB": 89.33056640625,
  "validation_accuracy": 0.7963576158940397,
  "validation_loss": 0.927987402677536,
  "best_validation_accuracy": 0.7963576158940397,
  "best_validation_loss": 0.9088303089141846
}