{
  "best_epoch": 23,
  "peak_worker_0_memory_MB": 2370.390625,
  "peak_gpu_0_memory_MB": 89.33056640625,
  "training_duration": "0:00:11.634113",
  "training_start_epoch": 0,
  "training_epochs": 23,
  "epoch": 23,
  "training_accuracy": 0.5237638022083534,
  "training_loss": 2.0505538541852064,
  "training_worker_0_memory_MB": 2370.390625,
  "training_gpu_0_memory_MB": 89.33056640625,
  "validation_accuracy": 0.7268211920529801,
  "validation_loss": 1.336801826953888,
  "best_validation_accuracy": 0.7268211920529801,
  "best_validation_loss": 1.336801826953888
}