{
  "best_epoch": 37,
  "peak_worker_0_memory_MB": 2370.390625,
  "peak_gpu_0_memory_MB": 89.33056640625,
  "training_duration": "0:00:18.508570",
  "training_start_epoch": 0,
  "training_epochs": 37,
  "epoch": 37,
  "training_accuracy": 0.6238598175708113,
  "training_loss": 1.5753583170985448,
  "training_worker_0_memory_MB": 2370.390625,
  "training_gpu_0_memory_MB": 89.33056640625,
  "validation_accuracy": 0.7698675496688742,
  "validation_loss": 1.0334715664386749,
  "best_validation_accuracy": 0.7698675496688742,
  "best_validation_loss": 1.0334715664386749
}