{
  "best_epoch": 31,
  "peak_worker_0_memory_MB": 2370.390625,
  "peak_gpu_0_memory_MB": 89.33056640625,
  "training_duration": "0:00:15.546956",
  "training_start_epoch": 0,
  "training_epochs": 31,
  "epoch": 31,
  "training_accuracy": 0.5858137301968315,
  "training_loss": 1.75182598055774,
  "training_worker_0_memory_MB": 2370.390625,
  "training_gpu_0_memory_MB": 89.33056640625,
  "validation_accuracy": 0.7632450331125827,
  "validation_loss": 1.1443693041801453,
  "best_validation_accuracy": 0.7632450331125827,
  "best_validation_loss": 1.1443693041801453
}