{
  "best_epoch": 43,
  "peak_worker_0_memory_MB": 2308.46484375,
  "peak_gpu_0_memory_MB": 54.28173828125,
  "training_duration": "0:00:11.570455",
  "training_start_epoch": 0,
  "training_epochs": 44,
  "epoch": 44,
  "training_accuracy": 0.6550351288056206,
  "training_loss": 1.3788713990752377,
  "training_worker_0_memory_MB": 2308.46484375,
  "training_gpu_0_memory_MB": 54.28173828125,
  "validation_accuracy": 0.7748344370860927,
  "validation_loss": 1.058857160806656,
  "best_validation_accuracy": 0.7764900662251656,
  "best_validation_loss": 1.0550615787506104
}