{
  "best_epoch": 18,
  "peak_worker_0_memory_MB": 2308.46484375,
  "peak_gpu_0_memory_MB": 54.28173828125,
  "training_duration": "0:00:04.860935",
  "training_start_epoch": 0,
  "training_epochs": 18,
  "epoch": 18,
  "training_accuracy": 0.4887587822014052,
  "training_loss": 2.157068133354187,
  "training_worker_0_memory_MB": 2308.46484375,
  "training_gpu_0_memory_MB": 54.28173828125,
  "validation_accuracy": 0.695364238410596,
  "validation_loss": 1.6561227440834045,
  "best_validation_accuracy": 0.695364238410596,
  "best_validation_loss": 1.6561227440834045
}