{
  "best_epoch": 9,
  "peak_worker_0_memory_MB": 2308.46484375,
  "peak_gpu_0_memory_MB": 54.28173828125,
  "training_duration": "0:00:02.551625",
  "training_start_epoch": 0,
  "training_epochs": 9,
  "epoch": 9,
  "training_accuracy": 0.32857142857142857,
  "training_loss": 2.836209660145774,
  "training_worker_0_memory_MB": 2308.46484375,
  "training_gpu_0_memory_MB": 54.28173828125,
  "validation_accuracy": 0.5579470198675497,
  "validation_loss": 2.398323082923889,
  "best_validation_accuracy": 0.5579470198675497,
  "best_validation_loss": 2.398323082923889
}