{
  "best_epoch": 61,
  "peak_worker_0_memory_MB": 2308.46484375,
  "peak_gpu_0_memory_MB": 54.28173828125,
  "training_duration": "0:00:15.927068",
  "training_start_epoch": 0,
  "training_epochs": 61,
  "epoch": 61,
  "training_accuracy": 0.702576112412178,
  "training_loss": 1.1509789237335546,
  "training_worker_0_memory_MB": 2308.46484375,
  "training_gpu_0_memory_MB": 54.28173828125,
  "validation_accuracy": 0.7880794701986755,
  "validation_loss": 0.9230195194482803,
  "best_validation_accuracy": 0.7880794701986755,
  "best_validation_loss": 0.9230195194482803
}