{
  "best_epoch": 3,
  "peak_worker_0_memory_MB": 2273.39453125,
  "peak_gpu_0_memory_MB": 15.68994140625,
  "training_duration": "0:00:00.874175",
  "training_start_epoch": 0,
  "training_epochs": 9,
  "epoch": 9,
  "training_accuracy": 0.8651685393258427,
  "training_loss": 0.32734854742884634,
  "training_worker_0_memory_MB": 2273.39453125,
  "training_gpu_0_memory_MB": 15.68994140625,
  "validation_accuracy": 0.804635761589404,
  "validation_loss": 1.220582664012909,
  "best_validation_accuracy": 0.8261589403973509,
  "best_validation_loss": 1.0603935599327088
}