{
  "best_epoch": 3,
  "peak_worker_0_memory_MB": 2273.39453125,
  "peak_gpu_0_memory_MB": 15.68994140625,
  "training_duration": "0:00:01.061723",
  "training_start_epoch": 0,
  "training_epochs": 11,
  "epoch": 11,
  "training_accuracy": 0.8707865168539326,
  "training_loss": 0.30512372627854345,
  "training_worker_0_memory_MB": 2273.39453125,
  "training_gpu_0_memory_MB": 15.68994140625,
  "validation_accuracy": 0.7102649006622517,
  "validation_loss": 1.2519315838813783,
  "best_validation_accuracy": 0.8261589403973509,
  "best_validation_loss": 1.0603935599327088
}