{
  "best_epoch": 21,
  "peak_worker_0_memory_MB": 2298.41015625,
  "peak_gpu_0_memory_MB": 50.91064453125,
  "training_duration": "0:00:14.767731",
  "training_start_epoch": 0,
  "training_epochs": 21,
  "epoch": 21,
  "training_accuracy": 0.807772670288341,
  "training_loss": 0.7425551994850761,
  "training_worker_0_memory_MB": 2298.41015625,
  "training_gpu_0_memory_MB": 50.91064453125,
  "validation_accuracy": 0.7814569536423841,
  "validation_loss": 0.9964026570320129,
  "best_validation_accuracy": 0.7814569536423841,
  "best_validation_loss": 0.9964026570320129
}