{
  "best_epoch": 12,
  "peak_worker_0_memory_MB": 2298.41015625,
  "peak_gpu_0_memory_MB": 50.91064453125,
  "training_duration": "0:00:08.712239",
  "training_start_epoch": 0,
  "training_epochs": 12,
  "epoch": 12,
  "training_accuracy": 0.7091516924362724,
  "training_loss": 1.1692251704241101,
  "training_worker_0_memory_MB": 2298.41015625,
  "training_gpu_0_memory_MB": 50.91064453125,
  "validation_accuracy": 0.7566225165562914,
  "validation_loss": 1.1079716086387634,
  "best_validation_accuracy": 0.7566225165562914,
  "best_validation_loss": 1.1079716086387634
}