{
  "best_epoch": 8,
  "peak_worker_0_memory_MB": 2298.41015625,
  "peak_gpu_0_memory_MB": 50.91064453125,
  "training_duration": "0:00:05.998721",
  "training_start_epoch": 0,
  "training_epochs": 8,
  "epoch": 8,
  "training_accuracy": 0.6172168825741747,
  "training_loss": 1.6299603361832469,
  "training_worker_0_memory_MB": 2298.41015625,
  "training_gpu_0_memory_MB": 50.91064453125,
  "validation_accuracy": 0.7201986754966887,
  "validation_loss": 1.2853134393692016,
  "best_validation_accuracy": 0.7201986754966887,
  "best_validation_loss": 1.2853134393692016
}