{
  "best_epoch": 3,
  "peak_worker_0_memory_MB": 2316.54296875,
  "peak_gpu_0_memory_MB": 51.12255859375,
  "training_duration": "0:00:02.688258",
  "training_start_epoch": 0,
  "training_epochs": 3,
  "epoch": 3,
  "training_accuracy": 0.3610530714584204,
  "training_loss": 2.759520825586821,
  "training_worker_0_memory_MB": 2316.54296875,
  "training_gpu_0_memory_MB": 51.12255859375,
  "validation_accuracy": 0.5099337748344371,
  "validation_loss": 2.369272065162659,
  "best_validation_accuracy": 0.5099337748344371,
  "best_validation_loss": 2.369272065162659
}