{
  "best_epoch": 11,
  "peak_worker_0_memory_MB": 2271.57421875,
  "peak_gpu_0_memory_MB": 15.515625,
  "training_duration": "0:00:00.986567",
  "training_start_epoch": 0,
  "training_epochs": 11,
  "epoch": 11,
  "training_accuracy": 0.877207062600321,
  "training_loss": 0.5108909994363785,
  "training_worker_0_memory_MB": 2271.57421875,
  "training_gpu_0_memory_MB": 15.515625,
  "validation_accuracy": 0.8211920529801324,
  "validation_loss": 1.1308812558650971,
  "best_validation_accuracy": 0.8211920529801324,
  "best_validation_loss": 1.1308812558650971
}