{
  "best_epoch": 11,
  "peak_worker_0_memory_MB": 2271.57421875,
  "peak_gpu_0_memory_MB": 15.515625,
  "training_duration": "0:00:01.558149",
  "training_start_epoch": 0,
  "training_epochs": 18,
  "epoch": 18,
  "training_accuracy": 0.884430176565008,
  "training_loss": 0.3347471982240677,
  "training_worker_0_memory_MB": 2271.57421875,
  "training_gpu_0_memory_MB": 15.515625,
  "validation_accuracy": 0.8096026490066225,
  "validation_loss": 1.1710345268249511,
  "best_validation_accuracy": 0.8211920529801324,
  "best_validation_loss": 1.1308812558650971
}