{
  "best_epoch": 45,
  "peak_worker_0_memory_MB": 2327.01171875,
  "peak_gpu_0_memory_MB": 69.92529296875,
  "training_duration": "0:00:13.519984",
  "training_start_epoch": 0,
  "training_epochs": 50,
  "epoch": 50,
  "training_accuracy": 0.9564452265728113,
  "training_loss": 0.2455198579053912,
  "training_worker_0_memory_MB": 2327.01171875,
  "training_gpu_0_memory_MB": 69.92529296875,
  "validation_accuracy": 0.8162251655629139,
  "validation_loss": 0.8595060765743255,
  "best_validation_accuracy": 0.8096026490066225,
  "best_validation_loss": 0.8475670754909516
}