{
  "best_epoch": 37,
  "peak_worker_0_memory_MB": 2327.01171875,
  "peak_gpu_0_memory_MB": 69.92529296875,
  "training_duration": "0:00:10.359555",
  "training_start_epoch": 0,
  "training_epochs": 38,
  "epoch": 38,
  "training_accuracy": 0.9364276286845579,
  "training_loss": 0.3990430310368538,
  "training_worker_0_memory_MB": 2327.01171875,
  "training_gpu_0_memory_MB": 69.92529296875,
  "validation_accuracy": 0.8079470198675497,
  "validation_loss": 0.9430557727813721,
  "best_validation_accuracy": 0.8096026490066225,
  "best_validation_loss": 0.8692497283220291
}