{
  "best_epoch": 2,
  "peak_worker_0_memory_MB": 2327.01171875,
  "peak_gpu_0_memory_MB": 69.92529296875,
  "training_duration": "0:00:00.790187",
  "training_start_epoch": 0,
  "training_epochs": 2,
  "epoch": 2,
  "training_accuracy": 0.20501539815222172,
  "training_loss": 3.266572035021252,
  "training_worker_0_memory_MB": 2327.01171875,
  "training_gpu_0_memory_MB": 69.92529296875,
  "validation_accuracy": 0.32450331125827814,
  "validation_loss": 3.1121008157730103,
  "best_validation_accuracy": 0.32450331125827814,
  "best_validation_loss": 3.1121008157730103
}