{
  "best_epoch": 50,
  "peak_worker_0_memory_MB": 2370.390625,
  "peak_gpu_0_memory_MB": 89.33056640625,
  "training_duration": "0:00:24.956605",
  "training_start_epoch": 0,
  "training_epochs": 50,
  "epoch": 50,
  "training_accuracy": 0.9248679788766203,
  "training_loss": 0.4842426631286854,
  "training_worker_0_memory_MB": 2370.390625,
  "training_gpu_0_memory_MB": 89.33056640625,
  "validation_accuracy": 0.7897350993377483,
  "validation_loss": 0.8984977573156356,
  "best_validation_accuracy": 0.7897350993377483,
  "best_validation_loss": 0.8984977573156356
}