{
  "best_epoch": 36,
  "peak_worker_0_memory_MB": 2370.390625,
  "peak_gpu_0_memory_MB": 89.33056640625,
  "training_duration": "0:00:17.923747",
  "training_start_epoch": 0,
  "training_epochs": 36,
  "epoch": 36,
  "training_accuracy": 0.8475756120979356,
  "training_loss": 0.8699977275069434,
  "training_worker_0_memory_MB": 2370.390625,
  "training_gpu_0_memory_MB": 89.33056640625,
  "validation_accuracy": 0.7715231788079471,
  "validation_loss": 1.013275808095932,
  "best_validation_accuracy": 0.7715231788079471,
  "best_validation_loss": 1.013275808095932
}