{
  "best_epoch": 11,
  "peak_worker_0_memory_MB": 2371.23046875,
  "peak_gpu_0_memory_MB": 89.33056640625,
  "training_duration": "0:00:06.517143",
  "training_start_epoch": 0,
  "training_epochs": 13,
  "epoch": 13,
  "training_accuracy": 0.9745559289486317,
  "training_loss": 0.20349988011458447,
  "training_worker_0_memory_MB": 2371.23046875,
  "training_gpu_0_memory_MB": 89.33056640625,
  "validation_accuracy": 0.8013245033112583,
  "validation_loss": 0.9282160878181458,
  "best_validation_accuracy": 0.793046357615894,
  "best_validation_loss": 0.8875720351934433
}