{
  "best_epoch": 1,
  "peak_worker_0_memory_MB": 2367.51171875,
  "peak_gpu_0_memory_MB": 89.33056640625,
  "training_duration": "0:00:04.358918",
  "training_start_epoch": 0,
  "training_epochs": 8,
  "epoch": 8,
  "training_accuracy": 0.9981997119539127,
  "training_loss": 0.012214231918004291,
  "training_worker_0_memory_MB": 2367.51171875,
  "training_gpu_0_memory_MB": 89.33056640625,
  "validation_accuracy": 0.7996688741721855,
  "validation_loss": 1.104770940542221,
  "best_validation_accuracy": 0.793046357615894,
  "best_validation_loss": 0.9493593513965607
}