{
  "best_epoch": 26,
  "peak_worker_0_memory_MB": 2331.171875,
  "peak_gpu_0_memory_MB": 65.09326171875,
  "training_duration": "0:00:07.507782",
  "training_start_epoch": 0,
  "training_epochs": 29,
  "epoch": 29,
  "training_accuracy": 0.9812646370023419,
  "training_loss": 0.10303380601664087,
  "training_worker_0_memory_MB": 2331.171875,
  "training_gpu_0_memory_MB": 65.09326171875,
  "validation_accuracy": 0.8112582781456954,
  "validation_loss": 0.8952268779277801,
  "best_validation_accuracy": 0.8096026490066225,
  "best_validation_loss": 0.850607505440712
}