{
  "best_epoch": 4,
  "peak_worker_0_memory_MB": 2316.54296875,
  "peak_gpu_0_memory_MB": 51.12255859375,
  "training_duration": "0:00:04.605445",
  "training_start_epoch": 0,
  "training_epochs": 6,
  "epoch": 6,
  "training_accuracy": 0.8512327622231508,
  "training_loss": 0.5503415739849994,
  "training_worker_0_memory_MB": 2316.54296875,
  "training_gpu_0_memory_MB": 51.12255859375,
  "validation_accuracy": 0.7715231788079471,
  "validation_loss": 1.147739166021347,
  "best_validation_accuracy": 0.7649006622516556,
  "best_validation_loss": 1.0693183243274689
}