{
  "best_epoch": 7,
  "peak_worker_0_memory_MB": 2316.54296875,
  "peak_gpu_0_memory_MB": 51.12255859375,
  "training_duration": "0:00:05.921149",
  "training_start_epoch": 0,
  "training_epochs": 8,
  "epoch": 8,
  "training_accuracy": 0.8888424571667363,
  "training_loss": 0.38860141721210983,
  "training_worker_0_memory_MB": 2316.54296875,
  "training_gpu_0_memory_MB": 51.12255859375,
  "validation_accuracy": 0.7748344370860927,
  "validation_loss": 1.2226295530796052,
  "best_validation_accuracy": 0.7764900662251656,
  "best_validation_loss": 1.0665792763233184
}