{
  "best_epoch": 2,
  "peak_worker_0_memory_MB": 2316.54296875,
  "peak_gpu_0_memory_MB": 51.12255859375,
  "training_duration": "0:00:01.982260",
  "training_start_epoch": 0,
  "training_epochs": 2,
  "epoch": 2,
  "training_accuracy": 0.63769327204346,
  "training_loss": 1.6267217930994535,
  "training_worker_0_memory_MB": 2316.54296875,
  "training_gpu_0_memory_MB": 51.12255859375,
  "validation_accuracy": 0.7466887417218543,
  "validation_loss": 1.232983124256134,
  "best_validation_accuracy": 0.7466887417218543,
  "best_validation_loss": 1.232983124256134
}