{
  "best_epoch": 11,
  "peak_worker_0_memory_MB": 2293.890625,
  "peak_gpu_0_memory_MB": 48.38671875,
  "training_duration": "0:00:12.165415",
  "training_start_epoch": 0,
  "training_epochs": 18,
  "epoch": 18,
  "training_accuracy": 0.7292101964061847,
  "training_loss": 1.2157604208118038,
  "training_worker_0_memory_MB": 2293.890625,
  "training_gpu_0_memory_MB": 48.38671875,
  "validation_accuracy": 0.793046357615894,
  "validation_loss": 1.1257453918457032,
  "best_validation_accuracy": 0.7947019867549668,
  "best_validation_loss": 1.0173373460769652
}