{
  "best_epoch": 12,
  "peak_worker_0_memory_MB": 2268.171875,
  "peak_gpu_0_memory_MB": 15.23291015625,
  "training_duration": "0:00:01.232937",
  "training_start_epoch": 0,
  "training_epochs": 13,
  "epoch": 13,
  "training_accuracy": 0.8715890850722311,
  "training_loss": 0.4944019794464111,
  "training_worker_0_memory_MB": 2268.171875,
  "training_gpu_0_memory_MB": 15.23291015625,
  "validation_accuracy": 0.8211920529801324,
  "validation_loss": 1.0814448297023773,
  "best_validation_accuracy": 0.8211920529801324,
  "best_validation_loss": 1.0725718021392823
}