{
  "best_epoch": 4,
  "peak_worker_0_memory_MB": 2312.75390625,
  "peak_gpu_0_memory_MB": 51.84521484375,
  "training_duration": "0:00:02.860337",
  "training_start_epoch": 0,
  "training_epochs": 11,
  "epoch": 11,
  "training_accuracy": 0.564563309653155,
  "training_loss": 3.3172421831833687,
  "training_worker_0_memory_MB": 2312.75390625,
  "training_gpu_0_memory_MB": 51.84521484375,
  "validation_accuracy": 0.7665562913907285,
  "validation_loss": 1.6770769596099853,
  "best_validation_accuracy": 0.7533112582781457,
  "best_validation_loss": 1.330713188648224
}