{
  "best_epoch": 0,
  "peak_worker_0_memory_MB": 2312.75390625,
  "peak_gpu_0_memory_MB": 51.84521484375,
  "training_duration": "0:00:00.236526",
  "training_start_epoch": 0,
  "training_epochs": 0,
  "epoch": 0,
  "training_accuracy": 0.11575428332636857,
  "training_loss": 3.876349587189524,
  "training_worker_0_memory_MB": 2312.75390625,
  "training_gpu_0_memory_MB": 51.84521484375,
  "validation_accuracy": 0.4105960264900662,
  "validation_loss": 2.9509707927703857,
  "best_validation_accuracy": 0.4105960264900662,
  "best_validation_loss": 2.9509707927703857
}