{
  "best_epoch": 4,
  "peak_worker_0_memory_MB": 2317.36328125,
  "peak_gpu_0_memory_MB": 51.4853515625,
  "training_duration": "0:00:01.274326",
  "training_start_epoch": 0,
  "training_epochs": 4,
  "epoch": 4,
  "training_accuracy": 0.6311475409836066,
  "training_loss": 1.982635469578985,
  "training_worker_0_memory_MB": 2317.36328125,
  "training_gpu_0_memory_MB": 51.4853515625,
  "validation_accuracy": 0.6837748344370861,
  "validation_loss": 1.787248420715332,
  "best_validation_accuracy": 0.6837748344370861,
  "best_validation_loss": 1.787248420715332
}