{
  "best_epoch": 26,
  "peak_worker_0_memory_MB": 2317.36328125,
  "peak_gpu_0_memory_MB": 51.4853515625,
  "training_duration": "0:00:07.601652",
  "training_start_epoch": 0,
  "training_epochs": 28,
  "epoch": 28,
  "training_accuracy": 0.9852459016393442,
  "training_loss": 0.10409567610763792,
  "training_worker_0_memory_MB": 2317.36328125,
  "training_gpu_0_memory_MB": 51.4853515625,
  "validation_accuracy": 0.8112582781456954,
  "validation_loss": 0.9210279881954193,
  "best_validation_accuracy": 0.8062913907284768,
  "best_validation_loss": 0.8745329529047012
}