{
  "best_epoch": 83,
  "peak_worker_0_memory_MB": 2370.390625,
  "peak_gpu_0_memory_MB": 89.33056640625,
  "training_duration": "0:00:41.478161",
  "training_start_epoch": 0,
  "training_epochs": 87,
  "epoch": 87,
  "training_accuracy": 0.9837974075852136,
  "training_loss": 0.14358636776682074,
  "training_worker_0_memory_MB": 2370.390625,
  "training_gpu_0_memory_MB": 89.33056640625,
  "validation_accuracy": 0.7980132450331126,
  "validation_loss": 0.9193596124649048,
  "best_validation_accuracy": 0.7963576158940397,
  "best_validation_loss": 0.884741124510765
}