{
  "best_epoch": 27,
  "peak_worker_0_memory_MB": 2370.390625,
  "peak_gpu_0_memory_MB": 89.33056640625,
  "training_duration": "0:00:13.140827",
  "training_start_epoch": 0,
  "training_epochs": 27,
  "epoch": 27,
  "training_accuracy": 0.7271963514162266,
  "training_loss": 1.5525814267515226,
  "training_worker_0_memory_MB": 2370.390625,
  "training_gpu_0_memory_MB": 89.33056640625,
  "validation_accuracy": 0.7235099337748344,
  "validation_loss": 1.3784678816795348,
  "best_validation_accuracy": 0.7235099337748344,
  "best_validation_loss": 1.3784678816795348
}