{
  "best_epoch": 61,
  "peak_worker_0_memory_MB": 2370.390625,
  "peak_gpu_0_memory_MB": 89.33056640625,
  "training_duration": "0:00:29.301885",
  "training_start_epoch": 0,
  "training_epochs": 61,
  "epoch": 61,
  "training_accuracy": 0.9467114738358138,
  "training_loss": 0.4009246248325319,
  "training_worker_0_memory_MB": 2370.390625,
  "training_gpu_0_memory_MB": 89.33056640625,
  "validation_accuracy": 0.7847682119205298,
  "validation_loss": 0.9147348821163177,
  "best_validation_accuracy": 0.7847682119205298,
  "best_validation_loss": 0.9147348821163177
}