{
  "best_epoch": 4,
  "peak_worker_0_memory_MB": 2370.390625,
  "peak_gpu_0_memory_MB": 89.33056640625,
  "training_duration": "0:00:02.328959",
  "training_start_epoch": 0,
  "training_epochs": 4,
  "epoch": 4,
  "training_accuracy": 0.2774843975036006,
  "training_loss": 3.5688948085289876,
  "training_worker_0_memory_MB": 2370.390625,
  "training_gpu_0_memory_MB": 89.33056640625,
  "validation_accuracy": 0.5099337748344371,
  "validation_loss": 3.346171998977661,
  "best_validation_accuracy": 0.5099337748344371,
  "best_validation_loss": 3.346171998977661
}