{
  "best_epoch": 9,
  "peak_worker_0_memory_MB": 2313.53515625,
  "peak_gpu_0_memory_MB": 54.728515625,
  "training_duration": "0:00:02.067191",
  "training_start_epoch": 0,
  "training_epochs": 9,
  "epoch": 9,
  "training_accuracy": 0.7971822717933666,
  "training_loss": 1.2111786162411724,
  "training_worker_0_memory_MB": 2313.53515625,
  "training_gpu_0_memory_MB": 54.728515625,
  "validation_accuracy": 0.7317880794701986,
  "validation_loss": 1.4186179757118225,
  "best_validation_accuracy": 0.7317880794701986,
  "best_validation_loss": 1.4186179757118225
}