{
  "best_epoch": 13,
  "peak_worker_0_memory_MB": 2313.53515625,
  "peak_gpu_0_memory_MB": 54.728515625,
  "training_duration": "0:00:02.897496",
  "training_start_epoch": 0,
  "training_epochs": 13,
  "epoch": 13,
  "training_accuracy": 0.8852362782506604,
  "training_loss": 0.7288563643340711,
  "training_worker_0_memory_MB": 2313.53515625,
  "training_gpu_0_memory_MB": 54.728515625,
  "validation_accuracy": 0.7731788079470199,
  "validation_loss": 1.1304402232170105,
  "best_validation_accuracy": 0.7731788079470199,
  "best_validation_loss": 1.1304402232170105
}