{
  "best_epoch": 16,
  "peak_worker_0_memory_MB": 2313.53515625,
  "peak_gpu_0_memory_MB": 54.728515625,
  "training_duration": "0:00:03.525841",
  "training_start_epoch": 0,
  "training_epochs": 16,
  "epoch": 16,
  "training_accuracy": 0.9107719401232756,
  "training_loss": 0.5206350121233199,
  "training_worker_0_memory_MB": 2313.53515625,
  "training_gpu_0_memory_MB": 54.728515625,
  "validation_accuracy": 0.7897350993377483,
  "validation_loss": 0.9901243507862091,
  "best_validation_accuracy": 0.7897350993377483,
  "best_validation_loss": 0.9901243507862091
}