{
  "best_epoch": 15,
  "peak_worker_0_memory_MB": 2314.08984375,
  "peak_gpu_0_memory_MB": 51.12255859375,
  "training_duration": "0:00:11.849322",
  "training_start_epoch": 0,
  "training_epochs": 17,
  "epoch": 17,
  "training_accuracy": 0.7221061429168408,
  "training_loss": 1.1573549132598073,
  "training_worker_0_memory_MB": 2314.08984375,
  "training_gpu_0_memory_MB": 51.12255859375,
  "validation_accuracy": 0.7715231788079471,
  "validation_loss": 0.9572678923606872,
  "best_validation_accuracy": 0.7715231788079471,
  "best_validation_loss": 0.9548697054386139
}