{
  "best_epoch": 13,
  "peak_worker_0_memory_MB": 2317.37890625,
  "peak_gpu_0_memory_MB": 51.4853515625,
  "training_duration": "0:00:03.914100",
  "training_start_epoch": 0,
  "training_epochs": 13,
  "epoch": 13,
  "training_accuracy": 0.8334894613583138,
  "training_loss": 0.9643398389887454,
  "training_worker_0_memory_MB": 2317.37890625,
  "training_gpu_0_memory_MB": 51.4853515625,
  "validation_accuracy": 0.7682119205298014,
  "validation_loss": 1.1961533427238464,
  "best_validation_accuracy": 0.7682119205298014,
  "best_validation_loss": 1.1961533427238464
}