{
  "best_epoch": 4,
  "peak_worker_0_memory_MB": 2317.37890625,
  "peak_gpu_0_memory_MB": 51.4853515625,
  "training_duration": "0:00:01.417200",
  "training_start_epoch": 0,
  "training_epochs": 4,
  "epoch": 4,
  "training_accuracy": 0.46159250585480094,
  "training_loss": 2.71289993755853,
  "training_worker_0_memory_MB": 2317.37890625,
  "training_gpu_0_memory_MB": 51.4853515625,
  "validation_accuracy": 0.5496688741721855,
  "validation_loss": 2.5322890758514403,
  "best_validation_accuracy": 0.5496688741721855,
  "best_validation_loss": 2.5322890758514403
}