{
  "best_epoch": 25,
  "peak_worker_0_memory_MB": 2370.390625,
  "peak_gpu_0_memory_MB": 89.33056640625,
  "training_duration": "0:00:12.272626",
  "training_start_epoch": 0,
  "training_epochs": 25,
  "epoch": 25,
  "training_accuracy": 0.8074891982717235,
  "training_loss": 1.1114318584667817,
  "training_worker_0_memory_MB": 2370.390625,
  "training_gpu_0_memory_MB": 89.33056640625,
  "validation_accuracy": 0.7649006622516556,
  "validation_loss": 1.1208786010742187,
  "best_validation_accuracy": 0.7649006622516556,
  "best_validation_loss": 1.1208786010742187
}