{
  "best_epoch": 20,
  "peak_worker_0_memory_MB": 2370.390625,
  "peak_gpu_0_memory_MB": 89.33056640625,
  "training_duration": "0:00:09.923470",
  "training_start_epoch": 0,
  "training_epochs": 20,
  "epoch": 20,
  "training_accuracy": 0.7457993278924628,
  "training_loss": 1.458819590452063,
  "training_worker_0_memory_MB": 2370.390625,
  "training_gpu_0_memory_MB": 89.33056640625,
  "validation_accuracy": 0.7301324503311258,
  "validation_loss": 1.3063010931015016,
  "best_validation_accuracy": 0.7301324503311258,
  "best_validation_loss": 1.3063010931015016
}