{
  "best_epoch": 12,
  "peak_worker_0_memory_MB": 2370.390625,
  "peak_gpu_0_memory_MB": 89.33056640625,
  "training_duration": "0:00:06.096379",
  "training_start_epoch": 0,
  "training_epochs": 12,
  "epoch": 12,
  "training_accuracy": 0.5880940950552088,
  "training_loss": 2.300337508434558,
  "training_worker_0_memory_MB": 2370.390625,
  "training_gpu_0_memory_MB": 89.33056640625,
  "validation_accuracy": 0.6771523178807947,
  "validation_loss": 1.9041278958320618,
  "best_validation_accuracy": 0.6771523178807947,
  "best_validation_loss": 1.9041278958320618
}