{
  "best_epoch": 50,
  "peak_worker_0_memory_MB": 2370.390625,
  "peak_gpu_0_memory_MB": 89.33056640625,
  "training_duration": "0:00:24.162436",
  "training_start_epoch": 0,
  "training_epochs": 50,
  "epoch": 50,
  "training_accuracy": 0.9620739318290926,
  "training_loss": 0.2975939648751994,
  "training_worker_0_memory_MB": 2370.390625,
  "training_gpu_0_memory_MB": 89.33056640625,
  "validation_accuracy": 0.7913907284768212,
  "validation_loss": 0.9018362551927567,
  "best_validation_accuracy": 0.7913907284768212,
  "best_validation_loss": 0.9018362551927567
}