{
  "best_epoch": 8,
  "peak_worker_0_memory_MB": 2331.171875,
  "peak_gpu_0_memory_MB": 65.09326171875,
  "training_duration": "0:00:02.202584",
  "training_start_epoch": 0,
  "training_epochs": 8,
  "epoch": 8,
  "training_accuracy": 0.856440281030445,
  "training_loss": 0.8047360453143049,
  "training_worker_0_memory_MB": 2331.171875,
  "training_gpu_0_memory_MB": 65.09326171875,
  "validation_accuracy": 0.7731788079470199,
  "validation_loss": 1.0342939794063568,
  "best_validation_accuracy": 0.7731788079470199,
  "best_validation_loss": 1.0342939794063568
}