{
  "best_epoch": 58,
  "peak_worker_0_memory_MB": 2298.41015625,
  "peak_gpu_0_memory_MB": 50.91064453125,
  "training_duration": "0:00:43.662125",
  "training_start_epoch": 0,
  "training_epochs": 64,
  "epoch": 64,
  "training_accuracy": 0.7868783953196824,
  "training_loss": 0.7643251442595532,
  "training_worker_0_memory_MB": 2298.41015625,
  "training_gpu_0_memory_MB": 50.91064453125,
  "validation_accuracy": 0.7864238410596026,
  "validation_loss": 0.969977468252182,
  "best_validation_accuracy": 0.7798013245033113,
  "best_validation_loss": 0.9552085876464844
}