{
  "best_epoch": 20,
  "peak_worker_0_memory_MB": 2298.41015625,
  "peak_gpu_0_memory_MB": 50.91064453125,
  "training_duration": "0:00:14.251635",
  "training_start_epoch": 0,
  "training_epochs": 20,
  "epoch": 20,
  "training_accuracy": 0.5942331801086502,
  "training_loss": 1.5891529980458712,
  "training_worker_0_memory_MB": 2298.41015625,
  "training_gpu_0_memory_MB": 50.91064453125,
  "validation_accuracy": 0.7152317880794702,
  "validation_loss": 1.2996074497699737,
  "best_validation_accuracy": 0.7152317880794702,
  "best_validation_loss": 1.2996074497699737
}