{
  "best_epoch": 53,
  "peak_worker_0_memory_MB": 2298.41015625,
  "peak_gpu_0_memory_MB": 50.91064453125,
  "training_duration": "0:00:39.033015",
  "training_start_epoch": 0,
  "training_epochs": 57,
  "epoch": 57,
  "training_accuracy": 0.7709987463435019,
  "training_loss": 0.8197211089887118,
  "training_worker_0_memory_MB": 2298.41015625,
  "training_gpu_0_memory_MB": 50.91064453125,
  "validation_accuracy": 0.7731788079470199,
  "validation_loss": 0.9774389922618866,
  "best_validation_accuracy": 0.7764900662251656,
  "best_validation_loss": 0.9583985716104507
}