{
  "best_epoch": 4,
  "peak_worker_0_memory_MB": 2298.41015625,
  "peak_gpu_0_memory_MB": 50.91064453125,
  "training_duration": "0:00:03.388175",
  "training_start_epoch": 0,
  "training_epochs": 4,
  "epoch": 4,
  "training_accuracy": 0.2014208106978688,
  "training_loss": 3.2419909615265694,
  "training_worker_0_memory_MB": 2298.41015625,
  "training_gpu_0_memory_MB": 50.91064453125,
  "validation_accuracy": 0.2996688741721854,
  "validation_loss": 3.004979968070984,
  "best_validation_accuracy": 0.2996688741721854,
  "best_validation_loss": 3.004979968070984
}