{
  "best_epoch": 36,
  "peak_worker_0_memory_MB": 2298.41015625,
  "peak_gpu_0_memory_MB": 50.91064453125,
  "training_duration": "0:00:26.319580",
  "training_start_epoch": 0,
  "training_epochs": 38,
  "epoch": 38,
  "training_accuracy": 0.7158378604262432,
  "training_loss": 1.0885812404908632,
  "training_worker_0_memory_MB": 2298.41015625,
  "training_gpu_0_memory_MB": 50.91064453125,
  "validation_accuracy": 0.7731788079470199,
  "validation_loss": 1.0591567933559418,
  "best_validation_accuracy": 0.7682119205298014,
  "best_validation_loss": 1.0507735669612885
}