{
  "best_epoch": 44,
  "peak_worker_0_memory_MB": 2298.41015625,
  "peak_gpu_0_memory_MB": 50.91064453125,
  "training_duration": "0:00:33.740365",
  "training_start_epoch": 0,
  "training_epochs": 49,
  "epoch": 49,
  "training_accuracy": 0.7576264103635604,
  "training_loss": 0.8856857920947828,
  "training_worker_0_memory_MB": 2298.41015625,
  "training_gpu_0_memory_MB": 50.91064453125,
  "validation_accuracy": 0.7864238410596026,
  "validation_loss": 1.0058892697095871,
  "best_validation_accuracy": 0.7764900662251656,
  "best_validation_loss": 0.9785235583782196
}