{
  "best_epoch": 53,
  "peak_worker_0_memory_MB": 2298.41015625,
  "peak_gpu_0_memory_MB": 50.91064453125,
  "training_duration": "0:00:37.701425",
  "training_start_epoch": 0,
  "training_epochs": 55,
  "epoch": 55,
  "training_accuracy": 0.766402005850397,
  "training_loss": 0.8354977518320084,
  "training_worker_0_memory_MB": 2298.41015625,
  "training_gpu_0_memory_MB": 50.91064453125,
  "validation_accuracy": 0.7798013245033113,
  "validation_loss": 0.9769420564174652,
  "best_validation_accuracy": 0.7764900662251656,
  "best_validation_loss": 0.9583985716104507
}