{
  "best_epoch": 16,
  "peak_worker_0_memory_MB": 2316.2890625,
  "peak_gpu_0_memory_MB": 62.47802734375,
  "training_duration": "0:00:06.642010",
  "training_start_epoch": 0,
  "training_epochs": 24,
  "epoch": 24,
  "training_accuracy": 0.9810304449648712,
  "training_loss": 0.10330372442727659,
  "training_worker_0_memory_MB": 2316.2890625,
  "training_gpu_0_memory_MB": 62.47802734375,
  "validation_accuracy": 0.7980132450331126,
  "validation_loss": 0.904230284690857,
  "best_validation_accuracy": 0.7963576158940397,
  "best_validation_loss": 0.8679956138134003
}