{
  "best_epoch": 4,
  "peak_worker_0_memory_MB": 2309.92578125,
  "peak_gpu_0_memory_MB": 46.67724609375,
  "training_duration": "0:00:01.699305",
  "training_start_epoch": 0,
  "training_epochs": 7,
  "epoch": 7,
  "training_accuracy": 0.9148811270912827,
  "training_loss": 0.3283236746986707,
  "training_worker_0_memory_MB": 2309.92578125,
  "training_gpu_0_memory_MB": 46.67724609375,
  "validation_accuracy": 0.8029801324503312,
  "validation_loss": 0.9411054074764251,
  "best_validation_accuracy": 0.793046357615894,
  "best_validation_loss": 0.9118193328380585
}