{
  "best_epoch": 4,
  "peak_worker_0_memory_MB": 2379.60546875,
  "peak_gpu_0_memory_MB": 89.33056640625,
  "training_duration": "0:00:02.417654",
  "training_start_epoch": 0,
  "training_epochs": 4,
  "epoch": 4,
  "training_accuracy": 0.7472395583293326,
  "training_loss": 1.1916282158771545,
  "training_worker_0_memory_MB": 2379.60546875,
  "training_gpu_0_memory_MB": 89.33056640625,
  "validation_accuracy": 0.7715231788079471,
  "validation_loss": 0.998317402601242,
  "best_validation_accuracy": 0.7715231788079471,
  "best_validation_loss": 0.998317402601242
}