{
  "best_epoch": 21,
  "peak_worker_0_memory_MB": 2298.41015625,
  "peak_gpu_0_memory_MB": 50.91064453125,
  "training_duration": "0:00:21.265382",
  "training_start_epoch": 0,
  "training_epochs": 30,
  "epoch": 30,
  "training_accuracy": 0.8917676556623485,
  "training_loss": 0.3649442525286424,
  "training_worker_0_memory_MB": 2298.41015625,
  "training_gpu_0_memory_MB": 50.91064453125,
  "validation_accuracy": 0.7963576158940397,
  "validation_loss": 1.0735352039337158,
  "best_validation_accuracy": 0.7864238410596026,
  "best_validation_loss": 0.9908614993095398
}