{
  "best_epoch": 3,
  "peak_worker_0_memory_MB": 2267.8671875,
  "peak_gpu_0_memory_MB": 8.48046875,
  "training_duration": "0:00:00.530311",
  "training_start_epoch": 0,
  "training_epochs": 3,
  "epoch": 3,
  "training_accuracy": 0.8236523192645215,
  "training_loss": 0.9683280320543992,
  "training_worker_0_memory_MB": 2267.8671875,
  "training_gpu_0_memory_MB": 8.48046875,
  "validation_accuracy": 0.7913907284768212,
  "validation_loss": 1.0823245763778686,
  "best_validation_accuracy": 0.7913907284768212,
  "best_validation_loss": 1.0823245763778686
}