{
  "best_epoch": 1,
  "peak_worker_0_memory_MB": 2267.8671875,
  "peak_gpu_0_memory_MB": 8.48046875,
  "training_duration": "0:00:00.259134",
  "training_start_epoch": 0,
  "training_epochs": 1,
  "epoch": 1,
  "training_accuracy": 0.5478478896782282,
  "training_loss": 2.2022742660422074,
  "training_worker_0_memory_MB": 2267.8671875,
  "training_gpu_0_memory_MB": 8.48046875,
  "validation_accuracy": 0.7003311258278145,
  "validation_loss": 1.7915695190429688,
  "best_validation_accuracy": 0.7003311258278145,
  "best_validation_loss": 1.7915695190429688
}