{
  "best_epoch": 56,
  "peak_worker_0_memory_MB": 2316.55078125,
  "peak_gpu_0_memory_MB": 62.47802734375,
  "training_duration": "0:00:14.654203",
  "training_start_epoch": 0,
  "training_epochs": 56,
  "epoch": 56,
  "training_accuracy": 0.9217798594847775,
  "training_loss": 0.3683312984544839,
  "training_worker_0_memory_MB": 2316.55078125,
  "training_gpu_0_memory_MB": 62.47802734375,
  "validation_accuracy": 0.8079470198675497,
  "validation_loss": 0.8635835736989975,
  "best_validation_accuracy": 0.8079470198675497,
  "best_validation_loss": 0.8635835736989975
}