{
  "best_epoch": 48,
  "peak_worker_0_memory_MB": 2316.55078125,
  "peak_gpu_0_memory_MB": 62.47802734375,
  "training_duration": "0:00:13.136954",
  "training_start_epoch": 0,
  "training_epochs": 50,
  "epoch": 50,
  "training_accuracy": 0.9112412177985948,
  "training_loss": 0.4088525494087988,
  "training_worker_0_memory_MB": 2316.55078125,
  "training_gpu_0_memory_MB": 62.47802734375,
  "validation_accuracy": 0.8029801324503312,
  "validation_loss": 0.9353282749652863,
  "best_validation_accuracy": 0.7996688741721855,
  "best_validation_loss": 0.8700928270816803
}