{
  "best_epoch": 38,
  "peak_worker_0_memory_MB": 2316.55078125,
  "peak_gpu_0_memory_MB": 62.47802734375,
  "training_duration": "0:00:10.328995",
  "training_start_epoch": 0,
  "training_epochs": 39,
  "epoch": 39,
  "training_accuracy": 0.8796252927400469,
  "training_loss": 0.5591624472568284,
  "training_worker_0_memory_MB": 2316.55078125,
  "training_gpu_0_memory_MB": 62.47802734375,
  "validation_accuracy": 0.7913907284768212,
  "validation_loss": 0.9077758729457855,
  "best_validation_accuracy": 0.7913907284768212,
  "best_validation_loss": 0.8912093758583068
}