{
  "best_epoch": 48,
  "peak_worker_0_memory_MB": 2316.55078125,
  "peak_gpu_0_memory_MB": 62.47802734375,
  "training_duration": "0:00:12.624994",
  "training_start_epoch": 0,
  "training_epochs": 48,
  "epoch": 48,
  "training_accuracy": 0.9107728337236534,
  "training_loss": 0.4267388820203383,
  "training_worker_0_memory_MB": 2316.55078125,
  "training_gpu_0_memory_MB": 62.47802734375,
  "validation_accuracy": 0.7996688741721855,
  "validation_loss": 0.8700928270816803,
  "best_validation_accuracy": 0.7996688741721855,
  "best_validation_loss": 0.8700928270816803
}