{
  "best_epoch": 1,
  "peak_worker_0_memory_MB": 2316.55078125,
  "peak_gpu_0_memory_MB": 62.47802734375,
  "training_duration": "0:00:00.496153",
  "training_start_epoch": 0,
  "training_epochs": 1,
  "epoch": 1,
  "training_accuracy": 0.15456674473067916,
  "training_loss": 3.60057342230384,
  "training_worker_0_memory_MB": 2316.55078125,
  "training_gpu_0_memory_MB": 62.47802734375,
  "validation_accuracy": 0.2913907284768212,
  "validation_loss": 3.2895143270492553,
  "best_validation_accuracy": 0.2913907284768212,
  "best_validation_loss": 3.2895143270492553
}