{
  "best_epoch": 27,
  "peak_worker_0_memory_MB": 2316.55078125,
  "peak_gpu_0_memory_MB": 62.47802734375,
  "training_duration": "0:00:07.259926",
  "training_start_epoch": 0,
  "training_epochs": 27,
  "epoch": 27,
  "training_accuracy": 0.8224824355971897,
  "training_loss": 0.8426120681549186,
  "training_worker_0_memory_MB": 2316.55078125,
  "training_gpu_0_memory_MB": 62.47802734375,
  "validation_accuracy": 0.7864238410596026,
  "validation_loss": 0.9727857887744904,
  "best_validation_accuracy": 0.7864238410596026,
  "best_validation_loss": 0.9727857887744904
}