{
  "best_epoch": 7,
  "peak_worker_0_memory_MB": 2316.55078125,
  "peak_gpu_0_memory_MB": 62.47802734375,
  "training_duration": "0:00:02.091854",
  "training_start_epoch": 0,
  "training_epochs": 7,
  "epoch": 7,
  "training_accuracy": 0.45081967213114754,
  "training_loss": 2.4903414391759617,
  "training_worker_0_memory_MB": 2316.55078125,
  "training_gpu_0_memory_MB": 62.47802734375,
  "validation_accuracy": 0.6059602649006622,
  "validation_loss": 2.178192925453186,
  "best_validation_accuracy": 0.6059602649006622,
  "best_validation_loss": 2.178192925453186
}