{
  "best_epoch": 4,
  "peak_worker_0_memory_MB": 2269.6171875,
  "peak_gpu_0_memory_MB": 8.73193359375,
  "training_duration": "0:00:00.940895",
  "training_start_epoch": 0,
  "training_epochs": 6,
  "epoch": 6,
  "training_accuracy": 0.9109903886335144,
  "training_loss": 0.3588518086624773,
  "training_worker_0_memory_MB": 2269.6171875,
  "training_gpu_0_memory_MB": 8.73193359375,
  "validation_accuracy": 0.8278145695364238,
  "validation_loss": 0.8780743479728699,
  "best_validation_accuracy": 0.8294701986754967,
  "best_validation_loss": 0.846123993396759
}