{
  "best_epoch": 10,
  "peak_worker_0_memory_MB": 2297.12109375,
  "peak_gpu_0_memory_MB": 50.91064453125,
  "training_duration": "0:00:07.412050",
  "training_start_epoch": 0,
  "training_epochs": 10,
  "epoch": 10,
  "training_accuracy": 0.6953614709569578,
  "training_loss": 1.3650576268371784,
  "training_worker_0_memory_MB": 2297.12109375,
  "training_gpu_0_memory_MB": 50.91064453125,
  "validation_accuracy": 0.7367549668874173,
  "validation_loss": 1.2356967091560365,
  "best_validation_accuracy": 0.7367549668874173,
  "best_validation_loss": 1.2356967091560365
}