{
  "best_epoch": 15,
  "peak_worker_0_memory_MB": 2297.12109375,
  "peak_gpu_0_memory_MB": 50.91064453125,
  "training_duration": "0:00:13.722260",
  "training_start_epoch": 0,
  "training_epochs": 19,
  "epoch": 19,
  "training_accuracy": 0.8340994567488508,
  "training_loss": 0.6413714258294356,
  "training_worker_0_memory_MB": 2297.12109375,
  "training_gpu_0_memory_MB": 50.91064453125,
  "validation_accuracy": 0.7847682119205298,
  "validation_loss": 1.1507037937641145,
  "best_validation_accuracy": 0.7781456953642384,
  "best_validation_loss": 1.1114822149276733
}