{
  "best_epoch": 13,
  "peak_worker_0_memory_MB": 2309.91796875,
  "peak_gpu_0_memory_MB": 46.67724609375,
  "training_duration": "0:00:02.707389",
  "training_start_epoch": 0,
  "training_epochs": 13,
  "epoch": 13,
  "training_accuracy": 0.17992368652773702,
  "training_loss": 3.310181149729976,
  "training_worker_0_memory_MB": 2309.91796875,
  "training_gpu_0_memory_MB": 46.67724609375,
  "validation_accuracy": 0.2913907284768212,
  "validation_loss": 3.078444218635559,
  "best_validation_accuracy": 0.2913907284768212,
  "best_validation_loss": 3.078444218635559
}