{
  "best_epoch": 36,
  "peak_worker_0_memory_MB": 2309.91796875,
  "peak_gpu_0_memory_MB": 46.67724609375,
  "training_duration": "0:00:07.225832",
  "training_start_epoch": 0,
  "training_epochs": 36,
  "epoch": 36,
  "training_accuracy": 0.28617552098620486,
  "training_loss": 2.7586267789204917,
  "training_worker_0_memory_MB": 2309.91796875,
  "training_gpu_0_memory_MB": 46.67724609375,
  "validation_accuracy": 0.5612582781456954,
  "validation_loss": 2.355885934829712,
  "best_validation_accuracy": 0.5612582781456954,
  "best_validation_loss": 2.355885934829712
}