{
  "best_epoch": 92,
  "peak_worker_0_memory_MB": 2309.91796875,
  "peak_gpu_0_memory_MB": 46.67724609375,
  "training_duration": "0:00:18.233963",
  "training_start_epoch": 0,
  "training_epochs": 92,
  "epoch": 92,
  "training_accuracy": 0.393014382154388,
  "training_loss": 2.2168161471684775,
  "training_worker_0_memory_MB": 2309.91796875,
  "training_gpu_0_memory_MB": 46.67724609375,
  "validation_accuracy": 0.7235099337748344,
  "validation_loss": 1.5640593647956849,
  "best_validation_accuracy": 0.7235099337748344,
  "best_validation_loss": 1.5640593647956849
}