{
  "best_epoch": 70,
  "peak_worker_0_memory_MB": 2309.91796875,
  "peak_gpu_0_memory_MB": 46.67724609375,
  "training_duration": "0:00:13.912364",
  "training_start_epoch": 0,
  "training_epochs": 70,
  "epoch": 70,
  "training_accuracy": 0.3577927795714705,
  "training_loss": 2.369938929875692,
  "training_worker_0_memory_MB": 2309.91796875,
  "training_gpu_0_memory_MB": 46.67724609375,
  "validation_accuracy": 0.6837748344370861,
  "validation_loss": 1.7765872597694397,
  "best_validation_accuracy": 0.6837748344370861,
  "best_validation_loss": 1.7765872597694397
}