{
  "best_epoch": 0,
  "peak_worker_0_memory_MB": 1787.94921875,
  "peak_gpu_0_memory_MB": 7.04248046875,
  "training_duration": "0:00:00.612139",
  "training_start_epoch": 0,
  "training_epochs": 0,
  "epoch": 0,
  "training_accuracy": 0.08126463700234192,
  "training_loss": 4.146416180169404,
  "training_worker_0_memory_MB": 1787.94921875,
  "training_gpu_0_memory_MB": 7.04248046875,
  "validation_accuracy": 0.27980132450331124,
  "validation_loss": 4.0579217910766605,
  "best_validation_accuracy": 0.27980132450331124,
  "best_validation_loss": 4.0579217910766605
}