{
  "best_epoch": 48,
  "peak_worker_0_memory_MB": 2305.08984375,
  "peak_gpu_0_memory_MB": 42.29736328125,
  "training_duration": "0:00:13.728425",
  "training_start_epoch": 0,
  "training_epochs": 49,
  "epoch": 49,
  "training_accuracy": 0.8868852459016393,
  "training_loss": 0.6475649235853508,
  "training_worker_0_memory_MB": 2305.08984375,
  "training_gpu_0_memory_MB": 42.29736328125,
  "validation_accuracy": 0.7798013245033113,
  "validation_loss": 1.0705665946006775,
  "best_validation_accuracy": 0.7731788079470199,
  "best_validation_loss": 1.0593916594982147
}