{
  "best_epoch": 1,
  "peak_worker_0_memory_MB": 2304.83984375,
  "peak_gpu_0_memory_MB": 42.29736328125,
  "training_duration": "0:00:00.878821",
  "training_start_epoch": 0,
  "training_epochs": 1,
  "epoch": 1,
  "training_accuracy": 0.20327868852459016,
  "training_loss": 3.9963217137464837,
  "training_worker_0_memory_MB": 2304.83984375,
  "training_gpu_0_memory_MB": 42.29736328125,
  "validation_accuracy": 0.31125827814569534,
  "validation_loss": 3.880156326293945,
  "best_validation_accuracy": 0.31125827814569534,
  "best_validation_loss": 3.880156326293945
}