{
  "best_epoch": 61,
  "peak_worker_0_memory_MB": 2305.08984375,
  "peak_gpu_0_memory_MB": 42.29736328125,
  "training_duration": "0:00:17.256735",
  "training_start_epoch": 0,
  "training_epochs": 62,
  "epoch": 62,
  "training_accuracy": 0.9309133489461359,
  "training_loss": 0.43058940390152717,
  "training_worker_0_memory_MB": 2305.08984375,
  "training_gpu_0_memory_MB": 42.29736328125,
  "validation_accuracy": 0.7864238410596026,
  "validation_loss": 0.958700317144394,
  "best_validation_accuracy": 0.7864238410596026,
  "best_validation_loss": 0.9516544878482819
}