{
  "best_epoch": 19,
  "peak_worker_0_memory_MB": 2328.3125,
  "peak_gpu_0_memory_MB": 64.7041015625,
  "training_duration": "0:00:04.868795",
  "training_start_epoch": 0,
  "training_epochs": 19,
  "epoch": 19,
  "training_accuracy": 0.8694222639736966,
  "training_loss": 0.8293956722786178,
  "training_worker_0_memory_MB": 2328.3125,
  "training_gpu_0_memory_MB": 64.7041015625,
  "validation_accuracy": 0.7632450331125827,
  "validation_loss": 1.2348250567913055,
  "best_validation_accuracy": 0.7632450331125827,
  "best_validation_loss": 1.2348250567913055
}