{
  "best_epoch": 33,
  "peak_worker_0_memory_MB": 2328.3125,
  "peak_gpu_0_memory_MB": 64.7041015625,
  "training_duration": "0:00:08.270481",
  "training_start_epoch": 0,
  "training_epochs": 33,
  "epoch": 33,
  "training_accuracy": 0.9534992954438704,
  "training_loss": 0.29198974259753724,
  "training_worker_0_memory_MB": 2328.3125,
  "training_gpu_0_memory_MB": 64.7041015625,
  "validation_accuracy": 0.7963576158940397,
  "validation_loss": 0.9876084506511689,
  "best_validation_accuracy": 0.7963576158940397,
  "best_validation_loss": 0.9876084506511689
}