{
  "best_epoch": 5,
  "peak_worker_0_memory_MB": 2328.3125,
  "peak_gpu_0_memory_MB": 64.7041015625,
  "training_duration": "0:00:01.453582",
  "training_start_epoch": 0,
  "training_epochs": 5,
  "epoch": 5,
  "training_accuracy": 0.4008924377642086,
  "training_loss": 2.8417626138943346,
  "training_worker_0_memory_MB": 2328.3125,
  "training_gpu_0_memory_MB": 64.7041015625,
  "validation_accuracy": 0.44867549668874174,
  "validation_loss": 2.757244658470154,
  "best_validation_accuracy": 0.44867549668874174,
  "best_validation_loss": 2.757244658470154
}