{
  "best_epoch": 16,
  "peak_worker_0_memory_MB": 2313.5546875,
  "peak_gpu_0_memory_MB": 54.728515625,
  "training_duration": "0:00:04.206021",
  "training_start_epoch": 0,
  "training_epochs": 17,
  "epoch": 17,
  "training_accuracy": 0.9818021719988259,
  "training_loss": 0.10780951442817847,
  "training_worker_0_memory_MB": 2313.5546875,
  "training_gpu_0_memory_MB": 54.728515625,
  "validation_accuracy": 0.7980132450331126,
  "validation_loss": 0.8781405389308929,
  "best_validation_accuracy": 0.7963576158940397,
  "best_validation_loss": 0.8611018359661102
}