{
  "best_epoch": 16,
  "peak_worker_0_memory_MB": 2331.171875,
  "peak_gpu_0_memory_MB": 65.09326171875,
  "training_duration": "0:00:05.371955",
  "training_start_epoch": 0,
  "training_epochs": 20,
  "epoch": 20,
  "training_accuracy": 0.9740046838407495,
  "training_loss": 0.14801608604281696,
  "training_worker_0_memory_MB": 2331.171875,
  "training_gpu_0_memory_MB": 65.09326171875,
  "validation_accuracy": 0.8112582781456954,
  "validation_loss": 0.871983528137207,
  "best_validation_accuracy": 0.8062913907284768,
  "best_validation_loss": 0.8575352877378464
}