{
  "best_epoch": 16,
  "peak_worker_0_memory_MB": 2331.171875,
  "peak_gpu_0_memory_MB": 65.09326171875,
  "training_duration": "0:00:04.619883",
  "training_start_epoch": 0,
  "training_epochs": 17,
  "epoch": 17,
  "training_accuracy": 0.964168618266979,
  "training_loss": 0.20279145151821534,
  "training_worker_0_memory_MB": 2331.171875,
  "training_gpu_0_memory_MB": 65.09326171875,
  "validation_accuracy": 0.8079470198675497,
  "validation_loss": 0.90467848777771,
  "best_validation_accuracy": 0.8062913907284768,
  "best_validation_loss": 0.8575352877378464
}