{
  "best_epoch": 4,
  "peak_worker_0_memory_MB": 2331.171875,
  "peak_gpu_0_memory_MB": 65.09326171875,
  "training_duration": "0:00:01.296818",
  "training_start_epoch": 0,
  "training_epochs": 4,
  "epoch": 4,
  "training_accuracy": 0.6838407494145199,
  "training_loss": 1.6414825346932482,
  "training_worker_0_memory_MB": 2331.171875,
  "training_gpu_0_memory_MB": 65.09326171875,
  "validation_accuracy": 0.7201986754966887,
  "validation_loss": 1.4585168600082397,
  "best_validation_accuracy": 0.7201986754966887,
  "best_validation_loss": 1.4585168600082397
}