{
  "best_epoch": 9,
  "peak_worker_0_memory_MB": 2327.01171875,
  "peak_gpu_0_memory_MB": 69.92529296875,
  "training_duration": "0:00:02.742935",
  "training_start_epoch": 0,
  "training_epochs": 9,
  "epoch": 9,
  "training_accuracy": 0.7699076110866696,
  "training_loss": 1.2225294046931796,
  "training_worker_0_memory_MB": 2327.01171875,
  "training_gpu_0_memory_MB": 69.92529296875,
  "validation_accuracy": 0.7334437086092715,
  "validation_loss": 1.3254950046539307,
  "best_validation_accuracy": 0.7334437086092715,
  "best_validation_loss": 1.3254950046539307
}