{
  "best_epoch": 27,
  "peak_worker_0_memory_MB": 2327.01171875,
  "peak_gpu_0_memory_MB": 69.92529296875,
  "training_duration": "0:00:07.698164",
  "training_start_epoch": 0,
  "training_epochs": 27,
  "epoch": 27,
  "training_accuracy": 0.9654641443026837,
  "training_loss": 0.21051349211484194,
  "training_worker_0_memory_MB": 2327.01171875,
  "training_gpu_0_memory_MB": 69.92529296875,
  "validation_accuracy": 0.8062913907284768,
  "validation_loss": 0.8479696869850158,
  "best_validation_accuracy": 0.8062913907284768,
  "best_validation_loss": 0.8479696869850158
}