{
  "best_epoch": 4,
  "peak_worker_0_memory_MB": 2268.171875,
  "peak_gpu_0_memory_MB": 15.23291015625,
  "training_duration": "0:00:00.431668",
  "training_start_epoch": 0,
  "training_epochs": 4,
  "epoch": 4,
  "training_accuracy": 0.6043338683788122,
  "training_loss": 2.494132673740387,
  "training_worker_0_memory_MB": 2268.171875,
  "training_gpu_0_memory_MB": 15.23291015625,
  "validation_accuracy": 0.7367549668874173,
  "validation_loss": 2.2481457710266115,
  "best_validation_accuracy": 0.7367549668874173,
  "best_validation_loss": 2.2481457710266115
}