{
  "best_epoch": 26,
  "peak_worker_0_memory_MB": 2331.171875,
  "peak_gpu_0_memory_MB": 65.09326171875,
  "training_duration": "0:00:07.831652",
  "training_start_epoch": 0,
  "training_epochs": 30,
  "epoch": 30,
  "training_accuracy": 0.9796252927400468,
  "training_loss": 0.10161615557857413,
  "training_worker_0_memory_MB": 2331.171875,
  "training_gpu_0_memory_MB": 65.09326171875,
  "validation_accuracy": 0.8096026490066225,
  "validation_loss": 0.8582737535238266,
  "best_validation_accuracy": 0.8112582781456954,
  "best_validation_loss": 0.8524138897657394
}