{
  "best_epoch": 40,
  "peak_worker_0_memory_MB": 2317.109375,
  "peak_gpu_0_memory_MB": 51.4853515625,
  "training_duration": "0:00:10.974211",
  "training_start_epoch": 0,
  "training_epochs": 41,
  "epoch": 41,
  "training_accuracy": 0.9779859484777518,
  "training_loss": 0.14934270306309658,
  "training_worker_0_memory_MB": 2317.109375,
  "training_gpu_0_memory_MB": 51.4853515625,
  "validation_accuracy": 0.8013245033112583,
  "validation_loss": 0.889754468202591,
  "best_validation_accuracy": 0.7996688741721855,
  "best_validation_loss": 0.8801463514566421
}