{
  "best_epoch": 48,
  "peak_worker_0_memory_MB": 2317.109375,
  "peak_gpu_0_memory_MB": 51.4853515625,
  "training_duration": "0:00:13.857863",
  "training_start_epoch": 0,
  "training_epochs": 52,
  "epoch": 52,
  "training_accuracy": 0.9868852459016394,
  "training_loss": 0.08664432812982531,
  "training_worker_0_memory_MB": 2317.109375,
  "training_gpu_0_memory_MB": 51.4853515625,
  "validation_accuracy": 0.804635761589404,
  "validation_loss": 0.947463721036911,
  "best_validation_accuracy": 0.804635761589404,
  "best_validation_loss": 0.8798242151737213
}