{
  "best_epoch": 36,
  "peak_worker_0_memory_MB": 2317.109375,
  "peak_gpu_0_memory_MB": 51.4853515625,
  "training_duration": "0:00:10.186268",
  "training_start_epoch": 0,
  "training_epochs": 38,
  "epoch": 38,
  "training_accuracy": 0.9723653395784543,
  "training_loss": 0.17895650997090695,
  "training_worker_0_memory_MB": 2317.109375,
  "training_gpu_0_memory_MB": 51.4853515625,
  "validation_accuracy": 0.7980132450331126,
  "validation_loss": 0.889724212884903,
  "best_validation_accuracy": 0.7963576158940397,
  "best_validation_loss": 0.8884641945362091
}