{
  "best_epoch": 15,
  "peak_worker_0_memory_MB": 2319.46875,
  "peak_gpu_0_memory_MB": 51.08984375,
  "training_duration": "0:00:04.143598",
  "training_start_epoch": 0,
  "training_epochs": 15,
  "epoch": 15,
  "training_accuracy": 0.9004683840749415,
  "training_loss": 0.6072627016857489,
  "training_worker_0_memory_MB": 2319.46875,
  "training_gpu_0_memory_MB": 51.08984375,
  "validation_accuracy": 0.7814569536423841,
  "validation_loss": 1.0244439899921418,
  "best_validation_accuracy": 0.7814569536423841,
  "best_validation_loss": 1.0244439899921418
}