{
  "best_epoch": 30,
  "peak_worker_0_memory_MB": 2319.46875,
  "peak_gpu_0_memory_MB": 51.08984375,
  "training_duration": "0:00:09.489146",
  "training_start_epoch": 0,
  "training_epochs": 36,
  "epoch": 36,
  "training_accuracy": 0.9866510538641686,
  "training_loss": 0.10121991185110006,
  "training_worker_0_memory_MB": 2319.46875,
  "training_gpu_0_memory_MB": 51.08984375,
  "validation_accuracy": 0.8029801324503312,
  "validation_loss": 0.9061728119850159,
  "best_validation_accuracy": 0.8029801324503312,
  "best_validation_loss": 0.8872885227203369
}