{
  "best_epoch": 9,
  "peak_worker_0_memory_MB": 2319.46875,
  "peak_gpu_0_memory_MB": 51.08984375,
  "training_duration": "0:00:02.601476",
  "training_start_epoch": 0,
  "training_epochs": 9,
  "epoch": 9,
  "training_accuracy": 0.7850117096018735,
  "training_loss": 1.2198452931731494,
  "training_worker_0_memory_MB": 2319.46875,
  "training_gpu_0_memory_MB": 51.08984375,
  "validation_accuracy": 0.7483443708609272,
  "validation_loss": 1.3158934473991395,
  "best_validation_accuracy": 0.7483443708609272,
  "best_validation_loss": 1.3158934473991395
}