{
  "best_epoch": 5,
  "peak_worker_0_memory_MB": 2319.46875,
  "peak_gpu_0_memory_MB": 51.08984375,
  "training_duration": "0:00:01.553093",
  "training_start_epoch": 0,
  "training_epochs": 5,
  "epoch": 5,
  "training_accuracy": 0.5981264637002341,
  "training_loss": 2.1171466325646016,
  "training_worker_0_memory_MB": 2319.46875,
  "training_gpu_0_memory_MB": 51.08984375,
  "validation_accuracy": 0.6639072847682119,
  "validation_loss": 1.9625236749649049,
  "best_validation_accuracy": 0.6639072847682119,
  "best_validation_loss": 1.9625236749649049
}