{
  "best_epoch": 19,
  "peak_worker_0_memory_MB": 2319.46875,
  "peak_gpu_0_memory_MB": 51.08984375,
  "training_duration": "0:00:05.153620",
  "training_start_epoch": 0,
  "training_epochs": 19,
  "epoch": 19,
  "training_accuracy": 0.9327868852459016,
  "training_loss": 0.4052132514875327,
  "training_worker_0_memory_MB": 2319.46875,
  "training_gpu_0_memory_MB": 51.08984375,
  "validation_accuracy": 0.7897350993377483,
  "validation_loss": 0.9490979462862015,
  "best_validation_accuracy": 0.7897350993377483,
  "best_validation_loss": 0.9490979462862015
}