{
  "best_epoch": 21,
  "peak_worker_0_memory_MB": 2319.46875,
  "peak_gpu_0_memory_MB": 51.08984375,
  "training_duration": "0:00:05.661047",
  "training_start_epoch": 0,
  "training_epochs": 21,
  "epoch": 21,
  "training_accuracy": 0.948711943793911,
  "training_loss": 0.33435090931493844,
  "training_worker_0_memory_MB": 2319.46875,
  "training_gpu_0_memory_MB": 51.08984375,
  "validation_accuracy": 0.7947019867549668,
  "validation_loss": 0.9229404866695404,
  "best_validation_accuracy": 0.7947019867549668,
  "best_validation_loss": 0.9229404866695404
}