{
  "best_epoch": 6,
  "peak_worker_0_memory_MB": 2326.80078125,
  "peak_gpu_0_memory_MB": 69.92529296875,
  "training_duration": "0:00:01.745563",
  "training_start_epoch": 0,
  "training_epochs": 6,
  "epoch": 6,
  "training_accuracy": 0.38209414870215574,
  "training_loss": 2.7823312083880105,
  "training_worker_0_memory_MB": 2326.80078125,
  "training_gpu_0_memory_MB": 69.92529296875,
  "validation_accuracy": 0.44370860927152317,
  "validation_loss": 2.706669473648071,
  "best_validation_accuracy": 0.44370860927152317,
  "best_validation_loss": 2.706669473648071
}