{
  "best_epoch": 29,
  "peak_worker_0_memory_MB": 2326.80078125,
  "peak_gpu_0_memory_MB": 69.92529296875,
  "training_duration": "0:00:07.562806",
  "training_start_epoch": 0,
  "training_epochs": 29,
  "epoch": 29,
  "training_accuracy": 0.9106907171139463,
  "training_loss": 0.5970633079608282,
  "training_worker_0_memory_MB": 2326.80078125,
  "training_gpu_0_memory_MB": 69.92529296875,
  "validation_accuracy": 0.7847682119205298,
  "validation_loss": 1.0410956203937531,
  "best_validation_accuracy": 0.7847682119205298,
  "best_validation_loss": 1.0410956203937531
}