{
  "best_epoch": 18,
  "peak_worker_0_memory_MB": 2326.80078125,
  "peak_gpu_0_memory_MB": 69.92529296875,
  "training_duration": "0:00:04.772351",
  "training_start_epoch": 0,
  "training_epochs": 18,
  "epoch": 18,
  "training_accuracy": 0.7886053673559172,
  "training_loss": 1.2126426084174051,
  "training_worker_0_memory_MB": 2326.80078125,
  "training_gpu_0_memory_MB": 69.92529296875,
  "validation_accuracy": 0.7268211920529801,
  "validation_loss": 1.3813518106937408,
  "best_validation_accuracy": 0.7268211920529801,
  "best_validation_loss": 1.3813518106937408
}