{
  "best_epoch": 46,
  "peak_worker_0_memory_MB": 2326.80078125,
  "peak_gpu_0_memory_MB": 69.92529296875,
  "training_duration": "0:00:12.884911",
  "training_start_epoch": 0,
  "training_epochs": 50,
  "epoch": 50,
  "training_accuracy": 0.9637043554773427,
  "training_loss": 0.2126493233566483,
  "training_worker_0_memory_MB": 2326.80078125,
  "training_gpu_0_memory_MB": 69.92529296875,
  "validation_accuracy": 0.8129139072847682,
  "validation_loss": 0.8892610192298889,
  "best_validation_accuracy": 0.8112582781456954,
  "best_validation_loss": 0.8826282948255539
}