{
  "best_epoch": 46,
  "peak_worker_0_memory_MB": 2326.80078125,
  "peak_gpu_0_memory_MB": 69.92529296875,
  "training_duration": "0:00:13.651268",
  "training_start_epoch": 0,
  "training_epochs": 53,
  "epoch": 53,
  "training_accuracy": 0.9700835899692037,
  "training_loss": 0.19028842356055975,
  "training_worker_0_memory_MB": 2326.80078125,
  "training_gpu_0_memory_MB": 69.92529296875,
  "validation_accuracy": 0.8145695364238411,
  "validation_loss": 0.9094393134117127,
  "best_validation_accuracy": 0.8112582781456954,
  "best_validation_loss": 0.8826282948255539
}