{
  "best_epoch": 3,
  "peak_worker_0_memory_MB": 2314.08984375,
  "peak_gpu_0_memory_MB": 51.12255859375,
  "training_duration": "0:00:08.618763",
  "training_start_epoch": 0,
  "training_epochs": 12,
  "epoch": 12,
  "training_accuracy": 0.5963226076055161,
  "training_loss": 10.122526821337248,
  "training_worker_0_memory_MB": 2314.08984375,
  "training_gpu_0_memory_MB": 51.12255859375,
  "validation_accuracy": 0.7698675496688742,
  "validation_loss": 5.097845339775086,
  "best_validation_accuracy": 0.7533112582781457,
  "best_validation_loss": 1.257137531042099
}