{
  "best_epoch": 3,
  "peak_worker_0_memory_MB": 2314.08984375,
  "peak_gpu_0_memory_MB": 51.12255859375,
  "training_duration": "0:00:03.945144",
  "training_start_epoch": 0,
  "training_epochs": 5,
  "epoch": 5,
  "training_accuracy": 0.5917258671124112,
  "training_loss": 2.7546633105528984,
  "training_worker_0_memory_MB": 2314.08984375,
  "training_gpu_0_memory_MB": 51.12255859375,
  "validation_accuracy": 0.7698675496688742,
  "validation_loss": 1.443834513425827,
  "best_validation_accuracy": 0.7533112582781457,
  "best_validation_loss": 1.257137531042099
}