{
  "best_epoch": 53,
  "peak_worker_0_memory_MB": 2311.93359375,
  "peak_gpu_0_memory_MB": 51.12255859375,
  "training_duration": "0:00:37.313039",
  "training_start_epoch": 0,
  "training_epochs": 56,
  "epoch": 56,
  "training_accuracy": 0.5273715002089427,
  "training_loss": 2.077354205282111,
  "training_worker_0_memory_MB": 2311.93359375,
  "training_gpu_0_memory_MB": 51.12255859375,
  "validation_accuracy": 0.7599337748344371,
  "validation_loss": 1.101309782266617,
  "best_validation_accuracy": 0.7466887417218543,
  "best_validation_loss": 1.0511517465114593
}