{
  "best_epoch": 4,
  "peak_worker_0_memory_MB": 2311.93359375,
  "peak_gpu_0_memory_MB": 51.12255859375,
  "training_duration": "0:00:03.220953",
  "training_start_epoch": 0,
  "training_epochs": 4,
  "epoch": 4,
  "training_accuracy": 0.19306310071040536,
  "training_loss": 3.4063887345163444,
  "training_worker_0_memory_MB": 2311.93359375,
  "training_gpu_0_memory_MB": 51.12255859375,
  "validation_accuracy": 0.34602649006622516,
  "validation_loss": 2.8537622451782227,
  "best_validation_accuracy": 0.34602649006622516,
  "best_validation_loss": 2.8537622451782227
}