{
  "best_epoch": 24,
  "peak_worker_0_memory_MB": 2311.93359375,
  "peak_gpu_0_memory_MB": 51.12255859375,
  "training_duration": "0:00:16.563033",
  "training_start_epoch": 0,
  "training_epochs": 24,
  "epoch": 24,
  "training_accuracy": 0.4776431257835353,
  "training_loss": 2.2585930887021517,
  "training_worker_0_memory_MB": 2311.93359375,
  "training_gpu_0_memory_MB": 51.12255859375,
  "validation_accuracy": 0.7284768211920529,
  "validation_loss": 1.247006118297577,
  "best_validation_accuracy": 0.7284768211920529,
  "best_validation_loss": 1.247006118297577
}