{
  "best_epoch": 27,
  "peak_worker_0_memory_MB": 2311.93359375,
  "peak_gpu_0_memory_MB": 51.12255859375,
  "training_duration": "0:00:19.870306",
  "training_start_epoch": 0,
  "training_epochs": 29,
  "epoch": 29,
  "training_accuracy": 0.4931048892603427,
  "training_loss": 2.2032309268650256,
  "training_worker_0_memory_MB": 2311.93359375,
  "training_gpu_0_memory_MB": 51.12255859375,
  "validation_accuracy": 0.7317880794701986,
  "validation_loss": 1.1730868101119996,
  "best_validation_accuracy": 0.7235099337748344,
  "best_validation_loss": 1.1560397088527679
}