{
  "best_epoch": 23,
  "peak_worker_0_memory_MB": 2313.5546875,
  "peak_gpu_0_memory_MB": 54.728515625,
  "training_duration": "0:00:07.292372",
  "training_start_epoch": 0,
  "training_epochs": 32,
  "epoch": 32,
  "training_accuracy": 0.9621367772233637,
  "training_loss": 0.19178880861511938,
  "training_worker_0_memory_MB": 2313.5546875,
  "training_gpu_0_memory_MB": 54.728515625,
  "validation_accuracy": 0.8079470198675497,
  "validation_loss": 0.8683927744626999,
  "best_validation_accuracy": 0.8029801324503312,
  "best_validation_loss": 0.857123178243637
}