{
  "best_epoch": 1,
  "peak_worker_0_memory_MB": 2330.921875,
  "peak_gpu_0_memory_MB": 65.09326171875,
  "training_duration": "0:00:00.498712",
  "training_start_epoch": 0,
  "training_epochs": 1,
  "epoch": 1,
  "training_accuracy": 0.6901639344262295,
  "training_loss": 1.561163848905421,
  "training_worker_0_memory_MB": 2330.921875,
  "training_gpu_0_memory_MB": 65.09326171875,
  "validation_accuracy": 0.7599337748344371,
  "validation_loss": 1.1781620383262634,
  "best_validation_accuracy": 0.7599337748344371,
  "best_validation_loss": 1.1781620383262634
}