{
  "best_epoch": 16,
  "peak_worker_0_memory_MB": 2317.37890625,
  "peak_gpu_0_memory_MB": 51.4853515625,
  "training_duration": "0:00:05.638690",
  "training_start_epoch": 0,
  "training_epochs": 19,
  "epoch": 19,
  "training_accuracy": 0.9667447306791569,
  "training_loss": 0.2098969524698471,
  "training_worker_0_memory_MB": 2317.37890625,
  "training_gpu_0_memory_MB": 51.4853515625,
  "validation_accuracy": 0.7980132450331126,
  "validation_loss": 0.9151908606290817,
  "best_validation_accuracy": 0.793046357615894,
  "best_validation_loss": 0.8980785012245178
}