{
  "best_epoch": 9,
  "peak_worker_0_memory_MB": 2317.37890625,
  "peak_gpu_0_memory_MB": 51.4853515625,
  "training_duration": "0:00:02.815275",
  "training_start_epoch": 0,
  "training_epochs": 9,
  "epoch": 9,
  "training_accuracy": 0.8646370023419204,
  "training_loss": 0.7874791631058081,
  "training_worker_0_memory_MB": 2317.37890625,
  "training_gpu_0_memory_MB": 51.4853515625,
  "validation_accuracy": 0.7682119205298014,
  "validation_loss": 1.1040569067001342,
  "best_validation_accuracy": 0.7682119205298014,
  "best_validation_loss": 1.1040569067001342
}