{
  "best_epoch": 2,
  "peak_worker_0_memory_MB": 2316.54296875,
  "peak_gpu_0_memory_MB": 51.12255859375,
  "training_duration": "0:00:01.967065",
  "training_start_epoch": 0,
  "training_epochs": 2,
  "epoch": 2,
  "training_accuracy": 0.2599247806101128,
  "training_loss": 3.0184342735692073,
  "training_worker_0_memory_MB": 2316.54296875,
  "training_gpu_0_memory_MB": 51.12255859375,
  "validation_accuracy": 0.42218543046357615,
  "validation_loss": 2.7176626205444334,
  "best_validation_accuracy": 0.42218543046357615,
  "best_validation_loss": 2.7176626205444334
}