{
  "best_epoch": 0,
  "peak_worker_0_memory_MB": 2316.54296875,
  "peak_gpu_0_memory_MB": 51.12255859375,
  "training_duration": "0:00:00.643225",
  "training_start_epoch": 0,
  "training_epochs": 0,
  "epoch": 0,
  "training_accuracy": 0.07647304638529043,
  "training_loss": 4.060615821888573,
  "training_worker_0_memory_MB": 2316.54296875,
  "training_gpu_0_memory_MB": 51.12255859375,
  "validation_accuracy": 0.21026490066225165,
  "validation_loss": 3.5976295471191406,
  "best_validation_accuracy": 0.21026490066225165,
  "best_validation_loss": 3.5976295471191406
}