{
  "best_epoch": 4,
  "peak_worker_0_memory_MB": 2316.54296875,
  "peak_gpu_0_memory_MB": 51.12255859375,
  "training_duration": "0:00:03.292191",
  "training_start_epoch": 0,
  "training_epochs": 4,
  "epoch": 4,
  "training_accuracy": 0.562055996656916,
  "training_loss": 1.9410800086824518,
  "training_worker_0_memory_MB": 2316.54296875,
  "training_gpu_0_memory_MB": 51.12255859375,
  "validation_accuracy": 0.6788079470198676,
  "validation_loss": 1.590286958217621,
  "best_validation_accuracy": 0.6788079470198676,
  "best_validation_loss": 1.590286958217621
}