{
  "best_epoch": 10,
  "peak_worker_0_memory_MB": 2316.54296875,
  "peak_gpu_0_memory_MB": 51.12255859375,
  "training_duration": "0:00:10.501590",
  "training_start_epoch": 0,
  "training_epochs": 15,
  "epoch": 15,
  "training_accuracy": 0.8825741746761387,
  "training_loss": 0.44430923148205403,
  "training_worker_0_memory_MB": 2316.54296875,
  "training_gpu_0_memory_MB": 51.12255859375,
  "validation_accuracy": 0.793046357615894,
  "validation_loss": 1.1193903744220735,
  "best_validation_accuracy": 0.7947019867549668,
  "best_validation_loss": 1.0215324461460114
}