{
  "best_epoch": 13,
  "peak_worker_0_memory_MB": 2327.01171875,
  "peak_gpu_0_memory_MB": 69.92529296875,
  "training_duration": "0:00:03.912506",
  "training_start_epoch": 0,
  "training_epochs": 13,
  "epoch": 13,
  "training_accuracy": 0.5732512098548174,
  "training_loss": 2.1539965834882526,
  "training_worker_0_memory_MB": 2327.01171875,
  "training_gpu_0_memory_MB": 69.92529296875,
  "validation_accuracy": 0.6059602649006622,
  "validation_loss": 2.090249168872833,
  "best_validation_accuracy": 0.6059602649006622,
  "best_validation_loss": 2.090249168872833
}