{
  "best_epoch": 55,
  "peak_worker_0_memory_MB": 2327.01171875,
  "peak_gpu_0_memory_MB": 69.92529296875,
  "training_duration": "0:00:15.667208",
  "training_start_epoch": 0,
  "training_epochs": 55,
  "epoch": 55,
  "training_accuracy": 0.9505059392872856,
  "training_loss": 0.3238346013757918,
  "training_worker_0_memory_MB": 2327.01171875,
  "training_gpu_0_memory_MB": 69.92529296875,
  "validation_accuracy": 0.7996688741721855,
  "validation_loss": 0.905311918258667,
  "best_validation_accuracy": 0.7996688741721855,
  "best_validation_loss": 0.905311918258667
}