{
  "best_epoch": 57,
  "peak_worker_0_memory_MB": 2327.01171875,
  "peak_gpu_0_memory_MB": 69.92529296875,
  "training_duration": "0:00:16.501984",
  "training_start_epoch": 0,
  "training_epochs": 58,
  "epoch": 58,
  "training_accuracy": 0.9557853057633084,
  "training_loss": 0.28112400447328884,
  "training_worker_0_memory_MB": 2327.01171875,
  "training_gpu_0_memory_MB": 69.92529296875,
  "validation_accuracy": 0.8096026490066225,
  "validation_loss": 0.9004971623420716,
  "best_validation_accuracy": 0.8062913907284768,
  "best_validation_loss": 0.8949137270450592
}