{
  "best_epoch": 35,
  "peak_worker_0_memory_MB": 2327.01171875,
  "peak_gpu_0_memory_MB": 69.92529296875,
  "training_duration": "0:00:10.083233",
  "training_start_epoch": 0,
  "training_epochs": 35,
  "epoch": 35,
  "training_accuracy": 0.8889133304003519,
  "training_loss": 0.7051193966633744,
  "training_worker_0_memory_MB": 2327.01171875,
  "training_gpu_0_memory_MB": 69.92529296875,
  "validation_accuracy": 0.7715231788079471,
  "validation_loss": 1.060548198223114,
  "best_validation_accuracy": 0.7715231788079471,
  "best_validation_loss": 1.060548198223114
}