{
  "best_epoch": 71,
  "peak_worker_0_memory_MB": 2327.01171875,
  "peak_gpu_0_memory_MB": 69.92529296875,
  "training_duration": "0:00:20.365294",
  "training_start_epoch": 0,
  "training_epochs": 72,
  "epoch": 72,
  "training_accuracy": 0.9703035635723714,
  "training_loss": 0.17711170372139248,
  "training_worker_0_memory_MB": 2327.01171875,
  "training_gpu_0_memory_MB": 69.92529296875,
  "validation_accuracy": 0.8079470198675497,
  "validation_loss": 0.8648319125175477,
  "best_validation_accuracy": 0.8079470198675497,
  "best_validation_loss": 0.8528752356767655
}