{
  "best_epoch": 59,
  "peak_worker_0_memory_MB": 2327.01171875,
  "peak_gpu_0_memory_MB": 69.92529296875,
  "training_duration": "0:00:17.604431",
  "training_start_epoch": 0,
  "training_epochs": 62,
  "epoch": 62,
  "training_accuracy": 0.9588649362076551,
  "training_loss": 0.2433751486759219,
  "training_worker_0_memory_MB": 2327.01171875,
  "training_gpu_0_memory_MB": 69.92529296875,
  "validation_accuracy": 0.8096026490066225,
  "validation_loss": 0.881661593914032,
  "best_validation_accuracy": 0.8079470198675497,
  "best_validation_loss": 0.8731633484363556
}