{
  "best_epoch": 64,
  "peak_worker_0_memory_MB": 2327.01171875,
  "peak_gpu_0_memory_MB": 69.92529296875,
  "training_duration": "0:00:18.435304",
  "training_start_epoch": 0,
  "training_epochs": 65,
  "epoch": 65,
  "training_accuracy": 0.962384513858337,
  "training_loss": 0.2211039414267159,
  "training_worker_0_memory_MB": 2327.01171875,
  "training_gpu_0_memory_MB": 69.92529296875,
  "validation_accuracy": 0.8079470198675497,
  "validation_loss": 0.8918447911739349,
  "best_validation_accuracy": 0.8062913907284768,
  "best_validation_loss": 0.8679223418235779
}