{
  "best_epoch": 51,
  "peak_worker_0_memory_MB": 2327.01171875,
  "peak_gpu_0_memory_MB": 69.92529296875,
  "training_duration": "0:00:14.837547",
  "training_start_epoch": 0,
  "training_epochs": 52,
  "epoch": 52,
  "training_accuracy": 0.9445666520017598,
  "training_loss": 0.3495615811811553,
  "training_worker_0_memory_MB": 2327.01171875,
  "training_gpu_0_memory_MB": 69.92529296875,
  "validation_accuracy": 0.7996688741721855,
  "validation_loss": 0.9230376422405243,
  "best_validation_accuracy": 0.7980132450331126,
  "best_validation_loss": 0.9140502035617828
}