{
  "best_epoch": 10,
  "peak_worker_0_memory_MB": 2287.45703125,
  "peak_gpu_0_memory_MB": 30.3212890625,
  "training_duration": "0:00:03.217220",
  "training_start_epoch": 0,
  "training_epochs": 18,
  "epoch": 18,
  "training_accuracy": 0.9832845800250731,
  "training_loss": 0.0710941099218632,
  "training_worker_0_memory_MB": 2287.45703125,
  "training_gpu_0_memory_MB": 30.3212890625,
  "validation_accuracy": 0.793046357615894,
  "validation_loss": 0.9786441028118134,
  "best_validation_accuracy": 0.8029801324503312,
  "best_validation_loss": 0.8730674892663955
}