{
  "best_epoch": 6,
  "peak_worker_0_memory_MB": 2287.45703125,
  "peak_gpu_0_memory_MB": 30.3212890625,
  "training_duration": "0:00:01.186035",
  "training_start_epoch": 0,
  "training_epochs": 6,
  "epoch": 6,
  "training_accuracy": 0.9072294191391559,
  "training_loss": 0.46440022046628754,
  "training_worker_0_memory_MB": 2287.45703125,
  "training_gpu_0_memory_MB": 30.3212890625,
  "validation_accuracy": 0.7897350993377483,
  "validation_loss": 0.924823009967804,
  "best_validation_accuracy": 0.7897350993377483,
  "best_validation_loss": 0.924823009967804
}