{
  "best_epoch": 7,
  "peak_worker_0_memory_MB": 2315.51171875,
  "peak_gpu_0_memory_MB": 51.84521484375,
  "training_duration": "0:00:02.061530",
  "training_start_epoch": 0,
  "training_epochs": 7,
  "epoch": 7,
  "training_accuracy": 0.6021730045967405,
  "training_loss": 1.8454881090866893,
  "training_worker_0_memory_MB": 2315.51171875,
  "training_gpu_0_memory_MB": 51.84521484375,
  "validation_accuracy": 0.6655629139072847,
  "validation_loss": 1.686462163925171,
  "best_validation_accuracy": 0.6655629139072847,
  "best_validation_loss": 1.686462163925171
}