{
  "best_epoch": 15,
  "peak_worker_0_memory_MB": 2315.51171875,
  "peak_gpu_0_memory_MB": 51.84521484375,
  "training_duration": "0:00:05.373259",
  "training_start_epoch": 0,
  "training_epochs": 20,
  "epoch": 20,
  "training_accuracy": 0.885499373171751,
  "training_loss": 0.4629402642971591,
  "training_worker_0_memory_MB": 2315.51171875,
  "training_gpu_0_memory_MB": 51.84521484375,
  "validation_accuracy": 0.8079470198675497,
  "validation_loss": 1.0421476006507873,
  "best_validation_accuracy": 0.7996688741721855,
  "best_validation_loss": 0.9922596842050553
}