{
  "best_epoch": 9,
  "peak_worker_0_memory_MB": 2315.51171875,
  "peak_gpu_0_memory_MB": 51.84521484375,
  "training_duration": "0:00:02.589207",
  "training_start_epoch": 0,
  "training_epochs": 9,
  "epoch": 9,
  "training_accuracy": 0.7179272879231091,
  "training_loss": 1.3583554139262752,
  "training_worker_0_memory_MB": 2315.51171875,
  "training_gpu_0_memory_MB": 51.84521484375,
  "validation_accuracy": 0.7549668874172185,
  "validation_loss": 1.3126165747642518,
  "best_validation_accuracy": 0.7549668874172185,
  "best_validation_loss": 1.3126165747642518
}