{
  "best_epoch": 2,
  "peak_worker_0_memory_MB": 2269.6171875,
  "peak_gpu_0_memory_MB": 8.73193359375,
  "training_duration": "0:00:00.537749",
  "training_start_epoch": 0,
  "training_epochs": 3,
  "epoch": 3,
  "training_accuracy": 0.897618052653573,
  "training_loss": 0.47757545662553685,
  "training_worker_0_memory_MB": 2269.6171875,
  "training_gpu_0_memory_MB": 8.73193359375,
  "validation_accuracy": 0.8278145695364238,
  "validation_loss": 0.8857396721839905,
  "best_validation_accuracy": 0.8278145695364238,
  "best_validation_loss": 0.867900051176548
}