{
  "best_epoch": 10,
  "peak_worker_0_memory_MB": 2319.484375,
  "peak_gpu_0_memory_MB": 51.08984375,
  "training_duration": "0:00:04.891953",
  "training_start_epoch": 0,
  "training_epochs": 17,
  "epoch": 17,
  "training_accuracy": 0.9927400468384074,
  "training_loss": 0.058156719153274354,
  "training_worker_0_memory_MB": 2319.484375,
  "training_gpu_0_memory_MB": 51.08984375,
  "validation_accuracy": 0.8013245033112583,
  "validation_loss": 0.9862658858299256,
  "best_validation_accuracy": 0.7963576158940397,
  "best_validation_loss": 0.9041920602321625
}