{
  "best_epoch": 7,
  "peak_worker_0_memory_MB": 2319.484375,
  "peak_gpu_0_memory_MB": 51.08984375,
  "training_duration": "0:00:02.136702",
  "training_start_epoch": 0,
  "training_epochs": 7,
  "epoch": 7,
  "training_accuracy": 0.9355971896955504,
  "training_loss": 0.38902468423345193,
  "training_worker_0_memory_MB": 2319.484375,
  "training_gpu_0_memory_MB": 51.08984375,
  "validation_accuracy": 0.7947019867549668,
  "validation_loss": 0.9177848398685455,
  "best_validation_accuracy": 0.7947019867549668,
  "best_validation_loss": 0.9177848398685455
}