{
  "best_epoch": 3,
  "peak_worker_0_memory_MB": 2316.89453125,
  "peak_gpu_0_memory_MB": 51.4853515625,
  "training_duration": "0:00:01.084324",
  "training_start_epoch": 0,
  "training_epochs": 3,
  "epoch": 3,
  "training_accuracy": 0.31288056206088993,
  "training_loss": 3.1706074565204223,
  "training_worker_0_memory_MB": 2316.89453125,
  "training_gpu_0_memory_MB": 51.4853515625,
  "validation_accuracy": 0.4056291390728477,
  "validation_loss": 2.9901261806488035,
  "best_validation_accuracy": 0.4056291390728477,
  "best_validation_loss": 2.9901261806488035
}