{
  "best_epoch": 3,
  "peak_worker_0_memory_MB": 2294.54296875,
  "peak_gpu_0_memory_MB": 50.91064453125,
  "training_duration": "0:00:08.786916",
  "training_start_epoch": 0,
  "training_epochs": 12,
  "epoch": 12,
  "training_accuracy": 0.9164229001253656,
  "training_loss": 0.3207642890905079,
  "training_worker_0_memory_MB": 2294.54296875,
  "training_gpu_0_memory_MB": 50.91064453125,
  "validation_accuracy": 0.7831125827814569,
  "validation_loss": 1.4615110099315642,
  "best_validation_accuracy": 0.7549668874172185,
  "best_validation_loss": 1.1862831830978393
}