{
  "best_epoch": 3,
  "peak_worker_0_memory_MB": 2294.54296875,
  "peak_gpu_0_memory_MB": 50.91064453125,
  "training_duration": "0:00:04.679419",
  "training_start_epoch": 0,
  "training_epochs": 6,
  "epoch": 6,
  "training_accuracy": 0.849143334726285,
  "training_loss": 0.5675190067604968,
  "training_worker_0_memory_MB": 2294.54296875,
  "training_gpu_0_memory_MB": 50.91064453125,
  "validation_accuracy": 0.7781456953642384,
  "validation_loss": 1.222079735994339,
  "best_validation_accuracy": 0.7549668874172185,
  "best_validation_loss": 1.1862831830978393
}