{
  "best_epoch": 4,
  "peak_worker_0_memory_MB": 2316.30078125,
  "peak_gpu_0_memory_MB": 62.47802734375,
  "training_duration": "0:00:01.309090",
  "training_start_epoch": 0,
  "training_epochs": 4,
  "epoch": 4,
  "training_accuracy": 0.6433255269320843,
  "training_loss": 1.7432088015684442,
  "training_worker_0_memory_MB": 2316.30078125,
  "training_gpu_0_memory_MB": 62.47802734375,
  "validation_accuracy": 0.7135761589403974,
  "validation_loss": 1.4524545133113862,
  "best_validation_accuracy": 0.7135761589403974,
  "best_validation_loss": 1.4524545133113862
}