{
  "best_epoch": 21,
  "peak_worker_0_memory_MB": 2298.953125,
  "peak_gpu_0_memory_MB": 43.572265625,
  "training_duration": "0:00:05.573240",
  "training_start_epoch": 0,
  "training_epochs": 22,
  "epoch": 22,
  "training_accuracy": 0.9166276346604215,
  "training_loss": 0.5152894987988828,
  "training_worker_0_memory_MB": 2298.953125,
  "training_gpu_0_memory_MB": 43.572265625,
  "validation_accuracy": 0.7814569536423841,
  "validation_loss": 0.9990136921405792,
  "best_validation_accuracy": 0.7764900662251656,
  "best_validation_loss": 0.9810611784458161
}