{
  "best_epoch": 4,
  "peak_worker_0_memory_MB": 2298.953125,
  "peak_gpu_0_memory_MB": 43.572265625,
  "training_duration": "0:00:01.191181",
  "training_start_epoch": 0,
  "training_epochs": 4,
  "epoch": 4,
  "training_accuracy": 0.4234192037470726,
  "training_loss": 2.7616959828049388,
  "training_worker_0_memory_MB": 2298.953125,
  "training_gpu_0_memory_MB": 43.572265625,
  "validation_accuracy": 0.5248344370860927,
  "validation_loss": 2.5589056968688966,
  "best_validation_accuracy": 0.5248344370860927,
  "best_validation_loss": 2.5589056968688966
}