{
  "best_epoch": 40,
  "peak_worker_0_memory_MB": 2299.203125,
  "peak_gpu_0_memory_MB": 43.572265625,
  "training_duration": "0:00:11.517546",
  "training_start_epoch": 0,
  "training_epochs": 46,
  "epoch": 46,
  "training_accuracy": 0.9836065573770492,
  "training_loss": 0.11486269978444967,
  "training_worker_0_memory_MB": 2299.203125,
  "training_gpu_0_memory_MB": 43.572265625,
  "validation_accuracy": 0.7996688741721855,
  "validation_loss": 0.9317616164684296,
  "best_validation_accuracy": 0.7996688741721855,
  "best_validation_loss": 0.8907013028860092
}