{
  "best_epoch": 6,
  "peak_worker_0_memory_MB": 2298.953125,
  "peak_gpu_0_memory_MB": 43.572265625,
  "training_duration": "0:00:01.691024",
  "training_start_epoch": 0,
  "training_epochs": 6,
  "epoch": 6,
  "training_accuracy": 0.5555035128805621,
  "training_loss": 2.2637143615466444,
  "training_worker_0_memory_MB": 2298.953125,
  "training_gpu_0_memory_MB": 43.572265625,
  "validation_accuracy": 0.6158940397350994,
  "validation_loss": 2.10647132396698,
  "best_validation_accuracy": 0.6158940397350994,
  "best_validation_loss": 2.10647132396698
}