{
  "best_epoch": 3,
  "peak_worker_0_memory_MB": 2266.03515625,
  "peak_gpu_0_memory_MB": 13.20458984375,
  "training_duration": "0:00:00.804579",
  "training_start_epoch": 0,
  "training_epochs": 9,
  "epoch": 9,
  "training_accuracy": 0.8659711075441413,
  "training_loss": 0.32993856221437456,
  "training_worker_0_memory_MB": 2266.03515625,
  "training_gpu_0_memory_MB": 13.20458984375,
  "validation_accuracy": 0.804635761589404,
  "validation_loss": 1.2059950709342957,
  "best_validation_accuracy": 0.8261589403973509,
  "best_validation_loss": 1.0682610750198365
}