{
  "best_epoch": 10,
  "peak_worker_0_memory_MB": 2327.0078125,
  "peak_gpu_0_memory_MB": 69.92529296875,
  "training_duration": "0:00:02.717070",
  "training_start_epoch": 0,
  "training_epochs": 10,
  "epoch": 10,
  "training_accuracy": 0.5098988121425428,
  "training_loss": 2.2247470600737467,
  "training_worker_0_memory_MB": 2327.0078125,
  "training_gpu_0_memory_MB": 69.92529296875,
  "validation_accuracy": 0.6158940397350994,
  "validation_loss": 1.999054455757141,
  "best_validation_accuracy": 0.6158940397350994,
  "best_validation_loss": 1.999054455757141
}