{
  "best_epoch": 9,
  "peak_worker_0_memory_MB": 2327.0078125,
  "peak_gpu_0_memory_MB": 69.92529296875,
  "training_duration": "0:00:02.469316",
  "training_start_epoch": 0,
  "training_epochs": 9,
  "epoch": 9,
  "training_accuracy": 0.4753629564452266,
  "training_loss": 2.335352584719658,
  "training_worker_0_memory_MB": 2327.0078125,
  "training_gpu_0_memory_MB": 69.92529296875,
  "validation_accuracy": 0.5943708609271523,
  "validation_loss": 2.128076267242432,
  "best_validation_accuracy": 0.5943708609271523,
  "best_validation_loss": 2.128076267242432
}