{
  "best_epoch": 46,
  "peak_worker_0_memory_MB": 2327.0078125,
  "peak_gpu_0_memory_MB": 69.92529296875,
  "training_duration": "0:00:11.662330",
  "training_start_epoch": 0,
  "training_epochs": 46,
  "epoch": 46,
  "training_accuracy": 0.8706555213374395,
  "training_loss": 0.6280004399983833,
  "training_worker_0_memory_MB": 2327.0078125,
  "training_gpu_0_memory_MB": 69.92529296875,
  "validation_accuracy": 0.7996688741721855,
  "validation_loss": 0.8978472828865052,
  "best_validation_accuracy": 0.7996688741721855,
  "best_validation_loss": 0.8978472828865052
}