{
  "best_epoch": 15,
  "peak_worker_0_memory_MB": 2270.7265625,
  "peak_gpu_0_memory_MB": 8.73193359375,
  "training_duration": "0:00:02.245978",
  "training_start_epoch": 0,
  "training_epochs": 15,
  "epoch": 15,
  "training_accuracy": 0.902632678646051,
  "training_loss": 0.4518972258818777,
  "training_worker_0_memory_MB": 2270.7265625,
  "training_gpu_0_memory_MB": 8.73193359375,
  "validation_accuracy": 0.8327814569536424,
  "validation_loss": 0.8557022243738175,
  "best_validation_accuracy": 0.8327814569536424,
  "best_validation_loss": 0.8557022243738175
}