{
  "best_epoch": 32,
  "peak_worker_0_memory_MB": 0,
  "training_duration": "0:00:18.445064",
  "training_start_epoch": 0,
  "training_epochs": 34,
  "epoch": 34,
  "training_accuracy": 0.8779166666666667,
  "training_loss": 0.6223689098107187,
  "training_reg_loss": 0.0,
  "training_worker_0_memory_MB": 0.0,
  "validation_accuracy": 0.7516666666666667,
  "validation_loss": 1.2541634619235993,
  "validation_reg_loss": 0.0,
  "best_validation_accuracy": 0.7533333333333333,
  "best_validation_loss": 1.2354049563407898,
  "best_validation_reg_loss": 0.0
}