{
  "best_epoch": 29,
  "peak_worker_0_memory_MB": 0,
  "training_duration": "0:00:16.407277",
  "training_start_epoch": 0,
  "training_epochs": 30,
  "epoch": 30,
  "training_accuracy": 0.8704166666666666,
  "training_loss": 0.6902038204042535,
  "training_reg_loss": 0.0,
  "training_worker_0_memory_MB": 0.0,
  "validation_accuracy": 0.7533333333333333,
  "validation_loss": 1.2825567722320557,
  "validation_reg_loss": 0.0,
  "best_validation_accuracy": 0.7533333333333333,
  "best_validation_loss": 1.2720232486724854,
  "best_validation_reg_loss": 0.0
}