{
  "best_epoch": 35,
  "peak_worker_0_memory_MB": 0,
  "training_duration": "0:00:20.042317",
  "training_start_epoch": 0,
  "training_epochs": 37,
  "epoch": 37,
  "training_accuracy": 0.8841666666666667,
  "training_loss": 0.5849196189328244,
  "training_reg_loss": 0.0,
  "training_worker_0_memory_MB": 0.0,
  "validation_accuracy": 0.7516666666666667,
  "validation_loss": 1.2625942766666411,
  "validation_reg_loss": 0.0,
  "best_validation_accuracy": 0.7516666666666667,
  "best_validation_loss": 1.2129201352596284,
  "best_validation_reg_loss": 0.0
}