{
  "best_epoch": 28,
  "peak_worker_0_memory_MB": 2365.1484375,
  "peak_gpu_0_memory_MB": 84.50341796875,
  "training_duration": "0:00:13.566770",
  "training_start_epoch": 0,
  "training_epochs": 28,
  "epoch": 28,
  "training_accuracy": 0.8206913106096976,
  "training_loss": 1.1106904899801007,
  "training_worker_0_memory_MB": 2365.1484375,
  "training_gpu_0_memory_MB": 84.50341796875,
  "validation_accuracy": 0.7582781456953642,
  "validation_loss": 1.1600008726119995,
  "best_validation_accuracy": 0.7582781456953642,
  "best_validation_loss": 1.1600008726119995
}