{
  "best_epoch": 60,
  "peak_worker_0_memory_MB": 2365.1484375,
  "peak_gpu_0_memory_MB": 84.50341796875,
  "training_duration": "0:00:31.416073",
  "training_start_epoch": 0,
  "training_epochs": 66,
  "epoch": 66,
  "training_accuracy": 0.9824771963514163,
  "training_loss": 0.15718802690278483,
  "training_worker_0_memory_MB": 2365.1484375,
  "training_gpu_0_memory_MB": 84.50341796875,
  "validation_accuracy": 0.8062913907284768,
  "validation_loss": 0.8932607054710389,
  "best_validation_accuracy": 0.7996688741721855,
  "best_validation_loss": 0.8900826066732407
}