{
  "best_epoch": 36,
  "peak_worker_0_memory_MB": 2330.921875,
  "peak_gpu_0_memory_MB": 65.09326171875,
  "training_duration": "0:00:09.923839",
  "training_start_epoch": 0,
  "training_epochs": 36,
  "epoch": 36,
  "training_accuracy": 0.9714285714285714,
  "training_loss": 0.17256168309432357,
  "training_worker_0_memory_MB": 2330.921875,
  "training_gpu_0_memory_MB": 65.09326171875,
  "validation_accuracy": 0.8013245033112583,
  "validation_loss": 0.867257484793663,
  "best_validation_accuracy": 0.8013245033112583,
  "best_validation_loss": 0.867257484793663
}