{
  "best_epoch": 19,
  "peak_worker_0_memory_MB": 2330.921875,
  "peak_gpu_0_memory_MB": 65.09326171875,
  "training_duration": "0:00:05.421329",
  "training_start_epoch": 0,
  "training_epochs": 19,
  "epoch": 19,
  "training_accuracy": 0.9079625292740047,
  "training_loss": 0.6249797797914761,
  "training_worker_0_memory_MB": 2330.921875,
  "training_gpu_0_memory_MB": 65.09326171875,
  "validation_accuracy": 0.7731788079470199,
  "validation_loss": 1.0868292331695557,
  "best_validation_accuracy": 0.7731788079470199,
  "best_validation_loss": 1.0868292331695557
}