{
  "best_epoch": 23,
  "peak_worker_0_memory_MB": 2330.921875,
  "peak_gpu_0_memory_MB": 65.09326171875,
  "training_duration": "0:00:06.498379",
  "training_start_epoch": 0,
  "training_epochs": 23,
  "epoch": 23,
  "training_accuracy": 0.9346604215456674,
  "training_loss": 0.4367845180764127,
  "training_worker_0_memory_MB": 2330.921875,
  "training_gpu_0_memory_MB": 65.09326171875,
  "validation_accuracy": 0.7897350993377483,
  "validation_loss": 1.0011532366275788,
  "best_validation_accuracy": 0.7897350993377483,
  "best_validation_loss": 1.0011532366275788
}