{
  "best_epoch": 48,
  "peak_worker_0_memory_MB": 2330.921875,
  "peak_gpu_0_memory_MB": 65.09326171875,
  "training_duration": "0:00:13.334763",
  "training_start_epoch": 0,
  "training_epochs": 49,
  "epoch": 49,
  "training_accuracy": 0.9859484777517564,
  "training_loss": 0.08537426357393835,
  "training_worker_0_memory_MB": 2330.921875,
  "training_gpu_0_memory_MB": 65.09326171875,
  "validation_accuracy": 0.8013245033112583,
  "validation_loss": 0.9020361483097077,
  "best_validation_accuracy": 0.8029801324503312,
  "best_validation_loss": 0.8566929072141647
}