{
  "best_epoch": 17,
  "peak_worker_0_memory_MB": 2330.921875,
  "peak_gpu_0_memory_MB": 65.09326171875,
  "training_duration": "0:00:04.878328",
  "training_start_epoch": 0,
  "training_epochs": 17,
  "epoch": 17,
  "training_accuracy": 0.8920374707259953,
  "training_loss": 0.7535096962950123,
  "training_worker_0_memory_MB": 2330.921875,
  "training_gpu_0_memory_MB": 65.09326171875,
  "validation_accuracy": 0.7682119205298014,
  "validation_loss": 1.170384657382965,
  "best_validation_accuracy": 0.7682119205298014,
  "best_validation_loss": 1.170384657382965
}