{
  "best_epoch": 48,
  "peak_worker_0_memory_MB": 2330.921875,
  "peak_gpu_0_memory_MB": 65.09326171875,
  "training_duration": "0:00:13.071228",
  "training_start_epoch": 0,
  "training_epochs": 48,
  "epoch": 48,
  "training_accuracy": 0.9857142857142858,
  "training_loss": 0.08901404008380513,
  "training_worker_0_memory_MB": 2330.921875,
  "training_gpu_0_memory_MB": 65.09326171875,
  "validation_accuracy": 0.8029801324503312,
  "validation_loss": 0.8566929072141647,
  "best_validation_accuracy": 0.8029801324503312,
  "best_validation_loss": 0.8566929072141647
}