{
  "best_epoch": 40,
  "peak_worker_0_memory_MB": 2330.921875,
  "peak_gpu_0_memory_MB": 65.09326171875,
  "training_duration": "0:00:11.235252",
  "training_start_epoch": 0,
  "training_epochs": 41,
  "epoch": 41,
  "training_accuracy": 0.9772833723653396,
  "training_loss": 0.12913677124167555,
  "training_worker_0_memory_MB": 2330.921875,
  "training_gpu_0_memory_MB": 65.09326171875,
  "validation_accuracy": 0.8013245033112583,
  "validation_loss": 0.8636337459087372,
  "best_validation_accuracy": 0.8013245033112583,
  "best_validation_loss": 0.8606084585189819
}