{
  "best_epoch": 0,
  "peak_worker_0_memory_MB": 2330.91796875,
  "peak_gpu_0_memory_MB": 65.09326171875,
  "training_duration": "0:00:00.254652",
  "training_start_epoch": 0,
  "training_epochs": 0,
  "epoch": 0,
  "training_accuracy": 0.16229508196721312,
  "training_loss": 4.080605695496744,
  "training_worker_0_memory_MB": 2330.91796875,
  "training_gpu_0_memory_MB": 65.09326171875,
  "validation_accuracy": 0.326158940397351,
  "validation_loss": 3.879539465904236,
  "best_validation_accuracy": 0.326158940397351,
  "best_validation_loss": 3.879539465904236
}