{
  "best_epoch": 2,
  "peak_worker_0_memory_MB": 2287.45703125,
  "peak_gpu_0_memory_MB": 30.3212890625,
  "training_duration": "0:00:00.468093",
  "training_start_epoch": 0,
  "training_epochs": 2,
  "epoch": 2,
  "training_accuracy": 0.4454659423318011,
  "training_loss": 2.5193272766314054,
  "training_worker_0_memory_MB": 2287.45703125,
  "training_gpu_0_memory_MB": 30.3212890625,
  "validation_accuracy": 0.5645695364238411,
  "validation_loss": 2.302444338798523,
  "best_validation_accuracy": 0.5645695364238411,
  "best_validation_loss": 2.302444338798523
}