{
  "best_epoch": 16,
  "peak_worker_0_memory_MB": 2319.46875,
  "peak_gpu_0_memory_MB": 51.08984375,
  "training_duration": "0:00:04.485641",
  "training_start_epoch": 0,
  "training_epochs": 18,
  "epoch": 18,
  "training_accuracy": 0.9578454332552693,
  "training_loss": 0.2457560823479695,
  "training_worker_0_memory_MB": 2319.46875,
  "training_gpu_0_memory_MB": 51.08984375,
  "validation_accuracy": 0.8029801324503312,
  "validation_loss": 0.975033062696457,
  "best_validation_accuracy": 0.8013245033112583,
  "best_validation_loss": 0.9258736550807953
}