{
  "best_epoch": 2,
  "peak_worker_0_memory_MB": 2319.46875,
  "peak_gpu_0_memory_MB": 51.08984375,
  "training_duration": "0:00:00.685035",
  "training_start_epoch": 0,
  "training_epochs": 2,
  "epoch": 2,
  "training_accuracy": 0.4847775175644028,
  "training_loss": 2.425224307757705,
  "training_worker_0_memory_MB": 2319.46875,
  "training_gpu_0_memory_MB": 51.08984375,
  "validation_accuracy": 0.6274834437086093,
  "validation_loss": 2.021541512012482,
  "best_validation_accuracy": 0.6274834437086093,
  "best_validation_loss": 2.021541512012482
}