{
  "best_epoch": 10,
  "peak_worker_0_memory_MB": 2318.11328125,
  "peak_gpu_0_memory_MB": 51.84521484375,
  "training_duration": "0:00:05.019297",
  "training_start_epoch": 0,
  "training_epochs": 18,
  "epoch": 18,
  "training_accuracy": 0.9456748850814877,
  "training_loss": 0.19849812121767746,
  "training_worker_0_memory_MB": 2318.11328125,
  "training_gpu_0_memory_MB": 51.84521484375,
  "validation_accuracy": 0.7996688741721855,
  "validation_loss": 1.2340710699558257,
  "best_validation_accuracy": 0.7963576158940397,
  "best_validation_loss": 1.0213242441415786
}