{
  "best_epoch": 0,
  "peak_worker_0_memory_MB": 2291.68359375,
  "peak_gpu_0_memory_MB": 47.5224609375,
  "training_duration": "0:00:01.018960",
  "training_start_epoch": 0,
  "training_epochs": 3,
  "epoch": 3,
  "training_accuracy": 0.632678646050982,
  "training_loss": 906.353560598273,
  "training_worker_0_memory_MB": 2291.68359375,
  "training_gpu_0_memory_MB": 47.5224609375,
  "validation_accuracy": 0.7317880794701986,
  "validation_loss": 766.7509613037109,
  "best_validation_accuracy": 0.6440397350993378,
  "best_validation_loss": 30.58507080078125
}