{
  "best_epoch": 0,
  "peak_worker_0_memory_MB": 2291.68359375,
  "peak_gpu_0_memory_MB": 47.5224609375,
  "training_duration": "0:00:01.741183",
  "training_start_epoch": 0,
  "training_epochs": 6,
  "epoch": 6,
  "training_accuracy": 0.7375679063936481,
  "training_loss": 2213.08938438014,
  "training_worker_0_memory_MB": 2291.68359375,
  "training_gpu_0_memory_MB": 47.5224609375,
  "validation_accuracy": 0.75,
  "validation_loss": 2676.018182373047,
  "best_validation_accuracy": 0.6440397350993378,
  "best_validation_loss": 30.58507080078125
}