{
  "best_epoch": 3,
  "peak_worker_0_memory_MB": 2273.13671875,
  "peak_gpu_0_memory_MB": 15.416015625,
  "training_duration": "0:00:00.496473",
  "training_start_epoch": 0,
  "training_epochs": 5,
  "epoch": 5,
  "training_accuracy": 0.8587479935794543,
  "training_loss": 0.36985182762145996,
  "training_worker_0_memory_MB": 2273.13671875,
  "training_gpu_0_memory_MB": 15.416015625,
  "validation_accuracy": 0.7781456953642384,
  "validation_loss": 1.1979330718517303,
  "best_validation_accuracy": 0.7897350993377483,
  "best_validation_loss": 1.086006408929825
}