{
  "best_epoch": 5,
  "peak_worker_0_memory_MB": 2317.984375,
  "peak_gpu_0_memory_MB": 51.84521484375,
  "training_duration": "0:00:04.207963",
  "training_start_epoch": 0,
  "training_epochs": 14,
  "epoch": 14,
  "training_accuracy": 0.9206017551190974,
  "training_loss": 0.29059534931653425,
  "training_worker_0_memory_MB": 2317.984375,
  "training_gpu_0_memory_MB": 51.84521484375,
  "validation_accuracy": 0.8096026490066225,
  "validation_loss": 1.2658976316452026,
  "best_validation_accuracy": 0.7947019867549668,
  "best_validation_loss": 0.996681547164917
}