{
  "best_epoch": 18,
  "peak_worker_0_memory_MB": 2267.08984375,
  "peak_gpu_0_memory_MB": 7.4111328125,
  "training_duration": "0:00:02.848370",
  "training_start_epoch": 0,
  "training_epochs": 18,
  "epoch": 18,
  "training_accuracy": 0.9072294191391559,
  "training_loss": 0.3841253887665899,
  "training_worker_0_memory_MB": 2267.08984375,
  "training_gpu_0_memory_MB": 7.4111328125,
  "validation_accuracy": 0.8311258278145696,
  "validation_loss": 0.8508996963500977,
  "best_validation_accuracy": 0.8311258278145696,
  "best_validation_loss": 0.8508996963500977
}