{
  "best_epoch": 10,
  "peak_worker_0_memory_MB": 2267.08984375,
  "peak_gpu_0_memory_MB": 7.4111328125,
  "training_duration": "0:00:02.050187",
  "training_start_epoch": 0,
  "training_epochs": 12,
  "epoch": 12,
  "training_accuracy": 0.8963643961554534,
  "training_loss": 0.5045277052804044,
  "training_worker_0_memory_MB": 2267.08984375,
  "training_gpu_0_memory_MB": 7.4111328125,
  "validation_accuracy": 0.8294701986754967,
  "validation_loss": 0.9181674122810364,
  "best_validation_accuracy": 0.8211920529801324,
  "best_validation_loss": 0.8908281087875366
}