{
  "best_epoch": 37,
  "peak_worker_0_memory_MB": 2326.80078125,
  "peak_gpu_0_memory_MB": 69.92529296875,
  "training_duration": "0:00:09.742683",
  "training_start_epoch": 0,
  "training_epochs": 37,
  "epoch": 37,
  "training_accuracy": 0.8620765508139023,
  "training_loss": 0.7809793195790715,
  "training_worker_0_memory_MB": 2326.80078125,
  "training_gpu_0_memory_MB": 69.92529296875,
  "validation_accuracy": 0.7864238410596026,
  "validation_loss": 0.987387478351593,
  "best_validation_accuracy": 0.7864238410596026,
  "best_validation_loss": 0.987387478351593
}