{
  "best_epoch": 15,
  "peak_worker_0_memory_MB": 2269.69921875,
  "peak_gpu_0_memory_MB": 8.73193359375,
  "training_duration": "0:00:03.123821",
  "training_start_epoch": 0,
  "training_epochs": 22,
  "epoch": 22,
  "training_accuracy": 0.9114082741328876,
  "training_loss": 0.31972766844065564,
  "training_worker_0_memory_MB": 2269.69921875,
  "training_gpu_0_memory_MB": 8.73193359375,
  "validation_accuracy": 0.8245033112582781,
  "validation_loss": 0.8767047107219696,
  "best_validation_accuracy": 0.8294701986754967,
  "best_validation_loss": 0.8496801674365997
}