{
  "best_epoch": 31,
  "peak_worker_0_memory_MB": 2318.171875,
  "peak_gpu_0_memory_MB": 55.18505859375,
  "training_duration": "0:00:08.023580",
  "training_start_epoch": 0,
  "training_epochs": 31,
  "epoch": 31,
  "training_accuracy": 0.9441052137153593,
  "training_loss": 0.36770937247062796,
  "training_worker_0_memory_MB": 2318.171875,
  "training_gpu_0_memory_MB": 55.18505859375,
  "validation_accuracy": 0.7897350993377483,
  "validation_loss": 1.026054072380066,
  "best_validation_accuracy": 0.7897350993377483,
  "best_validation_loss": 1.026054072380066
}