{
  "best_epoch": 56,
  "peak_worker_0_memory_MB": 2319.46875,
  "peak_gpu_0_memory_MB": 51.08984375,
  "training_duration": "0:00:48.511456",
  "training_start_epoch": 0,
  "training_epochs": 58,
  "epoch": 58,
  "training_accuracy": 0.9629976580796253,
  "training_loss": 0.2554961925567086,
  "training_worker_0_memory_MB": 2319.46875,
  "training_gpu_0_memory_MB": 51.08984375,
  "validation_accuracy": 0.793046357615894,
  "validation_loss": 0.947544264793396,
  "best_validation_accuracy": 0.7897350993377483,
  "best_validation_loss": 0.906249749660492
}