{
  "best_epoch": 48,
  "peak_worker_0_memory_MB": 2319.46875,
  "peak_gpu_0_memory_MB": 51.08984375,
  "training_duration": "0:00:44.218066",
  "training_start_epoch": 0,
  "training_epochs": 53,
  "epoch": 53,
  "training_accuracy": 0.9526932084309133,
  "training_loss": 0.31173130981068115,
  "training_worker_0_memory_MB": 2319.46875,
  "training_gpu_0_memory_MB": 51.08984375,
  "validation_accuracy": 0.7880794701986755,
  "validation_loss": 0.9585909724235535,
  "best_validation_accuracy": 0.7847682119205298,
  "best_validation_loss": 0.9433059871196747
}