{
  "best_epoch": 8,
  "peak_worker_0_memory_MB": 2319.46875,
  "peak_gpu_0_memory_MB": 51.08984375,
  "training_duration": "0:00:05.202125",
  "training_start_epoch": 0,
  "training_epochs": 8,
  "epoch": 8,
  "training_accuracy": 0.4550351288056206,
  "training_loss": 2.7841555040274093,
  "training_worker_0_memory_MB": 2319.46875,
  "training_gpu_0_memory_MB": 51.08984375,
  "validation_accuracy": 0.5,
  "validation_loss": 2.6948661327362062,
  "best_validation_accuracy": 0.5,
  "best_validation_loss": 2.6948661327362062
}