{
  "best_epoch": 28,
  "peak_worker_0_memory_MB": 2319.46875,
  "peak_gpu_0_memory_MB": 51.08984375,
  "training_duration": "0:00:22.322966",
  "training_start_epoch": 0,
  "training_epochs": 28,
  "epoch": 28,
  "training_accuracy": 0.840983606557377,
  "training_loss": 0.9437943741456786,
  "training_worker_0_memory_MB": 2319.46875,
  "training_gpu_0_memory_MB": 51.08984375,
  "validation_accuracy": 0.7649006622516556,
  "validation_loss": 1.2251517176628113,
  "best_validation_accuracy": 0.7649006622516556,
  "best_validation_loss": 1.2251517176628113
}