{
  "best_epoch": 29,
  "peak_worker_0_memory_MB": 2319.46875,
  "peak_gpu_0_memory_MB": 51.08984375,
  "training_duration": "0:00:23.205377",
  "training_start_epoch": 0,
  "training_epochs": 29,
  "epoch": 29,
  "training_accuracy": 0.8501170960187353,
  "training_loss": 0.8970815459294106,
  "training_worker_0_memory_MB": 2319.46875,
  "training_gpu_0_memory_MB": 51.08984375,
  "validation_accuracy": 0.7698675496688742,
  "validation_loss": 1.181117558479309,
  "best_validation_accuracy": 0.7698675496688742,
  "best_validation_loss": 1.181117558479309
}