{
  "best_epoch": 56,
  "peak_worker_0_memory_MB": 2319.46875,
  "peak_gpu_0_memory_MB": 51.08984375,
  "training_duration": "0:00:47.682683",
  "training_start_epoch": 0,
  "training_epochs": 57,
  "epoch": 57,
  "training_accuracy": 0.9627634660421546,
  "training_loss": 0.26554053543663736,
  "training_worker_0_memory_MB": 2319.46875,
  "training_gpu_0_memory_MB": 51.08984375,
  "validation_accuracy": 0.793046357615894,
  "validation_loss": 0.9378890931606293,
  "best_validation_accuracy": 0.7897350993377483,
  "best_validation_loss": 0.906249749660492
}