{
  "best_epoch": 50,
  "peak_worker_0_memory_MB": 2313.53515625,
  "peak_gpu_0_memory_MB": 54.728515625,
  "training_duration": "0:00:11.957452",
  "training_start_epoch": 0,
  "training_epochs": 55,
  "epoch": 55,
  "training_accuracy": 0.9680070443205165,
  "training_loss": 0.16153475628406913,
  "training_worker_0_memory_MB": 2313.53515625,
  "training_gpu_0_memory_MB": 54.728515625,
  "validation_accuracy": 0.7980132450331126,
  "validation_loss": 0.9049851775169373,
  "best_validation_accuracy": 0.7980132450331126,
  "best_validation_loss": 0.8619693756103516
}