{
  "best_epoch": 14,
  "peak_worker_0_memory_MB": 2313.53515625,
  "peak_gpu_0_memory_MB": 54.728515625,
  "training_duration": "0:00:03.250180",
  "training_start_epoch": 0,
  "training_epochs": 14,
  "epoch": 14,
  "training_accuracy": 0.7484590548869974,
  "training_loss": 1.5343325380925779,
  "training_worker_0_memory_MB": 2313.53515625,
  "training_gpu_0_memory_MB": 54.728515625,
  "validation_accuracy": 0.695364238410596,
  "validation_loss": 1.7462925910949707,
  "best_validation_accuracy": 0.695364238410596,
  "best_validation_loss": 1.7462925910949707
}