{
  "best_epoch": 50,
  "peak_worker_0_memory_MB": 2313.53515625,
  "peak_gpu_0_memory_MB": 54.728515625,
  "training_duration": "0:00:11.115966",
  "training_start_epoch": 0,
  "training_epochs": 51,
  "epoch": 51,
  "training_accuracy": 0.9656589374816554,
  "training_loss": 0.19049079398866053,
  "training_worker_0_memory_MB": 2313.53515625,
  "training_gpu_0_memory_MB": 54.728515625,
  "validation_accuracy": 0.7963576158940397,
  "validation_loss": 0.8919459462165833,
  "best_validation_accuracy": 0.7980132450331126,
  "best_validation_loss": 0.8619693756103516
}