{
  "best_epoch": 26,
  "peak_worker_0_memory_MB": 2313.53515625,
  "peak_gpu_0_memory_MB": 54.728515625,
  "training_duration": "0:00:05.814686",
  "training_start_epoch": 0,
  "training_epochs": 26,
  "epoch": 26,
  "training_accuracy": 0.8981508658643969,
  "training_loss": 0.6391524380003965,
  "training_worker_0_memory_MB": 2313.53515625,
  "training_gpu_0_memory_MB": 54.728515625,
  "validation_accuracy": 0.7731788079470199,
  "validation_loss": 1.1007365226745605,
  "best_validation_accuracy": 0.7731788079470199,
  "best_validation_loss": 1.1007365226745605
}