{
  "best_epoch": 5,
  "peak_worker_0_memory_MB": 2313.53515625,
  "peak_gpu_0_memory_MB": 54.728515625,
  "training_duration": "0:00:01.293343",
  "training_start_epoch": 0,
  "training_epochs": 5,
  "epoch": 5,
  "training_accuracy": 0.3554446727326093,
  "training_loss": 2.938328469241107,
  "training_worker_0_memory_MB": 2313.53515625,
  "training_gpu_0_memory_MB": 54.728515625,
  "validation_accuracy": 0.40066225165562913,
  "validation_loss": 2.8830843210220336,
  "best_validation_accuracy": 0.40066225165562913,
  "best_validation_loss": 2.8830843210220336
}