{
  "best_epoch": 4,
  "peak_worker_0_memory_MB": 2269.703125,
  "peak_gpu_0_memory_MB": 15.416015625,
  "training_duration": "0:00:00.436604",
  "training_start_epoch": 0,
  "training_epochs": 4,
  "epoch": 4,
  "training_accuracy": 0.7126805778491172,
  "training_loss": 1.772763228416443,
  "training_worker_0_memory_MB": 2269.703125,
  "training_gpu_0_memory_MB": 15.416015625,
  "validation_accuracy": 0.7798013245033113,
  "validation_loss": 1.606042206287384,
  "best_validation_accuracy": 0.7798013245033113,
  "best_validation_loss": 1.606042206287384
}