{
  "best_epoch": 14,
  "peak_worker_0_memory_MB": 2319.48828125,
  "peak_gpu_0_memory_MB": 51.08984375,
  "training_duration": "0:00:06.225845",
  "training_start_epoch": 0,
  "training_epochs": 22,
  "epoch": 22,
  "training_accuracy": 0.992271662763466,
  "training_loss": 0.057191171419264664,
  "training_worker_0_memory_MB": 2319.48828125,
  "training_gpu_0_memory_MB": 51.08984375,
  "validation_accuracy": 0.7963576158940397,
  "validation_loss": 0.9711325764656067,
  "best_validation_accuracy": 0.7963576158940397,
  "best_validation_loss": 0.8861701846122741
}