{
  "best_epoch": 12,
  "peak_worker_0_memory_MB": 2317.109375,
  "peak_gpu_0_memory_MB": 51.4853515625,
  "training_duration": "0:00:03.508813",
  "training_start_epoch": 0,
  "training_epochs": 12,
  "epoch": 12,
  "training_accuracy": 0.8957845433255269,
  "training_loss": 0.5988889389963292,
  "training_worker_0_memory_MB": 2317.109375,
  "training_gpu_0_memory_MB": 51.4853515625,
  "validation_accuracy": 0.7847682119205298,
  "validation_loss": 0.9921941101551056,
  "best_validation_accuracy": 0.7847682119205298,
  "best_validation_loss": 0.9921941101551056
}