{
  "best_epoch": 6,
  "peak_worker_0_memory_MB": 2317.109375,
  "peak_gpu_0_memory_MB": 51.4853515625,
  "training_duration": "0:00:01.894984",
  "training_start_epoch": 0,
  "training_epochs": 6,
  "epoch": 6,
  "training_accuracy": 0.7358313817330211,
  "training_loss": 1.4350588926628454,
  "training_worker_0_memory_MB": 2317.109375,
  "training_gpu_0_memory_MB": 51.4853515625,
  "validation_accuracy": 0.7268211920529801,
  "validation_loss": 1.4189000606536866,
  "best_validation_accuracy": 0.7268211920529801,
  "best_validation_loss": 1.4189000606536866
}