{
  "best_epoch": 8,
  "peak_worker_0_memory_MB": 2331.171875,
  "peak_gpu_0_memory_MB": 65.09326171875,
  "training_duration": "0:00:02.562310",
  "training_start_epoch": 0,
  "training_epochs": 8,
  "epoch": 8,
  "training_accuracy": 0.9456674473067915,
  "training_loss": 0.3315713305526705,
  "training_worker_0_memory_MB": 2331.171875,
  "training_gpu_0_memory_MB": 65.09326171875,
  "validation_accuracy": 0.7913907284768212,
  "validation_loss": 0.928075522184372,
  "best_validation_accuracy": 0.7913907284768212,
  "best_validation_loss": 0.928075522184372
}