{
  "best_epoch": 40,
  "peak_worker_0_memory_MB": 2328.6875,
  "peak_gpu_0_memory_MB": 61.63037109375,
  "training_duration": "0:00:11.006857",
  "training_start_epoch": 0,
  "training_epochs": 40,
  "epoch": 40,
  "training_accuracy": 0.9615925058548009,
  "training_loss": 0.2348487110280279,
  "training_worker_0_memory_MB": 2328.6875,
  "training_gpu_0_memory_MB": 61.63037109375,
  "validation_accuracy": 0.8062913907284768,
  "validation_loss": 0.8945692956447602,
  "best_validation_accuracy": 0.8062913907284768,
  "best_validation_loss": 0.8945692956447602
}