{
  "best_epoch": 15,
  "peak_worker_0_memory_MB": 2328.6875,
  "peak_gpu_0_memory_MB": 61.63037109375,
  "training_duration": "0:00:04.368281",
  "training_start_epoch": 0,
  "training_epochs": 15,
  "epoch": 15,
  "training_accuracy": 0.7833723653395784,
  "training_loss": 1.3284313216138242,
  "training_worker_0_memory_MB": 2328.6875,
  "training_gpu_0_memory_MB": 61.63037109375,
  "validation_accuracy": 0.7218543046357616,
  "validation_loss": 1.5416776061058044,
  "best_validation_accuracy": 0.7218543046357616,
  "best_validation_loss": 1.5416776061058044
}