{
  "best_epoch": 48,
  "peak_worker_0_memory_MB": 2328.6875,
  "peak_gpu_0_memory_MB": 61.63037109375,
  "training_duration": "0:00:14.721776",
  "training_start_epoch": 0,
  "training_epochs": 54,
  "epoch": 54,
  "training_accuracy": 0.980327868852459,
  "training_loss": 0.11757485657485563,
  "training_worker_0_memory_MB": 2328.6875,
  "training_gpu_0_memory_MB": 61.63037109375,
  "validation_accuracy": 0.8096026490066225,
  "validation_loss": 0.8767560243606567,
  "best_validation_accuracy": 0.8079470198675497,
  "best_validation_loss": 0.8727064073085785
}