{
  "best_epoch": 26,
  "peak_worker_0_memory_MB": 2320.41015625,
  "peak_gpu_0_memory_MB": 54.71142578125,
  "training_duration": "0:00:09.220559",
  "training_start_epoch": 0,
  "training_epochs": 33,
  "epoch": 33,
  "training_accuracy": 0.9915690866510538,
  "training_loss": 0.04689382272424983,
  "training_worker_0_memory_MB": 2320.41015625,
  "training_gpu_0_memory_MB": 54.71142578125,
  "validation_accuracy": 0.8013245033112583,
  "validation_loss": 0.9261738777160644,
  "best_validation_accuracy": 0.8029801324503312,
  "best_validation_loss": 0.8671898007392883
}