{
  "best_epoch": 10,
  "peak_worker_0_memory_MB": 2320.41015625,
  "peak_gpu_0_memory_MB": 54.71142578125,
  "training_duration": "0:00:03.008713",
  "training_start_epoch": 0,
  "training_epochs": 10,
  "epoch": 10,
  "training_accuracy": 0.9163934426229509,
  "training_loss": 0.5575475563753897,
  "training_worker_0_memory_MB": 2320.41015625,
  "training_gpu_0_memory_MB": 54.71142578125,
  "validation_accuracy": 0.7715231788079471,
  "validation_loss": 1.042952448129654,
  "best_validation_accuracy": 0.7715231788079471,
  "best_validation_loss": 1.042952448129654
}