{
  "best_epoch": 27,
  "peak_worker_0_memory_MB": 2319.22265625,
  "peak_gpu_0_memory_MB": 51.08984375,
  "training_duration": "0:00:07.483388",
  "training_start_epoch": 0,
  "training_epochs": 28,
  "epoch": 28,
  "training_accuracy": 0.8695550351288056,
  "training_loss": 0.7144612781147459,
  "training_worker_0_memory_MB": 2319.22265625,
  "training_gpu_0_memory_MB": 51.08984375,
  "validation_accuracy": 0.7731788079470199,
  "validation_loss": 1.0094493985176087,
  "best_validation_accuracy": 0.7731788079470199,
  "best_validation_loss": 1.0034793376922608
}