{
  "best_epoch": 40,
  "peak_worker_0_memory_MB": 2319.22265625,
  "peak_gpu_0_memory_MB": 51.08984375,
  "training_duration": "0:00:11.273234",
  "training_start_epoch": 0,
  "training_epochs": 43,
  "epoch": 43,
  "training_accuracy": 0.9370023419203747,
  "training_loss": 0.36664876341819763,
  "training_worker_0_memory_MB": 2319.22265625,
  "training_gpu_0_memory_MB": 51.08984375,
  "validation_accuracy": 0.7913907284768212,
  "validation_loss": 0.9120944142341614,
  "best_validation_accuracy": 0.7897350993377483,
  "best_validation_loss": 0.8887612879276275
}