{
  "best_epoch": 56,
  "peak_worker_0_memory_MB": 2319.22265625,
  "peak_gpu_0_memory_MB": 51.08984375,
  "training_duration": "0:00:16.091225",
  "training_start_epoch": 0,
  "training_epochs": 62,
  "epoch": 62,
  "training_accuracy": 0.9690866510538642,
  "training_loss": 0.17762282679774868,
  "training_worker_0_memory_MB": 2319.22265625,
  "training_gpu_0_memory_MB": 51.08984375,
  "validation_accuracy": 0.7980132450331126,
  "validation_loss": 0.8890892148017884,
  "best_validation_accuracy": 0.7980132450331126,
  "best_validation_loss": 0.8757264941930771
}