{
  "best_epoch": 40,
  "peak_worker_0_memory_MB": 2319.22265625,
  "peak_gpu_0_memory_MB": 51.08984375,
  "training_duration": "0:00:10.772642",
  "training_start_epoch": 0,
  "training_epochs": 41,
  "epoch": 41,
  "training_accuracy": 0.9339578454332552,
  "training_loss": 0.3946811530127454,
  "training_worker_0_memory_MB": 2319.22265625,
  "training_gpu_0_memory_MB": 51.08984375,
  "validation_accuracy": 0.7897350993377483,
  "validation_loss": 0.8961235761642456,
  "best_validation_accuracy": 0.7897350993377483,
  "best_validation_loss": 0.8887612879276275
}