{
  "best_epoch": 44,
  "peak_worker_0_memory_MB": 2313.53515625,
  "peak_gpu_0_memory_MB": 54.728515625,
  "training_duration": "0:00:09.651697",
  "training_start_epoch": 0,
  "training_epochs": 47,
  "epoch": 47,
  "training_accuracy": 0.976812444966246,
  "training_loss": 0.12456430453393194,
  "training_worker_0_memory_MB": 2313.53515625,
  "training_gpu_0_memory_MB": 54.728515625,
  "validation_accuracy": 0.7980132450331126,
  "validation_loss": 0.908593475818634,
  "best_validation_accuracy": 0.7947019867549668,
  "best_validation_loss": 0.8629170596599579
}