{
  "best_epoch": 11,
  "peak_worker_0_memory_MB": 2313.53515625,
  "peak_gpu_0_memory_MB": 54.728515625,
  "training_duration": "0:00:02.407891",
  "training_start_epoch": 0,
  "training_epochs": 11,
  "epoch": 11,
  "training_accuracy": 0.7657763428235985,
  "training_loss": 1.4270346054324397,
  "training_worker_0_memory_MB": 2313.53515625,
  "training_gpu_0_memory_MB": 54.728515625,
  "validation_accuracy": 0.7152317880794702,
  "validation_loss": 1.6407825589179992,
  "best_validation_accuracy": 0.7152317880794702,
  "best_validation_loss": 1.6407825589179992
}