{
  "best_epoch": 42,
  "peak_worker_0_memory_MB": 2313.53515625,
  "peak_gpu_0_memory_MB": 54.728515625,
  "training_duration": "0:00:08.645236",
  "training_start_epoch": 0,
  "training_epochs": 42,
  "epoch": 42,
  "training_accuracy": 0.9671265042559436,
  "training_loss": 0.15857798619954674,
  "training_worker_0_memory_MB": 2313.53515625,
  "training_gpu_0_memory_MB": 54.728515625,
  "validation_accuracy": 0.7963576158940397,
  "validation_loss": 0.8743647634983063,
  "best_validation_accuracy": 0.7963576158940397,
  "best_validation_loss": 0.8743647634983063
}