{
  "best_epoch": 44,
  "peak_worker_0_memory_MB": 2313.53515625,
  "peak_gpu_0_memory_MB": 54.728515625,
  "training_duration": "0:00:09.852241",
  "training_start_epoch": 0,
  "training_epochs": 48,
  "epoch": 48,
  "training_accuracy": 0.9782800117405341,
  "training_loss": 0.12139954693891385,
  "training_worker_0_memory_MB": 2313.53515625,
  "training_gpu_0_memory_MB": 54.728515625,
  "validation_accuracy": 0.7963576158940397,
  "validation_loss": 0.8995790153741836,
  "best_validation_accuracy": 0.7947019867549668,
  "best_validation_loss": 0.8629170596599579
}