{
  "best_epoch": 2,
  "peak_worker_0_memory_MB": 2313.53515625,
  "peak_gpu_0_memory_MB": 54.728515625,
  "training_duration": "0:00:00.597735",
  "training_start_epoch": 0,
  "training_epochs": 2,
  "epoch": 2,
  "training_accuracy": 0.2618139125330203,
  "training_loss": 3.2808651041101524,
  "training_worker_0_memory_MB": 2313.53515625,
  "training_gpu_0_memory_MB": 54.728515625,
  "validation_accuracy": 0.30132450331125826,
  "validation_loss": 3.1521949052810667,
  "best_validation_accuracy": 0.30132450331125826,
  "best_validation_loss": 3.1521949052810667
}