{
  "best_epoch": 1,
  "peak_worker_0_memory_MB": 0,
  "training_duration": "0:00:01.640169",
  "training_start_epoch": 0,
  "training_epochs": 1,
  "epoch": 1,
  "training_accuracy": 0.29251984956122024,
  "training_loss": 3.2528586073925623,
  "training_reg_loss": 0.0,
  "training_worker_0_memory_MB": 0.0,
  "validation_accuracy": 0.30629139072847683,
  "validation_loss": 3.0787098884582518,
  "validation_reg_loss": 0.0,
  "best_validation_accuracy": 0.30629139072847683,
  "best_validation_loss": 3.0787098884582518,
  "best_validation_reg_loss": 0.0
}