{
  "best_epoch": 21,
  "peak_worker_0_memory_MB": 0,
  "training_duration": "0:00:21.479695",
  "training_start_epoch": 0,
  "training_epochs": 21,
  "epoch": 21,
  "training_accuracy": 0.9711659005432511,
  "training_loss": 0.17230515417299772,
  "training_reg_loss": 0.0,
  "training_worker_0_memory_MB": 0.0,
  "validation_accuracy": 0.7798013245033113,
  "validation_loss": 0.9795005440711975,
  "validation_reg_loss": 0.0,
  "best_validation_accuracy": 0.7798013245033113,
  "best_validation_loss": 0.9795005440711975,
  "best_validation_reg_loss": 0.0
}