{
  "best_epoch": 9,
  "peak_worker_0_memory_MB": 2371.23046875,
  "peak_gpu_0_memory_MB": 89.33056640625,
  "training_duration": "0:00:06.089228",
  "training_start_epoch": 0,
  "training_epochs": 11,
  "epoch": 11,
  "training_accuracy": 0.9665146423427748,
  "training_loss": 0.1880799730997959,
  "training_worker_0_memory_MB": 2371.23046875,
  "training_gpu_0_memory_MB": 89.33056640625,
  "validation_accuracy": 0.8029801324503312,
  "validation_loss": 0.9055664628744126,
  "best_validation_accuracy": 0.7963576158940397,
  "best_validation_loss": 0.8823195487260819
}