{
  "best_epoch": 7,
  "peak_worker_0_memory_MB": 2371.23046875,
  "peak_gpu_0_memory_MB": 89.33056640625,
  "training_duration": "0:00:04.577571",
  "training_start_epoch": 0,
  "training_epochs": 8,
  "epoch": 8,
  "training_accuracy": 0.9385501680268843,
  "training_loss": 0.3470757067886018,
  "training_worker_0_memory_MB": 2371.23046875,
  "training_gpu_0_memory_MB": 89.33056640625,
  "validation_accuracy": 0.7996688741721855,
  "validation_loss": 0.9095394313335419,
  "best_validation_accuracy": 0.7947019867549668,
  "best_validation_loss": 0.9037102937698365
}