{
  "best_epoch": 30,
  "peak_worker_0_memory_MB": 2319.734375,
  "peak_gpu_0_memory_MB": 51.08984375,
  "training_duration": "0:00:08.957759",
  "training_start_epoch": 0,
  "training_epochs": 34,
  "epoch": 34,
  "training_accuracy": 0.9229508196721311,
  "training_loss": 0.39565624696994894,
  "training_worker_0_memory_MB": 2319.734375,
  "training_gpu_0_memory_MB": 51.08984375,
  "validation_accuracy": 0.7913907284768212,
  "validation_loss": 0.8833091139793396,
  "best_validation_accuracy": 0.7897350993377483,
  "best_validation_loss": 0.8810102939605713
}