{
  "best_epoch": 40,
  "peak_worker_0_memory_MB": 2319.734375,
  "peak_gpu_0_memory_MB": 51.08984375,
  "training_duration": "0:00:10.726581",
  "training_start_epoch": 0,
  "training_epochs": 41,
  "epoch": 41,
  "training_accuracy": 0.9421545667447306,
  "training_loss": 0.29841420899576215,
  "training_worker_0_memory_MB": 2319.734375,
  "training_gpu_0_memory_MB": 51.08984375,
  "validation_accuracy": 0.8013245033112583,
  "validation_loss": 0.8784383207559585,
  "best_validation_accuracy": 0.7996688741721855,
  "best_validation_loss": 0.8716732442378998
}