{
  "best_epoch": 2,
  "peak_worker_0_memory_MB": 2319.734375,
  "peak_gpu_0_memory_MB": 51.08984375,
  "training_duration": "0:00:00.748004",
  "training_start_epoch": 0,
  "training_epochs": 2,
  "epoch": 2,
  "training_accuracy": 0.2529274004683841,
  "training_loss": 3.2016810445643182,
  "training_worker_0_memory_MB": 2319.734375,
  "training_gpu_0_memory_MB": 51.08984375,
  "validation_accuracy": 0.4288079470198676,
  "validation_loss": 2.9259778022766114,
  "best_validation_accuracy": 0.4288079470198676,
  "best_validation_loss": 2.9259778022766114
}