{
  "best_epoch": 36,
  "peak_worker_0_memory_MB": 2319.734375,
  "peak_gpu_0_memory_MB": 51.08984375,
  "training_duration": "0:00:10.231946",
  "training_start_epoch": 0,
  "training_epochs": 39,
  "epoch": 39,
  "training_accuracy": 0.9351288056206088,
  "training_loss": 0.3308575518095671,
  "training_worker_0_memory_MB": 2319.734375,
  "training_gpu_0_memory_MB": 51.08984375,
  "validation_accuracy": 0.7996688741721855,
  "validation_loss": 0.9003807783126831,
  "best_validation_accuracy": 0.7947019867549668,
  "best_validation_loss": 0.8762415438890457
}