{
  "best_epoch": 0,
  "peak_worker_0_memory_MB": 2308.94140625,
  "peak_gpu_0_memory_MB": 54.28173828125,
  "training_duration": "0:00:00.241823",
  "training_start_epoch": 0,
  "training_epochs": 0,
  "epoch": 0,
  "training_accuracy": 0.17798594847775176,
  "training_loss": 3.58532293874826,
  "training_worker_0_memory_MB": 2308.94140625,
  "training_gpu_0_memory_MB": 54.28173828125,
  "validation_accuracy": 0.4205298013245033,
  "validation_loss": 2.9266757488250734,
  "best_validation_accuracy": 0.4205298013245033,
  "best_validation_loss": 2.9266757488250734
}