{
  "best_epoch": 16,
  "peak_worker_0_memory_MB": 2308.94140625,
  "peak_gpu_0_memory_MB": 54.28173828125,
  "training_duration": "0:00:05.959460",
  "training_start_epoch": 0,
  "training_epochs": 22,
  "epoch": 22,
  "training_accuracy": 0.9735362997658079,
  "training_loss": 0.11685140122339796,
  "training_worker_0_memory_MB": 2308.94140625,
  "training_gpu_0_memory_MB": 54.28173828125,
  "validation_accuracy": 0.8096026490066225,
  "validation_loss": 0.9837480962276459,
  "best_validation_accuracy": 0.8062913907284768,
  "best_validation_loss": 0.8660561323165894
}