{
  "best_epoch": 9,
  "peak_worker_0_memory_MB": 2308.94140625,
  "peak_gpu_0_memory_MB": 54.28173828125,
  "training_duration": "0:00:02.606237",
  "training_start_epoch": 0,
  "training_epochs": 9,
  "epoch": 9,
  "training_accuracy": 0.9201405152224824,
  "training_loss": 0.42261752419507326,
  "training_worker_0_memory_MB": 2308.94140625,
  "training_gpu_0_memory_MB": 54.28173828125,
  "validation_accuracy": 0.8013245033112583,
  "validation_loss": 0.8987358927726745,
  "best_validation_accuracy": 0.8013245033112583,
  "best_validation_loss": 0.8987358927726745
}