{
  "best_epoch": 16,
  "peak_worker_0_memory_MB": 0,
  "training_duration": "0:00:19.950876",
  "training_start_epoch": 0,
  "training_epochs": 18,
  "epoch": 18,
  "training_accuracy": 0.9615545340576682,
  "training_loss": 0.24121423261730293,
  "training_reg_loss": 0.0,
  "training_worker_0_memory_MB": 0.0,
  "validation_accuracy": 0.7715231788079471,
  "validation_loss": 1.0595295786857606,
  "validation_reg_loss": 0.0,
  "best_validation_accuracy": 0.7715231788079471,
  "best_validation_loss": 1.049756783246994,
  "best_validation_reg_loss": 0.0
}