{
  "best_epoch": 14,
  "peak_worker_0_memory_MB": 0,
  "training_duration": "0:00:24.772950",
  "training_start_epoch": 0,
  "training_epochs": 14,
  "epoch": 14,
  "training_accuracy": 0.935200668896321,
  "training_loss": 0.3854579386350356,
  "training_reg_loss": 0.0,
  "training_worker_0_memory_MB": 0.0,
  "validation_accuracy": 0.768595041322314,
  "validation_loss": 1.1629862487316132,
  "validation_reg_loss": 0.0,
  "best_validation_accuracy": 0.768595041322314,
  "best_validation_loss": 1.1629862487316132,
  "best_validation_reg_loss": 0.0
}