{
  "best_epoch": 7,
  "peak_worker_0_memory_MB": 2267.33984375,
  "peak_gpu_0_memory_MB": 7.4111328125,
  "training_duration": "0:00:01.192727",
  "training_start_epoch": 0,
  "training_epochs": 8,
  "epoch": 8,
  "training_accuracy": 0.9084830756372754,
  "training_loss": 0.38289402856638555,
  "training_worker_0_memory_MB": 2267.33984375,
  "training_gpu_0_memory_MB": 7.4111328125,
  "validation_accuracy": 0.8327814569536424,
  "validation_loss": 0.8779927849769592,
  "best_validation_accuracy": 0.8327814569536424,
  "best_validation_loss": 0.8487209796905517
}