{
  "best_epoch": 0,
  "peak_worker_0_memory_MB": 2379.60546875,
  "peak_gpu_0_memory_MB": 89.33056640625,
  "training_duration": "0:00:02.382743",
  "training_start_epoch": 0,
  "training_epochs": 4,
  "epoch": 4,
  "training_accuracy": 0.8821411425828133,
  "training_loss": 5.0624091736687955,
  "training_worker_0_memory_MB": 2379.60546875,
  "training_gpu_0_memory_MB": 89.33056640625,
  "validation_accuracy": 0.7516556291390728,
  "validation_loss": 26.282619380950926,
  "best_validation_accuracy": 0.6771523178807947,
  "best_validation_loss": 6.831455230712891
}