{
  "best_epoch": 6,
  "peak_worker_0_memory_MB": 2289.26171875,
  "peak_gpu_0_memory_MB": 30.3212890625,
  "training_duration": "0:00:01.555745",
  "training_start_epoch": 0,
  "training_epochs": 7,
  "epoch": 7,
  "training_accuracy": 0.9502716255745925,
  "training_loss": 0.24642368719766014,
  "training_worker_0_memory_MB": 2289.26171875,
  "training_gpu_0_memory_MB": 30.3212890625,
  "validation_accuracy": 0.7963576158940397,
  "validation_loss": 0.9044818818569184,
  "best_validation_accuracy": 0.7947019867549668,
  "best_validation_loss": 0.8945962429046631
}