{
  "best_epoch": 6,
  "peak_worker_0_memory_MB": 2289.26171875,
  "peak_gpu_0_memory_MB": 30.3212890625,
  "training_duration": "0:00:02.065298",
  "training_start_epoch": 0,
  "training_epochs": 10,
  "epoch": 10,
  "training_accuracy": 0.9724195570413706,
  "training_loss": 0.13790061628740086,
  "training_worker_0_memory_MB": 2289.26171875,
  "training_gpu_0_memory_MB": 30.3212890625,
  "validation_accuracy": 0.8013245033112583,
  "validation_loss": 0.9034613311290741,
  "best_validation_accuracy": 0.7947019867549668,
  "best_validation_loss": 0.8945962429046631
}