{
  "best_epoch": 3,
  "peak_worker_0_memory_MB": 2309.91796875,
  "peak_gpu_0_memory_MB": 46.67724609375,
  "training_duration": "0:00:00.807082",
  "training_start_epoch": 0,
  "training_epochs": 3,
  "epoch": 3,
  "training_accuracy": 0.7590255356618726,
  "training_loss": 1.2000362431561504,
  "training_worker_0_memory_MB": 2309.91796875,
  "training_gpu_0_memory_MB": 46.67724609375,
  "validation_accuracy": 0.7632450331125827,
  "validation_loss": 1.1376785695552827,
  "best_validation_accuracy": 0.7632450331125827,
  "best_validation_loss": 1.1376785695552827
}