{
  "best_epoch": 48,
  "peak_worker_0_memory_MB": 2316.8046875,
  "peak_gpu_0_memory_MB": 48.4248046875,
  "training_duration": "0:00:13.293470",
  "training_start_epoch": 0,
  "training_epochs": 48,
  "epoch": 48,
  "training_accuracy": 0.982903981264637,
  "training_loss": 0.11843045372793924,
  "training_worker_0_memory_MB": 2316.8046875,
  "training_gpu_0_memory_MB": 48.4248046875,
  "validation_accuracy": 0.8029801324503312,
  "validation_loss": 0.8839342504739761,
  "best_validation_accuracy": 0.8029801324503312,
  "best_validation_loss": 0.8839342504739761
}