{
  "best_epoch": 48,
  "peak_worker_0_memory_MB": 2316.8046875,
  "peak_gpu_0_memory_MB": 48.4248046875,
  "training_duration": "0:00:14.361568",
  "training_start_epoch": 0,
  "training_epochs": 52,
  "epoch": 52,
  "training_accuracy": 0.9859484777517564,
  "training_loss": 0.096698478753887,
  "training_worker_0_memory_MB": 2316.8046875,
  "training_gpu_0_memory_MB": 48.4248046875,
  "validation_accuracy": 0.804635761589404,
  "validation_loss": 0.9449395835399628,
  "best_validation_accuracy": 0.8029801324503312,
  "best_validation_loss": 0.8839342504739761
}