{
  "best_epoch": 36,
  "peak_worker_0_memory_MB": 2316.8046875,
  "peak_gpu_0_memory_MB": 48.4248046875,
  "training_duration": "0:00:10.088719",
  "training_start_epoch": 0,
  "training_epochs": 36,
  "epoch": 36,
  "training_accuracy": 0.964168618266979,
  "training_loss": 0.23092106473979665,
  "training_worker_0_memory_MB": 2316.8046875,
  "training_gpu_0_memory_MB": 48.4248046875,
  "validation_accuracy": 0.7980132450331126,
  "validation_loss": 0.9020918726921081,
  "best_validation_accuracy": 0.7980132450331126,
  "best_validation_loss": 0.9020918726921081
}