{
  "best_epoch": 1,
  "peak_worker_0_memory_MB": 2316.8046875,
  "peak_gpu_0_memory_MB": 48.4248046875,
  "training_duration": "0:00:00.518798",
  "training_start_epoch": 0,
  "training_epochs": 1,
  "epoch": 1,
  "training_accuracy": 0.21569086651053865,
  "training_loss": 3.7242847592083375,
  "training_worker_0_memory_MB": 2316.8046875,
  "training_gpu_0_memory_MB": 48.4248046875,
  "validation_accuracy": 0.2897350993377483,
  "validation_loss": 3.452633762359619,
  "best_validation_accuracy": 0.2897350993377483,
  "best_validation_loss": 3.452633762359619
}