{
  "best_epoch": 30,
  "peak_worker_0_memory_MB": 2317.36328125,
  "peak_gpu_0_memory_MB": 51.4853515625,
  "training_duration": "0:00:08.680305",
  "training_start_epoch": 0,
  "training_epochs": 30,
  "epoch": 30,
  "training_accuracy": 0.9391100702576113,
  "training_loss": 0.36876022860185426,
  "training_worker_0_memory_MB": 2317.36328125,
  "training_gpu_0_memory_MB": 51.4853515625,
  "validation_accuracy": 0.7913907284768212,
  "validation_loss": 0.9226980924606323,
  "best_validation_accuracy": 0.7913907284768212,
  "best_validation_loss": 0.9226980924606323
}