{
  "best_epoch": 40,
  "peak_worker_0_memory_MB": 2317.36328125,
  "peak_gpu_0_memory_MB": 51.4853515625,
  "training_duration": "0:00:12.556611",
  "training_start_epoch": 0,
  "training_epochs": 44,
  "epoch": 44,
  "training_accuracy": 0.9749414519906323,
  "training_loss": 0.16500655450482868,
  "training_worker_0_memory_MB": 2317.36328125,
  "training_gpu_0_memory_MB": 51.4853515625,
  "validation_accuracy": 0.8029801324503312,
  "validation_loss": 0.9131026446819306,
  "best_validation_accuracy": 0.7996688741721855,
  "best_validation_loss": 0.8747242957353591
}