{
  "best_epoch": 38,
  "peak_worker_0_memory_MB": 2317.36328125,
  "peak_gpu_0_memory_MB": 51.4853515625,
  "training_duration": "0:00:11.192856",
  "training_start_epoch": 0,
  "training_epochs": 39,
  "epoch": 39,
  "training_accuracy": 0.9662763466042155,
  "training_loss": 0.21640394616927675,
  "training_worker_0_memory_MB": 2317.36328125,
  "training_gpu_0_memory_MB": 51.4853515625,
  "validation_accuracy": 0.7980132450331126,
  "validation_loss": 0.8992098212242127,
  "best_validation_accuracy": 0.7980132450331126,
  "best_validation_loss": 0.8838744223117828
}