{
  "best_epoch": 15,
  "peak_worker_0_memory_MB": 2317.36328125,
  "peak_gpu_0_memory_MB": 51.4853515625,
  "training_duration": "0:00:04.507420",
  "training_start_epoch": 0,
  "training_epochs": 15,
  "epoch": 15,
  "training_accuracy": 0.8135831381733021,
  "training_loss": 1.097238094059389,
  "training_worker_0_memory_MB": 2317.36328125,
  "training_gpu_0_memory_MB": 51.4853515625,
  "validation_accuracy": 0.75,
  "validation_loss": 1.3229440808296205,
  "best_validation_accuracy": 0.75,
  "best_validation_loss": 1.3229440808296205
}