{
  "best_epoch": 1,
  "peak_worker_0_memory_MB": 2370.390625,
  "peak_gpu_0_memory_MB": 89.33056640625,
  "training_duration": "0:00:00.984493",
  "training_start_epoch": 0,
  "training_epochs": 1,
  "epoch": 1,
  "training_accuracy": 0.4717954872779645,
  "training_loss": 2.9124277730024497,
  "training_worker_0_memory_MB": 2370.390625,
  "training_gpu_0_memory_MB": 89.33056640625,
  "validation_accuracy": 0.6473509933774835,
  "validation_loss": 2.0983806610107423,
  "best_validation_accuracy": 0.6473509933774835,
  "best_validation_loss": 2.0983806610107423
}