{
  "best_epoch": 16,
  "peak_worker_0_memory_MB": 2328.29296875,
  "peak_gpu_0_memory_MB": 64.7041015625,
  "training_duration": "0:00:04.532454",
  "training_start_epoch": 0,
  "training_epochs": 16,
  "epoch": 16,
  "training_accuracy": 0.8046031000469704,
  "training_loss": 0.9756809739924189,
  "training_worker_0_memory_MB": 2328.29296875,
  "training_gpu_0_memory_MB": 64.7041015625,
  "validation_accuracy": 0.7715231788079471,
  "validation_loss": 1.1079639196395874,
  "best_validation_accuracy": 0.7715231788079471,
  "best_validation_loss": 1.1079639196395874
}