{
  "best_epoch": 1,
  "peak_worker_0_memory_MB": 2328.29296875,
  "peak_gpu_0_memory_MB": 64.7041015625,
  "training_duration": "0:00:00.515775",
  "training_start_epoch": 0,
  "training_epochs": 1,
  "epoch": 1,
  "training_accuracy": 0.1768435885392203,
  "training_loss": 3.43843420939659,
  "training_worker_0_memory_MB": 2328.29296875,
  "training_gpu_0_memory_MB": 64.7041015625,
  "validation_accuracy": 0.3443708609271523,
  "validation_loss": 3.1383575916290285,
  "best_validation_accuracy": 0.3443708609271523,
  "best_validation_loss": 3.1383575916290285
}