{
  "best_epoch": 23,
  "peak_worker_0_memory_MB": 2328.29296875,
  "peak_gpu_0_memory_MB": 64.7041015625,
  "training_duration": "0:00:06.677178",
  "training_start_epoch": 0,
  "training_epochs": 24,
  "epoch": 24,
  "training_accuracy": 0.8853922029121654,
  "training_loss": 0.5860777897621269,
  "training_worker_0_memory_MB": 2328.29296875,
  "training_gpu_0_memory_MB": 64.7041015625,
  "validation_accuracy": 0.7947019867549668,
  "validation_loss": 0.9811362802982331,
  "best_validation_accuracy": 0.7897350993377483,
  "best_validation_loss": 0.956667673587799
}