{
  "best_epoch": 21,
  "peak_worker_0_memory_MB": 2326.80078125,
  "peak_gpu_0_memory_MB": 69.92529296875,
  "training_duration": "0:00:05.654897",
  "training_start_epoch": 0,
  "training_epochs": 21,
  "epoch": 21,
  "training_accuracy": 0.608227012758469,
  "training_loss": 1.850612559252315,
  "training_worker_0_memory_MB": 2326.80078125,
  "training_gpu_0_memory_MB": 69.92529296875,
  "validation_accuracy": 0.6622516556291391,
  "validation_loss": 1.7901034832000733,
  "best_validation_accuracy": 0.6622516556291391,
  "best_validation_loss": 1.7901034832000733
}