{
  "best_epoch": 7,
  "peak_worker_0_memory_MB": 2326.80078125,
  "peak_gpu_0_memory_MB": 69.92529296875,
  "training_duration": "0:00:02.057208",
  "training_start_epoch": 0,
  "training_epochs": 7,
  "epoch": 7,
  "training_accuracy": 0.2688077430708315,
  "training_loss": 3.0572594669130115,
  "training_worker_0_memory_MB": 2326.80078125,
  "training_gpu_0_memory_MB": 69.92529296875,
  "validation_accuracy": 0.3741721854304636,
  "validation_loss": 2.924349141120911,
  "best_validation_accuracy": 0.3741721854304636,
  "best_validation_loss": 2.924349141120911
}