{
  "best_epoch": 1,
  "peak_worker_0_memory_MB": 2326.80078125,
  "peak_gpu_0_memory_MB": 69.92529296875,
  "training_duration": "0:00:00.516484",
  "training_start_epoch": 0,
  "training_epochs": 1,
  "epoch": 1,
  "training_accuracy": 0.1493620765508139,
  "training_loss": 3.9012633628315396,
  "training_worker_0_memory_MB": 2326.80078125,
  "training_gpu_0_memory_MB": 69.92529296875,
  "validation_accuracy": 0.23013245033112584,
  "validation_loss": 3.7572654247283936,
  "best_validation_accuracy": 0.23013245033112584,
  "best_validation_loss": 3.7572654247283936
}