{
  "best_epoch": 72,
  "peak_worker_0_memory_MB": 2326.80078125,
  "peak_gpu_0_memory_MB": 69.92529296875,
  "training_duration": "0:00:19.732847",
  "training_start_epoch": 0,
  "training_epochs": 76,
  "epoch": 76,
  "training_accuracy": 0.9025516937967444,
  "training_loss": 0.48095649672258234,
  "training_worker_0_memory_MB": 2326.80078125,
  "training_gpu_0_memory_MB": 69.92529296875,
  "validation_accuracy": 0.7947019867549668,
  "validation_loss": 0.9522468090057373,
  "best_validation_accuracy": 0.7947019867549668,
  "best_validation_loss": 0.9314336359500885
}