{
  "best_epoch": 51,
  "peak_worker_0_memory_MB": 2326.80078125,
  "peak_gpu_0_memory_MB": 69.92529296875,
  "training_duration": "0:00:13.583281",
  "training_start_epoch": 0,
  "training_epochs": 52,
  "epoch": 52,
  "training_accuracy": 0.8543774747030356,
  "training_loss": 0.7618786113129722,
  "training_worker_0_memory_MB": 2326.80078125,
  "training_gpu_0_memory_MB": 69.92529296875,
  "validation_accuracy": 0.7831125827814569,
  "validation_loss": 1.0404900431632995,
  "best_validation_accuracy": 0.7798013245033113,
  "best_validation_loss": 1.0368204176425935
}