{
  "best_epoch": 18,
  "peak_worker_0_memory_MB": 2317.36328125,
  "peak_gpu_0_memory_MB": 51.4853515625,
  "training_duration": "0:00:05.150744",
  "training_start_epoch": 0,
  "training_epochs": 18,
  "epoch": 18,
  "training_accuracy": 0.9056206088992974,
  "training_loss": 0.552646526205006,
  "training_worker_0_memory_MB": 2317.36328125,
  "training_gpu_0_memory_MB": 51.4853515625,
  "validation_accuracy": 0.7831125827814569,
  "validation_loss": 1.0025846183300018,
  "best_validation_accuracy": 0.7831125827814569,
  "best_validation_loss": 1.0025846183300018
}