{
  "best_epoch": 30,
  "peak_worker_0_memory_MB": 2317.36328125,
  "peak_gpu_0_memory_MB": 51.4853515625,
  "training_duration": "0:00:08.641973",
  "training_start_epoch": 0,
  "training_epochs": 31,
  "epoch": 31,
  "training_accuracy": 0.9697892271662764,
  "training_loss": 0.1954276010171691,
  "training_worker_0_memory_MB": 2317.36328125,
  "training_gpu_0_memory_MB": 51.4853515625,
  "validation_accuracy": 0.7996688741721855,
  "validation_loss": 0.9078790217638015,
  "best_validation_accuracy": 0.8029801324503312,
  "best_validation_loss": 0.8818679332733155
}