{
  "best_epoch": 14,
  "peak_worker_0_memory_MB": 2327.0078125,
  "peak_gpu_0_memory_MB": 69.92529296875,
  "training_duration": "0:00:03.842805",
  "training_start_epoch": 0,
  "training_epochs": 14,
  "epoch": 14,
  "training_accuracy": 0.7135943686757589,
  "training_loss": 1.50236467189259,
  "training_worker_0_memory_MB": 2327.0078125,
  "training_gpu_0_memory_MB": 69.92529296875,
  "validation_accuracy": 0.706953642384106,
  "validation_loss": 1.4939980387687684,
  "best_validation_accuracy": 0.706953642384106,
  "best_validation_loss": 1.4939980387687684
}