{
  "best_epoch": 19,
  "peak_worker_0_memory_MB": 2262.16796875,
  "peak_gpu_0_memory_MB": 13.20458984375,
  "training_duration": "0:00:01.711497",
  "training_start_epoch": 0,
  "training_epochs": 21,
  "epoch": 21,
  "training_accuracy": 0.8780096308186196,
  "training_loss": 0.4057321146130562,
  "training_worker_0_memory_MB": 2262.16796875,
  "training_gpu_0_memory_MB": 13.20458984375,
  "validation_accuracy": 0.8062913907284768,
  "validation_loss": 1.162853515148163,
  "best_validation_accuracy": 0.8029801324503312,
  "best_validation_loss": 1.1415756523609162
}