{
  "best_epoch": 50,
  "peak_worker_0_memory_MB": 2313.4765625,
  "peak_gpu_0_memory_MB": 54.728515625,
  "training_duration": "0:00:13.096375",
  "training_start_epoch": 0,
  "training_epochs": 59,
  "epoch": 59,
  "training_accuracy": 0.9765189316113884,
  "training_loss": 0.12959564449610533,
  "training_worker_0_memory_MB": 2313.4765625,
  "training_gpu_0_memory_MB": 54.728515625,
  "validation_accuracy": 0.8079470198675497,
  "validation_loss": 0.8647326529026031,
  "best_validation_accuracy": 0.8096026490066225,
  "best_validation_loss": 0.8431050956249238
}