{
  "best_epoch": 28,
  "peak_worker_0_memory_MB": 2313.4765625,
  "peak_gpu_0_memory_MB": 54.728515625,
  "training_duration": "0:00:06.341712",
  "training_start_epoch": 0,
  "training_epochs": 28,
  "epoch": 28,
  "training_accuracy": 0.9110654534781333,
  "training_loss": 0.5316214939510381,
  "training_worker_0_memory_MB": 2313.4765625,
  "training_gpu_0_memory_MB": 54.728515625,
  "validation_accuracy": 0.7831125827814569,
  "validation_loss": 1.0137764155864715,
  "best_validation_accuracy": 0.7831125827814569,
  "best_validation_loss": 1.0137764155864715
}