{
  "best_epoch": 4,
  "peak_worker_0_memory_MB": 2313.4765625,
  "peak_gpu_0_memory_MB": 54.728515625,
  "training_duration": "0:00:01.076573",
  "training_start_epoch": 0,
  "training_epochs": 4,
  "epoch": 4,
  "training_accuracy": 0.3143528030525389,
  "training_loss": 3.0134815595768116,
  "training_worker_0_memory_MB": 2313.4765625,
  "training_gpu_0_memory_MB": 54.728515625,
  "validation_accuracy": 0.36920529801324503,
  "validation_loss": 2.940307641029358,
  "best_validation_accuracy": 0.36920529801324503,
  "best_validation_loss": 2.940307641029358
}