{
  "best_epoch": 0,
  "peak_worker_0_memory_MB": 2313.4765625,
  "peak_gpu_0_memory_MB": 54.728515625,
  "training_duration": "0:00:00.205390",
  "training_start_epoch": 0,
  "training_epochs": 0,
  "epoch": 0,
  "training_accuracy": 0.12034047549163487,
  "training_loss": 4.0945137915787875,
  "training_worker_0_memory_MB": 2313.4765625,
  "training_gpu_0_memory_MB": 54.728515625,
  "validation_accuracy": 0.25,
  "validation_loss": 3.9428539752960203,
  "best_validation_accuracy": 0.25,
  "best_validation_loss": 3.9428539752960203
}