{
  "best_epoch": 8,
  "peak_worker_0_memory_MB": 2313.4765625,
  "peak_gpu_0_memory_MB": 54.728515625,
  "training_duration": "0:00:01.955601",
  "training_start_epoch": 0,
  "training_epochs": 8,
  "epoch": 8,
  "training_accuracy": 0.5427061931317875,
  "training_loss": 2.340683537500876,
  "training_worker_0_memory_MB": 2313.4765625,
  "training_gpu_0_memory_MB": 54.728515625,
  "validation_accuracy": 0.5596026490066225,
  "validation_loss": 2.3545746326446535,
  "best_validation_accuracy": 0.5596026490066225,
  "best_validation_loss": 2.3545746326446535
}