{
  "best_epoch": 5,
  "peak_worker_0_memory_MB": 2271.109375,
  "peak_gpu_0_memory_MB": 15.515625,
  "training_duration": "0:00:00.586495",
  "training_start_epoch": 0,
  "training_epochs": 6,
  "epoch": 6,
  "training_accuracy": 0.869983948635634,
  "training_loss": 0.40686339810490607,
  "training_worker_0_memory_MB": 2271.109375,
  "training_gpu_0_memory_MB": 15.515625,
  "validation_accuracy": 0.7152317880794702,
  "validation_loss": 1.1883737921714783,
  "best_validation_accuracy": 0.8079470198675497,
  "best_validation_loss": 1.1118313908576964
}