{
  "best_epoch": 2,
  "peak_worker_0_memory_MB": 2271.109375,
  "peak_gpu_0_memory_MB": 15.515625,
  "training_duration": "0:00:00.248243",
  "training_start_epoch": 0,
  "training_epochs": 2,
  "epoch": 2,
  "training_accuracy": 0.7046548956661316,
  "training_loss": 1.8813224613666535,
  "training_worker_0_memory_MB": 2271.109375,
  "training_gpu_0_memory_MB": 15.515625,
  "validation_accuracy": 0.7880794701986755,
  "validation_loss": 1.4557247042655945,
  "best_validation_accuracy": 0.7880794701986755,
  "best_validation_loss": 1.4557247042655945
}