{
  "best_epoch": 10,
  "peak_worker_0_memory_MB": 2311.93359375,
  "peak_gpu_0_memory_MB": 51.12255859375,
  "training_duration": "0:00:11.111392",
  "training_start_epoch": 0,
  "training_epochs": 16,
  "epoch": 16,
  "training_accuracy": 0.8512327622231508,
  "training_loss": 0.5356836185643548,
  "training_worker_0_memory_MB": 2311.93359375,
  "training_gpu_0_memory_MB": 51.12255859375,
  "validation_accuracy": 0.7913907284768212,
  "validation_loss": 1.1117765069007874,
  "best_validation_accuracy": 0.7781456953642384,
  "best_validation_loss": 0.9877698659896851
}