{
  "best_epoch": 4,
  "peak_worker_0_memory_MB": 2316.85546875,
  "peak_gpu_0_memory_MB": 48.4248046875,
  "training_duration": "0:00:03.149690",
  "training_start_epoch": 0,
  "training_epochs": 11,
  "epoch": 11,
  "training_accuracy": 0.988056206088993,
  "training_loss": 0.060177594993207885,
  "training_worker_0_memory_MB": 2316.85546875,
  "training_gpu_0_memory_MB": 48.4248046875,
  "validation_accuracy": 0.7996688741721855,
  "validation_loss": 1.028903639316559,
  "best_validation_accuracy": 0.804635761589404,
  "best_validation_loss": 0.8559926196932792
}