{
  "best_epoch": 25,
  "peak_worker_0_memory_MB": 2269.6171875,
  "peak_gpu_0_memory_MB": 8.73193359375,
  "training_duration": "0:00:04.647852",
  "training_start_epoch": 0,
  "training_epochs": 33,
  "epoch": 33,
  "training_accuracy": 0.9130798161303803,
  "training_loss": 0.31725417901026576,
  "training_worker_0_memory_MB": 2269.6171875,
  "training_gpu_0_memory_MB": 8.73193359375,
  "validation_accuracy": 0.8294701986754967,
  "validation_loss": 0.892713463306427,
  "best_validation_accuracy": 0.8311258278145696,
  "best_validation_loss": 0.8307616949081421
}