{
  "best_epoch": 10,
  "peak_worker_0_memory_MB": 2317.32421875,
  "peak_gpu_0_memory_MB": 51.12255859375,
  "training_duration": "0:00:13.417196",
  "training_start_epoch": 0,
  "training_epochs": 19,
  "epoch": 19,
  "training_accuracy": 0.7292101964061847,
  "training_loss": 1.2395465734757876,
  "training_worker_0_memory_MB": 2317.32421875,
  "training_gpu_0_memory_MB": 51.12255859375,
  "validation_accuracy": 0.7847682119205298,
  "validation_loss": 1.0699499070644378,
  "best_validation_accuracy": 0.7764900662251656,
  "best_validation_loss": 0.9604038000106812
}