{
  "best_epoch": 26,
  "peak_worker_0_memory_MB": 2330.9140625,
  "peak_gpu_0_memory_MB": 65.09326171875,
  "training_duration": "0:00:07.489589",
  "training_start_epoch": 0,
  "training_epochs": 26,
  "epoch": 26,
  "training_accuracy": 0.9402810304449649,
  "training_loss": 0.39656328532233165,
  "training_worker_0_memory_MB": 2330.9140625,
  "training_gpu_0_memory_MB": 65.09326171875,
  "validation_accuracy": 0.7847682119205298,
  "validation_loss": 0.9466217905282974,
  "best_validation_accuracy": 0.7847682119205298,
  "best_validation_loss": 0.9466217905282974
}