{
  "best_epoch": 48,
  "peak_worker_0_memory_MB": 2330.9140625,
  "peak_gpu_0_memory_MB": 65.09326171875,
  "training_duration": "0:00:15.954477",
  "training_start_epoch": 0,
  "training_epochs": 57,
  "epoch": 57,
  "training_accuracy": 0.9889929742388759,
  "training_loss": 0.06834083595382634,
  "training_worker_0_memory_MB": 2330.9140625,
  "training_gpu_0_memory_MB": 65.09326171875,
  "validation_accuracy": 0.8062913907284768,
  "validation_loss": 0.9013020992279053,
  "best_validation_accuracy": 0.8079470198675497,
  "best_validation_loss": 0.8567488253116607
}