{
  "best_epoch": 2,
  "peak_worker_0_memory_MB": 2271.57421875,
  "peak_gpu_0_memory_MB": 15.515625,
  "training_duration": "0:00:00.918512",
  "training_start_epoch": 0,
  "training_epochs": 10,
  "epoch": 10,
  "training_accuracy": 0.8691813804173355,
  "training_loss": 0.3248369760811329,
  "training_worker_0_memory_MB": 2271.57421875,
  "training_gpu_0_memory_MB": 15.515625,
  "validation_accuracy": 0.6639072847682119,
  "validation_loss": 1.424731183052063,
  "best_validation_accuracy": 0.8029801324503312,
  "best_validation_loss": 1.205389714241028
}