{
  "best_epoch": 11,
  "peak_worker_0_memory_MB": 2328.29296875,
  "peak_gpu_0_memory_MB": 64.7041015625,
  "training_duration": "0:00:03.308494",
  "training_start_epoch": 0,
  "training_epochs": 11,
  "epoch": 11,
  "training_accuracy": 0.6925786754344763,
  "training_loss": 1.7011610981243759,
  "training_worker_0_memory_MB": 2328.29296875,
  "training_gpu_0_memory_MB": 64.7041015625,
  "validation_accuracy": 0.6903973509933775,
  "validation_loss": 1.667907476425171,
  "best_validation_accuracy": 0.6903973509933775,
  "best_validation_loss": 1.667907476425171
}