{
  "best_epoch": 0,
  "peak_worker_0_memory_MB": 2311.1015625,
  "peak_gpu_0_memory_MB": 43.572265625,
  "training_duration": "0:00:00.228207",
  "training_start_epoch": 0,
  "training_epochs": 0,
  "epoch": 0,
  "training_accuracy": 0.2154566744730679,
  "training_loss": 3.43056326837682,
  "training_worker_0_memory_MB": 2311.1015625,
  "training_gpu_0_memory_MB": 43.572265625,
  "validation_accuracy": 0.5215231788079471,
  "validation_loss": 2.5663860559463503,
  "best_validation_accuracy": 0.5215231788079471,
  "best_validation_loss": 2.5663860559463503
}