{
  "best_epoch": 11,
  "peak_worker_0_memory_MB": 2371.23046875,
  "peak_gpu_0_memory_MB": 89.33056640625,
  "training_duration": "0:00:06.725155",
  "training_start_epoch": 0,
  "training_epochs": 13,
  "epoch": 13,
  "training_accuracy": 0.893302928468555,
  "training_loss": 0.48658412399182793,
  "training_worker_0_memory_MB": 2371.23046875,
  "training_gpu_0_memory_MB": 89.33056640625,
  "validation_accuracy": 0.8013245033112583,
  "validation_loss": 0.9250334322452545,
  "best_validation_accuracy": 0.7963576158940397,
  "best_validation_loss": 0.8820255070924758
}