{
  "best_epoch": 16,
  "peak_worker_0_memory_MB": 2371.23046875,
  "peak_gpu_0_memory_MB": 89.33056640625,
  "training_duration": "0:00:10.660580",
  "training_start_epoch": 0,
  "training_epochs": 22,
  "epoch": 22,
  "training_accuracy": 0.8262121939510322,
  "training_loss": 0.6615937313505711,
  "training_worker_0_memory_MB": 2371.23046875,
  "training_gpu_0_memory_MB": 89.33056640625,
  "validation_accuracy": 0.8013245033112583,
  "validation_loss": 0.9371004402637482,
  "best_validation_accuracy": 0.7913907284768212,
  "best_validation_loss": 0.9101425468921661
}