{
  "best_epoch": 5,
  "peak_worker_0_memory_MB": 2371.23046875,
  "peak_gpu_0_memory_MB": 89.33056640625,
  "training_duration": "0:00:02.774088",
  "training_start_epoch": 0,
  "training_epochs": 5,
  "epoch": 5,
  "training_accuracy": 0.5637301968314931,
  "training_loss": 1.9111432410378493,
  "training_worker_0_memory_MB": 2371.23046875,
  "training_gpu_0_memory_MB": 89.33056640625,
  "validation_accuracy": 0.7450331125827815,
  "validation_loss": 1.2153354167938233,
  "best_validation_accuracy": 0.7450331125827815,
  "best_validation_loss": 1.2153354167938233
}