{
  "best_epoch": 11,
  "peak_worker_0_memory_MB": 2371.23046875,
  "peak_gpu_0_memory_MB": 89.33056640625,
  "training_duration": "0:00:05.571463",
  "training_start_epoch": 0,
  "training_epochs": 11,
  "epoch": 11,
  "training_accuracy": 0.7241958713394143,
  "training_loss": 1.117187115072294,
  "training_worker_0_memory_MB": 2371.23046875,
  "training_gpu_0_memory_MB": 89.33056640625,
  "validation_accuracy": 0.7814569536423841,
  "validation_loss": 0.9238411664962769,
  "best_validation_accuracy": 0.7814569536423841,
  "best_validation_loss": 0.9238411664962769
}