{
  "best_epoch": 3,
  "peak_worker_0_memory_MB": 0,
  "training_duration": "0:00:28.242903",
  "training_start_epoch": 0,
  "training_epochs": 9,
  "epoch": 9,
  "training_accuracy": 0.992895946510656,
  "training_loss": 0.034754496227067555,
  "training_worker_0_memory_MB": 0.0,
  "validation_accuracy": 0.7549668874172185,
  "validation_loss": 1.8637414932250977,
  "best_validation_accuracy": 0.7433774834437086,
  "best_validation_loss": 1.316902470588684
}