{
  "best_epoch": 3,
  "peak_worker_0_memory_MB": 0,
  "training_duration": "0:00:31.584132",
  "training_start_epoch": 0,
  "training_epochs": 10,
  "epoch": 10,
  "training_accuracy": 0.9924780610112829,
  "training_loss": 0.029564486228321727,
  "training_worker_0_memory_MB": 0.0,
  "validation_accuracy": 0.7367549668874173,
  "validation_loss": 1.9095359802246095,
  "best_validation_accuracy": 0.7433774834437086,
  "best_validation_loss": 1.316902470588684
}