{
  "best_epoch": 32,
  "peak_worker_0_memory_MB": 2320.6953125,
  "peak_gpu_0_memory_MB": 54.71142578125,
  "training_duration": "0:00:08.886552",
  "training_start_epoch": 0,
  "training_epochs": 32,
  "epoch": 32,
  "training_accuracy": 0.672599531615925,
  "training_loss": 1.7937273231904898,
  "training_worker_0_memory_MB": 2320.6953125,
  "training_gpu_0_memory_MB": 54.71142578125,
  "validation_accuracy": 0.6705298013245033,
  "validation_loss": 1.8627516031265259,
  "best_validation_accuracy": 0.6705298013245033,
  "best_validation_loss": 1.8627516031265259
}