{
  "best_epoch": 18,
  "peak_worker_0_memory_MB": 2316.2890625,
  "peak_gpu_0_memory_MB": 62.47802734375,
  "training_duration": "0:00:04.842452",
  "training_start_epoch": 0,
  "training_epochs": 18,
  "epoch": 18,
  "training_accuracy": 0.29882903981264636,
  "training_loss": 2.898950210258142,
  "training_worker_0_memory_MB": 2316.2890625,
  "training_gpu_0_memory_MB": 62.47802734375,
  "validation_accuracy": 0.6854304635761589,
  "validation_loss": 1.5918668389320374,
  "best_validation_accuracy": 0.6854304635761589,
  "best_validation_loss": 1.5918668389320374
}