{
  "best_epoch": 46,
  "peak_worker_0_memory_MB": 0,
  "training_duration": "0:00:31.504600",
  "training_start_epoch": 0,
  "training_epochs": 46,
  "epoch": 46,
  "training_accuracy": 0.8979166666666667,
  "training_loss": 0.48749494512875874,
  "training_reg_loss": 0.0,
  "training_worker_0_memory_MB": 0.0,
  "validation_accuracy": 0.7816666666666666,
  "validation_loss": 1.1696233623906185,
  "validation_reg_loss": 0.0,
  "best_validation_accuracy": 0.7816666666666666,
  "best_validation_loss": 1.1696233623906185,
  "best_validation_reg_loss": 0.0
}