{
  "best_epoch": 12,
  "peak_worker_0_memory_MB": 2317.109375,
  "peak_gpu_0_memory_MB": 51.4853515625,
  "training_duration": "0:00:03.488920",
  "training_start_epoch": 0,
  "training_epochs": 12,
  "epoch": 12,
  "training_accuracy": 0.6665105386416862,
  "training_loss": 1.870727496360665,
  "training_worker_0_memory_MB": 2317.109375,
  "training_gpu_0_memory_MB": 51.4853515625,
  "validation_accuracy": 0.6854304635761589,
  "validation_loss": 1.9050796031951904,
  "best_validation_accuracy": 0.6854304635761589,
  "best_validation_loss": 1.9050796031951904
}