{
  "best_epoch": 27,
  "peak_worker_0_memory_MB": 2317.109375,
  "peak_gpu_0_memory_MB": 51.4853515625,
  "training_duration": "0:00:07.824926",
  "training_start_epoch": 0,
  "training_epochs": 28,
  "epoch": 28,
  "training_accuracy": 0.8911007025761124,
  "training_loss": 0.6451288919840286,
  "training_worker_0_memory_MB": 2317.109375,
  "training_gpu_0_memory_MB": 51.4853515625,
  "validation_accuracy": 0.7798013245033113,
  "validation_loss": 1.0763479948043824,
  "best_validation_accuracy": 0.7781456953642384,
  "best_validation_loss": 1.0756293654441833
}