{
  "best_epoch": 27,
  "peak_worker_0_memory_MB": 2285.74609375,
  "peak_gpu_0_memory_MB": 49.984375,
  "training_duration": "0:00:22.750278",
  "training_start_epoch": 0,
  "training_epochs": 34,
  "epoch": 34,
  "training_accuracy": 0.8900961136648559,
  "training_loss": 0.4089476556370133,
  "training_worker_0_memory_MB": 2285.74609375,
  "training_gpu_0_memory_MB": 49.984375,
  "validation_accuracy": 0.793046357615894,
  "validation_loss": 1.078690129518509,
  "best_validation_accuracy": 0.7847682119205298,
  "best_validation_loss": 0.980931406468153
}