{
  "best_epoch": 27,
  "peak_worker_0_memory_MB": 2285.74609375,
  "peak_gpu_0_memory_MB": 49.984375,
  "training_duration": "0:00:20.151310",
  "training_start_epoch": 0,
  "training_epochs": 30,
  "epoch": 30,
  "training_accuracy": 0.8721270371918094,
  "training_loss": 0.46258910706168727,
  "training_worker_0_memory_MB": 2285.74609375,
  "training_gpu_0_memory_MB": 49.984375,
  "validation_accuracy": 0.7847682119205298,
  "validation_loss": 0.9901914805173874,
  "best_validation_accuracy": 0.7847682119205298,
  "best_validation_loss": 0.980931406468153
}