{
  "best_epoch": 1,
  "peak_worker_0_memory_MB": 2285.74609375,
  "peak_gpu_0_memory_MB": 49.984375,
  "training_duration": "0:00:01.292769",
  "training_start_epoch": 0,
  "training_epochs": 1,
  "epoch": 1,
  "training_accuracy": 0.16966151274550773,
  "training_loss": 3.4728031158447266,
  "training_worker_0_memory_MB": 2285.74609375,
  "training_gpu_0_memory_MB": 49.984375,
  "validation_accuracy": 0.21026490066225165,
  "validation_loss": 3.2209645748138427,
  "best_validation_accuracy": 0.21026490066225165,
  "best_validation_loss": 3.2209645748138427
}