{
  "best_epoch": 2,
  "peak_worker_0_memory_MB": 2331.171875,
  "peak_gpu_0_memory_MB": 65.09326171875,
  "training_duration": "0:00:00.728789",
  "training_start_epoch": 0,
  "training_epochs": 2,
  "epoch": 2,
  "training_accuracy": 0.3110070257611241,
  "training_loss": 3.0640188722468134,
  "training_worker_0_memory_MB": 2331.171875,
  "training_gpu_0_memory_MB": 65.09326171875,
  "validation_accuracy": 0.44867549668874174,
  "validation_loss": 2.7890410900115965,
  "best_validation_accuracy": 0.44867549668874174,
  "best_validation_loss": 2.7890410900115965
}