{
  "best_epoch": 9,
  "peak_worker_0_memory_MB": 2331.171875,
  "peak_gpu_0_memory_MB": 65.09326171875,
  "training_duration": "0:00:02.495461",
  "training_start_epoch": 0,
  "training_epochs": 9,
  "epoch": 9,
  "training_accuracy": 0.8007025761124121,
  "training_loss": 1.1402050479134518,
  "training_worker_0_memory_MB": 2331.171875,
  "training_gpu_0_memory_MB": 65.09326171875,
  "validation_accuracy": 0.7533112582781457,
  "validation_loss": 1.2739294290542602,
  "best_validation_accuracy": 0.7533112582781457,
  "best_validation_loss": 1.2739294290542602
}