{
  "best_epoch": 14,
  "peak_worker_0_memory_MB": 2317.984375,
  "peak_gpu_0_memory_MB": 51.84521484375,
  "training_duration": "0:00:03.704783",
  "training_start_epoch": 0,
  "training_epochs": 14,
  "epoch": 14,
  "training_accuracy": 0.6502298370246552,
  "training_loss": 1.5500144205595319,
  "training_worker_0_memory_MB": 2317.984375,
  "training_gpu_0_memory_MB": 51.84521484375,
  "validation_accuracy": 0.7334437086092715,
  "validation_loss": 1.3252780318260193,
  "best_validation_accuracy": 0.7334437086092715,
  "best_validation_loss": 1.3252780318260193
}