{
  "best_epoch": 22,
  "peak_worker_0_memory_MB": 2317.984375,
  "peak_gpu_0_memory_MB": 51.84521484375,
  "training_duration": "0:00:05.600602",
  "training_start_epoch": 0,
  "training_epochs": 22,
  "epoch": 22,
  "training_accuracy": 0.7233597994149603,
  "training_loss": 1.1441554207550853,
  "training_worker_0_memory_MB": 2317.984375,
  "training_gpu_0_memory_MB": 51.84521484375,
  "validation_accuracy": 0.7781456953642384,
  "validation_loss": 1.04898698925972,
  "best_validation_accuracy": 0.7781456953642384,
  "best_validation_loss": 1.04898698925972
}