{
  "best_epoch": 2,
  "peak_worker_0_memory_MB": 2268.421875,
  "peak_gpu_0_memory_MB": 15.416015625,
  "training_duration": "0:00:00.245580",
  "training_start_epoch": 0,
  "training_epochs": 2,
  "epoch": 2,
  "training_accuracy": 0.7335473515248796,
  "training_loss": 1.4890764772891998,
  "training_worker_0_memory_MB": 2268.421875,
  "training_gpu_0_memory_MB": 15.416015625,
  "validation_accuracy": 0.8013245033112583,
  "validation_loss": 1.190501344203949,
  "best_validation_accuracy": 0.8013245033112583,
  "best_validation_loss": 1.190501344203949
}