{
  "best_epoch": 3,
  "peak_worker_0_memory_MB": 2268.421875,
  "peak_gpu_0_memory_MB": 15.416015625,
  "training_duration": "0:00:00.655685",
  "training_start_epoch": 0,
  "training_epochs": 7,
  "epoch": 7,
  "training_accuracy": 0.8731942215088283,
  "training_loss": 0.3492445059120655,
  "training_worker_0_memory_MB": 2268.421875,
  "training_gpu_0_memory_MB": 15.416015625,
  "validation_accuracy": 0.7052980132450332,
  "validation_loss": 1.2013693451881409,
  "best_validation_accuracy": 0.8261589403973509,
  "best_validation_loss": 1.0786004185676574
}