{
  "best_epoch": 24,
  "peak_worker_0_memory_MB": 0,
  "training_duration": "0:00:17.812534",
  "training_start_epoch": 0,
  "training_epochs": 26,
  "epoch": 26,
  "training_accuracy": 0.9154166666666667,
  "training_loss": 0.3190088306864103,
  "training_reg_loss": 0.0,
  "training_worker_0_memory_MB": 0.0,
  "validation_accuracy": 0.7866666666666666,
  "validation_loss": 1.1165309360152798,
  "validation_reg_loss": 0.0,
  "best_validation_accuracy": 0.7866666666666666,
  "best_validation_loss": 1.0974227252759432,
  "best_validation_reg_loss": 0.0
}