{
  "best_epoch": 24,
  "peak_worker_0_memory_MB": 2316.03515625,
  "peak_gpu_0_memory_MB": 62.47802734375,
  "training_duration": "0:00:07.315167",
  "training_start_epoch": 0,
  "training_epochs": 24,
  "epoch": 24,
  "training_accuracy": 0.777751756440281,
  "training_loss": 1.301168519169537,
  "training_worker_0_memory_MB": 2316.03515625,
  "training_gpu_0_memory_MB": 62.47802734375,
  "validation_accuracy": 0.7218543046357616,
  "validation_loss": 1.4724283337593078,
  "best_validation_accuracy": 0.7218543046357616,
  "best_validation_loss": 1.4724283337593078
}