{
  "best_epoch": 13,
  "peak_worker_0_memory_MB": 2316.03515625,
  "peak_gpu_0_memory_MB": 62.47802734375,
  "training_duration": "0:00:04.071111",
  "training_start_epoch": 0,
  "training_epochs": 13,
  "epoch": 13,
  "training_accuracy": 0.5646370023419204,
  "training_loss": 2.2960437251560726,
  "training_worker_0_memory_MB": 2316.03515625,
  "training_gpu_0_memory_MB": 62.47802734375,
  "validation_accuracy": 0.597682119205298,
  "validation_loss": 2.2369817972183226,
  "best_validation_accuracy": 0.597682119205298,
  "best_validation_loss": 2.2369817972183226
}