{
  "best_epoch": 14,
  "peak_worker_0_memory_MB": 2316.03515625,
  "peak_gpu_0_memory_MB": 62.47802734375,
  "training_duration": "0:00:04.378117",
  "training_start_epoch": 0,
  "training_epochs": 14,
  "epoch": 14,
  "training_accuracy": 0.5962529274004684,
  "training_loss": 2.185032244938523,
  "training_worker_0_memory_MB": 2316.03515625,
  "training_gpu_0_memory_MB": 62.47802734375,
  "validation_accuracy": 0.6192052980132451,
  "validation_loss": 2.135924959182739,
  "best_validation_accuracy": 0.6192052980132451,
  "best_validation_loss": 2.135924959182739
}