{
  "best_epoch": 22,
  "peak_worker_0_memory_MB": 2286.5859375,
  "peak_gpu_0_memory_MB": 30.3212890625,
  "training_duration": "0:00:03.735595",
  "training_start_epoch": 0,
  "training_epochs": 22,
  "epoch": 22,
  "training_accuracy": 0.9745089845382365,
  "training_loss": 0.13143244875889076,
  "training_worker_0_memory_MB": 2286.5859375,
  "training_gpu_0_memory_MB": 30.3212890625,
  "validation_accuracy": 0.8013245033112583,
  "validation_loss": 0.8667643219232559,
  "best_validation_accuracy": 0.8013245033112583,
  "best_validation_loss": 0.8667643219232559
}