{
  "best_epoch": 2,
  "peak_worker_0_memory_MB": 2286.5859375,
  "peak_gpu_0_memory_MB": 30.3212890625,
  "training_duration": "0:00:00.480984",
  "training_start_epoch": 0,
  "training_epochs": 2,
  "epoch": 2,
  "training_accuracy": 0.4705390722941914,
  "training_loss": 2.5229130042226693,
  "training_worker_0_memory_MB": 2286.5859375,
  "training_gpu_0_memory_MB": 30.3212890625,
  "validation_accuracy": 0.5496688741721855,
  "validation_loss": 2.4251773834228514,
  "best_validation_accuracy": 0.5496688741721855,
  "best_validation_loss": 2.4251773834228514
}