{
  "best_epoch": 3,
  "peak_worker_0_memory_MB": 2286.5859375,
  "peak_gpu_0_memory_MB": 30.3212890625,
  "training_duration": "0:00:00.644727",
  "training_start_epoch": 0,
  "training_epochs": 3,
  "epoch": 3,
  "training_accuracy": 0.6176347680735479,
  "training_loss": 2.042557873223957,
  "training_worker_0_memory_MB": 2286.5859375,
  "training_gpu_0_memory_MB": 30.3212890625,
  "validation_accuracy": 0.6357615894039735,
  "validation_loss": 2.035650980472565,
  "best_validation_accuracy": 0.6357615894039735,
  "best_validation_loss": 2.035650980472565
}