{
  "best_epoch": 22,
  "peak_worker_0_memory_MB": 2286.5859375,
  "peak_gpu_0_memory_MB": 30.3212890625,
  "training_duration": "0:00:03.901829",
  "training_start_epoch": 0,
  "training_epochs": 23,
  "epoch": 23,
  "training_accuracy": 0.9782699540325951,
  "training_loss": 0.12310175332976014,
  "training_worker_0_memory_MB": 2286.5859375,
  "training_gpu_0_memory_MB": 30.3212890625,
  "validation_accuracy": 0.7980132450331126,
  "validation_loss": 0.905802434682846,
  "best_validation_accuracy": 0.8013245033112583,
  "best_validation_loss": 0.8667643219232559
}