{
  "best_epoch": 1,
  "peak_worker_0_memory_MB": 2314.08984375,
  "peak_gpu_0_memory_MB": 51.12255859375,
  "training_duration": "0:00:01.308826",
  "training_start_epoch": 0,
  "training_epochs": 1,
  "epoch": 1,
  "training_accuracy": 0.3648140409527789,
  "training_loss": 2.754919619936692,
  "training_worker_0_memory_MB": 2314.08984375,
  "training_gpu_0_memory_MB": 51.12255859375,
  "validation_accuracy": 0.5347682119205298,
  "validation_loss": 2.2552130222320557,
  "best_validation_accuracy": 0.5347682119205298,
  "best_validation_loss": 2.2552130222320557
}