{
  "best_epoch": 10,
  "peak_worker_0_memory_MB": 2314.08984375,
  "peak_gpu_0_memory_MB": 51.12255859375,
  "training_duration": "0:00:09.243462",
  "training_start_epoch": 0,
  "training_epochs": 13,
  "epoch": 13,
  "training_accuracy": 0.9210196406184705,
  "training_loss": 0.29342297209720863,
  "training_worker_0_memory_MB": 2314.08984375,
  "training_gpu_0_memory_MB": 51.12255859375,
  "validation_accuracy": 0.7864238410596026,
  "validation_loss": 1.1449791133403777,
  "best_validation_accuracy": 0.7814569536423841,
  "best_validation_loss": 1.011124861240387
}