{
  "best_epoch": 22,
  "peak_worker_0_memory_MB": 2314.08984375,
  "peak_gpu_0_memory_MB": 51.12255859375,
  "training_duration": "0:00:15.788875",
  "training_start_epoch": 0,
  "training_epochs": 23,
  "epoch": 23,
  "training_accuracy": 0.6610948600083577,
  "training_loss": 1.3126522522223623,
  "training_worker_0_memory_MB": 2314.08984375,
  "training_gpu_0_memory_MB": 51.12255859375,
  "validation_accuracy": 0.7649006622516556,
  "validation_loss": 1.0504190921783447,
  "best_validation_accuracy": 0.7582781456953642,
  "best_validation_loss": 1.0469917178153991
}