{
  "best_epoch": 25,
  "peak_worker_0_memory_MB": 2314.08984375,
  "peak_gpu_0_memory_MB": 51.12255859375,
  "training_duration": "0:00:17.738490",
  "training_start_epoch": 0,
  "training_epochs": 26,
  "epoch": 26,
  "training_accuracy": 0.6661094860008357,
  "training_loss": 1.297012172247234,
  "training_worker_0_memory_MB": 2314.08984375,
  "training_gpu_0_memory_MB": 51.12255859375,
  "validation_accuracy": 0.7731788079470199,
  "validation_loss": 0.9968977987766265,
  "best_validation_accuracy": 0.7698675496688742,
  "best_validation_loss": 0.9819928795099259
}