{
  "best_epoch": 30,
  "peak_worker_0_memory_MB": 2314.08984375,
  "peak_gpu_0_memory_MB": 51.12255859375,
  "training_duration": "0:00:20.434688",
  "training_start_epoch": 0,
  "training_epochs": 30,
  "epoch": 30,
  "training_accuracy": 0.6878395319682407,
  "training_loss": 1.212325151029386,
  "training_worker_0_memory_MB": 2314.08984375,
  "training_gpu_0_memory_MB": 51.12255859375,
  "validation_accuracy": 0.7748344370860927,
  "validation_loss": 0.9301235616207123,
  "best_validation_accuracy": 0.7748344370860927,
  "best_validation_loss": 0.9301235616207123
}