{
  "best_epoch": 8,
  "peak_worker_0_memory_MB": 2371.23046875,
  "peak_gpu_0_memory_MB": 89.33056640625,
  "training_duration": "0:00:04.208152",
  "training_start_epoch": 0,
  "training_epochs": 8,
  "epoch": 8,
  "training_accuracy": 0.8521363418146903,
  "training_loss": 0.7752985453787651,
  "training_worker_0_memory_MB": 2371.23046875,
  "training_gpu_0_memory_MB": 89.33056640625,
  "validation_accuracy": 0.7897350993377483,
  "validation_loss": 0.946379554271698,
  "best_validation_accuracy": 0.7897350993377483,
  "best_validation_loss": 0.946379554271698
}