{
  "best_epoch": 11,
  "peak_worker_0_memory_MB": 2371.23046875,
  "peak_gpu_0_memory_MB": 89.33056640625,
  "training_duration": "0:00:08.815394",
  "training_start_epoch": 0,
  "training_epochs": 18,
  "epoch": 18,
  "training_accuracy": 0.9649543927028325,
  "training_loss": 0.19480221946048373,
  "training_worker_0_memory_MB": 2371.23046875,
  "training_gpu_0_memory_MB": 89.33056640625,
  "validation_accuracy": 0.804635761589404,
  "validation_loss": 0.9080465972423554,
  "best_validation_accuracy": 0.7947019867549668,
  "best_validation_loss": 0.8877752155065537
}