{
  "best_epoch": 30,
  "peak_worker_0_memory_MB": 2316.30078125,
  "peak_gpu_0_memory_MB": 62.47802734375,
  "training_duration": "0:00:08.289869",
  "training_start_epoch": 0,
  "training_epochs": 31,
  "epoch": 31,
  "training_accuracy": 0.7995316159250585,
  "training_loss": 0.921723715404966,
  "training_worker_0_memory_MB": 2316.30078125,
  "training_gpu_0_memory_MB": 62.47802734375,
  "validation_accuracy": 0.7864238410596026,
  "validation_loss": 0.9859809160232544,
  "best_validation_accuracy": 0.7880794701986755,
  "best_validation_loss": 0.9851814091205597
}