{
  "best_epoch": 0,
  "peak_worker_0_memory_MB": 2308.94140625,
  "peak_gpu_0_memory_MB": 54.28173828125,
  "training_duration": "0:00:00.241922",
  "training_start_epoch": 0,
  "training_epochs": 0,
  "epoch": 0,
  "training_accuracy": 0.17775175644028102,
  "training_loss": 4.0607205825065495,
  "training_worker_0_memory_MB": 2308.94140625,
  "training_gpu_0_memory_MB": 54.28173828125,
  "validation_accuracy": 0.34933774834437087,
  "validation_loss": 3.8422732591629027,
  "best_validation_accuracy": 0.34933774834437087,
  "best_validation_loss": 3.8422732591629027
}