{
  "best_epoch": 29,
  "peak_worker_0_memory_MB": 2308.9453125,
  "peak_gpu_0_memory_MB": 54.28173828125,
  "training_duration": "0:00:07.707060",
  "training_start_epoch": 0,
  "training_epochs": 29,
  "epoch": 29,
  "training_accuracy": 0.9576112412177986,
  "training_loss": 0.28017068554216357,
  "training_worker_0_memory_MB": 2308.9453125,
  "training_gpu_0_memory_MB": 54.28173828125,
  "validation_accuracy": 0.7880794701986755,
  "validation_loss": 0.9285733997821808,
  "best_validation_accuracy": 0.7880794701986755,
  "best_validation_loss": 0.9285733997821808
}