{
  "best_epoch": 15,
  "peak_worker_0_memory_MB": 2308.94140625,
  "peak_gpu_0_memory_MB": 54.28173828125,
  "training_duration": "0:00:04.104793",
  "training_start_epoch": 0,
  "training_epochs": 15,
  "epoch": 15,
  "training_accuracy": 0.853864168618267,
  "training_loss": 0.9131385764079307,
  "training_worker_0_memory_MB": 2308.94140625,
  "training_gpu_0_memory_MB": 54.28173828125,
  "validation_accuracy": 0.7533112582781457,
  "validation_loss": 1.252795559167862,
  "best_validation_accuracy": 0.7533112582781457,
  "best_validation_loss": 1.252795559167862
}