{
  "best_epoch": 48,
  "peak_worker_0_memory_MB": 2316.2890625,
  "peak_gpu_0_memory_MB": 62.47802734375,
  "training_duration": "0:00:13.502783",
  "training_start_epoch": 0,
  "training_epochs": 50,
  "epoch": 50,
  "training_accuracy": 0.6660421545667448,
  "training_loss": 1.3336559863232855,
  "training_worker_0_memory_MB": 2316.2890625,
  "training_gpu_0_memory_MB": 62.47802734375,
  "validation_accuracy": 0.7831125827814569,
  "validation_loss": 1.0644170343875885,
  "best_validation_accuracy": 0.7831125827814569,
  "best_validation_loss": 1.0209406852722167
}