{
  "best_epoch": 3,
  "peak_worker_0_memory_MB": 2316.2890625,
  "peak_gpu_0_memory_MB": 62.47802734375,
  "training_duration": "0:00:01.027139",
  "training_start_epoch": 0,
  "training_epochs": 3,
  "epoch": 3,
  "training_accuracy": 0.16768149882903982,
  "training_loss": 3.4482970059807623,
  "training_worker_0_memory_MB": 2316.2890625,
  "training_gpu_0_memory_MB": 62.47802734375,
  "validation_accuracy": 0.34933774834437087,
  "validation_loss": 3.151445508003235,
  "best_validation_accuracy": 0.34933774834437087,
  "best_validation_loss": 3.151445508003235
}