{
  "best_epoch": 16,
  "peak_worker_0_memory_MB": 2316.2890625,
  "peak_gpu_0_memory_MB": 62.47802734375,
  "training_duration": "0:00:04.412621",
  "training_start_epoch": 0,
  "training_epochs": 16,
  "epoch": 16,
  "training_accuracy": 0.4433255269320843,
  "training_loss": 2.3816792182068327,
  "training_worker_0_memory_MB": 2316.2890625,
  "training_gpu_0_memory_MB": 62.47802734375,
  "validation_accuracy": 0.6605960264900662,
  "validation_loss": 1.879800808429718,
  "best_validation_accuracy": 0.6605960264900662,
  "best_validation_loss": 1.879800808429718
}