{
  "best_epoch": 2,
  "peak_worker_0_memory_MB": 2316.2890625,
  "peak_gpu_0_memory_MB": 62.47802734375,
  "training_duration": "0:00:00.771355",
  "training_start_epoch": 0,
  "training_epochs": 2,
  "epoch": 2,
  "training_accuracy": 0.13653395784543326,
  "training_loss": 3.5694044597113312,
  "training_worker_0_memory_MB": 2316.2890625,
  "training_gpu_0_memory_MB": 62.47802734375,
  "validation_accuracy": 0.31456953642384106,
  "validation_loss": 3.277838110923767,
  "best_validation_accuracy": 0.31456953642384106,
  "best_validation_loss": 3.277838110923767
}