{
  "best_epoch": 56,
  "peak_worker_0_memory_MB": 2316.2890625,
  "peak_gpu_0_memory_MB": 62.47802734375,
  "training_duration": "0:00:15.395724",
  "training_start_epoch": 0,
  "training_epochs": 57,
  "epoch": 57,
  "training_accuracy": 0.6943793911007026,
  "training_loss": 1.1872887033135144,
  "training_worker_0_memory_MB": 2316.2890625,
  "training_gpu_0_memory_MB": 62.47802734375,
  "validation_accuracy": 0.7880794701986755,
  "validation_loss": 0.9796991348266602,
  "best_validation_accuracy": 0.7864238410596026,
  "best_validation_loss": 0.9601169049739837
}