{
  "best_epoch": 27,
  "peak_worker_0_memory_MB": 2326.74609375,
  "peak_gpu_0_memory_MB": 69.92529296875,
  "training_duration": "0:00:09.276785",
  "training_start_epoch": 0,
  "training_epochs": 32,
  "epoch": 32,
  "training_accuracy": 0.9786625604927409,
  "training_loss": 0.12354450155463484,
  "training_worker_0_memory_MB": 2326.74609375,
  "training_gpu_0_memory_MB": 69.92529296875,
  "validation_accuracy": 0.804635761589404,
  "validation_loss": 0.868139672279358,
  "best_validation_accuracy": 0.8029801324503312,
  "best_validation_loss": 0.8654981881380082
}