{
  "best_epoch": 2,
  "peak_worker_0_memory_MB": 2367.51171875,
  "peak_gpu_0_memory_MB": 75.88427734375,
  "training_duration": "0:00:05.384968",
  "training_start_epoch": 0,
  "training_epochs": 11,
  "epoch": 11,
  "training_accuracy": 0.9984397503600576,
  "training_loss": 0.01288892986530168,
  "training_worker_0_memory_MB": 2367.51171875,
  "training_gpu_0_memory_MB": 75.88427734375,
  "validation_accuracy": 0.7963576158940397,
  "validation_loss": 1.1378545701503753,
  "best_validation_accuracy": 0.7947019867549668,
  "best_validation_loss": 0.9485321521759034
}