{
  "best_epoch": 2,
  "peak_worker_0_memory_MB": 2367.51171875,
  "peak_gpu_0_memory_MB": 75.88427734375,
  "training_duration": "0:00:01.812201",
  "training_start_epoch": 0,
  "training_epochs": 3,
  "epoch": 3,
  "training_accuracy": 0.9757561209793567,
  "training_loss": 0.15232848819658046,
  "training_worker_0_memory_MB": 2367.51171875,
  "training_gpu_0_memory_MB": 75.88427734375,
  "validation_accuracy": 0.8013245033112583,
  "validation_loss": 0.9673049747943878,
  "best_validation_accuracy": 0.7947019867549668,
  "best_validation_loss": 0.9485321521759034
}