{
  "best_epoch": 2,
  "peak_worker_0_memory_MB": 2367.51171875,
  "peak_gpu_0_memory_MB": 75.88427734375,
  "training_duration": "0:00:02.667681",
  "training_start_epoch": 0,
  "training_epochs": 5,
  "epoch": 5,
  "training_accuracy": 0.9918386941910706,
  "training_loss": 0.052271306258804016,
  "training_worker_0_memory_MB": 2367.51171875,
  "training_gpu_0_memory_MB": 75.88427734375,
  "validation_accuracy": 0.7897350993377483,
  "validation_loss": 1.0101474940776825,
  "best_validation_accuracy": 0.7947019867549668,
  "best_validation_loss": 0.9485321521759034
}