{
  "best_epoch": 9,
  "peak_worker_0_memory_MB": 2309.3359375,
  "peak_gpu_0_memory_MB": 51.12255859375,
  "training_duration": "0:00:06.660732",
  "training_start_epoch": 0,
  "training_epochs": 9,
  "epoch": 9,
  "training_accuracy": 0.737150020894275,
  "training_loss": 1.1208337263057107,
  "training_worker_0_memory_MB": 2309.3359375,
  "training_gpu_0_memory_MB": 51.12255859375,
  "validation_accuracy": 0.7549668874172185,
  "validation_loss": 1.0877876818180083,
  "best_validation_accuracy": 0.7549668874172185,
  "best_validation_loss": 1.0877876818180083
}