{
  "best_epoch": 15,
  "peak_worker_0_memory_MB": 2309.3359375,
  "peak_gpu_0_memory_MB": 51.12255859375,
  "training_duration": "0:00:10.614280",
  "training_start_epoch": 0,
  "training_epochs": 15,
  "epoch": 15,
  "training_accuracy": 0.8261596322607605,
  "training_loss": 0.6706285943326197,
  "training_worker_0_memory_MB": 2309.3359375,
  "training_gpu_0_memory_MB": 51.12255859375,
  "validation_accuracy": 0.7847682119205298,
  "validation_loss": 0.9917822152376174,
  "best_validation_accuracy": 0.7847682119205298,
  "best_validation_loss": 0.9917822152376174
}