{
  "best_epoch": 4,
  "peak_worker_0_memory_MB": 2309.3359375,
  "peak_gpu_0_memory_MB": 51.12255859375,
  "training_duration": "0:00:03.310377",
  "training_start_epoch": 0,
  "training_epochs": 4,
  "epoch": 4,
  "training_accuracy": 0.42666109486000836,
  "training_loss": 2.434488920789016,
  "training_worker_0_memory_MB": 2309.3359375,
  "training_gpu_0_memory_MB": 51.12255859375,
  "validation_accuracy": 0.5612582781456954,
  "validation_loss": 2.0940500497817993,
  "best_validation_accuracy": 0.5612582781456954,
  "best_validation_loss": 2.0940500497817993
}