{
  "best_epoch": 30,
  "peak_worker_0_memory_MB": 2331.171875,
  "peak_gpu_0_memory_MB": 65.09326171875,
  "training_duration": "0:00:07.935587",
  "training_start_epoch": 0,
  "training_epochs": 30,
  "epoch": 30,
  "training_accuracy": 0.9430913348946136,
  "training_loss": 0.30769134101582996,
  "training_worker_0_memory_MB": 2331.171875,
  "training_gpu_0_memory_MB": 65.09326171875,
  "validation_accuracy": 0.804635761589404,
  "validation_loss": 0.862289023399353,
  "best_validation_accuracy": 0.804635761589404,
  "best_validation_loss": 0.862289023399353
}