{
  "best_epoch": 18,
  "peak_worker_0_memory_MB": 2331.171875,
  "peak_gpu_0_memory_MB": 65.09326171875,
  "training_duration": "0:00:04.876410",
  "training_start_epoch": 0,
  "training_epochs": 18,
  "epoch": 18,
  "training_accuracy": 0.8791569086651054,
  "training_loss": 0.6485765029245348,
  "training_worker_0_memory_MB": 2331.171875,
  "training_gpu_0_memory_MB": 65.09326171875,
  "validation_accuracy": 0.7831125827814569,
  "validation_loss": 0.9633943676948548,
  "best_validation_accuracy": 0.7831125827814569,
  "best_validation_loss": 0.9633943676948548
}