{
  "best_epoch": 48,
  "peak_worker_0_memory_MB": 2316.55078125,
  "peak_gpu_0_memory_MB": 62.47802734375,
  "training_duration": "0:00:13.042432",
  "training_start_epoch": 0,
  "training_epochs": 49,
  "epoch": 49,
  "training_accuracy": 0.6285714285714286,
  "training_loss": 1.4330406882869664,
  "training_worker_0_memory_MB": 2316.55078125,
  "training_gpu_0_memory_MB": 62.47802734375,
  "validation_accuracy": 0.7814569536423841,
  "validation_loss": 0.9923606157302857,
  "best_validation_accuracy": 0.7798013245033113,
  "best_validation_loss": 0.9727985918521881
}