{
  "best_epoch": 36,
  "peak_worker_0_memory_MB": 2316.55078125,
  "peak_gpu_0_memory_MB": 62.47802734375,
  "training_duration": "0:00:09.976054",
  "training_start_epoch": 0,
  "training_epochs": 37,
  "epoch": 37,
  "training_accuracy": 0.5939110070257612,
  "training_loss": 1.5720537651830644,
  "training_worker_0_memory_MB": 2316.55078125,
  "training_gpu_0_memory_MB": 62.47802734375,
  "validation_accuracy": 0.7715231788079471,
  "validation_loss": 1.0565570890903473,
  "best_validation_accuracy": 0.7731788079470199,
  "best_validation_loss": 1.0452626168727874
}