{
  "best_epoch": 18,
  "peak_worker_0_memory_MB": 2316.55078125,
  "peak_gpu_0_memory_MB": 62.47802734375,
  "training_duration": "0:00:04.915923",
  "training_start_epoch": 0,
  "training_epochs": 18,
  "epoch": 18,
  "training_accuracy": 0.4721311475409836,
  "training_loss": 2.1138498516225104,
  "training_worker_0_memory_MB": 2316.55078125,
  "training_gpu_0_memory_MB": 62.47802734375,
  "validation_accuracy": 0.7317880794701986,
  "validation_loss": 1.4199997782707214,
  "best_validation_accuracy": 0.7317880794701986,
  "best_validation_loss": 1.4199997782707214
}