{
  "best_epoch": 40,
  "peak_worker_0_memory_MB": 2316.55078125,
  "peak_gpu_0_memory_MB": 62.47802734375,
  "training_duration": "0:00:11.768227",
  "training_start_epoch": 0,
  "training_epochs": 44,
  "epoch": 44,
  "training_accuracy": 0.614519906323185,
  "training_loss": 1.4614782635845356,
  "training_worker_0_memory_MB": 2316.55078125,
  "training_gpu_0_memory_MB": 62.47802734375,
  "validation_accuracy": 0.7798013245033113,
  "validation_loss": 1.0164793610572815,
  "best_validation_accuracy": 0.7748344370860927,
  "best_validation_loss": 1.0074902474880219
}