{
  "best_epoch": 12,
  "peak_worker_0_memory_MB": 2316.55078125,
  "peak_gpu_0_memory_MB": 62.47802734375,
  "training_duration": "0:00:03.355774",
  "training_start_epoch": 0,
  "training_epochs": 12,
  "epoch": 12,
  "training_accuracy": 0.41124121779859485,
  "training_loss": 2.410466905850083,
  "training_worker_0_memory_MB": 2316.55078125,
  "training_gpu_0_memory_MB": 62.47802734375,
  "validation_accuracy": 0.6754966887417219,
  "validation_loss": 1.773438572883606,
  "best_validation_accuracy": 0.6754966887417219,
  "best_validation_loss": 1.773438572883606
}