{
  "best_epoch": 0,
  "peak_worker_0_memory_MB": 2328.3125,
  "peak_gpu_0_memory_MB": 64.7041015625,
  "training_duration": "0:00:00.230199",
  "training_start_epoch": 0,
  "training_epochs": 0,
  "epoch": 0,
  "training_accuracy": 0.08431188351338656,
  "training_loss": 4.108038980569413,
  "training_worker_0_memory_MB": 2328.3125,
  "training_gpu_0_memory_MB": 64.7041015625,
  "validation_accuracy": 0.17549668874172186,
  "validation_loss": 3.943638038635254,
  "best_validation_accuracy": 0.17549668874172186,
  "best_validation_loss": 3.943638038635254
}