{
  "best_epoch": 34,
  "peak_worker_0_memory_MB": 2328.3125,
  "peak_gpu_0_memory_MB": 64.7041015625,
  "training_duration": "0:00:08.382555",
  "training_start_epoch": 0,
  "training_epochs": 35,
  "epoch": 35,
  "training_accuracy": 0.8877407233442931,
  "training_loss": 0.6394933817991569,
  "training_worker_0_memory_MB": 2328.3125,
  "training_gpu_0_memory_MB": 64.7041015625,
  "validation_accuracy": 0.7831125827814569,
  "validation_loss": 1.0193490266799927,
  "best_validation_accuracy": 0.7798013245033113,
  "best_validation_loss": 1.0029927432537078
}