{
  "best_epoch": 9,
  "peak_worker_0_memory_MB": 2320.41015625,
  "peak_gpu_0_memory_MB": 54.71142578125,
  "training_duration": "0:00:02.656173",
  "training_start_epoch": 0,
  "training_epochs": 9,
  "epoch": 9,
  "training_accuracy": 0.9182669789227166,
  "training_loss": 0.5363669911427285,
  "training_worker_0_memory_MB": 2320.41015625,
  "training_gpu_0_memory_MB": 54.71142578125,
  "validation_accuracy": 0.7814569536423841,
  "validation_loss": 0.9953512012958526,
  "best_validation_accuracy": 0.7814569536423841,
  "best_validation_loss": 0.9953512012958526
}