{
  "best_epoch": 16,
  "peak_worker_0_memory_MB": 2320.41015625,
  "peak_gpu_0_memory_MB": 54.71142578125,
  "training_duration": "0:00:06.084148",
  "training_start_epoch": 0,
  "training_epochs": 22,
  "epoch": 22,
  "training_accuracy": 0.9843091334894614,
  "training_loss": 0.09456493549827319,
  "training_worker_0_memory_MB": 2320.41015625,
  "training_gpu_0_memory_MB": 54.71142578125,
  "validation_accuracy": 0.8096026490066225,
  "validation_loss": 0.9005029082298279,
  "best_validation_accuracy": 0.8096026490066225,
  "best_validation_loss": 0.8552079349756241
}