{
  "best_epoch": 3,
  "peak_worker_0_memory_MB": 2320.41015625,
  "peak_gpu_0_memory_MB": 54.71142578125,
  "training_duration": "0:00:01.050143",
  "training_start_epoch": 0,
  "training_epochs": 3,
  "epoch": 3,
  "training_accuracy": 0.6056206088992975,
  "training_loss": 2.1198262954825786,
  "training_worker_0_memory_MB": 2320.41015625,
  "training_gpu_0_memory_MB": 54.71142578125,
  "validation_accuracy": 0.6456953642384106,
  "validation_loss": 1.8674064040184022,
  "best_validation_accuracy": 0.6456953642384106,
  "best_validation_loss": 1.8674064040184022
}