{
  "best_epoch": 37,
  "peak_worker_0_memory_MB": 2326.80078125,
  "peak_gpu_0_memory_MB": 69.92529296875,
  "training_duration": "0:00:11.331863",
  "training_start_epoch": 0,
  "training_epochs": 43,
  "epoch": 43,
  "training_accuracy": 0.9522657281126264,
  "training_loss": 0.27387469292928773,
  "training_worker_0_memory_MB": 2326.80078125,
  "training_gpu_0_memory_MB": 69.92529296875,
  "validation_accuracy": 0.8062913907284768,
  "validation_loss": 0.9238810002803802,
  "best_validation_accuracy": 0.7947019867549668,
  "best_validation_loss": 0.880821681022644
}