{
  "best_epoch": 11,
  "peak_worker_0_memory_MB": 2326.80078125,
  "peak_gpu_0_memory_MB": 69.92529296875,
  "training_duration": "0:00:03.114091",
  "training_start_epoch": 0,
  "training_epochs": 11,
  "epoch": 11,
  "training_accuracy": 0.6682798064232293,
  "training_loss": 1.695664609471957,
  "training_worker_0_memory_MB": 2326.80078125,
  "training_gpu_0_memory_MB": 69.92529296875,
  "validation_accuracy": 0.695364238410596,
  "validation_loss": 1.6447764396667481,
  "best_validation_accuracy": 0.695364238410596,
  "best_validation_loss": 1.6447764396667481
}