{
  "best_epoch": 45,
  "peak_worker_0_memory_MB": 2326.80078125,
  "peak_gpu_0_memory_MB": 69.92529296875,
  "training_duration": "0:00:13.899676",
  "training_start_epoch": 0,
  "training_epochs": 53,
  "epoch": 53,
  "training_accuracy": 0.9674439067311923,
  "training_loss": 0.190782957813806,
  "training_worker_0_memory_MB": 2326.80078125,
  "training_gpu_0_memory_MB": 69.92529296875,
  "validation_accuracy": 0.8096026490066225,
  "validation_loss": 0.9062637209892273,
  "best_validation_accuracy": 0.8079470198675497,
  "best_validation_loss": 0.8592065334320068
}