{
  "best_epoch": 2,
  "peak_worker_0_memory_MB": 2318.11328125,
  "peak_gpu_0_memory_MB": 51.84521484375,
  "training_duration": "0:00:00.733630",
  "training_start_epoch": 0,
  "training_epochs": 2,
  "epoch": 2,
  "training_accuracy": 0.5745925616381111,
  "training_loss": 2.1288043009607414,
  "training_worker_0_memory_MB": 2318.11328125,
  "training_gpu_0_memory_MB": 51.84521484375,
  "validation_accuracy": 0.6655629139072847,
  "validation_loss": 1.8671114802360536,
  "best_validation_accuracy": 0.6655629139072847,
  "best_validation_loss": 1.8671114802360536
}