{
  "best_epoch": 25,
  "peak_worker_0_memory_MB": 2379.60546875,
  "peak_gpu_0_memory_MB": 89.33056640625,
  "training_duration": "0:00:13.634567",
  "training_start_epoch": 0,
  "training_epochs": 27,
  "epoch": 27,
  "training_accuracy": 0.8397743638982237,
  "training_loss": 0.6467813262502655,
  "training_worker_0_memory_MB": 2379.60546875,
  "training_gpu_0_memory_MB": 89.33056640625,
  "validation_accuracy": 0.7996688741721855,
  "validation_loss": 0.9364080429077148,
  "best_validation_accuracy": 0.7980132450331126,
  "best_validation_loss": 0.8898953646421432
}