{
  "best_epoch": 0,
  "peak_worker_0_memory_MB": 2379.60546875,
  "peak_gpu_0_memory_MB": 89.33056640625,
  "training_duration": "0:00:00.460643",
  "training_start_epoch": 0,
  "training_epochs": 0,
  "epoch": 0,
  "training_accuracy": 0.0799327892462794,
  "training_loss": 3.934101055596621,
  "training_worker_0_memory_MB": 2379.60546875,
  "training_gpu_0_memory_MB": 89.33056640625,
  "validation_accuracy": 0.42549668874172186,
  "validation_loss": 3.413694381713867,
  "best_validation_accuracy": 0.42549668874172186,
  "best_validation_loss": 3.413694381713867
}