{
  "best_epoch": 11,
  "peak_worker_0_memory_MB": 2379.60546875,
  "peak_gpu_0_memory_MB": 89.33056640625,
  "training_duration": "0:00:05.868924",
  "training_start_epoch": 0,
  "training_epochs": 11,
  "epoch": 11,
  "training_accuracy": 0.6584253480556889,
  "training_loss": 1.4659403926543606,
  "training_worker_0_memory_MB": 2379.60546875,
  "training_gpu_0_memory_MB": 89.33056640625,
  "validation_accuracy": 0.7649006622516556,
  "validation_loss": 1.0450906455516815,
  "best_validation_accuracy": 0.7649006622516556,
  "best_validation_loss": 1.0450906455516815
}