{
  "best_epoch": 22,
  "peak_worker_0_memory_MB": 2268.2578125,
  "peak_gpu_0_memory_MB": 8.73193359375,
  "training_duration": "0:00:03.368914",
  "training_start_epoch": 0,
  "training_epochs": 24,
  "epoch": 24,
  "training_accuracy": 0.9109903886335144,
  "training_loss": 0.35731175502664164,
  "training_worker_0_memory_MB": 2268.2578125,
  "training_gpu_0_memory_MB": 8.73193359375,
  "validation_accuracy": 0.8294701986754967,
  "validation_loss": 0.8462553679943084,
  "best_validation_accuracy": 0.8294701986754967,
  "best_validation_loss": 0.8415148258209229
}