{
  "best_epoch": 4,
  "peak_worker_0_memory_MB": 2309.84765625,
  "peak_gpu_0_memory_MB": 42.29736328125,
  "training_duration": "0:00:03.258343",
  "training_start_epoch": 0,
  "training_epochs": 12,
  "epoch": 12,
  "training_accuracy": 0.940983606557377,
  "training_loss": 0.22776838603304395,
  "training_worker_0_memory_MB": 2309.84765625,
  "training_gpu_0_memory_MB": 42.29736328125,
  "validation_accuracy": 0.804635761589404,
  "validation_loss": 1.1947084724903108,
  "best_validation_accuracy": 0.8029801324503312,
  "best_validation_loss": 0.8892797395586968
}