{
  "best_epoch": 3,
  "peak_worker_0_memory_MB": 2309.84765625,
  "peak_gpu_0_memory_MB": 42.29736328125,
  "training_duration": "0:00:00.994536",
  "training_start_epoch": 0,
  "training_epochs": 3,
  "epoch": 3,
  "training_accuracy": 0.8281030444964871,
  "training_loss": 0.7361942747635628,
  "training_worker_0_memory_MB": 2309.84765625,
  "training_gpu_0_memory_MB": 42.29736328125,
  "validation_accuracy": 0.7980132450331126,
  "validation_loss": 0.9038556963205338,
  "best_validation_accuracy": 0.7980132450331126,
  "best_validation_loss": 0.9038556963205338
}