{
  "best_epoch": 2,
  "peak_worker_0_memory_MB": 2268.59765625,
  "peak_gpu_0_memory_MB": 8.73193359375,
  "training_duration": "0:00:00.554330",
  "training_start_epoch": 0,
  "training_epochs": 3,
  "epoch": 3,
  "training_accuracy": 0.9013790221479314,
  "training_loss": 0.42811579335676997,
  "training_worker_0_memory_MB": 2268.59765625,
  "training_gpu_0_memory_MB": 8.73193359375,
  "validation_accuracy": 0.8311258278145696,
  "validation_loss": 0.8962663024663925,
  "best_validation_accuracy": 0.8311258278145696,
  "best_validation_loss": 0.8547809317708015
}