{
  "best_epoch": 0,
  "peak_worker_0_memory_MB": 2280.1484375,
  "peak_gpu_0_memory_MB": 49.984375,
  "training_duration": "0:00:04.589611",
  "training_start_epoch": 0,
  "training_epochs": 6,
  "epoch": 6,
  "training_accuracy": 0.6719598829920602,
  "training_loss": 312.94392595793073,
  "training_worker_0_memory_MB": 2280.1484375,
  "training_gpu_0_memory_MB": 49.984375,
  "validation_accuracy": 0.7168874172185431,
  "validation_loss": 444.1062713623047,
  "best_validation_accuracy": 0.6374172185430463,
  "best_validation_loss": 2.1796165347099303
}