{
  "best_epoch": 7,
  "peak_worker_0_memory_MB": 2267.484375,
  "peak_gpu_0_memory_MB": 7.4111328125,
  "training_duration": "0:00:01.460381",
  "training_start_epoch": 0,
  "training_epochs": 9,
  "epoch": 9,
  "training_accuracy": 0.8951107396573339,
  "training_loss": 0.406716492615248,
  "training_worker_0_memory_MB": 2267.484375,
  "training_gpu_0_memory_MB": 7.4111328125,
  "validation_accuracy": 0.8178807947019867,
  "validation_loss": 1.0763220608234405,
  "best_validation_accuracy": 0.8195364238410596,
  "best_validation_loss": 0.9628662407398224
}