{
  "best_epoch": 0,
  "peak_worker_0_memory_MB": 2317.984375,
  "peak_gpu_0_memory_MB": 51.84521484375,
  "training_duration": "0:00:00.221749",
  "training_start_epoch": 0,
  "training_epochs": 0,
  "epoch": 0,
  "training_accuracy": 0.03593815294609277,
  "training_loss": 4.174714163730019,
  "training_worker_0_memory_MB": 2317.984375,
  "training_gpu_0_memory_MB": 51.84521484375,
  "validation_accuracy": 0.06788079470198675,
  "validation_loss": 4.062922668457031,
  "best_validation_accuracy": 0.06788079470198675,
  "best_validation_loss": 4.062922668457031
}