{
  "best_epoch": 10,
  "peak_worker_0_memory_MB": 2317.984375,
  "peak_gpu_0_memory_MB": 51.84521484375,
  "training_duration": "0:00:04.857226",
  "training_start_epoch": 0,
  "training_epochs": 16,
  "epoch": 16,
  "training_accuracy": 0.9302131216046803,
  "training_loss": 0.260462936013937,
  "training_worker_0_memory_MB": 2317.984375,
  "training_gpu_0_memory_MB": 51.84521484375,
  "validation_accuracy": 0.8029801324503312,
  "validation_loss": 1.2202256739139556,
  "best_validation_accuracy": 0.8062913907284768,
  "best_validation_loss": 1.0007876753807068
}