{
  "best_epoch": 5,
  "peak_worker_0_memory_MB": 2291.6171875,
  "peak_gpu_0_memory_MB": 47.5224609375,
  "training_duration": "0:00:03.578264",
  "training_start_epoch": 0,
  "training_epochs": 14,
  "epoch": 14,
  "training_accuracy": 0.9473464270789803,
  "training_loss": 0.19893800878995344,
  "training_worker_0_memory_MB": 2291.6171875,
  "training_gpu_0_memory_MB": 47.5224609375,
  "validation_accuracy": 0.7880794701986755,
  "validation_loss": 1.5757440030574799,
  "best_validation_accuracy": 0.7947019867549668,
  "best_validation_loss": 1.1014380037784577
}