{
  "best_epoch": 4,
  "peak_worker_0_memory_MB": 2291.6171875,
  "peak_gpu_0_memory_MB": 47.5224609375,
  "training_duration": "0:00:01.168194",
  "training_start_epoch": 0,
  "training_epochs": 4,
  "epoch": 4,
  "training_accuracy": 0.8240702047638947,
  "training_loss": 0.7941105091258099,
  "training_worker_0_memory_MB": 2291.6171875,
  "training_gpu_0_memory_MB": 47.5224609375,
  "validation_accuracy": 0.7913907284768212,
  "validation_loss": 1.1200574338436127,
  "best_validation_accuracy": 0.7913907284768212,
  "best_validation_loss": 1.1200574338436127
}