{
  "best_epoch": 13,
  "peak_worker_0_memory_MB": 2298.41015625,
  "peak_gpu_0_memory_MB": 50.91064453125,
  "training_duration": "0:00:09.280734",
  "training_start_epoch": 0,
  "training_epochs": 13,
  "epoch": 13,
  "training_accuracy": 0.6293355620559966,
  "training_loss": 1.5115349559407485,
  "training_worker_0_memory_MB": 2298.41015625,
  "training_gpu_0_memory_MB": 50.91064453125,
  "validation_accuracy": 0.7251655629139073,
  "validation_loss": 1.240130650997162,
  "best_validation_accuracy": 0.7251655629139073,
  "best_validation_loss": 1.240130650997162
}