{
  "best_epoch": 56,
  "peak_worker_0_memory_MB": 2331.171875,
  "peak_gpu_0_memory_MB": 65.09326171875,
  "training_duration": "0:00:14.929500",
  "training_start_epoch": 0,
  "training_epochs": 58,
  "epoch": 58,
  "training_accuracy": 0.9402810304449649,
  "training_loss": 0.3370599622157083,
  "training_worker_0_memory_MB": 2331.171875,
  "training_gpu_0_memory_MB": 65.09326171875,
  "validation_accuracy": 0.8029801324503312,
  "validation_loss": 0.9187242329120636,
  "best_validation_accuracy": 0.7980132450331126,
  "best_validation_loss": 0.8767813056707382
}