{
  "best_epoch": 48,
  "peak_worker_0_memory_MB": 2331.171875,
  "peak_gpu_0_memory_MB": 65.09326171875,
  "training_duration": "0:00:12.645589",
  "training_start_epoch": 0,
  "training_epochs": 49,
  "epoch": 49,
  "training_accuracy": 0.9283372365339578,
  "training_loss": 0.4269447455655283,
  "training_worker_0_memory_MB": 2331.171875,
  "training_gpu_0_memory_MB": 65.09326171875,
  "validation_accuracy": 0.7963576158940397,
  "validation_loss": 0.9219982385635376,
  "best_validation_accuracy": 0.7996688741721855,
  "best_validation_loss": 0.8963428556919097
}