{
  "best_epoch": 27,
  "peak_worker_0_memory_MB": 0,
  "training_duration": "0:01:19.393926",
  "training_start_epoch": 0,
  "training_epochs": 73,
  "epoch": 73,
  "training_accuracy": 0.9983284580025074,
  "training_loss": 0.009366813973572693,
  "training_reg_loss": 0.0,
  "training_worker_0_memory_MB": 0.0,
  "validation_accuracy": 0.7649006622516556,
  "validation_loss": 1.2457561314105987,
  "validation_reg_loss": 0.0,
  "best_validation_accuracy": 0.7880794701986755,
  "best_validation_loss": 0.9865626156330108,
  "best_validation_reg_loss": 0.0
}