{
  "best_epoch": 2,
  "peak_worker_0_memory_MB": 2271.32421875,
  "peak_gpu_0_memory_MB": 15.515625,
  "training_duration": "0:00:00.275193",
  "training_start_epoch": 0,
  "training_epochs": 2,
  "epoch": 2,
  "training_accuracy": 0.7929373996789727,
  "training_loss": 1.0048869967460632,
  "training_worker_0_memory_MB": 2271.32421875,
  "training_gpu_0_memory_MB": 15.515625,
  "validation_accuracy": 0.8129139072847682,
  "validation_loss": 1.111488974094391,
  "best_validation_accuracy": 0.8129139072847682,
  "best_validation_loss": 1.111488974094391
}