{
  "best_epoch": 25,
  "peak_worker_0_memory_MB": 2324.109375,
  "peak_gpu_0_memory_MB": 62.64208984375,
  "training_duration": "0:00:07.331669",
  "training_start_epoch": 0,
  "training_epochs": 26,
  "epoch": 26,
  "training_accuracy": 0.9258688957325121,
  "training_loss": 0.4805688224732876,
  "training_worker_0_memory_MB": 2324.109375,
  "training_gpu_0_memory_MB": 62.64208984375,
  "validation_accuracy": 0.7864238410596026,
  "validation_loss": 1.0000447034835815,
  "best_validation_accuracy": 0.7831125827814569,
  "best_validation_loss": 0.9989692389965057
}