{
  "best_epoch": 46,
  "peak_worker_0_memory_MB": 2324.109375,
  "peak_gpu_0_memory_MB": 62.64208984375,
  "training_duration": "0:00:14.908292",
  "training_start_epoch": 0,
  "training_epochs": 54,
  "epoch": 54,
  "training_accuracy": 0.9832820061592609,
  "training_loss": 0.10297381841681069,
  "training_worker_0_memory_MB": 2324.109375,
  "training_gpu_0_memory_MB": 62.64208984375,
  "validation_accuracy": 0.8062913907284768,
  "validation_loss": 0.9029113233089447,
  "best_validation_accuracy": 0.7980132450331126,
  "best_validation_loss": 0.8526930004358292
}