{
  "best_epoch": 46,
  "peak_worker_0_memory_MB": 2324.109375,
  "peak_gpu_0_memory_MB": 62.64208984375,
  "training_duration": "0:00:13.291541",
  "training_start_epoch": 0,
  "training_epochs": 48,
  "epoch": 48,
  "training_accuracy": 0.9769027716673999,
  "training_loss": 0.13436913022370492,
  "training_worker_0_memory_MB": 2324.109375,
  "training_gpu_0_memory_MB": 62.64208984375,
  "validation_accuracy": 0.8013245033112583,
  "validation_loss": 0.8967679977416992,
  "best_validation_accuracy": 0.7980132450331126,
  "best_validation_loss": 0.8526930004358292
}