{
  "best_epoch": 22,
  "peak_worker_0_memory_MB": 2324.109375,
  "peak_gpu_0_memory_MB": 62.64208984375,
  "training_duration": "0:00:06.235046",
  "training_start_epoch": 0,
  "training_epochs": 22,
  "epoch": 22,
  "training_accuracy": 0.9036515618125824,
  "training_loss": 0.641666717413399,
  "training_worker_0_memory_MB": 2324.109375,
  "training_gpu_0_memory_MB": 62.64208984375,
  "validation_accuracy": 0.7798013245033113,
  "validation_loss": 1.0716175198554994,
  "best_validation_accuracy": 0.7798013245033113,
  "best_validation_loss": 1.0716175198554994
}