{
  "best_epoch": 37,
  "peak_worker_0_memory_MB": 2324.109375,
  "peak_gpu_0_memory_MB": 62.64208984375,
  "training_duration": "0:00:10.580147",
  "training_start_epoch": 0,
  "training_epochs": 38,
  "epoch": 38,
  "training_accuracy": 0.964144302683678,
  "training_loss": 0.23150437832292584,
  "training_worker_0_memory_MB": 2324.109375,
  "training_gpu_0_memory_MB": 62.64208984375,
  "validation_accuracy": 0.8013245033112583,
  "validation_loss": 0.9536761581897736,
  "best_validation_accuracy": 0.7996688741721855,
  "best_validation_loss": 0.877290564775467
}