{
  "best_epoch": 13,
  "peak_worker_0_memory_MB": 2328.29296875,
  "peak_gpu_0_memory_MB": 64.7041015625,
  "training_duration": "0:00:03.529264",
  "training_start_epoch": 0,
  "training_epochs": 13,
  "epoch": 13,
  "training_accuracy": 0.538750587130108,
  "training_loss": 2.185595898485895,
  "training_worker_0_memory_MB": 2328.29296875,
  "training_gpu_0_memory_MB": 64.7041015625,
  "validation_accuracy": 0.6258278145695364,
  "validation_loss": 2.051604759693146,
  "best_validation_accuracy": 0.6258278145695364,
  "best_validation_loss": 2.051604759693146
}