{
  "best_epoch": 16,
  "peak_worker_0_memory_MB": 2316.30078125,
  "peak_gpu_0_memory_MB": 62.47802734375,
  "training_duration": "0:00:05.012525",
  "training_start_epoch": 0,
  "training_epochs": 19,
  "epoch": 19,
  "training_accuracy": 0.7733021077283372,
  "training_loss": 0.9190339317072683,
  "training_worker_0_memory_MB": 2316.30078125,
  "training_gpu_0_memory_MB": 62.47802734375,
  "validation_accuracy": 0.7963576158940397,
  "validation_loss": 0.9557737171649933,
  "best_validation_accuracy": 0.7913907284768212,
  "best_validation_loss": 0.9468476057052613
}