{
  "best_epoch": 26,
  "peak_worker_0_memory_MB": 2316.30078125,
  "peak_gpu_0_memory_MB": 62.47802734375,
  "training_duration": "0:00:07.016915",
  "training_start_epoch": 0,
  "training_epochs": 27,
  "epoch": 27,
  "training_accuracy": 0.8149882903981265,
  "training_loss": 0.7217819490539494,
  "training_worker_0_memory_MB": 2316.30078125,
  "training_gpu_0_memory_MB": 62.47802734375,
  "validation_accuracy": 0.804635761589404,
  "validation_loss": 0.9055745482444764,
  "best_validation_accuracy": 0.8013245033112583,
  "best_validation_loss": 0.8877681493759155
}