{
  "best_epoch": 24,
  "peak_worker_0_memory_MB": 2331.171875,
  "peak_gpu_0_memory_MB": 65.09326171875,
  "training_duration": "0:00:06.207566",
  "training_start_epoch": 0,
  "training_epochs": 24,
  "epoch": 24,
  "training_accuracy": 0.9252927400468384,
  "training_loss": 0.47019598777614424,
  "training_worker_0_memory_MB": 2331.171875,
  "training_gpu_0_memory_MB": 65.09326171875,
  "validation_accuracy": 0.7814569536423841,
  "validation_loss": 0.9508278489112854,
  "best_validation_accuracy": 0.7814569536423841,
  "best_validation_loss": 0.9508278489112854
}