{
  "best_epoch": 40,
  "peak_worker_0_memory_MB": 2331.171875,
  "peak_gpu_0_memory_MB": 65.09326171875,
  "training_duration": "0:00:11.206434",
  "training_start_epoch": 0,
  "training_epochs": 44,
  "epoch": 44,
  "training_accuracy": 0.970023419203747,
  "training_loss": 0.1747477479390244,
  "training_worker_0_memory_MB": 2331.171875,
  "training_gpu_0_memory_MB": 65.09326171875,
  "validation_accuracy": 0.8096026490066225,
  "validation_loss": 0.896351283788681,
  "best_validation_accuracy": 0.8096026490066225,
  "best_validation_loss": 0.8577031522989274
}