{
  "best_epoch": 26,
  "peak_worker_0_memory_MB": 2331.171875,
  "peak_gpu_0_memory_MB": 65.09326171875,
  "training_duration": "0:00:07.486216",
  "training_start_epoch": 0,
  "training_epochs": 29,
  "epoch": 29,
  "training_accuracy": 0.9421545667447306,
  "training_loss": 0.34840430119144383,
  "training_worker_0_memory_MB": 2331.171875,
  "training_gpu_0_memory_MB": 65.09326171875,
  "validation_accuracy": 0.793046357615894,
  "validation_loss": 0.8997579157352448,
  "best_validation_accuracy": 0.7864238410596026,
  "best_validation_loss": 0.8898951023817062
}