{
  "best_epoch": 16,
  "peak_worker_0_memory_MB": 2331.171875,
  "peak_gpu_0_memory_MB": 65.09326171875,
  "training_duration": "0:00:04.465981",
  "training_start_epoch": 0,
  "training_epochs": 17,
  "epoch": 17,
  "training_accuracy": 0.8639344262295082,
  "training_loss": 0.7860191909234915,
  "training_worker_0_memory_MB": 2331.171875,
  "training_gpu_0_memory_MB": 65.09326171875,
  "validation_accuracy": 0.7682119205298014,
  "validation_loss": 1.0716018319129943,
  "best_validation_accuracy": 0.7632450331125827,
  "best_validation_loss": 1.0613973319530488
}