{
  "best_epoch": 12,
  "peak_worker_0_memory_MB": 2331.171875,
  "peak_gpu_0_memory_MB": 65.09326171875,
  "training_duration": "0:00:03.224609",
  "training_start_epoch": 0,
  "training_epochs": 12,
  "epoch": 12,
  "training_accuracy": 0.7711943793911007,
  "training_loss": 1.2218323625735383,
  "training_worker_0_memory_MB": 2331.171875,
  "training_gpu_0_memory_MB": 65.09326171875,
  "validation_accuracy": 0.7433774834437086,
  "validation_loss": 1.3019280433654785,
  "best_validation_accuracy": 0.7433774834437086,
  "best_validation_loss": 1.3019280433654785
}