{
  "best_epoch": 1,
  "peak_worker_0_memory_MB": 2331.171875,
  "peak_gpu_0_memory_MB": 65.09326171875,
  "training_duration": "0:00:00.489849",
  "training_start_epoch": 0,
  "training_epochs": 1,
  "epoch": 1,
  "training_accuracy": 0.1819672131147541,
  "training_loss": 3.5311575861119513,
  "training_worker_0_memory_MB": 2331.171875,
  "training_gpu_0_memory_MB": 65.09326171875,
  "validation_accuracy": 0.304635761589404,
  "validation_loss": 3.2323904752731325,
  "best_validation_accuracy": 0.304635761589404,
  "best_validation_loss": 3.2323904752731325
}