{
  "best_epoch": 18,
  "peak_worker_0_memory_MB": 2326.80078125,
  "peak_gpu_0_memory_MB": 69.92529296875,
  "training_duration": "0:00:05.267573",
  "training_start_epoch": 0,
  "training_epochs": 19,
  "epoch": 19,
  "training_accuracy": 0.9560052793664761,
  "training_loss": 0.26860024746403927,
  "training_worker_0_memory_MB": 2326.80078125,
  "training_gpu_0_memory_MB": 69.92529296875,
  "validation_accuracy": 0.804635761589404,
  "validation_loss": 0.9113255321979523,
  "best_validation_accuracy": 0.7996688741721855,
  "best_validation_loss": 0.8886619091033936
}