{
  "best_epoch": 27,
  "peak_worker_0_memory_MB": 2326.80078125,
  "peak_gpu_0_memory_MB": 69.92529296875,
  "training_duration": "0:00:09.221790",
  "training_start_epoch": 0,
  "training_epochs": 34,
  "epoch": 34,
  "training_accuracy": 0.9839419269687637,
  "training_loss": 0.0911987060163584,
  "training_worker_0_memory_MB": 2326.80078125,
  "training_gpu_0_memory_MB": 69.92529296875,
  "validation_accuracy": 0.8079470198675497,
  "validation_loss": 0.897393199801445,
  "best_validation_accuracy": 0.804635761589404,
  "best_validation_loss": 0.8588476553559303
}