{
  "best_epoch": 8,
  "peak_worker_0_memory_MB": 2326.80078125,
  "peak_gpu_0_memory_MB": 69.92529296875,
  "training_duration": "0:00:02.364589",
  "training_start_epoch": 0,
  "training_epochs": 8,
  "epoch": 8,
  "training_accuracy": 0.8141223053233612,
  "training_loss": 1.0689802923136287,
  "training_worker_0_memory_MB": 2326.80078125,
  "training_gpu_0_memory_MB": 69.92529296875,
  "validation_accuracy": 0.7599337748344371,
  "validation_loss": 1.2318882763385772,
  "best_validation_accuracy": 0.7599337748344371,
  "best_validation_loss": 1.2318882763385772
}