{
  "best_epoch": 18,
  "peak_worker_0_memory_MB": 2326.80078125,
  "peak_gpu_0_memory_MB": 69.92529296875,
  "training_duration": "0:00:05.529611",
  "training_start_epoch": 0,
  "training_epochs": 20,
  "epoch": 20,
  "training_accuracy": 0.959524857017158,
  "training_loss": 0.2543775430983967,
  "training_worker_0_memory_MB": 2326.80078125,
  "training_gpu_0_memory_MB": 69.92529296875,
  "validation_accuracy": 0.8096026490066225,
  "validation_loss": 0.9031719088554382,
  "best_validation_accuracy": 0.7996688741721855,
  "best_validation_loss": 0.8886619091033936
}