{
  "best_epoch": 14,
  "peak_worker_0_memory_MB": 2326.80078125,
  "peak_gpu_0_memory_MB": 69.92529296875,
  "training_duration": "0:00:03.947381",
  "training_start_epoch": 0,
  "training_epochs": 14,
  "epoch": 14,
  "training_accuracy": 0.9291684997800264,
  "training_loss": 0.4651147764590051,
  "training_worker_0_memory_MB": 2326.80078125,
  "training_gpu_0_memory_MB": 69.92529296875,
  "validation_accuracy": 0.7864238410596026,
  "validation_loss": 0.9447549104690551,
  "best_validation_accuracy": 0.7864238410596026,
  "best_validation_loss": 0.9447549104690551
}