{
  "best_epoch": 44,
  "peak_worker_0_memory_MB": 0,
  "training_duration": "0:00:43.419571",
  "training_start_epoch": 0,
  "training_epochs": 44,
  "epoch": 44,
  "training_accuracy": 0.9004166666666666,
  "training_loss": 0.48276118069887164,
  "training_reg_loss": 0.0,
  "training_worker_0_memory_MB": 0.0,
  "validation_accuracy": 0.7833333333333333,
  "validation_loss": 1.1722451260215359,
  "validation_reg_loss": 0.0,
  "best_validation_accuracy": 0.7833333333333333,
  "best_validation_loss": 1.1722451260215359,
  "best_validation_reg_loss": 0.0
}