{
  "best_epoch": 0,
  "peak_worker_0_memory_MB": 2287.08203125,
  "peak_gpu_0_memory_MB": 30.3212890625,
  "training_duration": "0:00:00.141811",
  "training_start_epoch": 0,
  "training_epochs": 0,
  "epoch": 0,
  "training_accuracy": 0.27162557459256165,
  "training_loss": 3.305989855214169,
  "training_worker_0_memory_MB": 2287.08203125,
  "training_gpu_0_memory_MB": 30.3212890625,
  "validation_accuracy": 0.4966887417218543,
  "validation_loss": 2.698859715461731,
  "best_validation_accuracy": 0.4966887417218543,
  "best_validation_loss": 2.698859715461731
}