{
  "best_epoch": 5,
  "peak_worker_0_memory_MB": 2287.08203125,
  "peak_gpu_0_memory_MB": 30.3212890625,
  "training_duration": "0:00:00.890424",
  "training_start_epoch": 0,
  "training_epochs": 5,
  "epoch": 5,
  "training_accuracy": 0.919765984120351,
  "training_loss": 0.4070883291332345,
  "training_worker_0_memory_MB": 2287.08203125,
  "training_gpu_0_memory_MB": 30.3212890625,
  "validation_accuracy": 0.804635761589404,
  "validation_loss": 0.897760683298111,
  "best_validation_accuracy": 0.804635761589404,
  "best_validation_loss": 0.897760683298111
}