{
  "best_epoch": 4,
  "peak_worker_0_memory_MB": 2311.1015625,
  "peak_gpu_0_memory_MB": 43.572265625,
  "training_duration": "0:00:02.201224",
  "training_start_epoch": 0,
  "training_epochs": 8,
  "epoch": 8,
  "training_accuracy": 0.905152224824356,
  "training_loss": 0.34015852101703187,
  "training_worker_0_memory_MB": 2311.1015625,
  "training_gpu_0_memory_MB": 43.572265625,
  "validation_accuracy": 0.8029801324503312,
  "validation_loss": 1.0472831636667252,
  "best_validation_accuracy": 0.7847682119205298,
  "best_validation_loss": 0.91513232588768
}