{
  "best_epoch": 52,
  "peak_worker_0_memory_MB": 2306.8046875,
  "peak_gpu_0_memory_MB": 47.5224609375,
  "training_duration": "0:00:13.165111",
  "training_start_epoch": 0,
  "training_epochs": 52,
  "epoch": 52,
  "training_accuracy": 0.6669452569995821,
  "training_loss": 1.4529249919088263,
  "training_worker_0_memory_MB": 2306.8046875,
  "training_gpu_0_memory_MB": 47.5224609375,
  "validation_accuracy": 0.7433774834437086,
  "validation_loss": 1.2818240523338318,
  "best_validation_accuracy": 0.7433774834437086,
  "best_validation_loss": 1.2818240523338318
}