{
  "best_epoch": 83,
  "peak_worker_0_memory_MB": 2306.8046875,
  "peak_gpu_0_memory_MB": 47.5224609375,
  "training_duration": "0:00:21.353473",
  "training_start_epoch": 0,
  "training_epochs": 86,
  "epoch": 86,
  "training_accuracy": 0.7254492269118261,
  "training_loss": 1.1449526297418695,
  "training_worker_0_memory_MB": 2306.8046875,
  "training_gpu_0_memory_MB": 47.5224609375,
  "validation_accuracy": 0.7748344370860927,
  "validation_loss": 1.1144170582294464,
  "best_validation_accuracy": 0.7731788079470199,
  "best_validation_loss": 1.0882113099098205
}