{
  "best_epoch": 92,
  "peak_worker_0_memory_MB": 2306.8046875,
  "peak_gpu_0_memory_MB": 47.5224609375,
  "training_duration": "0:00:22.783632",
  "training_start_epoch": 0,
  "training_epochs": 92,
  "epoch": 92,
  "training_accuracy": 0.7496865858754701,
  "training_loss": 1.0846814136756093,
  "training_worker_0_memory_MB": 2306.8046875,
  "training_gpu_0_memory_MB": 47.5224609375,
  "validation_accuracy": 0.7748344370860927,
  "validation_loss": 1.0429165989160538,
  "best_validation_accuracy": 0.7748344370860927,
  "best_validation_loss": 1.0429165989160538
}