{
  "best_epoch": 77,
  "peak_worker_0_memory_MB": 2306.8046875,
  "peak_gpu_0_memory_MB": 47.5224609375,
  "training_duration": "0:00:19.750815",
  "training_start_epoch": 0,
  "training_epochs": 79,
  "epoch": 79,
  "training_accuracy": 0.734642707898036,
  "training_loss": 1.1431214950586621,
  "training_worker_0_memory_MB": 2306.8046875,
  "training_gpu_0_memory_MB": 47.5224609375,
  "validation_accuracy": 0.7715231788079471,
  "validation_loss": 1.1255160927772523,
  "best_validation_accuracy": 0.7748344370860927,
  "best_validation_loss": 1.1076553761959076
}