{
  "best_epoch": 26,
  "peak_worker_0_memory_MB": 2316.30078125,
  "peak_gpu_0_memory_MB": 62.47802734375,
  "training_duration": "0:00:07.441651",
  "training_start_epoch": 0,
  "training_epochs": 28,
  "epoch": 28,
  "training_accuracy": 0.9208430913348946,
  "training_loss": 0.37022007201144946,
  "training_worker_0_memory_MB": 2316.30078125,
  "training_gpu_0_memory_MB": 62.47802734375,
  "validation_accuracy": 0.8062913907284768,
  "validation_loss": 0.9157077729701996,
  "best_validation_accuracy": 0.8062913907284768,
  "best_validation_loss": 0.880731925368309
}