{
  "best_epoch": 13,
  "peak_worker_0_memory_MB": 2316.30078125,
  "peak_gpu_0_memory_MB": 62.47802734375,
  "training_duration": "0:00:03.578801",
  "training_start_epoch": 0,
  "training_epochs": 13,
  "epoch": 13,
  "training_accuracy": 0.8098360655737705,
  "training_loss": 0.9344642082257058,
  "training_worker_0_memory_MB": 2316.30078125,
  "training_gpu_0_memory_MB": 62.47802734375,
  "validation_accuracy": 0.7847682119205298,
  "validation_loss": 1.0202055811882018,
  "best_validation_accuracy": 0.7847682119205298,
  "best_validation_loss": 1.0202055811882018
}