{
  "best_epoch": 26,
  "peak_worker_0_memory_MB": 2316.30078125,
  "peak_gpu_0_memory_MB": 62.47802734375,
  "training_duration": "0:00:08.934064",
  "training_start_epoch": 0,
  "training_epochs": 34,
  "epoch": 34,
  "training_accuracy": 0.9379391100702577,
  "training_loss": 0.30222422863120463,
  "training_worker_0_memory_MB": 2316.30078125,
  "training_gpu_0_memory_MB": 62.47802734375,
  "validation_accuracy": 0.8096026490066225,
  "validation_loss": 0.8895515501499176,
  "best_validation_accuracy": 0.8062913907284768,
  "best_validation_loss": 0.880731925368309
}