{
  "best_epoch": 22,
  "peak_worker_0_memory_MB": 2328.3125,
  "peak_gpu_0_memory_MB": 64.7041015625,
  "training_duration": "0:00:05.502672",
  "training_start_epoch": 0,
  "training_epochs": 22,
  "epoch": 22,
  "training_accuracy": 0.86801315171442,
  "training_loss": 0.7715777567963102,
  "training_worker_0_memory_MB": 2328.3125,
  "training_gpu_0_memory_MB": 64.7041015625,
  "validation_accuracy": 0.7682119205298014,
  "validation_loss": 1.0930277824401855,
  "best_validation_accuracy": 0.7682119205298014,
  "best_validation_loss": 1.0930277824401855
}