{
  "best_epoch": 44,
  "peak_worker_0_memory_MB": 2328.3125,
  "peak_gpu_0_memory_MB": 64.7041015625,
  "training_duration": "0:00:12.902743",
  "training_start_epoch": 0,
  "training_epochs": 53,
  "epoch": 53,
  "training_accuracy": 0.9666510098637858,
  "training_loss": 0.19624315724888844,
  "training_worker_0_memory_MB": 2328.3125,
  "training_gpu_0_memory_MB": 64.7041015625,
  "validation_accuracy": 0.7996688741721855,
  "validation_loss": 0.9350975453853607,
  "best_validation_accuracy": 0.7963576158940397,
  "best_validation_loss": 0.9058207124471664
}