{
  "best_epoch": 0,
  "peak_worker_0_memory_MB": 2315.51171875,
  "peak_gpu_0_memory_MB": 51.84521484375,
  "training_duration": "0:00:01.497905",
  "training_start_epoch": 0,
  "training_epochs": 5,
  "epoch": 5,
  "training_accuracy": 0.7680735478478897,
  "training_loss": 218.1150770187378,
  "training_worker_0_memory_MB": 2315.51171875,
  "training_gpu_0_memory_MB": 51.84521484375,
  "validation_accuracy": 0.6986754966887417,
  "validation_loss": 292.41432495117186,
  "best_validation_accuracy": 0.6639072847682119,
  "best_validation_loss": 4.436709976196289
}