{
  "best_epoch": 0,
  "peak_worker_0_memory_MB": 2379.60546875,
  "peak_gpu_0_memory_MB": 89.33056640625,
  "training_duration": "0:00:00.463631",
  "training_start_epoch": 0,
  "training_epochs": 0,
  "epoch": 0,
  "training_accuracy": 0.24651944311089774,
  "training_loss": 3.34098959333114,
  "training_worker_0_memory_MB": 2379.60546875,
  "training_gpu_0_memory_MB": 89.33056640625,
  "validation_accuracy": 0.6738410596026491,
  "validation_loss": 1.8591631054878235,
  "best_validation_accuracy": 0.6738410596026491,
  "best_validation_loss": 1.8591631054878235
}