{
  "best_epoch": 3,
  "peak_worker_0_memory_MB": 2379.60546875,
  "peak_gpu_0_memory_MB": 89.33056640625,
  "training_duration": "0:00:06.225688",
  "training_start_epoch": 0,
  "training_epochs": 12,
  "epoch": 12,
  "training_accuracy": 0.9642342774843975,
  "training_loss": 0.138080169951529,
  "training_worker_0_memory_MB": 2379.60546875,
  "training_gpu_0_memory_MB": 89.33056640625,
  "validation_accuracy": 0.7980132450331126,
  "validation_loss": 1.0689885020256042,
  "best_validation_accuracy": 0.7913907284768212,
  "best_validation_loss": 0.937974214553833
}