{
  "best_epoch": 3,
  "peak_worker_0_memory_MB": 2379.60546875,
  "peak_gpu_0_memory_MB": 89.33056640625,
  "training_duration": "0:00:04.320014",
  "training_start_epoch": 0,
  "training_epochs": 8,
  "epoch": 8,
  "training_accuracy": 0.9386701872299568,
  "training_loss": 0.24453956138996677,
  "training_worker_0_memory_MB": 2379.60546875,
  "training_gpu_0_memory_MB": 89.33056640625,
  "validation_accuracy": 0.8029801324503312,
  "validation_loss": 0.9926603436470032,
  "best_validation_accuracy": 0.7913907284768212,
  "best_validation_loss": 0.937974214553833
}