{
  "best_epoch": 30,
  "peak_worker_0_memory_MB": 2365.1484375,
  "peak_gpu_0_memory_MB": 75.88427734375,
  "training_duration": "0:00:14.267573",
  "training_start_epoch": 0,
  "training_epochs": 30,
  "epoch": 30,
  "training_accuracy": 0.5248439750360058,
  "training_loss": 1.849481192253928,
  "training_worker_0_memory_MB": 2365.1484375,
  "training_gpu_0_memory_MB": 75.88427734375,
  "validation_accuracy": 0.7748344370860927,
  "validation_loss": 1.0289017260074615,
  "best_validation_accuracy": 0.7748344370860927,
  "best_validation_loss": 1.0289017260074615
}