{
  "best_epoch": 40,
  "peak_worker_0_memory_MB": 2365.1484375,
  "peak_gpu_0_memory_MB": 75.88427734375,
  "training_duration": "0:00:20.253366",
  "training_start_epoch": 0,
  "training_epochs": 43,
  "epoch": 43,
  "training_accuracy": 0.5736917906865099,
  "training_loss": 1.6228509722775175,
  "training_worker_0_memory_MB": 2365.1484375,
  "training_gpu_0_memory_MB": 75.88427734375,
  "validation_accuracy": 0.7864238410596026,
  "validation_loss": 0.9560649454593658,
  "best_validation_accuracy": 0.7847682119205298,
  "best_validation_loss": 0.9555994808673859
}