{
  "best_epoch": 37,
  "peak_worker_0_memory_MB": 2365.1484375,
  "peak_gpu_0_memory_MB": 75.88427734375,
  "training_duration": "0:00:18.424251",
  "training_start_epoch": 0,
  "training_epochs": 39,
  "epoch": 39,
  "training_accuracy": 0.5723715794527124,
  "training_loss": 1.6635973717420156,
  "training_worker_0_memory_MB": 2365.1484375,
  "training_gpu_0_memory_MB": 75.88427734375,
  "validation_accuracy": 0.7831125827814569,
  "validation_loss": 0.9672450602054596,
  "best_validation_accuracy": 0.7798013245033113,
  "best_validation_loss": 0.9609061479568481
}