{
  "best_epoch": 24,
  "peak_worker_0_memory_MB": 2365.1484375,
  "peak_gpu_0_memory_MB": 75.88427734375,
  "training_duration": "0:00:11.503508",
  "training_start_epoch": 0,
  "training_epochs": 24,
  "epoch": 24,
  "training_accuracy": 0.49471915506481035,
  "training_loss": 1.9622848907499824,
  "training_worker_0_memory_MB": 2365.1484375,
  "training_gpu_0_memory_MB": 75.88427734375,
  "validation_accuracy": 0.7665562913907285,
  "validation_loss": 1.0821064949035644,
  "best_validation_accuracy": 0.7665562913907285,
  "best_validation_loss": 1.0821064949035644
}