{
  "best_epoch": 12,
  "peak_worker_0_memory_MB": 0,
  "training_duration": "0:00:11.293520",
  "training_start_epoch": 0,
  "training_epochs": 14,
  "epoch": 14,
  "training_accuracy": 0.9154166666666667,
  "training_loss": 0.3520106413960457,
  "training_reg_loss": 0.0,
  "training_worker_0_memory_MB": 0.0,
  "validation_accuracy": 0.7716666666666666,
  "validation_loss": 1.1987383820508655,
  "validation_reg_loss": 0.0,
  "best_validation_accuracy": 0.7716666666666666,
  "best_validation_loss": 1.1842417356215025,
  "best_validation_reg_loss": 0.0
}