{
  "best_epoch": 6,
  "peak_worker_0_memory_MB": 0,
  "training_duration": "0:00:05.281581",
  "training_start_epoch": 0,
  "training_epochs": 6,
  "epoch": 6,
  "training_accuracy": 0.8583333333333333,
  "training_loss": 0.676177371541659,
  "training_reg_loss": 0.0,
  "training_worker_0_memory_MB": 0.0,
  "validation_accuracy": 0.7433333333333333,
  "validation_loss": 1.224283837958386,
  "validation_reg_loss": 0.0,
  "best_validation_accuracy": 0.7433333333333333,
  "best_validation_loss": 1.224283837958386,
  "best_validation_reg_loss": 0.0
}