{
  "best_epoch": 17,
  "peak_worker_0_memory_MB": 2294.54296875,
  "peak_gpu_0_memory_MB": 50.91064453125,
  "training_duration": "0:00:12.794303",
  "training_start_epoch": 0,
  "training_epochs": 17,
  "epoch": 17,
  "training_accuracy": 0.8065190137902215,
  "training_loss": 0.7299811981226269,
  "training_worker_0_memory_MB": 2294.54296875,
  "training_gpu_0_memory_MB": 50.91064453125,
  "validation_accuracy": 0.7913907284768212,
  "validation_loss": 1.0242515444755553,
  "best_validation_accuracy": 0.7913907284768212,
  "best_validation_loss": 1.0242515444755553
}