{
  "best_epoch": 4,
  "peak_worker_0_memory_MB": 2294.54296875,
  "peak_gpu_0_memory_MB": 50.91064453125,
  "training_duration": "0:00:03.413850",
  "training_start_epoch": 0,
  "training_epochs": 4,
  "epoch": 4,
  "training_accuracy": 0.5106560802340159,
  "training_loss": 2.166601482190584,
  "training_worker_0_memory_MB": 2294.54296875,
  "training_gpu_0_memory_MB": 50.91064453125,
  "validation_accuracy": 0.6357615894039735,
  "validation_loss": 1.7270318388938903,
  "best_validation_accuracy": 0.6357615894039735,
  "best_validation_loss": 1.7270318388938903
}