{
  "best_epoch": 7,
  "peak_worker_0_memory_MB": 2379.60546875,
  "peak_gpu_0_memory_MB": 89.33056640625,
  "training_duration": "0:00:04.065013",
  "training_start_epoch": 0,
  "training_epochs": 7,
  "epoch": 7,
  "training_accuracy": 0.7970475276044167,
  "training_loss": 0.9517953677941825,
  "training_worker_0_memory_MB": 2379.60546875,
  "training_gpu_0_memory_MB": 89.33056640625,
  "validation_accuracy": 0.7847682119205298,
  "validation_loss": 0.9537547111511231,
  "best_validation_accuracy": 0.7847682119205298,
  "best_validation_loss": 0.9537547111511231
}