{
  "best_epoch": 11,
  "peak_worker_0_memory_MB": 2269.83203125,
  "peak_gpu_0_memory_MB": 15.515625,
  "training_duration": "0:00:01.597600",
  "training_start_epoch": 0,
  "training_epochs": 18,
  "epoch": 18,
  "training_accuracy": 0.8747993579454254,
  "training_loss": 0.2874710902571678,
  "training_worker_0_memory_MB": 2269.83203125,
  "training_gpu_0_memory_MB": 15.515625,
  "validation_accuracy": 0.7019867549668874,
  "validation_loss": 1.1901944875717163,
  "best_validation_accuracy": 0.8129139072847682,
  "best_validation_loss": 1.0936069011688232
}