{
  "best_epoch": 44,
  "peak_worker_0_memory_MB": 2313.5546875,
  "peak_gpu_0_memory_MB": 54.728515625,
  "training_duration": "0:00:10.827200",
  "training_start_epoch": 0,
  "training_epochs": 51,
  "epoch": 51,
  "training_accuracy": 0.9864983856765482,
  "training_loss": 0.07777125333194379,
  "training_worker_0_memory_MB": 2313.5546875,
  "training_gpu_0_memory_MB": 54.728515625,
  "validation_accuracy": 0.7996688741721855,
  "validation_loss": 0.8949851393699646,
  "best_validation_accuracy": 0.8029801324503312,
  "best_validation_loss": 0.8556015193462372
}