{
  "best_epoch": 37,
  "peak_worker_0_memory_MB": 2313.5546875,
  "peak_gpu_0_memory_MB": 54.728515625,
  "training_duration": "0:00:08.940520",
  "training_start_epoch": 0,
  "training_epochs": 42,
  "epoch": 42,
  "training_accuracy": 0.980921631934253,
  "training_loss": 0.11936367448005411,
  "training_worker_0_memory_MB": 2313.5546875,
  "training_gpu_0_memory_MB": 54.728515625,
  "validation_accuracy": 0.8062913907284768,
  "validation_loss": 0.870890486240387,
  "best_validation_accuracy": 0.804635761589404,
  "best_validation_loss": 0.868683934211731
}