{
  "best_epoch": 20,
  "peak_worker_0_memory_MB": 2313.5546875,
  "peak_gpu_0_memory_MB": 54.728515625,
  "training_duration": "0:00:04.572645",
  "training_start_epoch": 0,
  "training_epochs": 21,
  "epoch": 21,
  "training_accuracy": 0.9216319342530085,
  "training_loss": 0.4595291299952401,
  "training_worker_0_memory_MB": 2313.5546875,
  "training_gpu_0_memory_MB": 54.728515625,
  "validation_accuracy": 0.7831125827814569,
  "validation_loss": 1.0158319056034089,
  "best_validation_accuracy": 0.7814569536423841,
  "best_validation_loss": 1.0007519245147705
}