{
  "best_epoch": 15,
  "peak_worker_0_memory_MB": 2313.5546875,
  "peak_gpu_0_memory_MB": 54.728515625,
  "training_duration": "0:00:03.324286",
  "training_start_epoch": 0,
  "training_epochs": 15,
  "epoch": 15,
  "training_accuracy": 0.8796595245083652,
  "training_loss": 0.7940839264127943,
  "training_worker_0_memory_MB": 2313.5546875,
  "training_gpu_0_memory_MB": 54.728515625,
  "validation_accuracy": 0.7665562913907285,
  "validation_loss": 1.1880204498767852,
  "best_validation_accuracy": 0.7665562913907285,
  "best_validation_loss": 1.1880204498767852
}