{
  "best_epoch": 71,
  "peak_worker_0_memory_MB": 2327.01171875,
  "peak_gpu_0_memory_MB": 69.92529296875,
  "training_duration": "0:00:19.102075",
  "training_start_epoch": 0,
  "training_epochs": 74,
  "epoch": 74,
  "training_accuracy": 0.9661240651121865,
  "training_loss": 0.20820955438021985,
  "training_worker_0_memory_MB": 2327.01171875,
  "training_gpu_0_memory_MB": 69.92529296875,
  "validation_accuracy": 0.7996688741721855,
  "validation_loss": 0.9137752592563629,
  "best_validation_accuracy": 0.804635761589404,
  "best_validation_loss": 0.8832523286342621
}