{
  "best_epoch": 55,
  "peak_worker_0_memory_MB": 2327.01171875,
  "peak_gpu_0_memory_MB": 69.92529296875,
  "training_duration": "0:00:14.255124",
  "training_start_epoch": 0,
  "training_epochs": 55,
  "epoch": 55,
  "training_accuracy": 0.9395072591289045,
  "training_loss": 0.4006678422705995,
  "training_worker_0_memory_MB": 2327.01171875,
  "training_gpu_0_memory_MB": 69.92529296875,
  "validation_accuracy": 0.793046357615894,
  "validation_loss": 0.9497091054916382,
  "best_validation_accuracy": 0.793046357615894,
  "best_validation_loss": 0.9497091054916382
}