{
  "best_epoch": 51,
  "peak_worker_0_memory_MB": 2327.01171875,
  "peak_gpu_0_memory_MB": 69.92529296875,
  "training_duration": "0:00:13.492681",
  "training_start_epoch": 0,
  "training_epochs": 52,
  "epoch": 52,
  "training_accuracy": 0.9324681038275406,
  "training_loss": 0.4312728889700439,
  "training_worker_0_memory_MB": 2327.01171875,
  "training_gpu_0_memory_MB": 69.92529296875,
  "validation_accuracy": 0.793046357615894,
  "validation_loss": 0.9750510036945343,
  "best_validation_accuracy": 0.7880794701986755,
  "best_validation_loss": 0.9692847043275833
}