{
  "best_epoch": 72,
  "peak_worker_0_memory_MB": 2319.46875,
  "peak_gpu_0_memory_MB": 51.08984375,
  "training_duration": "0:00:19.898987",
  "training_start_epoch": 0,
  "training_epochs": 72,
  "epoch": 72,
  "training_accuracy": 0.955503512880562,
  "training_loss": 0.2981092238159322,
  "training_worker_0_memory_MB": 2319.46875,
  "training_gpu_0_memory_MB": 51.08984375,
  "validation_accuracy": 0.7880794701986755,
  "validation_loss": 0.8930457234382629,
  "best_validation_accuracy": 0.7880794701986755,
  "best_validation_loss": 0.8930457234382629
}