{
  "best_epoch": 41,
  "peak_worker_0_memory_MB": 2319.46875,
  "peak_gpu_0_memory_MB": 51.08984375,
  "training_duration": "0:00:11.739781",
  "training_start_epoch": 0,
  "training_epochs": 42,
  "epoch": 42,
  "training_accuracy": 0.8676814988290398,
  "training_loss": 0.7862269420232346,
  "training_worker_0_memory_MB": 2319.46875,
  "training_gpu_0_memory_MB": 51.08984375,
  "validation_accuracy": 0.7665562913907285,
  "validation_loss": 1.0988495886325835,
  "best_validation_accuracy": 0.7665562913907285,
  "best_validation_loss": 1.0909495234489441
}