{
  "best_epoch": 13,
  "peak_worker_0_memory_MB": 2319.46875,
  "peak_gpu_0_memory_MB": 51.08984375,
  "training_duration": "0:00:03.885845",
  "training_start_epoch": 0,
  "training_epochs": 13,
  "epoch": 13,
  "training_accuracy": 0.5135831381733021,
  "training_loss": 2.468748533903663,
  "training_worker_0_memory_MB": 2319.46875,
  "training_gpu_0_memory_MB": 51.08984375,
  "validation_accuracy": 0.5761589403973509,
  "validation_loss": 2.387395429611206,
  "best_validation_accuracy": 0.5761589403973509,
  "best_validation_loss": 2.387395429611206
}