{
  "best_epoch": 72,
  "peak_worker_0_memory_MB": 2319.46875,
  "peak_gpu_0_memory_MB": 51.08984375,
  "training_duration": "0:00:20.436441",
  "training_start_epoch": 0,
  "training_epochs": 74,
  "epoch": 74,
  "training_accuracy": 0.956440281030445,
  "training_loss": 0.28075210594419225,
  "training_worker_0_memory_MB": 2319.46875,
  "training_gpu_0_memory_MB": 51.08984375,
  "validation_accuracy": 0.7897350993377483,
  "validation_loss": 0.9036645710468292,
  "best_validation_accuracy": 0.7880794701986755,
  "best_validation_loss": 0.8930457234382629
}