{
  "best_epoch": 87,
  "peak_worker_0_memory_MB": 2319.46875,
  "peak_gpu_0_memory_MB": 51.08984375,
  "training_duration": "0:00:24.805990",
  "training_start_epoch": 0,
  "training_epochs": 90,
  "epoch": 90,
  "training_accuracy": 0.9747072599531615,
  "training_loss": 0.1729006776169165,
  "training_worker_0_memory_MB": 2319.46875,
  "training_gpu_0_memory_MB": 51.08984375,
  "validation_accuracy": 0.7963576158940397,
  "validation_loss": 0.8920616626739502,
  "best_validation_accuracy": 0.7963576158940397,
  "best_validation_loss": 0.8659322112798691
}