{
  "best_epoch": 41,
  "peak_worker_0_memory_MB": 2319.46875,
  "peak_gpu_0_memory_MB": 51.08984375,
  "training_duration": "0:00:11.477148",
  "training_start_epoch": 0,
  "training_epochs": 41,
  "epoch": 41,
  "training_accuracy": 0.8627634660421546,
  "training_loss": 0.8162873743185356,
  "training_worker_0_memory_MB": 2319.46875,
  "training_gpu_0_memory_MB": 51.08984375,
  "validation_accuracy": 0.7665562913907285,
  "validation_loss": 1.0909495234489441,
  "best_validation_accuracy": 0.7665562913907285,
  "best_validation_loss": 1.0909495234489441
}