{
  "best_epoch": 26,
  "peak_worker_0_memory_MB": 2319.46875,
  "peak_gpu_0_memory_MB": 51.08984375,
  "training_duration": "0:00:07.438218",
  "training_start_epoch": 0,
  "training_epochs": 26,
  "epoch": 26,
  "training_accuracy": 0.7435597189695551,
  "training_loss": 1.4208655321775978,
  "training_worker_0_memory_MB": 2319.46875,
  "training_gpu_0_memory_MB": 51.08984375,
  "validation_accuracy": 0.7135761589403974,
  "validation_loss": 1.4720286011695862,
  "best_validation_accuracy": 0.7135761589403974,
  "best_validation_loss": 1.4720286011695862
}