{
  "best_epoch": 9,
  "peak_worker_0_memory_MB": 2379.60546875,
  "peak_gpu_0_memory_MB": 89.33056640625,
  "training_duration": "0:00:05.412431",
  "training_start_epoch": 0,
  "training_epochs": 10,
  "epoch": 10,
  "training_accuracy": 0.8284925588094095,
  "training_loss": 0.7243818044662476,
  "training_worker_0_memory_MB": 2379.60546875,
  "training_gpu_0_memory_MB": 89.33056640625,
  "validation_accuracy": 0.7963576158940397,
  "validation_loss": 0.9189869642257691,
  "best_validation_accuracy": 0.7996688741721855,
  "best_validation_loss": 0.896736016869545
}