{
  "best_epoch": 33,
  "peak_worker_0_memory_MB": 2328.29296875,
  "peak_gpu_0_memory_MB": 64.7041015625,
  "training_duration": "0:00:09.306771",
  "training_start_epoch": 0,
  "training_epochs": 33,
  "epoch": 33,
  "training_accuracy": 0.9539689995302959,
  "training_loss": 0.28855502316311227,
  "training_worker_0_memory_MB": 2328.29296875,
  "training_gpu_0_memory_MB": 64.7041015625,
  "validation_accuracy": 0.793046357615894,
  "validation_loss": 0.9709122538566589,
  "best_validation_accuracy": 0.793046357615894,
  "best_validation_loss": 0.9709122538566589
}