{
  "best_epoch": 3,
  "peak_worker_0_memory_MB": 2269.703125,
  "peak_gpu_0_memory_MB": 15.416015625,
  "training_duration": "0:00:00.333041",
  "training_start_epoch": 0,
  "training_epochs": 3,
  "epoch": 3,
  "training_accuracy": 0.7889245585874799,
  "training_loss": 1.2093683451414108,
  "training_worker_0_memory_MB": 2269.703125,
  "training_gpu_0_memory_MB": 15.416015625,
  "validation_accuracy": 0.8112582781456954,
  "validation_loss": 1.1909848749637604,
  "best_validation_accuracy": 0.8112582781456954,
  "best_validation_loss": 1.1909848749637604
}