{
  "best_epoch": 11,
  "peak_worker_0_memory_MB": 2271.328125,
  "peak_gpu_0_memory_MB": 15.515625,
  "training_duration": "0:00:00.930733",
  "training_start_epoch": 0,
  "training_epochs": 11,
  "epoch": 11,
  "training_accuracy": 0.8226324237560193,
  "training_loss": 0.9928345173597336,
  "training_worker_0_memory_MB": 2271.328125,
  "training_gpu_0_memory_MB": 15.515625,
  "validation_accuracy": 0.8096026490066225,
  "validation_loss": 1.2944524168968201,
  "best_validation_accuracy": 0.8096026490066225,
  "best_validation_loss": 1.2944524168968201
}