{
  "best_epoch": 25,
  "peak_worker_0_memory_MB": 2365.1484375,
  "peak_gpu_0_memory_MB": 89.33056640625,
  "training_duration": "0:00:12.931318",
  "training_start_epoch": 0,
  "training_epochs": 26,
  "epoch": 26,
  "training_accuracy": 0.914066250600096,
  "training_loss": 0.6226214036231733,
  "training_worker_0_memory_MB": 2365.1484375,
  "training_gpu_0_memory_MB": 89.33056640625,
  "validation_accuracy": 0.7781456953642384,
  "validation_loss": 1.0090854287147522,
  "best_validation_accuracy": 0.7798013245033113,
  "best_validation_loss": 0.9943388402462006
}