{
  "best_epoch": 32,
  "peak_worker_0_memory_MB": 2365.1484375,
  "peak_gpu_0_memory_MB": 89.33056640625,
  "training_duration": "0:00:16.096422",
  "training_start_epoch": 0,
  "training_epochs": 32,
  "epoch": 32,
  "training_accuracy": 0.9525924147863658,
  "training_loss": 0.39485030365354234,
  "training_worker_0_memory_MB": 2365.1484375,
  "training_gpu_0_memory_MB": 89.33056640625,
  "validation_accuracy": 0.7847682119205298,
  "validation_loss": 0.954610013961792,
  "best_validation_accuracy": 0.7847682119205298,
  "best_validation_loss": 0.954610013961792
}