{
  "best_epoch": 46,
  "peak_worker_0_memory_MB": 2365.1484375,
  "peak_gpu_0_memory_MB": 89.33056640625,
  "training_duration": "0:00:24.437905",
  "training_start_epoch": 0,
  "training_epochs": 49,
  "epoch": 49,
  "training_accuracy": 0.9881180988958234,
  "training_loss": 0.11402450635574246,
  "training_worker_0_memory_MB": 2365.1484375,
  "training_gpu_0_memory_MB": 89.33056640625,
  "validation_accuracy": 0.8062913907284768,
  "validation_loss": 0.9225185632705688,
  "best_validation_accuracy": 0.8013245033112583,
  "best_validation_loss": 0.8958706319332123
}