{
  "best_epoch": 46,
  "peak_worker_0_memory_MB": 2365.1484375,
  "peak_gpu_0_memory_MB": 89.33056640625,
  "training_duration": "0:00:26.533368",
  "training_start_epoch": 0,
  "training_epochs": 53,
  "epoch": 53,
  "training_accuracy": 0.9906385021603457,
  "training_loss": 0.08701526244234947,
  "training_worker_0_memory_MB": 2365.1484375,
  "training_gpu_0_memory_MB": 89.33056640625,
  "validation_accuracy": 0.8079470198675497,
  "validation_loss": 0.904480230808258,
  "best_validation_accuracy": 0.8013245033112583,
  "best_validation_loss": 0.8958706319332123
}