{
  "best_epoch": 1,
  "peak_worker_0_memory_MB": 2365.1484375,
  "peak_gpu_0_memory_MB": 89.33056640625,
  "training_duration": "0:00:00.929306",
  "training_start_epoch": 0,
  "training_epochs": 1,
  "epoch": 1,
  "training_accuracy": 0.1987518002880461,
  "training_loss": 3.817835691320987,
  "training_worker_0_memory_MB": 2365.1484375,
  "training_gpu_0_memory_MB": 89.33056640625,
  "validation_accuracy": 0.5016556291390728,
  "validation_loss": 3.581379699707031,
  "best_validation_accuracy": 0.5016556291390728,
  "best_validation_loss": 3.581379699707031
}