{
  "best_epoch": 8,
  "peak_worker_0_memory_MB": 2365.1484375,
  "peak_gpu_0_memory_MB": 89.33056640625,
  "training_duration": "0:00:04.238736",
  "training_start_epoch": 0,
  "training_epochs": 8,
  "epoch": 8,
  "training_accuracy": 0.5697311569851177,
  "training_loss": 2.495291760859599,
  "training_worker_0_memory_MB": 2365.1484375,
  "training_gpu_0_memory_MB": 89.33056640625,
  "validation_accuracy": 0.6506622516556292,
  "validation_loss": 2.106901168823242,
  "best_validation_accuracy": 0.6506622516556292,
  "best_validation_loss": 2.106901168823242
}