{
  "best_epoch": 53,
  "peak_worker_0_memory_MB": 2298.41015625,
  "peak_gpu_0_memory_MB": 50.91064453125,
  "training_duration": "0:00:39.259469",
  "training_start_epoch": 0,
  "training_epochs": 57,
  "epoch": 57,
  "training_accuracy": 0.6769745089845383,
  "training_loss": 1.203631026180167,
  "training_worker_0_memory_MB": 2298.41015625,
  "training_gpu_0_memory_MB": 50.91064453125,
  "validation_accuracy": 0.7831125827814569,
  "validation_loss": 0.9536561727523803,
  "best_validation_accuracy": 0.7880794701986755,
  "best_validation_loss": 0.9180455863475799
}