{
  "best_epoch": 43,
  "peak_worker_0_memory_MB": 2298.41015625,
  "peak_gpu_0_memory_MB": 50.91064453125,
  "training_duration": "0:00:30.513842",
  "training_start_epoch": 0,
  "training_epochs": 44,
  "epoch": 44,
  "training_accuracy": 0.6489761805265357,
  "training_loss": 1.3116994547216516,
  "training_worker_0_memory_MB": 2298.41015625,
  "training_gpu_0_memory_MB": 50.91064453125,
  "validation_accuracy": 0.7698675496688742,
  "validation_loss": 0.9875524878501892,
  "best_validation_accuracy": 0.7731788079470199,
  "best_validation_loss": 0.982511579990387
}