{
  "best_epoch": 32,
  "peak_worker_0_memory_MB": 2298.41015625,
  "peak_gpu_0_memory_MB": 50.91064453125,
  "training_duration": "0:00:23.827413",
  "training_start_epoch": 0,
  "training_epochs": 34,
  "epoch": 34,
  "training_accuracy": 0.6201420810697869,
  "training_loss": 1.440857813546532,
  "training_worker_0_memory_MB": 2298.41015625,
  "training_gpu_0_memory_MB": 50.91064453125,
  "validation_accuracy": 0.7566225165562914,
  "validation_loss": 1.0711566388607026,
  "best_validation_accuracy": 0.7483443708609272,
  "best_validation_loss": 1.0646032750606538
}