{
  "best_epoch": 1,
  "peak_worker_0_memory_MB": 2298.41015625,
  "peak_gpu_0_memory_MB": 50.91064453125,
  "training_duration": "0:00:01.323083",
  "training_start_epoch": 0,
  "training_epochs": 1,
  "epoch": 1,
  "training_accuracy": 0.04262432093606352,
  "training_loss": 4.245348579005191,
  "training_worker_0_memory_MB": 2298.41015625,
  "training_gpu_0_memory_MB": 50.91064453125,
  "validation_accuracy": 0.16887417218543047,
  "validation_loss": 3.8459327697753904,
  "best_validation_accuracy": 0.16887417218543047,
  "best_validation_loss": 3.8459327697753904
}