{
  "best_epoch": 32,
  "peak_worker_0_memory_MB": 2298.41015625,
  "peak_gpu_0_memory_MB": 50.91064453125,
  "training_duration": "0:00:22.465485",
  "training_start_epoch": 0,
  "training_epochs": 32,
  "epoch": 32,
  "training_accuracy": 0.6172168825741747,
  "training_loss": 1.517199927254727,
  "training_worker_0_memory_MB": 2298.41015625,
  "training_gpu_0_memory_MB": 50.91064453125,
  "validation_accuracy": 0.7483443708609272,
  "validation_loss": 1.0646032750606538,
  "best_validation_accuracy": 0.7483443708609272,
  "best_validation_loss": 1.0646032750606538
}