{
  "best_epoch": 11,
  "peak_worker_0_memory_MB": 2287.45703125,
  "peak_gpu_0_memory_MB": 30.3212890625,
  "training_duration": "0:00:02.130976",
  "training_start_epoch": 0,
  "training_epochs": 12,
  "epoch": 12,
  "training_accuracy": 0.9114082741328876,
  "training_loss": 0.3955483985574622,
  "training_worker_0_memory_MB": 2287.45703125,
  "training_gpu_0_memory_MB": 30.3212890625,
  "validation_accuracy": 0.7980132450331126,
  "validation_loss": 0.9097296237945557,
  "best_validation_accuracy": 0.7963576158940397,
  "best_validation_loss": 0.8786006689071655
}