{
  "best_epoch": 5,
  "peak_worker_0_memory_MB": 2287.45703125,
  "peak_gpu_0_memory_MB": 30.3212890625,
  "training_duration": "0:00:00.964439",
  "training_start_epoch": 0,
  "training_epochs": 5,
  "epoch": 5,
  "training_accuracy": 0.7981613038027581,
  "training_loss": 0.9953353310886183,
  "training_worker_0_memory_MB": 2287.45703125,
  "training_gpu_0_memory_MB": 30.3212890625,
  "validation_accuracy": 0.7582781456953642,
  "validation_loss": 1.0863902390003204,
  "best_validation_accuracy": 0.7582781456953642,
  "best_validation_loss": 1.0863902390003204
}