{
  "best_epoch": 7,
  "peak_worker_0_memory_MB": 2370.390625,
  "peak_gpu_0_memory_MB": 89.33056640625,
  "training_duration": "0:00:03.899457",
  "training_start_epoch": 0,
  "training_epochs": 7,
  "epoch": 7,
  "training_accuracy": 0.6389822371579452,
  "training_loss": 2.0993189911805947,
  "training_worker_0_memory_MB": 2370.390625,
  "training_gpu_0_memory_MB": 89.33056640625,
  "validation_accuracy": 0.6986754966887417,
  "validation_loss": 1.7301860928535462,
  "best_validation_accuracy": 0.6986754966887417,
  "best_validation_loss": 1.7301860928535462
}