{
  "best_epoch": 18,
  "peak_worker_0_memory_MB": 2370.390625,
  "peak_gpu_0_memory_MB": 89.33056640625,
  "training_duration": "0:00:09.205446",
  "training_start_epoch": 0,
  "training_epochs": 18,
  "epoch": 18,
  "training_accuracy": 0.9104656745079213,
  "training_loss": 0.631220773431181,
  "training_worker_0_memory_MB": 2370.390625,
  "training_gpu_0_memory_MB": 89.33056640625,
  "validation_accuracy": 0.7798013245033113,
  "validation_loss": 0.9757642626762391,
  "best_validation_accuracy": 0.7798013245033113,
  "best_validation_loss": 0.9757642626762391
}