{
  "best_epoch": 2,
  "peak_worker_0_memory_MB": 2287.45703125,
  "peak_gpu_0_memory_MB": 30.3212890625,
  "training_duration": "0:00:01.758567",
  "training_start_epoch": 0,
  "training_epochs": 10,
  "epoch": 10,
  "training_accuracy": 0.9891349770162975,
  "training_loss": 0.04575051004557233,
  "training_worker_0_memory_MB": 2287.45703125,
  "training_gpu_0_memory_MB": 30.3212890625,
  "validation_accuracy": 0.7798013245033113,
  "validation_loss": 1.137522155046463,
  "best_validation_accuracy": 0.7947019867549668,
  "best_validation_loss": 0.8862518861889839
}