{
  "best_epoch": 7,
  "peak_worker_0_memory_MB": 2269.6171875,
  "peak_gpu_0_memory_MB": 8.73193359375,
  "training_duration": "0:00:01.098696",
  "training_start_epoch": 0,
  "training_epochs": 7,
  "epoch": 7,
  "training_accuracy": 0.9013790221479314,
  "training_loss": 0.466082810963455,
  "training_worker_0_memory_MB": 2269.6171875,
  "training_gpu_0_memory_MB": 8.73193359375,
  "validation_accuracy": 0.8311258278145696,
  "validation_loss": 0.8638228118419647,
  "best_validation_accuracy": 0.8311258278145696,
  "best_validation_loss": 0.8638228118419647
}