{
  "best_epoch": 9,
  "peak_worker_0_memory_MB": 2269.6171875,
  "peak_gpu_0_memory_MB": 8.73193359375,
  "training_duration": "0:00:01.365741",
  "training_start_epoch": 0,
  "training_epochs": 9,
  "epoch": 9,
  "training_accuracy": 0.9059757626410364,
  "training_loss": 0.39928510941957174,
  "training_worker_0_memory_MB": 2269.6171875,
  "training_gpu_0_memory_MB": 8.73193359375,
  "validation_accuracy": 0.8344370860927153,
  "validation_loss": 0.8606798768043518,
  "best_validation_accuracy": 0.8344370860927153,
  "best_validation_loss": 0.8606798768043518
}