{
  "best_epoch": 21,
  "peak_worker_0_memory_MB": 2317.36328125,
  "peak_gpu_0_memory_MB": 51.4853515625,
  "training_duration": "0:00:06.122885",
  "training_start_epoch": 0,
  "training_epochs": 22,
  "epoch": 22,
  "training_accuracy": 0.8800936768149883,
  "training_loss": 0.7025195257877236,
  "training_worker_0_memory_MB": 2317.36328125,
  "training_gpu_0_memory_MB": 51.4853515625,
  "validation_accuracy": 0.7764900662251656,
  "validation_loss": 1.1067804396152496,
  "best_validation_accuracy": 0.7781456953642384,
  "best_validation_loss": 1.1032147824764251
}