{
  "best_epoch": 31,
  "peak_worker_0_memory_MB": 2319.734375,
  "peak_gpu_0_memory_MB": 51.08984375,
  "training_duration": "0:00:08.205586",
  "training_start_epoch": 0,
  "training_epochs": 31,
  "epoch": 31,
  "training_accuracy": 0.8449648711943794,
  "training_loss": 0.8769729546646574,
  "training_worker_0_memory_MB": 2319.734375,
  "training_gpu_0_memory_MB": 51.08984375,
  "validation_accuracy": 0.7698675496688742,
  "validation_loss": 1.1036157608032227,
  "best_validation_accuracy": 0.7698675496688742,
  "best_validation_loss": 1.1036157608032227
}