{
  "best_epoch": 60,
  "peak_worker_0_memory_MB": 2319.734375,
  "peak_gpu_0_memory_MB": 51.08984375,
  "training_duration": "0:00:15.753396",
  "training_start_epoch": 0,
  "training_epochs": 60,
  "epoch": 60,
  "training_accuracy": 0.9526932084309133,
  "training_loss": 0.29118738579216286,
  "training_worker_0_memory_MB": 2319.734375,
  "training_gpu_0_memory_MB": 51.08984375,
  "validation_accuracy": 0.7913907284768212,
  "validation_loss": 0.8857439637184144,
  "best_validation_accuracy": 0.7913907284768212,
  "best_validation_loss": 0.8857439637184144
}