{
  "best_epoch": 60,
  "peak_worker_0_memory_MB": 2319.734375,
  "peak_gpu_0_memory_MB": 51.08984375,
  "training_duration": "0:00:16.823310",
  "training_start_epoch": 0,
  "training_epochs": 64,
  "epoch": 64,
  "training_accuracy": 0.9576112412177986,
  "training_loss": 0.2563030741997619,
  "training_worker_0_memory_MB": 2319.734375,
  "training_gpu_0_memory_MB": 51.08984375,
  "validation_accuracy": 0.7963576158940397,
  "validation_loss": 0.9042829215526581,
  "best_validation_accuracy": 0.7913907284768212,
  "best_validation_loss": 0.8857439637184144
}