{
  "best_epoch": 11,
  "peak_worker_0_memory_MB": 2269.703125,
  "peak_gpu_0_memory_MB": 15.416015625,
  "training_duration": "0:00:01.296147",
  "training_start_epoch": 0,
  "training_epochs": 14,
  "epoch": 14,
  "training_accuracy": 0.8756019261637239,
  "training_loss": 0.3483053058385849,
  "training_worker_0_memory_MB": 2269.703125,
  "training_gpu_0_memory_MB": 15.416015625,
  "validation_accuracy": 0.7980132450331126,
  "validation_loss": 1.0881855368614197,
  "best_validation_accuracy": 0.8079470198675497,
  "best_validation_loss": 1.0765378594398498
}