{
  "best_epoch": 56,
  "peak_worker_0_memory_MB": 2331.1796875,
  "peak_gpu_0_memory_MB": 65.09326171875,
  "training_duration": "0:00:15.415955",
  "training_start_epoch": 0,
  "training_epochs": 59,
  "epoch": 59,
  "training_accuracy": 0.9791569086651054,
  "training_loss": 0.11996562139534239,
  "training_worker_0_memory_MB": 2331.1796875,
  "training_gpu_0_memory_MB": 65.09326171875,
  "validation_accuracy": 0.8062913907284768,
  "validation_loss": 0.9069631457328796,
  "best_validation_accuracy": 0.8029801324503312,
  "best_validation_loss": 0.8668364077806473
}