{
  "best_epoch": 21,
  "peak_worker_0_memory_MB": 2331.1796875,
  "peak_gpu_0_memory_MB": 65.09326171875,
  "training_duration": "0:00:05.697556",
  "training_start_epoch": 0,
  "training_epochs": 21,
  "epoch": 21,
  "training_accuracy": 0.8665105386416861,
  "training_loss": 0.8555341300679676,
  "training_worker_0_memory_MB": 2331.1796875,
  "training_gpu_0_memory_MB": 65.09326171875,
  "validation_accuracy": 0.7632450331125827,
  "validation_loss": 1.1740798830986023,
  "best_validation_accuracy": 0.7632450331125827,
  "best_validation_loss": 1.1740798830986023
}