{
  "best_epoch": 36,
  "peak_worker_0_memory_MB": 2331.1796875,
  "peak_gpu_0_memory_MB": 65.09326171875,
  "training_duration": "0:00:09.555880",
  "training_start_epoch": 0,
  "training_epochs": 36,
  "epoch": 36,
  "training_accuracy": 0.9456674473067915,
  "training_loss": 0.3355279124494809,
  "training_worker_0_memory_MB": 2331.1796875,
  "training_gpu_0_memory_MB": 65.09326171875,
  "validation_accuracy": 0.7847682119205298,
  "validation_loss": 0.9226808845996857,
  "best_validation_accuracy": 0.7847682119205298,
  "best_validation_loss": 0.9226808845996857
}