{
  "best_epoch": 56,
  "peak_worker_0_memory_MB": 2331.1796875,
  "peak_gpu_0_memory_MB": 65.09326171875,
  "training_duration": "0:00:14.650998",
  "training_start_epoch": 0,
  "training_epochs": 56,
  "epoch": 56,
  "training_accuracy": 0.9770491803278688,
  "training_loss": 0.13242610299320362,
  "training_worker_0_memory_MB": 2331.1796875,
  "training_gpu_0_memory_MB": 65.09326171875,
  "validation_accuracy": 0.8029801324503312,
  "validation_loss": 0.8668364077806473,
  "best_validation_accuracy": 0.8029801324503312,
  "best_validation_loss": 0.8668364077806473
}