{
  "best_epoch": 11,
  "peak_worker_0_memory_MB": 2316.89453125,
  "peak_gpu_0_memory_MB": 51.4853515625,
  "training_duration": "0:00:03.237433",
  "training_start_epoch": 0,
  "training_epochs": 11,
  "epoch": 11,
  "training_accuracy": 0.8128805620608899,
  "training_loss": 1.0728371081067556,
  "training_worker_0_memory_MB": 2316.89453125,
  "training_gpu_0_memory_MB": 51.4853515625,
  "validation_accuracy": 0.7615894039735099,
  "validation_loss": 1.2417739093303681,
  "best_validation_accuracy": 0.7615894039735099,
  "best_validation_loss": 1.2417739093303681
}