{
  "best_epoch": 36,
  "peak_worker_0_memory_MB": 2316.89453125,
  "peak_gpu_0_memory_MB": 51.4853515625,
  "training_duration": "0:00:09.950699",
  "training_start_epoch": 0,
  "training_epochs": 36,
  "epoch": 36,
  "training_accuracy": 0.977751756440281,
  "training_loss": 0.141823035233946,
  "training_worker_0_memory_MB": 2316.89453125,
  "training_gpu_0_memory_MB": 51.4853515625,
  "validation_accuracy": 0.7980132450331126,
  "validation_loss": 0.8737828314304352,
  "best_validation_accuracy": 0.7980132450331126,
  "best_validation_loss": 0.8737828314304352
}