{
  "best_epoch": 5,
  "peak_worker_0_memory_MB": 2316.89453125,
  "peak_gpu_0_memory_MB": 51.4853515625,
  "training_duration": "0:00:01.617141",
  "training_start_epoch": 0,
  "training_epochs": 5,
  "epoch": 5,
  "training_accuracy": 0.5693208430913349,
  "training_loss": 2.2604921113199263,
  "training_worker_0_memory_MB": 2316.89453125,
  "training_gpu_0_memory_MB": 51.4853515625,
  "validation_accuracy": 0.6341059602649006,
  "validation_loss": 2.0836906313896177,
  "best_validation_accuracy": 0.6341059602649006,
  "best_validation_loss": 2.0836906313896177
}