{
  "best_epoch": 1,
  "peak_worker_0_memory_MB": 2316.89453125,
  "peak_gpu_0_memory_MB": 51.4853515625,
  "training_duration": "0:00:00.552334",
  "training_start_epoch": 0,
  "training_epochs": 1,
  "epoch": 1,
  "training_accuracy": 0.2180327868852459,
  "training_loss": 3.4337109345108714,
  "training_worker_0_memory_MB": 2316.89453125,
  "training_gpu_0_memory_MB": 51.4853515625,
  "validation_accuracy": 0.347682119205298,
  "validation_loss": 3.136370038986206,
  "best_validation_accuracy": 0.347682119205298,
  "best_validation_loss": 3.136370038986206
}