{
  "best_epoch": 1,
  "peak_worker_0_memory_MB": 2319.48828125,
  "peak_gpu_0_memory_MB": 51.08984375,
  "training_duration": "0:00:00.526784",
  "training_start_epoch": 0,
  "training_epochs": 1,
  "epoch": 1,
  "training_accuracy": 0.3110070257611241,
  "training_loss": 3.180377846333518,
  "training_worker_0_memory_MB": 2319.48828125,
  "training_gpu_0_memory_MB": 51.08984375,
  "validation_accuracy": 0.44370860927152317,
  "validation_loss": 2.877828502655029,
  "best_validation_accuracy": 0.44370860927152317,
  "best_validation_loss": 2.877828502655029
}