{
  "best_epoch": 0,
  "peak_worker_0_memory_MB": 2318.11328125,
  "peak_gpu_0_memory_MB": 51.84521484375,
  "training_duration": "0:00:00.262428",
  "training_start_epoch": 0,
  "training_epochs": 0,
  "epoch": 0,
  "training_accuracy": 0.13873798579189303,
  "training_loss": 3.8488628174129285,
  "training_worker_0_memory_MB": 2318.11328125,
  "training_gpu_0_memory_MB": 51.84521484375,
  "validation_accuracy": 0.3394039735099338,
  "validation_loss": 3.1805451631546022,
  "best_validation_accuracy": 0.3394039735099338,
  "best_validation_loss": 3.1805451631546022
}