{
  "best_epoch": 9,
  "peak_worker_0_memory_MB": 2370.390625,
  "peak_gpu_0_memory_MB": 89.33056640625,
  "training_duration": "0:00:06.454434",
  "training_start_epoch": 0,
  "training_epochs": 12,
  "epoch": 12,
  "training_accuracy": 0.9908785405664906,
  "training_loss": 0.08538070288380138,
  "training_worker_0_memory_MB": 2370.390625,
  "training_gpu_0_memory_MB": 89.33056640625,
  "validation_accuracy": 0.7996688741721855,
  "validation_loss": 0.9125844538211823,
  "best_validation_accuracy": 0.8013245033112583,
  "best_validation_loss": 0.8807709217071533
}