{
  "best_epoch": 0,
  "peak_worker_0_memory_MB": 2370.390625,
  "peak_gpu_0_memory_MB": 89.33056640625,
  "training_duration": "0:00:00.486398",
  "training_start_epoch": 0,
  "training_epochs": 0,
  "epoch": 0,
  "training_accuracy": 0.24759961593855018,
  "training_loss": 3.696248502221726,
  "training_worker_0_memory_MB": 2370.390625,
  "training_gpu_0_memory_MB": 89.33056640625,
  "validation_accuracy": 0.5066225165562914,
  "validation_loss": 2.9024577856063845,
  "best_validation_accuracy": 0.5066225165562914,
  "best_validation_loss": 2.9024577856063845
}