{
  "best_epoch": 69,
  "peak_worker_0_memory_MB": 2316.54296875,
  "peak_gpu_0_memory_MB": 51.12255859375,
  "training_duration": "0:00:48.918277",
  "training_start_epoch": 0,
  "training_epochs": 72,
  "epoch": 72,
  "training_accuracy": 0.6832427914751358,
  "training_loss": 1.210707364897979,
  "training_worker_0_memory_MB": 2316.54296875,
  "training_gpu_0_memory_MB": 51.12255859375,
  "validation_accuracy": 0.7814569536423841,
  "validation_loss": 0.9600212067365647,
  "best_validation_accuracy": 0.7864238410596026,
  "best_validation_loss": 0.9088156044483184
}