{
  "best_epoch": 69,
  "peak_worker_0_memory_MB": 2316.54296875,
  "peak_gpu_0_memory_MB": 51.12255859375,
  "training_duration": "0:00:49.592198",
  "training_start_epoch": 0,
  "training_epochs": 73,
  "epoch": 73,
  "training_accuracy": 0.6761387379857919,
  "training_loss": 1.2230151562314284,
  "training_worker_0_memory_MB": 2316.54296875,
  "training_gpu_0_memory_MB": 51.12255859375,
  "validation_accuracy": 0.7847682119205298,
  "validation_loss": 0.9595690190792083,
  "best_validation_accuracy": 0.7864238410596026,
  "best_validation_loss": 0.9088156044483184
}