{
  "best_epoch": 43,
  "peak_worker_0_memory_MB": 2316.54296875,
  "peak_gpu_0_memory_MB": 51.12255859375,
  "training_duration": "0:00:29.563375",
  "training_start_epoch": 0,
  "training_epochs": 43,
  "epoch": 43,
  "training_accuracy": 0.6067697450898454,
  "training_loss": 1.5597017815238552,
  "training_worker_0_memory_MB": 2316.54296875,
  "training_gpu_0_memory_MB": 51.12255859375,
  "validation_accuracy": 0.7549668874172185,
  "validation_loss": 1.1009838700294494,
  "best_validation_accuracy": 0.7549668874172185,
  "best_validation_loss": 1.1009838700294494
}