{
  "best_epoch": 9,
  "peak_worker_0_memory_MB": 2316.54296875,
  "peak_gpu_0_memory_MB": 51.12255859375,
  "training_duration": "0:00:06.678542",
  "training_start_epoch": 0,
  "training_epochs": 9,
  "epoch": 9,
  "training_accuracy": 0.1984956122022566,
  "training_loss": 3.291351650890551,
  "training_worker_0_memory_MB": 2316.54296875,
  "training_gpu_0_memory_MB": 51.12255859375,
  "validation_accuracy": 0.3079470198675497,
  "validation_loss": 2.9034961462020874,
  "best_validation_accuracy": 0.3079470198675497,
  "best_validation_loss": 2.9034961462020874
}