{
  "best_epoch": 42,
  "peak_worker_0_memory_MB": 2316.54296875,
  "peak_gpu_0_memory_MB": 51.12255859375,
  "training_duration": "0:00:28.887040",
  "training_start_epoch": 0,
  "training_epochs": 42,
  "epoch": 42,
  "training_accuracy": 0.6030087755954868,
  "training_loss": 1.5863074942639,
  "training_worker_0_memory_MB": 2316.54296875,
  "training_gpu_0_memory_MB": 51.12255859375,
  "validation_accuracy": 0.7466887417218543,
  "validation_loss": 1.1146173894405365,
  "best_validation_accuracy": 0.7466887417218543,
  "best_validation_loss": 1.1146173894405365
}