{
  "best_epoch": 12,
  "peak_worker_0_memory_MB": 2316.54296875,
  "peak_gpu_0_memory_MB": 51.12255859375,
  "training_duration": "0:00:08.708596",
  "training_start_epoch": 0,
  "training_epochs": 12,
  "epoch": 12,
  "training_accuracy": 0.26744671959882993,
  "training_loss": 2.9887867287585608,
  "training_worker_0_memory_MB": 2316.54296875,
  "training_gpu_0_memory_MB": 51.12255859375,
  "validation_accuracy": 0.46357615894039733,
  "validation_loss": 2.5934928178787233,
  "best_validation_accuracy": 0.46357615894039733,
  "best_validation_loss": 2.5934928178787233
}