{
  "best_epoch": 63,
  "peak_worker_0_memory_MB": 2316.54296875,
  "peak_gpu_0_memory_MB": 51.12255859375,
  "training_duration": "0:00:44.850894",
  "training_start_epoch": 0,
  "training_epochs": 66,
  "epoch": 66,
  "training_accuracy": 0.6736314249895529,
  "training_loss": 1.2071641024790312,
  "training_worker_0_memory_MB": 2316.54296875,
  "training_gpu_0_memory_MB": 51.12255859375,
  "validation_accuracy": 0.7831125827814569,
  "validation_loss": 0.9701061010360718,
  "best_validation_accuracy": 0.7798013245033113,
  "best_validation_loss": 0.9436483979225159
}