{
  "best_epoch": 17,
  "peak_worker_0_memory_MB": 2289.26171875,
  "peak_gpu_0_memory_MB": 30.3212890625,
  "training_duration": "0:00:03.556998",
  "training_start_epoch": 0,
  "training_epochs": 18,
  "epoch": 18,
  "training_accuracy": 0.9544504805683243,
  "training_loss": 0.2443900531844089,
  "training_worker_0_memory_MB": 2289.26171875,
  "training_gpu_0_memory_MB": 30.3212890625,
  "validation_accuracy": 0.7947019867549668,
  "validation_loss": 0.9006365954875946,
  "best_validation_accuracy": 0.7913907284768212,
  "best_validation_loss": 0.8945711612701416
}