{
  "best_epoch": 0,
  "peak_worker_0_memory_MB": 2289.26171875,
  "peak_gpu_0_memory_MB": 30.3212890625,
  "training_duration": "0:00:00.194807",
  "training_start_epoch": 0,
  "training_epochs": 0,
  "epoch": 0,
  "training_accuracy": 0.18303384872544923,
  "training_loss": 3.782623027500353,
  "training_worker_0_memory_MB": 2289.26171875,
  "training_gpu_0_memory_MB": 30.3212890625,
  "validation_accuracy": 0.24006622516556292,
  "validation_loss": 3.3464389562606813,
  "best_validation_accuracy": 0.24006622516556292,
  "best_validation_loss": 3.3464389562606813
}