{
  "best_epoch": 22,
  "peak_worker_0_memory_MB": 2289.26171875,
  "peak_gpu_0_memory_MB": 30.3212890625,
  "training_duration": "0:00:04.240722",
  "training_start_epoch": 0,
  "training_epochs": 22,
  "epoch": 22,
  "training_accuracy": 0.9674049310488926,
  "training_loss": 0.16885759406968168,
  "training_worker_0_memory_MB": 2289.26171875,
  "training_gpu_0_memory_MB": 30.3212890625,
  "validation_accuracy": 0.804635761589404,
  "validation_loss": 0.8663103014230729,
  "best_validation_accuracy": 0.804635761589404,
  "best_validation_loss": 0.8663103014230729
}