{
  "best_epoch": 6,
  "peak_worker_0_memory_MB": 2289.26171875,
  "peak_gpu_0_memory_MB": 30.3212890625,
  "training_duration": "0:00:01.319984",
  "training_start_epoch": 0,
  "training_epochs": 6,
  "epoch": 6,
  "training_accuracy": 0.7898035938152946,
  "training_loss": 1.163847305272755,
  "training_worker_0_memory_MB": 2289.26171875,
  "training_gpu_0_memory_MB": 30.3212890625,
  "validation_accuracy": 0.7301324503311258,
  "validation_loss": 1.355293083190918,
  "best_validation_accuracy": 0.7301324503311258,
  "best_validation_loss": 1.355293083190918
}