{
  "best_epoch": 5,
  "peak_worker_0_memory_MB": 2289.26171875,
  "peak_gpu_0_memory_MB": 30.3212890625,
  "training_duration": "0:00:01.101040",
  "training_start_epoch": 0,
  "training_epochs": 5,
  "epoch": 5,
  "training_accuracy": 0.739657333890514,
  "training_loss": 1.4162727751229938,
  "training_worker_0_memory_MB": 2289.26171875,
  "training_gpu_0_memory_MB": 30.3212890625,
  "validation_accuracy": 0.7052980132450332,
  "validation_loss": 1.5283202528953552,
  "best_validation_accuracy": 0.7052980132450332,
  "best_validation_loss": 1.5283202528953552
}