{
  "best_epoch": 40,
  "peak_worker_0_memory_MB": 2316.55078125,
  "peak_gpu_0_memory_MB": 62.47802734375,
  "training_duration": "0:00:12.415683",
  "training_start_epoch": 0,
  "training_epochs": 45,
  "epoch": 45,
  "training_accuracy": 0.8688524590163934,
  "training_loss": 0.5321958652183191,
  "training_worker_0_memory_MB": 2316.55078125,
  "training_gpu_0_memory_MB": 62.47802734375,
  "validation_accuracy": 0.8062913907284768,
  "validation_loss": 0.8869902849197387,
  "best_validation_accuracy": 0.8029801324503312,
  "best_validation_loss": 0.8672037541866302
}