{
  "best_epoch": 40,
  "peak_worker_0_memory_MB": 2316.55078125,
  "peak_gpu_0_memory_MB": 62.47802734375,
  "training_duration": "0:00:11.613690",
  "training_start_epoch": 0,
  "training_epochs": 42,
  "epoch": 42,
  "training_accuracy": 0.8548009367681498,
  "training_loss": 0.5848486926128615,
  "training_worker_0_memory_MB": 2316.55078125,
  "training_gpu_0_memory_MB": 62.47802734375,
  "validation_accuracy": 0.804635761589404,
  "validation_loss": 0.8983693480491638,
  "best_validation_accuracy": 0.8029801324503312,
  "best_validation_loss": 0.8672037541866302
}