{
  "best_epoch": 12,
  "peak_worker_0_memory_MB": 2365.1171875,
  "peak_gpu_0_memory_MB": 75.88427734375,
  "training_duration": "0:00:07.304577",
  "training_start_epoch": 0,
  "training_epochs": 12,
  "epoch": 12,
  "training_accuracy": 0.5961353816610657,
  "training_loss": 2.33951214160628,
  "training_worker_0_memory_MB": 2365.1171875,
  "training_gpu_0_memory_MB": 75.88427734375,
  "validation_accuracy": 0.6754966887417219,
  "validation_loss": 1.949381935596466,
  "best_validation_accuracy": 0.6754966887417219,
  "best_validation_loss": 1.949381935596466
}