{
  "best_epoch": 46,
  "peak_worker_0_memory_MB": 2365.140625,
  "peak_gpu_0_memory_MB": 75.88427734375,
  "training_duration": "0:00:25.168356",
  "training_start_epoch": 0,
  "training_epochs": 46,
  "epoch": 46,
  "training_accuracy": 0.9548727796447432,
  "training_loss": 0.3577974925514396,
  "training_worker_0_memory_MB": 2365.140625,
  "training_gpu_0_memory_MB": 75.88427734375,
  "validation_accuracy": 0.7897350993377483,
  "validation_loss": 0.9070951253175735,
  "best_validation_accuracy": 0.7897350993377483,
  "best_validation_loss": 0.9070951253175735
}