{
  "best_epoch": 15,
  "peak_worker_0_memory_MB": 2271.57421875,
  "peak_gpu_0_memory_MB": 15.515625,
  "training_duration": "0:00:01.256224",
  "training_start_epoch": 0,
  "training_epochs": 15,
  "epoch": 15,
  "training_accuracy": 0.8154093097913323,
  "training_loss": 1.1483736366033555,
  "training_worker_0_memory_MB": 2271.57421875,
  "training_gpu_0_memory_MB": 15.515625,
  "validation_accuracy": 0.7831125827814569,
  "validation_loss": 1.431648600101471,
  "best_validation_accuracy": 0.7831125827814569,
  "best_validation_loss": 1.431648600101471
}