{
  "best_epoch": 8,
  "peak_worker_0_memory_MB": 2305.171875,
  "peak_gpu_0_memory_MB": 54.28173828125,
  "training_duration": "0:00:02.118614",
  "training_start_epoch": 0,
  "training_epochs": 8,
  "epoch": 8,
  "training_accuracy": 0.1451990632318501,
  "training_loss": 3.489714875150083,
  "training_worker_0_memory_MB": 2305.171875,
  "training_gpu_0_memory_MB": 54.28173828125,
  "validation_accuracy": 0.3526490066225166,
  "validation_loss": 3.2141408920288086,
  "best_validation_accuracy": 0.3526490066225166,
  "best_validation_loss": 3.2141408920288086
}