{
  "best_epoch": 21,
  "peak_worker_0_memory_MB": 2305.171875,
  "peak_gpu_0_memory_MB": 54.28173828125,
  "training_duration": "0:00:05.243725",
  "training_start_epoch": 0,
  "training_epochs": 21,
  "epoch": 21,
  "training_accuracy": 0.2208430913348946,
  "training_loss": 3.094337804993587,
  "training_worker_0_memory_MB": 2305.171875,
  "training_gpu_0_memory_MB": 54.28173828125,
  "validation_accuracy": 0.48344370860927155,
  "validation_loss": 2.66643340587616,
  "best_validation_accuracy": 0.48344370860927155,
  "best_validation_loss": 2.66643340587616
}