{
  "best_epoch": 40,
  "peak_worker_0_memory_MB": 2305.171875,
  "peak_gpu_0_memory_MB": 54.28173828125,
  "training_duration": "0:00:09.804224",
  "training_start_epoch": 0,
  "training_epochs": 40,
  "epoch": 40,
  "training_accuracy": 0.2955503512880562,
  "training_loss": 2.7099985293488005,
  "training_worker_0_memory_MB": 2305.171875,
  "training_gpu_0_memory_MB": 54.28173828125,
  "validation_accuracy": 0.6258278145695364,
  "validation_loss": 2.125019836425781,
  "best_validation_accuracy": 0.6258278145695364,
  "best_validation_loss": 2.125019836425781
}