{
  "best_epoch": 72,
  "peak_worker_0_memory_MB": 2305.171875,
  "peak_gpu_0_memory_MB": 54.28173828125,
  "training_duration": "0:00:17.759028",
  "training_start_epoch": 0,
  "training_epochs": 73,
  "epoch": 73,
  "training_accuracy": 0.3578454332552693,
  "training_loss": 2.3973254232264276,
  "training_worker_0_memory_MB": 2305.171875,
  "training_gpu_0_memory_MB": 54.28173828125,
  "validation_accuracy": 0.7036423841059603,
  "validation_loss": 1.6825087785720825,
  "best_validation_accuracy": 0.7003311258278145,
  "best_validation_loss": 1.6542608380317687
}