{
  "best_epoch": 59,
  "peak_worker_0_memory_MB": 2305.171875,
  "peak_gpu_0_memory_MB": 54.28173828125,
  "training_duration": "0:00:14.390354",
  "training_start_epoch": 0,
  "training_epochs": 59,
  "epoch": 59,
  "training_accuracy": 0.33934426229508197,
  "training_loss": 2.4992055074492496,
  "training_worker_0_memory_MB": 2305.171875,
  "training_gpu_0_memory_MB": 54.28173828125,
  "validation_accuracy": 0.6804635761589404,
  "validation_loss": 1.809437906742096,
  "best_validation_accuracy": 0.6804635761589404,
  "best_validation_loss": 1.809437906742096
}