{
  "best_epoch": 15,
  "peak_worker_0_memory_MB": 2316.54296875,
  "peak_gpu_0_memory_MB": 51.12255859375,
  "training_duration": "0:00:15.303512",
  "training_start_epoch": 0,
  "training_epochs": 22,
  "epoch": 22,
  "training_accuracy": 0.8591725867112411,
  "training_loss": 0.5029514749583445,
  "training_worker_0_memory_MB": 2316.54296875,
  "training_gpu_0_memory_MB": 51.12255859375,
  "validation_accuracy": 0.7947019867549668,
  "validation_loss": 1.0120176434516908,
  "best_validation_accuracy": 0.7880794701986755,
  "best_validation_loss": 0.9614750683307648
}