{
  "best_epoch": 19,
  "peak_worker_0_memory_MB": 2313.5546875,
  "peak_gpu_0_memory_MB": 54.728515625,
  "training_duration": "0:00:04.156810",
  "training_start_epoch": 0,
  "training_epochs": 19,
  "epoch": 19,
  "training_accuracy": 0.9324919283827414,
  "training_loss": 0.40124035212728715,
  "training_worker_0_memory_MB": 2313.5546875,
  "training_gpu_0_memory_MB": 54.728515625,
  "validation_accuracy": 0.7864238410596026,
  "validation_loss": 0.9605685770511627,
  "best_validation_accuracy": 0.7864238410596026,
  "best_validation_loss": 0.9605685770511627
}