{
  "best_epoch": 28,
  "peak_worker_0_memory_MB": 2313.5546875,
  "peak_gpu_0_memory_MB": 54.728515625,
  "training_duration": "0:00:06.854047",
  "training_start_epoch": 0,
  "training_epochs": 32,
  "epoch": 32,
  "training_accuracy": 0.971822717933666,
  "training_loss": 0.15029043787055546,
  "training_worker_0_memory_MB": 2313.5546875,
  "training_gpu_0_memory_MB": 54.728515625,
  "validation_accuracy": 0.8112582781456954,
  "validation_loss": 0.8725786328315734,
  "best_validation_accuracy": 0.804635761589404,
  "best_validation_loss": 0.8706166565418243
}