{
  "best_epoch": 6,
  "peak_worker_0_memory_MB": 2328.29296875,
  "peak_gpu_0_memory_MB": 64.7041015625,
  "training_duration": "0:00:01.848537",
  "training_start_epoch": 0,
  "training_epochs": 6,
  "epoch": 6,
  "training_accuracy": 0.8158759981211836,
  "training_loss": 1.14588290363995,
  "training_worker_0_memory_MB": 2328.29296875,
  "training_gpu_0_memory_MB": 64.7041015625,
  "validation_accuracy": 0.7334437086092715,
  "validation_loss": 1.3302098095417023,
  "best_validation_accuracy": 0.7334437086092715,
  "best_validation_loss": 1.3302098095417023
}