{
  "best_epoch": 11,
  "peak_worker_0_memory_MB": 2370.390625,
  "peak_gpu_0_memory_MB": 89.33056640625,
  "training_duration": "0:00:10.387520",
  "training_start_epoch": 0,
  "training_epochs": 20,
  "epoch": 20,
  "training_accuracy": 0.9949591934709554,
  "training_loss": 0.04247241734548379,
  "training_worker_0_memory_MB": 2370.390625,
  "training_gpu_0_memory_MB": 89.33056640625,
  "validation_accuracy": 0.8079470198675497,
  "validation_loss": 0.9539747893810272,
  "best_validation_accuracy": 0.7963576158940397,
  "best_validation_loss": 0.8863319218158722
}