{
  "best_epoch": 52,
  "peak_worker_0_memory_MB": 2314.08984375,
  "peak_gpu_0_memory_MB": 51.12255859375,
  "training_duration": "0:00:34.948209",
  "training_start_epoch": 0,
  "training_epochs": 52,
  "epoch": 52,
  "training_accuracy": 0.4559130798161304,
  "training_loss": 2.169069977183091,
  "training_worker_0_memory_MB": 2314.08984375,
  "training_gpu_0_memory_MB": 51.12255859375,
  "validation_accuracy": 0.6721854304635762,
  "validation_loss": 1.581240427494049,
  "best_validation_accuracy": 0.6721854304635762,
  "best_validation_loss": 1.581240427494049
}