{
  "best_epoch": 3,
  "peak_worker_0_memory_MB": 2314.08984375,
  "peak_gpu_0_memory_MB": 51.12255859375,
  "training_duration": "0:00:02.631706",
  "training_start_epoch": 0,
  "training_epochs": 3,
  "epoch": 3,
  "training_accuracy": 0.024655244463017135,
  "training_loss": 4.713149610318635,
  "training_worker_0_memory_MB": 2314.08984375,
  "training_gpu_0_memory_MB": 51.12255859375,
  "validation_accuracy": 0.09105960264900662,
  "validation_loss": 4.091902494430542,
  "best_validation_accuracy": 0.09105960264900662,
  "best_validation_loss": 4.091902494430542
}