{
  "best_epoch": 4,
  "peak_worker_0_memory_MB": 2315.51171875,
  "peak_gpu_0_memory_MB": 51.84521484375,
  "training_duration": "0:00:01.395872",
  "training_start_epoch": 0,
  "training_epochs": 4,
  "epoch": 4,
  "training_accuracy": 0.3777684914333473,
  "training_loss": 2.7766570605729757,
  "training_worker_0_memory_MB": 2315.51171875,
  "training_gpu_0_memory_MB": 51.84521484375,
  "validation_accuracy": 0.4817880794701987,
  "validation_loss": 2.615951728820801,
  "best_validation_accuracy": 0.4817880794701987,
  "best_validation_loss": 2.615951728820801
}