{
  "best_epoch": 11,
  "peak_worker_0_memory_MB": 2315.51171875,
  "peak_gpu_0_memory_MB": 51.84521484375,
  "training_duration": "0:00:03.254490",
  "training_start_epoch": 0,
  "training_epochs": 11,
  "epoch": 11,
  "training_accuracy": 0.7781027998328458,
  "training_loss": 0.9987560447893644,
  "training_worker_0_memory_MB": 2315.51171875,
  "training_gpu_0_memory_MB": 51.84521484375,
  "validation_accuracy": 0.7781456953642384,
  "validation_loss": 1.129337626695633,
  "best_validation_accuracy": 0.7781456953642384,
  "best_validation_loss": 1.129337626695633
}