{
  "best_epoch": 15,
  "peak_worker_0_memory_MB": 2315.51171875,
  "peak_gpu_0_memory_MB": 51.84521484375,
  "training_duration": "0:00:06.141980",
  "training_start_epoch": 0,
  "training_epochs": 22,
  "epoch": 22,
  "training_accuracy": 0.8934391976598413,
  "training_loss": 0.3903977447434476,
  "training_worker_0_memory_MB": 2315.51171875,
  "training_gpu_0_memory_MB": 51.84521484375,
  "validation_accuracy": 0.7996688741721855,
  "validation_loss": 1.0733667671680451,
  "best_validation_accuracy": 0.7947019867549668,
  "best_validation_loss": 1.027805921435356
}