{
  "best_epoch": 0,
  "peak_worker_0_memory_MB": 2319.46875,
  "peak_gpu_0_memory_MB": 51.08984375,
  "training_duration": "0:00:00.715251",
  "training_start_epoch": 0,
  "training_epochs": 0,
  "epoch": 0,
  "training_accuracy": 0.197423887587822,
  "training_loss": 3.9728473620628244,
  "training_worker_0_memory_MB": 2319.46875,
  "training_gpu_0_memory_MB": 51.08984375,
  "validation_accuracy": 0.33278145695364236,
  "validation_loss": 3.5839035987854,
  "best_validation_accuracy": 0.33278145695364236,
  "best_validation_loss": 3.5839035987854
}