{
  "best_epoch": 30,
  "peak_worker_0_memory_MB": 2319.46875,
  "peak_gpu_0_memory_MB": 51.08984375,
  "training_duration": "0:00:28.186287",
  "training_start_epoch": 0,
  "training_epochs": 35,
  "epoch": 35,
  "training_accuracy": 0.9864168618266979,
  "training_loss": 0.09418730593439359,
  "training_worker_0_memory_MB": 2319.46875,
  "training_gpu_0_memory_MB": 51.08984375,
  "validation_accuracy": 0.7980132450331126,
  "validation_loss": 0.9758659839630127,
  "best_validation_accuracy": 0.8013245033112583,
  "best_validation_loss": 0.8882609277963638
}