{
  "best_epoch": 8,
  "peak_worker_0_memory_MB": 2328.3125,
  "peak_gpu_0_memory_MB": 64.7041015625,
  "training_duration": "0:00:02.241625",
  "training_start_epoch": 0,
  "training_epochs": 8,
  "epoch": 8,
  "training_accuracy": 0.9513856270549553,
  "training_loss": 0.31355595477481385,
  "training_worker_0_memory_MB": 2328.3125,
  "training_gpu_0_memory_MB": 64.7041015625,
  "validation_accuracy": 0.7996688741721855,
  "validation_loss": 0.9665596842765808,
  "best_validation_accuracy": 0.7996688741721855,
  "best_validation_loss": 0.9665596842765808
}