{
  "best_epoch": 26,
  "peak_worker_0_memory_MB": 2330.9140625,
  "peak_gpu_0_memory_MB": 65.09326171875,
  "training_duration": "0:00:08.132410",
  "training_start_epoch": 0,
  "training_epochs": 28,
  "epoch": 28,
  "training_accuracy": 0.9817330210772833,
  "training_loss": 0.11172724075949014,
  "training_worker_0_memory_MB": 2330.9140625,
  "training_gpu_0_memory_MB": 65.09326171875,
  "validation_accuracy": 0.8062913907284768,
  "validation_loss": 0.8967422366142273,
  "best_validation_accuracy": 0.8062913907284768,
  "best_validation_loss": 0.8562568217515946
}