{
  "best_epoch": 21,
  "peak_worker_0_memory_MB": 2330.9140625,
  "peak_gpu_0_memory_MB": 65.09326171875,
  "training_duration": "0:00:07.035682",
  "training_start_epoch": 0,
  "training_epochs": 24,
  "epoch": 24,
  "training_accuracy": 0.9733021077283373,
  "training_loss": 0.15646760721704853,
  "training_worker_0_memory_MB": 2330.9140625,
  "training_gpu_0_memory_MB": 65.09326171875,
  "validation_accuracy": 0.8062913907284768,
  "validation_loss": 0.9068625688552856,
  "best_validation_accuracy": 0.804635761589404,
  "best_validation_loss": 0.8927849650382995
}