{
  "best_epoch": 30,
  "peak_worker_0_memory_MB": 2330.9140625,
  "peak_gpu_0_memory_MB": 65.09326171875,
  "training_duration": "0:00:10.581892",
  "training_start_epoch": 0,
  "training_epochs": 37,
  "epoch": 37,
  "training_accuracy": 0.9901639344262295,
  "training_loss": 0.059464708776838744,
  "training_worker_0_memory_MB": 2330.9140625,
  "training_gpu_0_memory_MB": 65.09326171875,
  "validation_accuracy": 0.8013245033112583,
  "validation_loss": 0.9084208548069,
  "best_validation_accuracy": 0.804635761589404,
  "best_validation_loss": 0.8558189570903778
}