{
  "best_epoch": 21,
  "peak_worker_0_memory_MB": 2330.9140625,
  "peak_gpu_0_memory_MB": 65.09326171875,
  "training_duration": "0:00:06.489959",
  "training_start_epoch": 0,
  "training_epochs": 22,
  "epoch": 22,
  "training_accuracy": 0.970023419203747,
  "training_loss": 0.1867618774300191,
  "training_worker_0_memory_MB": 2330.9140625,
  "training_gpu_0_memory_MB": 65.09326171875,
  "validation_accuracy": 0.804635761589404,
  "validation_loss": 0.9136952728033065,
  "best_validation_accuracy": 0.804635761589404,
  "best_validation_loss": 0.8927849650382995
}