{
  "best_epoch": 56,
  "peak_worker_0_memory_MB": 2317.36328125,
  "peak_gpu_0_memory_MB": 51.4853515625,
  "training_duration": "0:00:16.467981",
  "training_start_epoch": 0,
  "training_epochs": 58,
  "epoch": 58,
  "training_accuracy": 0.9491803278688524,
  "training_loss": 0.3135725417688711,
  "training_worker_0_memory_MB": 2317.36328125,
  "training_gpu_0_memory_MB": 51.4853515625,
  "validation_accuracy": 0.7913907284768212,
  "validation_loss": 0.9506837725639343,
  "best_validation_accuracy": 0.7897350993377483,
  "best_validation_loss": 0.9133696615695953
}