{
  "best_epoch": 7,
  "peak_worker_0_memory_MB": 2287.08203125,
  "peak_gpu_0_memory_MB": 30.3212890625,
  "training_duration": "0:00:01.215607",
  "training_start_epoch": 0,
  "training_epochs": 7,
  "epoch": 7,
  "training_accuracy": 0.92227329711659,
  "training_loss": 0.387613145536498,
  "training_worker_0_memory_MB": 2287.08203125,
  "training_gpu_0_memory_MB": 30.3212890625,
  "validation_accuracy": 0.7963576158940397,
  "validation_loss": 0.9079840242862701,
  "best_validation_accuracy": 0.7963576158940397,
  "best_validation_loss": 0.9079840242862701
}