{
  "best_epoch": 1,
  "peak_worker_0_memory_MB": 2317.09765625,
  "peak_gpu_0_memory_MB": 51.4853515625,
  "training_duration": "0:00:00.570211",
  "training_start_epoch": 0,
  "training_epochs": 1,
  "epoch": 1,
  "training_accuracy": 0.1740046838407494,
  "training_loss": 3.678411170617858,
  "training_worker_0_memory_MB": 2317.09765625,
  "training_gpu_0_memory_MB": 51.4853515625,
  "validation_accuracy": 0.3360927152317881,
  "validation_loss": 3.373042917251587,
  "best_validation_accuracy": 0.3360927152317881,
  "best_validation_loss": 3.373042917251587
}