{
  "best_epoch": 11,
  "peak_worker_0_memory_MB": 2317.09765625,
  "peak_gpu_0_memory_MB": 51.4853515625,
  "training_duration": "0:00:03.294609",
  "training_start_epoch": 0,
  "training_epochs": 11,
  "epoch": 11,
  "training_accuracy": 0.6117096018735363,
  "training_loss": 1.9565274768800878,
  "training_worker_0_memory_MB": 2317.09765625,
  "training_gpu_0_memory_MB": 51.4853515625,
  "validation_accuracy": 0.6854304635761589,
  "validation_loss": 1.7984039545059205,
  "best_validation_accuracy": 0.6854304635761589,
  "best_validation_loss": 1.7984039545059205
}