{
  "best_epoch": 16,
  "peak_worker_0_memory_MB": 2331.171875,
  "peak_gpu_0_memory_MB": 65.09326171875,
  "training_duration": "0:00:04.579798",
  "training_start_epoch": 0,
  "training_epochs": 17,
  "epoch": 17,
  "training_accuracy": 0.8941451990632319,
  "training_loss": 0.6351807086325404,
  "training_worker_0_memory_MB": 2331.171875,
  "training_gpu_0_memory_MB": 65.09326171875,
  "validation_accuracy": 0.7847682119205298,
  "validation_loss": 1.0114845156669616,
  "best_validation_accuracy": 0.7847682119205298,
  "best_validation_loss": 0.9928131252527237
}