{
  "best_epoch": 36,
  "peak_worker_0_memory_MB": 2331.171875,
  "peak_gpu_0_memory_MB": 65.09326171875,
  "training_duration": "0:00:11.678386",
  "training_start_epoch": 0,
  "training_epochs": 45,
  "epoch": 45,
  "training_accuracy": 0.9737704918032787,
  "training_loss": 0.12398597987285301,
  "training_worker_0_memory_MB": 2331.171875,
  "training_gpu_0_memory_MB": 65.09326171875,
  "validation_accuracy": 0.8079470198675497,
  "validation_loss": 0.9040231287479401,
  "best_validation_accuracy": 0.8079470198675497,
  "best_validation_loss": 0.8620028376579285
}