{
  "best_epoch": 36,
  "peak_worker_0_memory_MB": 2331.171875,
  "peak_gpu_0_memory_MB": 65.09326171875,
  "training_duration": "0:00:10.939623",
  "training_start_epoch": 0,
  "training_epochs": 42,
  "epoch": 42,
  "training_accuracy": 0.9765807962529274,
  "training_loss": 0.13850551387712137,
  "training_worker_0_memory_MB": 2331.171875,
  "training_gpu_0_memory_MB": 65.09326171875,
  "validation_accuracy": 0.8079470198675497,
  "validation_loss": 0.8964593708515167,
  "best_validation_accuracy": 0.8079470198675497,
  "best_validation_loss": 0.8620028376579285
}