{
  "best_epoch": 7,
  "peak_worker_0_memory_MB": 2268.36328125,
  "peak_gpu_0_memory_MB": 8.73193359375,
  "training_duration": "0:00:01.982404",
  "training_start_epoch": 0,
  "training_epochs": 14,
  "epoch": 14,
  "training_accuracy": 0.9093188466360217,
  "training_loss": 0.31540108668176753,
  "training_worker_0_memory_MB": 2268.36328125,
  "training_gpu_0_memory_MB": 8.73193359375,
  "validation_accuracy": 0.8294701986754967,
  "validation_loss": 0.9236794799566269,
  "best_validation_accuracy": 0.8360927152317881,
  "best_validation_loss": 0.8499014139175415
}