{
  "best_epoch": 40,
  "peak_worker_0_memory_MB": 2316.30078125,
  "peak_gpu_0_memory_MB": 62.47802734375,
  "training_duration": "0:00:11.511903",
  "training_start_epoch": 0,
  "training_epochs": 44,
  "epoch": 44,
  "training_accuracy": 0.8093676814988291,
  "training_loss": 0.792251120752363,
  "training_worker_0_memory_MB": 2316.30078125,
  "training_gpu_0_memory_MB": 62.47802734375,
  "validation_accuracy": 0.8013245033112583,
  "validation_loss": 0.9338694751262665,
  "best_validation_accuracy": 0.7897350993377483,
  "best_validation_loss": 0.9032832503318786
}