{
  "best_epoch": 19,
  "peak_worker_0_memory_MB": 2316.30078125,
  "peak_gpu_0_memory_MB": 62.47802734375,
  "training_duration": "0:00:05.147006",
  "training_start_epoch": 0,
  "training_epochs": 19,
  "epoch": 19,
  "training_accuracy": 0.6651053864168618,
  "training_loss": 1.4411223744278523,
  "training_worker_0_memory_MB": 2316.30078125,
  "training_gpu_0_memory_MB": 62.47802734375,
  "validation_accuracy": 0.7615894039735099,
  "validation_loss": 1.1709107220172883,
  "best_validation_accuracy": 0.7615894039735099,
  "best_validation_loss": 1.1709107220172883
}