{
  "best_epoch": 30,
  "peak_worker_0_memory_MB": 2316.30078125,
  "peak_gpu_0_memory_MB": 62.47802734375,
  "training_duration": "0:00:08.439288",
  "training_start_epoch": 0,
  "training_epochs": 32,
  "epoch": 32,
  "training_accuracy": 0.7587822014051522,
  "training_loss": 0.9971561111621002,
  "training_worker_0_memory_MB": 2316.30078125,
  "training_gpu_0_memory_MB": 62.47802734375,
  "validation_accuracy": 0.7864238410596026,
  "validation_loss": 0.9985440135002136,
  "best_validation_accuracy": 0.7864238410596026,
  "best_validation_loss": 0.9690983474254609
}