{
  "best_epoch": 26,
  "peak_worker_0_memory_MB": 2316.30078125,
  "peak_gpu_0_memory_MB": 62.47802734375,
  "training_duration": "0:00:07.167916",
  "training_start_epoch": 0,
  "training_epochs": 27,
  "epoch": 27,
  "training_accuracy": 0.7400468384074942,
  "training_loss": 1.1304095823373368,
  "training_worker_0_memory_MB": 2316.30078125,
  "training_gpu_0_memory_MB": 62.47802734375,
  "validation_accuracy": 0.7847682119205298,
  "validation_loss": 1.0002328991889953,
  "best_validation_accuracy": 0.7814569536423841,
  "best_validation_loss": 0.9992050468921662
}