{
  "best_epoch": 48,
  "peak_worker_0_memory_MB": 2316.30078125,
  "peak_gpu_0_memory_MB": 62.47802734375,
  "training_duration": "0:00:13.599163",
  "training_start_epoch": 0,
  "training_epochs": 52,
  "epoch": 52,
  "training_accuracy": 0.8215456674473068,
  "training_loss": 0.7150832169981145,
  "training_worker_0_memory_MB": 2316.30078125,
  "training_gpu_0_memory_MB": 62.47802734375,
  "validation_accuracy": 0.8062913907284768,
  "validation_loss": 0.9322170674800873,
  "best_validation_accuracy": 0.804635761589404,
  "best_validation_loss": 0.8944845139980316
}