{
  "best_epoch": 23,
  "peak_worker_0_memory_MB": 2316.30078125,
  "peak_gpu_0_memory_MB": 62.47802734375,
  "training_duration": "0:00:06.148709",
  "training_start_epoch": 0,
  "training_epochs": 23,
  "epoch": 23,
  "training_accuracy": 0.6981264637002342,
  "training_loss": 1.2551083591446948,
  "training_worker_0_memory_MB": 2316.30078125,
  "training_gpu_0_memory_MB": 62.47802734375,
  "validation_accuracy": 0.7781456953642384,
  "validation_loss": 1.0825007915496827,
  "best_validation_accuracy": 0.7781456953642384,
  "best_validation_loss": 1.0825007915496827
}