{
  "best_epoch": 3,
  "peak_worker_0_memory_MB": 2314.08984375,
  "peak_gpu_0_memory_MB": 51.12255859375,
  "training_duration": "0:00:03.950696",
  "training_start_epoch": 0,
  "training_epochs": 5,
  "epoch": 5,
  "training_accuracy": 0.9235269536147096,
  "training_loss": 0.2922124613664652,
  "training_worker_0_memory_MB": 2314.08984375,
  "training_gpu_0_memory_MB": 51.12255859375,
  "validation_accuracy": 0.7880794701986755,
  "validation_loss": 1.3209050476551056,
  "best_validation_accuracy": 0.7847682119205298,
  "best_validation_loss": 1.1142405807971953
}