{
  "best_epoch": 3,
  "peak_worker_0_memory_MB": 2314.08984375,
  "peak_gpu_0_memory_MB": 51.12255859375,
  "training_duration": "0:00:07.237064",
  "training_start_epoch": 0,
  "training_epochs": 10,
  "epoch": 10,
  "training_accuracy": 0.9736732135394902,
  "training_loss": 0.09451806746227176,
  "training_worker_0_memory_MB": 2314.08984375,
  "training_gpu_0_memory_MB": 51.12255859375,
  "validation_accuracy": 0.7764900662251656,
  "validation_loss": 1.7123437225818634,
  "best_validation_accuracy": 0.7847682119205298,
  "best_validation_loss": 1.1142405807971953
}