{
  "best_epoch": 56,
  "peak_worker_0_memory_MB": 2298.82421875,
  "peak_gpu_0_memory_MB": 43.572265625,
  "training_duration": "0:00:15.572527",
  "training_start_epoch": 0,
  "training_epochs": 56,
  "epoch": 56,
  "training_accuracy": 0.9014051522248243,
  "training_loss": 0.6033362839648972,
  "training_worker_0_memory_MB": 2298.82421875,
  "training_gpu_0_memory_MB": 43.572265625,
  "validation_accuracy": 0.7748344370860927,
  "validation_loss": 0.9822955846786499,
  "best_validation_accuracy": 0.7748344370860927,
  "best_validation_loss": 0.9822955846786499
}