{
  "best_epoch": 87,
  "peak_worker_0_memory_MB": 2298.82421875,
  "peak_gpu_0_memory_MB": 43.572265625,
  "training_duration": "0:00:23.994710",
  "training_start_epoch": 0,
  "training_epochs": 89,
  "epoch": 89,
  "training_accuracy": 0.9629976580796253,
  "training_loss": 0.2375191239945924,
  "training_worker_0_memory_MB": 2298.82421875,
  "training_gpu_0_memory_MB": 43.572265625,
  "validation_accuracy": 0.793046357615894,
  "validation_loss": 0.9328858196735382,
  "best_validation_accuracy": 0.7913907284768212,
  "best_validation_loss": 0.8711393594741821
}