{
  "best_epoch": 30,
  "peak_worker_0_memory_MB": 2298.82421875,
  "peak_gpu_0_memory_MB": 43.572265625,
  "training_duration": "0:00:08.654440",
  "training_start_epoch": 0,
  "training_epochs": 30,
  "epoch": 30,
  "training_accuracy": 0.7491803278688525,
  "training_loss": 1.3843217901329496,
  "training_worker_0_memory_MB": 2298.82421875,
  "training_gpu_0_memory_MB": 43.572265625,
  "validation_accuracy": 0.7201986754966887,
  "validation_loss": 1.4613523006439209,
  "best_validation_accuracy": 0.7201986754966887,
  "best_validation_loss": 1.4613523006439209
}