{
  "best_epoch": 66,
  "peak_worker_0_memory_MB": 2298.82421875,
  "peak_gpu_0_memory_MB": 43.572265625,
  "training_duration": "0:00:18.129115",
  "training_start_epoch": 0,
  "training_epochs": 66,
  "epoch": 66,
  "training_accuracy": 0.9269320843091335,
  "training_loss": 0.4501859808146064,
  "training_worker_0_memory_MB": 2298.82421875,
  "training_gpu_0_memory_MB": 43.572265625,
  "validation_accuracy": 0.7864238410596026,
  "validation_loss": 0.9499807000160218,
  "best_validation_accuracy": 0.7864238410596026,
  "best_validation_loss": 0.9499807000160218
}