{
  "best_epoch": 40,
  "peak_worker_0_memory_MB": 0,
  "training_duration": "0:00:30.275459",
  "training_start_epoch": 0,
  "training_epochs": 40,
  "epoch": 40,
  "training_accuracy": 0.41291666666666665,
  "training_loss": 2.8838860034942626,
  "training_reg_loss": 0.0,
  "training_worker_0_memory_MB": 0.0,
  "validation_accuracy": 0.3933333333333333,
  "validation_loss": 3.051095586074026,
  "validation_reg_loss": 0.0,
  "best_validation_accuracy": 0.3933333333333333,
  "best_validation_loss": 3.051095586074026,
  "best_validation_reg_loss": 0.0
}