{
  "best_epoch": 31,
  "peak_worker_0_memory_MB": 0,
  "training_duration": "0:00:24.685652",
  "training_start_epoch": 0,
  "training_epochs": 31,
  "epoch": 31,
  "training_accuracy": 0.3304166666666667,
  "training_loss": 3.0673968982696533,
  "training_reg_loss": 0.0,
  "training_worker_0_memory_MB": 0.0,
  "validation_accuracy": 0.3283333333333333,
  "validation_loss": 3.2099936259420296,
  "validation_reg_loss": 0.0,
  "best_validation_accuracy": 0.3283333333333333,
  "best_validation_loss": 3.2099936259420296,
  "best_validation_reg_loss": 0.0
}