{
  "best_epoch": 83,
  "peak_worker_0_memory_MB": 0,
  "training_duration": "0:00:55.456519",
  "training_start_epoch": 0,
  "training_epochs": 83,
  "epoch": 83,
  "training_accuracy": 0.5791666666666667,
  "training_loss": 2.18060462474823,
  "training_reg_loss": 0.0,
  "training_worker_0_memory_MB": 0.0,
  "validation_accuracy": 0.5266666666666666,
  "validation_loss": 2.4523658909295736,
  "validation_reg_loss": 0.0,
  "best_validation_accuracy": 0.5266666666666666,
  "best_validation_loss": 2.4523658909295736,
  "best_validation_reg_loss": 0.0
}