{
  "best_epoch": 12,
  "peak_worker_0_memory_MB": 2313.5546875,
  "peak_gpu_0_memory_MB": 54.728515625,
  "training_duration": "0:00:02.721418",
  "training_start_epoch": 0,
  "training_epochs": 12,
  "epoch": 12,
  "training_accuracy": 0.8902260052832404,
  "training_loss": 0.6706287673226109,
  "training_worker_0_memory_MB": 2313.5546875,
  "training_gpu_0_memory_MB": 54.728515625,
  "validation_accuracy": 0.7764900662251656,
  "validation_loss": 1.1006775140762328,
  "best_validation_accuracy": 0.7764900662251656,
  "best_validation_loss": 1.1006775140762328
}