{
  "best_epoch": 5,
  "peak_worker_0_memory_MB": 2318.11328125,
  "peak_gpu_0_memory_MB": 51.84521484375,
  "training_duration": "0:00:04.233489",
  "training_start_epoch": 0,
  "training_epochs": 14,
  "epoch": 14,
  "training_accuracy": 0.987881320518178,
  "training_loss": 0.0493937093936103,
  "training_worker_0_memory_MB": 2318.11328125,
  "training_gpu_0_memory_MB": 51.84521484375,
  "validation_accuracy": 0.7781456953642384,
  "validation_loss": 1.710427176952362,
  "best_validation_accuracy": 0.793046357615894,
  "best_validation_loss": 1.0895596742630005
}