{
  "best_epoch": 5,
  "peak_worker_0_memory_MB": 2318.11328125,
  "peak_gpu_0_memory_MB": 51.84521484375,
  "training_duration": "0:00:02.091217",
  "training_start_epoch": 0,
  "training_epochs": 6,
  "epoch": 6,
  "training_accuracy": 0.9168407856247388,
  "training_loss": 0.33106876556810577,
  "training_worker_0_memory_MB": 2318.11328125,
  "training_gpu_0_memory_MB": 51.84521484375,
  "validation_accuracy": 0.7947019867549668,
  "validation_loss": 1.1961087822914123,
  "best_validation_accuracy": 0.793046357615894,
  "best_validation_loss": 1.0895596742630005
}