{
  "best_epoch": 2,
  "peak_worker_0_memory_MB": 2316.2890625,
  "peak_gpu_0_memory_MB": 62.47802734375,
  "training_duration": "0:00:00.754350",
  "training_start_epoch": 0,
  "training_epochs": 2,
  "epoch": 2,
  "training_accuracy": 0.1864168618266979,
  "training_loss": 3.3575678618986213,
  "training_worker_0_memory_MB": 2316.2890625,
  "training_gpu_0_memory_MB": 62.47802734375,
  "validation_accuracy": 0.38079470198675497,
  "validation_loss": 3.1009260416030884,
  "best_validation_accuracy": 0.38079470198675497,
  "best_validation_loss": 3.1009260416030884
}