{
  "best_epoch": 29,
  "peak_worker_0_memory_MB": 2316.2890625,
  "peak_gpu_0_memory_MB": 62.47802734375,
  "training_duration": "0:00:07.743173",
  "training_start_epoch": 0,
  "training_epochs": 29,
  "epoch": 29,
  "training_accuracy": 0.8318501170960187,
  "training_loss": 0.8051800149590221,
  "training_worker_0_memory_MB": 2316.2890625,
  "training_gpu_0_memory_MB": 62.47802734375,
  "validation_accuracy": 0.7897350993377483,
  "validation_loss": 0.9658327043056488,
  "best_validation_accuracy": 0.7897350993377483,
  "best_validation_loss": 0.9658327043056488
}