{
  "best_epoch": 48,
  "peak_worker_0_memory_MB": 2316.2890625,
  "peak_gpu_0_memory_MB": 62.47802734375,
  "training_duration": "0:00:13.183277",
  "training_start_epoch": 0,
  "training_epochs": 50,
  "epoch": 50,
  "training_accuracy": 0.9124121779859484,
  "training_loss": 0.4205418687258194,
  "training_worker_0_memory_MB": 2316.2890625,
  "training_gpu_0_memory_MB": 62.47802734375,
  "validation_accuracy": 0.7963576158940397,
  "validation_loss": 0.9365274965763092,
  "best_validation_accuracy": 0.8029801324503312,
  "best_validation_loss": 0.8655343264341354
}