{
  "best_epoch": 21,
  "peak_worker_0_memory_MB": 2316.2890625,
  "peak_gpu_0_memory_MB": 62.47802734375,
  "training_duration": "0:00:05.907713",
  "training_start_epoch": 0,
  "training_epochs": 22,
  "epoch": 22,
  "training_accuracy": 0.7714285714285715,
  "training_loss": 1.0704883550530049,
  "training_worker_0_memory_MB": 2316.2890625,
  "training_gpu_0_memory_MB": 62.47802734375,
  "validation_accuracy": 0.7731788079470199,
  "validation_loss": 1.1083071887493134,
  "best_validation_accuracy": 0.7682119205298014,
  "best_validation_loss": 1.1047005116939546
}