{
  "best_epoch": 12,
  "peak_worker_0_memory_MB": 2313.5546875,
  "peak_gpu_0_memory_MB": 54.728515625,
  "training_duration": "0:00:02.678304",
  "training_start_epoch": 0,
  "training_epochs": 12,
  "epoch": 12,
  "training_accuracy": 0.8112709128265336,
  "training_loss": 1.1595514747831557,
  "training_worker_0_memory_MB": 2313.5546875,
  "training_gpu_0_memory_MB": 54.728515625,
  "validation_accuracy": 0.7235099337748344,
  "validation_loss": 1.4164150714874268,
  "best_validation_accuracy": 0.7235099337748344,
  "best_validation_loss": 1.4164150714874268
}