{
  "best_epoch": 9,
  "peak_worker_0_memory_MB": 2313.5546875,
  "peak_gpu_0_memory_MB": 54.728515625,
  "training_duration": "0:00:02.056957",
  "training_start_epoch": 0,
  "training_epochs": 9,
  "epoch": 9,
  "training_accuracy": 0.7176401526269445,
  "training_loss": 1.6441009243329365,
  "training_worker_0_memory_MB": 2313.5546875,
  "training_gpu_0_memory_MB": 54.728515625,
  "validation_accuracy": 0.6821192052980133,
  "validation_loss": 1.757610833644867,
  "best_validation_accuracy": 0.6821192052980133,
  "best_validation_loss": 1.757610833644867
}