{
  "best_epoch": 28,
  "peak_worker_0_memory_MB": 2313.5546875,
  "peak_gpu_0_memory_MB": 54.728515625,
  "training_duration": "0:00:05.986937",
  "training_start_epoch": 0,
  "training_epochs": 28,
  "epoch": 28,
  "training_accuracy": 0.943645435867332,
  "training_loss": 0.3044588463725867,
  "training_worker_0_memory_MB": 2313.5546875,
  "training_gpu_0_memory_MB": 54.728515625,
  "validation_accuracy": 0.793046357615894,
  "validation_loss": 0.9218458235263824,
  "best_validation_accuracy": 0.793046357615894,
  "best_validation_loss": 0.9218458235263824
}