{
  "best_epoch": 9,
  "peak_worker_0_memory_MB": 2271.32421875,
  "peak_gpu_0_memory_MB": 15.515625,
  "training_duration": "0:00:01.118731",
  "training_start_epoch": 0,
  "training_epochs": 11,
  "epoch": 11,
  "training_accuracy": 0.8820224719101124,
  "training_loss": 0.36051521077752113,
  "training_worker_0_memory_MB": 2271.32421875,
  "training_gpu_0_memory_MB": 15.515625,
  "validation_accuracy": 0.8112582781456954,
  "validation_loss": 1.1047656297683717,
  "best_validation_accuracy": 0.8162251655629139,
  "best_validation_loss": 1.1000462472438812
}