{
  "best_epoch": 25,
  "peak_worker_0_memory_MB": 2298.41015625,
  "peak_gpu_0_memory_MB": 50.91064453125,
  "training_duration": "0:00:17.576678",
  "training_start_epoch": 0,
  "training_epochs": 25,
  "epoch": 25,
  "training_accuracy": 0.7718345173422482,
  "training_loss": 0.8550439139730052,
  "training_worker_0_memory_MB": 2298.41015625,
  "training_gpu_0_memory_MB": 50.91064453125,
  "validation_accuracy": 0.793046357615894,
  "validation_loss": 0.9745195388793946,
  "best_validation_accuracy": 0.793046357615894,
  "best_validation_loss": 0.9745195388793946
}