{
  "best_epoch": 27,
  "peak_worker_0_memory_MB": 2328.29296875,
  "peak_gpu_0_memory_MB": 64.7041015625,
  "training_duration": "0:00:07.166081",
  "training_start_epoch": 0,
  "training_epochs": 28,
  "epoch": 28,
  "training_accuracy": 0.9279004227336778,
  "training_loss": 0.43092662229466794,
  "training_worker_0_memory_MB": 2328.29296875,
  "training_gpu_0_memory_MB": 64.7041015625,
  "validation_accuracy": 0.793046357615894,
  "validation_loss": 0.9928914606571198,
  "best_validation_accuracy": 0.7913907284768212,
  "best_validation_loss": 0.9648789882659912
}