{
  "best_epoch": 25,
  "peak_worker_0_memory_MB": 2328.29296875,
  "peak_gpu_0_memory_MB": 64.7041015625,
  "training_duration": "0:00:06.429048",
  "training_start_epoch": 0,
  "training_epochs": 25,
  "epoch": 25,
  "training_accuracy": 0.9163926726162518,
  "training_loss": 0.5240868214351028,
  "training_worker_0_memory_MB": 2328.29296875,
  "training_gpu_0_memory_MB": 64.7041015625,
  "validation_accuracy": 0.7897350993377483,
  "validation_loss": 0.9977843463420868,
  "best_validation_accuracy": 0.7897350993377483,
  "best_validation_loss": 0.9977843463420868
}