{
  "best_epoch": 27,
  "peak_worker_0_memory_MB": 2328.29296875,
  "peak_gpu_0_memory_MB": 64.7041015625,
  "training_duration": "0:00:07.411952",
  "training_start_epoch": 0,
  "training_epochs": 29,
  "epoch": 29,
  "training_accuracy": 0.9333020197275717,
  "training_loss": 0.4051804736034194,
  "training_worker_0_memory_MB": 2328.29296875,
  "training_gpu_0_memory_MB": 64.7041015625,
  "validation_accuracy": 0.7980132450331126,
  "validation_loss": 1.0079247057437897,
  "best_validation_accuracy": 0.7913907284768212,
  "best_validation_loss": 0.9648789882659912
}