{
  "best_epoch": 12,
  "peak_worker_0_memory_MB": 2316.2890625,
  "peak_gpu_0_memory_MB": 62.47802734375,
  "training_duration": "0:00:03.461340",
  "training_start_epoch": 0,
  "training_epochs": 12,
  "epoch": 12,
  "training_accuracy": 0.7444964871194379,
  "training_loss": 1.220332451720736,
  "training_worker_0_memory_MB": 2316.2890625,
  "training_gpu_0_memory_MB": 62.47802734375,
  "validation_accuracy": 0.7599337748344371,
  "validation_loss": 1.14985231757164,
  "best_validation_accuracy": 0.7599337748344371,
  "best_validation_loss": 1.14985231757164
}