{
  "best_epoch": 1,
  "peak_worker_0_memory_MB": 2269.6171875,
  "peak_gpu_0_memory_MB": 8.73193359375,
  "training_duration": "0:00:00.256342",
  "training_start_epoch": 0,
  "training_epochs": 1,
  "epoch": 1,
  "training_accuracy": 0.41788549937317176,
  "training_loss": 2.5868815685573376,
  "training_worker_0_memory_MB": 2269.6171875,
  "training_gpu_0_memory_MB": 8.73193359375,
  "validation_accuracy": 0.5579470198675497,
  "validation_loss": 2.1989686131477355,
  "best_validation_accuracy": 0.5579470198675497,
  "best_validation_loss": 2.1989686131477355
}