{
  "best_epoch": 45,
  "peak_worker_0_memory_MB": 2326.80078125,
  "peak_gpu_0_memory_MB": 69.92529296875,
  "training_duration": "0:00:12.934415",
  "training_start_epoch": 0,
  "training_epochs": 51,
  "epoch": 51,
  "training_accuracy": 0.973383194016718,
  "training_loss": 0.15558970673009753,
  "training_worker_0_memory_MB": 2326.80078125,
  "training_gpu_0_memory_MB": 69.92529296875,
  "validation_accuracy": 0.8079470198675497,
  "validation_loss": 0.9001784324645996,
  "best_validation_accuracy": 0.8079470198675497,
  "best_validation_loss": 0.8744854360818863
}