{
  "best_epoch": 18,
  "peak_worker_0_memory_MB": 2317.609375,
  "peak_gpu_0_memory_MB": 55.18505859375,
  "training_duration": "0:00:04.696089",
  "training_start_epoch": 0,
  "training_epochs": 18,
  "epoch": 18,
  "training_accuracy": 0.9729920150305308,
  "training_loss": 0.1571350513554331,
  "training_worker_0_memory_MB": 2317.609375,
  "training_gpu_0_memory_MB": 55.18505859375,
  "validation_accuracy": 0.8029801324503312,
  "validation_loss": 0.9326568424701691,
  "best_validation_accuracy": 0.8029801324503312,
  "best_validation_loss": 0.9326568424701691
}