{
  "best_epoch": 22,
  "peak_worker_0_memory_MB": 2317.609375,
  "peak_gpu_0_memory_MB": 55.18505859375,
  "training_duration": "0:00:05.859254",
  "training_start_epoch": 0,
  "training_epochs": 22,
  "epoch": 22,
  "training_accuracy": 0.5317050258337247,
  "training_loss": 1.911474249256191,
  "training_worker_0_memory_MB": 2317.609375,
  "training_gpu_0_memory_MB": 55.18505859375,
  "validation_accuracy": 0.7218543046357616,
  "validation_loss": 1.4601565599441528,
  "best_validation_accuracy": 0.7218543046357616,
  "best_validation_loss": 1.4601565599441528
}