{
  "best_epoch": 72,
  "peak_worker_0_memory_MB": 2317.609375,
  "peak_gpu_0_memory_MB": 55.18505859375,
  "training_duration": "0:00:18.428921",
  "training_start_epoch": 0,
  "training_epochs": 72,
  "epoch": 72,
  "training_accuracy": 0.7364960075152653,
  "training_loss": 1.0036763673398033,
  "training_worker_0_memory_MB": 2317.609375,
  "training_gpu_0_memory_MB": 55.18505859375,
  "validation_accuracy": 0.793046357615894,
  "validation_loss": 0.9370831906795501,
  "best_validation_accuracy": 0.793046357615894,
  "best_validation_loss": 0.9370831906795501
}