{
  "best_epoch": 44,
  "peak_worker_0_memory_MB": 2317.609375,
  "peak_gpu_0_memory_MB": 55.18505859375,
  "training_duration": "0:00:11.691061",
  "training_start_epoch": 0,
  "training_epochs": 45,
  "epoch": 45,
  "training_accuracy": 0.6681540629403476,
  "training_loss": 1.311593687356408,
  "training_worker_0_memory_MB": 2317.609375,
  "training_gpu_0_memory_MB": 55.18505859375,
  "validation_accuracy": 0.7764900662251656,
  "validation_loss": 1.0378733575344086,
  "best_validation_accuracy": 0.7798013245033113,
  "best_validation_loss": 1.014780855178833
}