{
  "best_epoch": 46,
  "peak_worker_0_memory_MB": 2317.609375,
  "peak_gpu_0_memory_MB": 55.18505859375,
  "training_duration": "0:00:11.939397",
  "training_start_epoch": 0,
  "training_epochs": 46,
  "epoch": 46,
  "training_accuracy": 0.6702677313292625,
  "training_loss": 1.2924246957053,
  "training_worker_0_memory_MB": 2317.609375,
  "training_gpu_0_memory_MB": 55.18505859375,
  "validation_accuracy": 0.7798013245033113,
  "validation_loss": 1.0015246272087097,
  "best_validation_accuracy": 0.7798013245033113,
  "best_validation_loss": 1.0015246272087097
}