{
  "best_epoch": 77,
  "peak_worker_0_memory_MB": 2317.609375,
  "peak_gpu_0_memory_MB": 55.18505859375,
  "training_duration": "0:00:19.928821",
  "training_start_epoch": 0,
  "training_epochs": 78,
  "epoch": 78,
  "training_accuracy": 0.744246124941287,
  "training_loss": 0.980362447340097,
  "training_worker_0_memory_MB": 2317.609375,
  "training_gpu_0_memory_MB": 55.18505859375,
  "validation_accuracy": 0.7947019867549668,
  "validation_loss": 0.9359248042106628,
  "best_validation_accuracy": 0.7947019867549668,
  "best_validation_loss": 0.924871301651001
}