{
  "best_epoch": 31,
  "peak_worker_0_memory_MB": 2317.609375,
  "peak_gpu_0_memory_MB": 55.18505859375,
  "training_duration": "0:00:08.411720",
  "training_start_epoch": 0,
  "training_epochs": 32,
  "epoch": 32,
  "training_accuracy": 0.6193048379520902,
  "training_loss": 1.557460557168989,
  "training_worker_0_memory_MB": 2317.609375,
  "training_gpu_0_memory_MB": 55.18505859375,
  "validation_accuracy": 0.7566225165562914,
  "validation_loss": 1.2005444884300231,
  "best_validation_accuracy": 0.7533112582781457,
  "best_validation_loss": 1.1981631517410278
}