{
  "best_epoch": 15,
  "peak_worker_0_memory_MB": 2365.1484375,
  "peak_gpu_0_memory_MB": 84.50341796875,
  "training_duration": "0:00:07.990973",
  "training_start_epoch": 0,
  "training_epochs": 15,
  "epoch": 15,
  "training_accuracy": 0.9672347575612098,
  "training_loss": 0.27604058703393425,
  "training_worker_0_memory_MB": 2365.1484375,
  "training_gpu_0_memory_MB": 84.50341796875,
  "validation_accuracy": 0.7913907284768212,
  "validation_loss": 0.9275821387767792,
  "best_validation_accuracy": 0.7913907284768212,
  "best_validation_loss": 0.9275821387767792
}