{
  "best_epoch": 53,
  "peak_worker_0_memory_MB": 2269.6171875,
  "peak_gpu_0_memory_MB": 8.73193359375,
  "training_duration": "0:00:07.436319",
  "training_start_epoch": 0,
  "training_epochs": 57,
  "epoch": 57,
  "training_accuracy": 0.9068115336397827,
  "training_loss": 0.40453561238552393,
  "training_worker_0_memory_MB": 2269.6171875,
  "training_gpu_0_memory_MB": 8.73193359375,
  "validation_accuracy": 0.8278145695364238,
  "validation_loss": 0.9189271211624146,
  "best_validation_accuracy": 0.8261589403973509,
  "best_validation_loss": 0.8741893649101258
}