{
  "best_epoch": 8,
  "peak_worker_0_memory_MB": 2365.1484375,
  "peak_gpu_0_memory_MB": 89.33056640625,
  "training_duration": "0:00:04.406190",
  "training_start_epoch": 0,
  "training_epochs": 8,
  "epoch": 8,
  "training_accuracy": 0.9668746999519923,
  "training_loss": 0.2665120636802593,
  "training_worker_0_memory_MB": 2365.1484375,
  "training_gpu_0_memory_MB": 89.33056640625,
  "validation_accuracy": 0.7913907284768212,
  "validation_loss": 0.9171357035636902,
  "best_validation_accuracy": 0.7913907284768212,
  "best_validation_loss": 0.9171357035636902
}