{
  "best_epoch": 61,
  "peak_worker_0_memory_MB": 2316.30078125,
  "peak_gpu_0_memory_MB": 62.47802734375,
  "training_duration": "0:00:17.760927",
  "training_start_epoch": 0,
  "training_epochs": 69,
  "epoch": 69,
  "training_accuracy": 0.8473067915690866,
  "training_loss": 0.6716991605153725,
  "training_worker_0_memory_MB": 2316.30078125,
  "training_gpu_0_memory_MB": 62.47802734375,
  "validation_accuracy": 0.7980132450331126,
  "validation_loss": 0.923950332403183,
  "best_validation_accuracy": 0.7980132450331126,
  "best_validation_loss": 0.8901404947042465
}