{
  "best_epoch": 4,
  "peak_worker_0_memory_MB": 2316.30078125,
  "peak_gpu_0_memory_MB": 62.47802734375,
  "training_duration": "0:00:01.255452",
  "training_start_epoch": 0,
  "training_epochs": 4,
  "epoch": 4,
  "training_accuracy": 0.20655737704918034,
  "training_loss": 3.2934305276443707,
  "training_worker_0_memory_MB": 2316.30078125,
  "training_gpu_0_memory_MB": 62.47802734375,
  "validation_accuracy": 0.38576158940397354,
  "validation_loss": 3.036313843727112,
  "best_validation_accuracy": 0.38576158940397354,
  "best_validation_loss": 3.036313843727112
}