{
  "best_epoch": 1,
  "peak_worker_0_memory_MB": 2316.30078125,
  "peak_gpu_0_memory_MB": 62.47802734375,
  "training_duration": "0:00:00.502817",
  "training_start_epoch": 0,
  "training_epochs": 1,
  "epoch": 1,
  "training_accuracy": 0.13114754098360656,
  "training_loss": 3.8218677435348285,
  "training_worker_0_memory_MB": 2316.30078125,
  "training_gpu_0_memory_MB": 62.47802734375,
  "validation_accuracy": 0.3394039735099338,
  "validation_loss": 3.5525132417678833,
  "best_validation_accuracy": 0.3394039735099338,
  "best_validation_loss": 3.5525132417678833
}