{
  "best_epoch": 19,
  "peak_worker_0_memory_MB": 2316.30078125,
  "peak_gpu_0_memory_MB": 62.47802734375,
  "training_duration": "0:00:05.080119",
  "training_start_epoch": 0,
  "training_epochs": 19,
  "epoch": 19,
  "training_accuracy": 0.5885245901639344,
  "training_loss": 1.86342194542956,
  "training_worker_0_memory_MB": 2316.30078125,
  "training_gpu_0_memory_MB": 62.47802734375,
  "validation_accuracy": 0.7086092715231788,
  "validation_loss": 1.5564640283584594,
  "best_validation_accuracy": 0.7086092715231788,
  "best_validation_loss": 1.5564640283584594
}