{
  "best_epoch": 27,
  "peak_worker_0_memory_MB": 2316.30078125,
  "peak_gpu_0_memory_MB": 62.47802734375,
  "training_duration": "0:00:07.344174",
  "training_start_epoch": 0,
  "training_epochs": 28,
  "epoch": 28,
  "training_accuracy": 0.6868852459016394,
  "training_loss": 1.4173111470777597,
  "training_worker_0_memory_MB": 2316.30078125,
  "training_gpu_0_memory_MB": 62.47802734375,
  "validation_accuracy": 0.7483443708609272,
  "validation_loss": 1.2321006298065185,
  "best_validation_accuracy": 0.7400662251655629,
  "best_validation_loss": 1.2280446887016296
}