{
  "best_epoch": 23,
  "peak_worker_0_memory_MB": 2320.7109375,
  "peak_gpu_0_memory_MB": 54.71142578125,
  "training_duration": "0:00:06.198555",
  "training_start_epoch": 0,
  "training_epochs": 23,
  "epoch": 23,
  "training_accuracy": 0.9201405152224824,
  "training_loss": 0.539376333578309,
  "training_worker_0_memory_MB": 2320.7109375,
  "training_gpu_0_memory_MB": 54.71142578125,
  "validation_accuracy": 0.7731788079470199,
  "validation_loss": 1.0456570148468018,
  "best_validation_accuracy": 0.7731788079470199,
  "best_validation_loss": 1.0456570148468018
}