{
  "best_epoch": 15,
  "peak_worker_0_memory_MB": 2320.7109375,
  "peak_gpu_0_memory_MB": 54.71142578125,
  "training_duration": "0:00:04.130904",
  "training_start_epoch": 0,
  "training_epochs": 15,
  "epoch": 15,
  "training_accuracy": 0.8262295081967214,
  "training_loss": 1.0739908084940555,
  "training_worker_0_memory_MB": 2320.7109375,
  "training_gpu_0_memory_MB": 54.71142578125,
  "validation_accuracy": 0.7450331125827815,
  "validation_loss": 1.345613133907318,
  "best_validation_accuracy": 0.7450331125827815,
  "best_validation_loss": 1.345613133907318
}