{
  "best_epoch": 12,
  "peak_worker_0_memory_MB": 2327.01171875,
  "peak_gpu_0_memory_MB": 69.92529296875,
  "training_duration": "0:00:04.369637",
  "training_start_epoch": 0,
  "training_epochs": 15,
  "epoch": 15,
  "training_accuracy": 0.9670039595248571,
  "training_loss": 0.2050446979701519,
  "training_worker_0_memory_MB": 2327.01171875,
  "training_gpu_0_memory_MB": 69.92529296875,
  "validation_accuracy": 0.8029801324503312,
  "validation_loss": 0.9172171771526336,
  "best_validation_accuracy": 0.7963576158940397,
  "best_validation_loss": 0.8814184010028839
}