{
  "best_epoch": 6,
  "peak_worker_0_memory_MB": 0,
  "training_duration": "0:39:49.797021",
  "training_start_epoch": 0,
  "training_epochs": 7,
  "epoch": 7,
  "training_accuracy": 0.8554116172168825,
  "training_loss": 0.5319875831666746,
  "training_reg_loss": 0.0,
  "training_worker_0_memory_MB": 0.0,
  "validation_accuracy": 0.7135761589403974,
  "validation_loss": 1.4176518440246582,
  "validation_reg_loss": 0.0,
  "best_validation_accuracy": 0.7218543046357616,
  "best_validation_loss": 1.3814500570297241,
  "best_validation_reg_loss": 0.0
}