{
  "best_epoch": 9,
  "peak_worker_0_memory_MB": 0,
  "training_duration": "1:04:40.521205",
  "training_start_epoch": 0,
  "training_epochs": 12,
  "epoch": 12,
  "training_accuracy": 0.8963643961554534,
  "training_loss": 0.3510170622091544,
  "training_reg_loss": 0.0,
  "training_worker_0_memory_MB": 0.0,
  "validation_accuracy": 0.7301324503311258,
  "validation_loss": 1.550520086288452,
  "validation_reg_loss": 0.0,
  "best_validation_accuracy": 0.7201986754966887,
  "best_validation_loss": 1.3709298551082612,
  "best_validation_reg_loss": 0.0
}