{
  "best_epoch": 11,
  "peak_worker_0_memory_MB": 2330.9140625,
  "peak_gpu_0_memory_MB": 65.09326171875,
  "training_duration": "0:00:03.326208",
  "training_start_epoch": 0,
  "training_epochs": 11,
  "epoch": 11,
  "training_accuracy": 0.7758782201405152,
  "training_loss": 1.388333631985223,
  "training_worker_0_memory_MB": 2330.9140625,
  "training_gpu_0_memory_MB": 65.09326171875,
  "validation_accuracy": 0.7168874172185431,
  "validation_loss": 1.563956332206726,
  "best_validation_accuracy": 0.7168874172185431,
  "best_validation_loss": 1.563956332206726
}