{
  "best_epoch": 3,
  "peak_worker_0_memory_MB": 2330.9140625,
  "peak_gpu_0_memory_MB": 65.09326171875,
  "training_duration": "0:00:01.076738",
  "training_start_epoch": 0,
  "training_epochs": 3,
  "epoch": 3,
  "training_accuracy": 0.326463700234192,
  "training_loss": 3.086808948374506,
  "training_worker_0_memory_MB": 2330.9140625,
  "training_gpu_0_memory_MB": 65.09326171875,
  "validation_accuracy": 0.40728476821192056,
  "validation_loss": 2.9241040468215944,
  "best_validation_accuracy": 0.40728476821192056,
  "best_validation_loss": 2.9241040468215944
}