{
  "best_epoch": 12,
  "peak_worker_0_memory_MB": 2330.9140625,
  "peak_gpu_0_memory_MB": 65.09326171875,
  "training_duration": "0:00:03.595844",
  "training_start_epoch": 0,
  "training_epochs": 12,
  "epoch": 12,
  "training_accuracy": 0.8072599531615925,
  "training_loss": 1.2395617045573335,
  "training_worker_0_memory_MB": 2330.9140625,
  "training_gpu_0_memory_MB": 65.09326171875,
  "validation_accuracy": 0.7301324503311258,
  "validation_loss": 1.4615469455718995,
  "best_validation_accuracy": 0.7301324503311258,
  "best_validation_loss": 1.4615469455718995
}