{
  "best_epoch": 24,
  "peak_worker_0_memory_MB": 2330.9140625,
  "peak_gpu_0_memory_MB": 65.09326171875,
  "training_duration": "0:00:06.844158",
  "training_start_epoch": 0,
  "training_epochs": 24,
  "epoch": 24,
  "training_accuracy": 0.9428571428571428,
  "training_loss": 0.3872937873673083,
  "training_worker_0_memory_MB": 2330.9140625,
  "training_gpu_0_memory_MB": 65.09326171875,
  "validation_accuracy": 0.7880794701986755,
  "validation_loss": 0.9952594637870789,
  "best_validation_accuracy": 0.7880794701986755,
  "best_validation_loss": 0.9952594637870789
}