{
  "best_epoch": 26,
  "peak_worker_0_memory_MB": 2330.9140625,
  "peak_gpu_0_memory_MB": 65.09326171875,
  "training_duration": "0:00:07.660428",
  "training_start_epoch": 0,
  "training_epochs": 27,
  "epoch": 27,
  "training_accuracy": 0.9529274004683841,
  "training_loss": 0.30428112442813704,
  "training_worker_0_memory_MB": 2330.9140625,
  "training_gpu_0_memory_MB": 65.09326171875,
  "validation_accuracy": 0.793046357615894,
  "validation_loss": 0.9350717961788177,
  "best_validation_accuracy": 0.7913907284768212,
  "best_validation_loss": 0.9271390497684479
}