{
  "best_epoch": 2,
  "peak_worker_0_memory_MB": 2328.05859375,
  "peak_gpu_0_memory_MB": 64.7041015625,
  "training_duration": "0:00:00.783479",
  "training_start_epoch": 0,
  "training_epochs": 2,
  "epoch": 2,
  "training_accuracy": 0.4556129638327853,
  "training_loss": 2.520626605446659,
  "training_worker_0_memory_MB": 2328.05859375,
  "training_gpu_0_memory_MB": 64.7041015625,
  "validation_accuracy": 0.6109271523178808,
  "validation_loss": 2.139577770233154,
  "best_validation_accuracy": 0.6109271523178808,
  "best_validation_loss": 2.139577770233154
}