{
  "best_epoch": 0,
  "peak_worker_0_memory_MB": 2328.05859375,
  "peak_gpu_0_memory_MB": 64.7041015625,
  "training_duration": "0:00:00.249791",
  "training_start_epoch": 0,
  "training_epochs": 0,
  "epoch": 0,
  "training_accuracy": 0.14889619539689997,
  "training_loss": 3.6997611451504837,
  "training_worker_0_memory_MB": 2328.05859375,
  "training_gpu_0_memory_MB": 64.7041015625,
  "validation_accuracy": 0.347682119205298,
  "validation_loss": 3.126987886428833,
  "best_validation_accuracy": 0.347682119205298,
  "best_validation_loss": 3.126987886428833
}