{
  "best_epoch": 11,
  "peak_worker_0_memory_MB": 2328.05859375,
  "peak_gpu_0_memory_MB": 64.7041015625,
  "training_duration": "0:00:03.194280",
  "training_start_epoch": 0,
  "training_epochs": 11,
  "epoch": 11,
  "training_accuracy": 0.9095819633630813,
  "training_loss": 0.4767931401729584,
  "training_worker_0_memory_MB": 2328.05859375,
  "training_gpu_0_memory_MB": 64.7041015625,
  "validation_accuracy": 0.793046357615894,
  "validation_loss": 0.934666383266449,
  "best_validation_accuracy": 0.793046357615894,
  "best_validation_loss": 0.934666383266449
}