{
  "best_epoch": 6,
  "peak_worker_0_memory_MB": 2318.20703125,
  "peak_gpu_0_memory_MB": 51.84521484375,
  "training_duration": "0:00:01.963497",
  "training_start_epoch": 0,
  "training_epochs": 6,
  "epoch": 6,
  "training_accuracy": 0.6410363560384454,
  "training_loss": 1.789628963721426,
  "training_worker_0_memory_MB": 2318.20703125,
  "training_gpu_0_memory_MB": 51.84521484375,
  "validation_accuracy": 0.6589403973509934,
  "validation_loss": 1.6943922281265258,
  "best_validation_accuracy": 0.6589403973509934,
  "best_validation_loss": 1.6943922281265258
}