{
  "best_epoch": 19,
  "peak_worker_0_memory_MB": 2318.20703125,
  "peak_gpu_0_memory_MB": 51.84521484375,
  "training_duration": "0:00:07.061016",
  "training_start_epoch": 0,
  "training_epochs": 24,
  "epoch": 24,
  "training_accuracy": 0.9201838696197242,
  "training_loss": 0.3252839028443161,
  "training_worker_0_memory_MB": 2318.20703125,
  "training_gpu_0_memory_MB": 51.84521484375,
  "validation_accuracy": 0.8079470198675497,
  "validation_loss": 1.0773791253566742,
  "best_validation_accuracy": 0.804635761589404,
  "best_validation_loss": 1.0035292029380798
}