{
  "best_epoch": 15,
  "peak_worker_0_memory_MB": 2318.20703125,
  "peak_gpu_0_memory_MB": 51.84521484375,
  "training_duration": "0:00:04.505521",
  "training_start_epoch": 0,
  "training_epochs": 15,
  "epoch": 15,
  "training_accuracy": 0.8633514417049728,
  "training_loss": 0.572617033594533,
  "training_worker_0_memory_MB": 2318.20703125,
  "training_gpu_0_memory_MB": 51.84521484375,
  "validation_accuracy": 0.7864238410596026,
  "validation_loss": 1.016412127017975,
  "best_validation_accuracy": 0.7864238410596026,
  "best_validation_loss": 1.016412127017975
}