{
  "best_epoch": 19,
  "peak_worker_0_memory_MB": 2318.20703125,
  "peak_gpu_0_memory_MB": 51.84521484375,
  "training_duration": "0:00:05.645662",
  "training_start_epoch": 0,
  "training_epochs": 19,
  "epoch": 19,
  "training_accuracy": 0.8834099456748851,
  "training_loss": 0.43906054763417496,
  "training_worker_0_memory_MB": 2318.20703125,
  "training_gpu_0_memory_MB": 51.84521484375,
  "validation_accuracy": 0.804635761589404,
  "validation_loss": 1.0035292029380798,
  "best_validation_accuracy": 0.804635761589404,
  "best_validation_loss": 1.0035292029380798
}