{
  "best_epoch": 8,
  "peak_worker_0_memory_MB": 2309.3359375,
  "peak_gpu_0_memory_MB": 51.12255859375,
  "training_duration": "0:00:06.008788",
  "training_start_epoch": 0,
  "training_epochs": 8,
  "epoch": 8,
  "training_accuracy": 0.5979941496030088,
  "training_loss": 1.7146958959730048,
  "training_worker_0_memory_MB": 2309.3359375,
  "training_gpu_0_memory_MB": 51.12255859375,
  "validation_accuracy": 0.7218543046357616,
  "validation_loss": 1.2657823085784912,
  "best_validation_accuracy": 0.7218543046357616,
  "best_validation_loss": 1.2657823085784912
}