{
  "best_epoch": 0,
  "peak_worker_0_memory_MB": 2273.13671875,
  "peak_gpu_0_memory_MB": 15.416015625,
  "training_duration": "0:00:00.080003",
  "training_start_epoch": 0,
  "training_epochs": 0,
  "epoch": 0,
  "training_accuracy": 0.10513643659711075,
  "training_loss": 3.9827898383140563,
  "training_worker_0_memory_MB": 2273.13671875,
  "training_gpu_0_memory_MB": 15.416015625,
  "validation_accuracy": 0.38741721854304634,
  "validation_loss": 3.407753562927246,
  "best_validation_accuracy": 0.38741721854304634,
  "best_validation_loss": 3.407753562927246
}