{
  "best_epoch": 4,
  "peak_worker_0_memory_MB": 2273.13671875,
  "peak_gpu_0_memory_MB": 15.416015625,
  "training_duration": "0:00:00.421226",
  "training_start_epoch": 0,
  "training_epochs": 4,
  "epoch": 4,
  "training_accuracy": 0.8218298555377207,
  "training_loss": 0.9402745217084885,
  "training_worker_0_memory_MB": 2273.13671875,
  "training_gpu_0_memory_MB": 15.416015625,
  "validation_accuracy": 0.8162251655629139,
  "validation_loss": 1.1666118383407593,
  "best_validation_accuracy": 0.8162251655629139,
  "best_validation_loss": 1.1666118383407593
}