{
  "best_epoch": 3,
  "peak_worker_0_memory_MB": 2273.13671875,
  "peak_gpu_0_memory_MB": 15.416015625,
  "training_duration": "0:00:00.338152",
  "training_start_epoch": 0,
  "training_epochs": 3,
  "epoch": 3,
  "training_accuracy": 0.7536115569823435,
  "training_loss": 1.479228776693344,
  "training_worker_0_memory_MB": 2273.13671875,
  "training_gpu_0_memory_MB": 15.416015625,
  "validation_accuracy": 0.7980132450331126,
  "validation_loss": 1.3241103410720825,
  "best_validation_accuracy": 0.7980132450331126,
  "best_validation_loss": 1.3241103410720825
}