{
  "best_epoch": 8,
  "peak_worker_0_memory_MB": 2273.13671875,
  "peak_gpu_0_memory_MB": 15.416015625,
  "training_duration": "0:00:01.428874",
  "training_start_epoch": 0,
  "training_epochs": 16,
  "epoch": 16,
  "training_accuracy": 0.8756019261637239,
  "training_loss": 0.2941888704895973,
  "training_worker_0_memory_MB": 2273.13671875,
  "training_gpu_0_memory_MB": 15.416015625,
  "validation_accuracy": 0.7135761589403974,
  "validation_loss": 1.201284122467041,
  "best_validation_accuracy": 0.8029801324503312,
  "best_validation_loss": 1.0939274847507476
}