{
  "best_epoch": 32,
  "peak_worker_0_memory_MB": 2313.53515625,
  "peak_gpu_0_memory_MB": 54.728515625,
  "training_duration": "0:00:07.556027",
  "training_start_epoch": 0,
  "training_epochs": 33,
  "epoch": 33,
  "training_accuracy": 0.9677135309656589,
  "training_loss": 0.18200691085722712,
  "training_worker_0_memory_MB": 2313.53515625,
  "training_gpu_0_memory_MB": 54.728515625,
  "validation_accuracy": 0.8029801324503312,
  "validation_loss": 0.8911460995674133,
  "best_validation_accuracy": 0.8079470198675497,
  "best_validation_loss": 0.8856079280376434
}