{
  "best_epoch": 2,
  "peak_worker_0_memory_MB": 2313.53515625,
  "peak_gpu_0_memory_MB": 54.728515625,
  "training_duration": "0:00:00.653636",
  "training_start_epoch": 0,
  "training_epochs": 2,
  "epoch": 2,
  "training_accuracy": 0.27091282653360726,
  "training_loss": 3.1988713564696134,
  "training_worker_0_memory_MB": 2313.53515625,
  "training_gpu_0_memory_MB": 54.728515625,
  "validation_accuracy": 0.3360927152317881,
  "validation_loss": 3.076138401031494,
  "best_validation_accuracy": 0.3360927152317881,
  "best_validation_loss": 3.076138401031494
}