{
  "best_epoch": 1,
  "peak_worker_0_memory_MB": 2313.5546875,
  "peak_gpu_0_memory_MB": 54.728515625,
  "training_duration": "0:00:00.414382",
  "training_start_epoch": 0,
  "training_epochs": 1,
  "epoch": 1,
  "training_accuracy": 0.21984150278837686,
  "training_loss": 3.8524744113286338,
  "training_worker_0_memory_MB": 2313.5546875,
  "training_gpu_0_memory_MB": 54.728515625,
  "validation_accuracy": 0.26986754966887416,
  "validation_loss": 3.67910692691803,
  "best_validation_accuracy": 0.26986754966887416,
  "best_validation_loss": 3.67910692691803
}