{
  "best_epoch": 38,
  "peak_worker_0_memory_MB": 2313.5546875,
  "peak_gpu_0_memory_MB": 54.728515625,
  "training_duration": "0:00:08.785919",
  "training_start_epoch": 0,
  "training_epochs": 40,
  "epoch": 40,
  "training_accuracy": 0.9333724684473144,
  "training_loss": 0.37709287995541535,
  "training_worker_0_memory_MB": 2313.5546875,
  "training_gpu_0_memory_MB": 54.728515625,
  "validation_accuracy": 0.793046357615894,
  "validation_loss": 0.9671010911464691,
  "best_validation_accuracy": 0.7913907284768212,
  "best_validation_loss": 0.9610709846019745
}