{
  "best_epoch": 63,
  "peak_worker_0_memory_MB": 2313.5546875,
  "peak_gpu_0_memory_MB": 54.728515625,
  "training_duration": "0:00:13.909629",
  "training_start_epoch": 0,
  "training_epochs": 64,
  "epoch": 64,
  "training_accuracy": 0.9694746110948048,
  "training_loss": 0.15228530185090172,
  "training_worker_0_memory_MB": 2313.5546875,
  "training_gpu_0_memory_MB": 54.728515625,
  "validation_accuracy": 0.8062913907284768,
  "validation_loss": 0.8690818667411804,
  "best_validation_accuracy": 0.8062913907284768,
  "best_validation_loss": 0.8637904226779938
}