{
  "best_epoch": 71,
  "peak_worker_0_memory_MB": 2313.5546875,
  "peak_gpu_0_memory_MB": 54.728515625,
  "training_duration": "0:00:15.391647",
  "training_start_epoch": 0,
  "training_epochs": 71,
  "epoch": 71,
  "training_accuracy": 0.9782800117405341,
  "training_loss": 0.1227605849918392,
  "training_worker_0_memory_MB": 2313.5546875,
  "training_gpu_0_memory_MB": 54.728515625,
  "validation_accuracy": 0.8062913907284768,
  "validation_loss": 0.8579472184181214,
  "best_validation_accuracy": 0.8062913907284768,
  "best_validation_loss": 0.8579472184181214
}