{
  "best_epoch": 63,
  "peak_worker_0_memory_MB": 2313.5546875,
  "peak_gpu_0_memory_MB": 54.728515625,
  "training_duration": "0:00:15.179671",
  "training_start_epoch": 0,
  "training_epochs": 70,
  "epoch": 70,
  "training_accuracy": 0.9773994716759613,
  "training_loss": 0.13187801092863083,
  "training_worker_0_memory_MB": 2313.5546875,
  "training_gpu_0_memory_MB": 54.728515625,
  "validation_accuracy": 0.8079470198675497,
  "validation_loss": 0.9086228430271148,
  "best_validation_accuracy": 0.8062913907284768,
  "best_validation_loss": 0.8637904226779938
}