{
  "best_epoch": 2,
  "peak_worker_0_memory_MB": 2273.13671875,
  "peak_gpu_0_memory_MB": 15.68994140625,
  "training_duration": "0:00:00.293025",
  "training_start_epoch": 0,
  "training_epochs": 2,
  "epoch": 2,
  "training_accuracy": 0.5746388443017657,
  "training_loss": 2.6222843527793884,
  "training_worker_0_memory_MB": 2273.13671875,
  "training_gpu_0_memory_MB": 15.68994140625,
  "validation_accuracy": 0.7185430463576159,
  "validation_loss": 2.1215610980987547,
  "best_validation_accuracy": 0.7185430463576159,
  "best_validation_loss": 2.1215610980987547
}