{
  "best_epoch": 8,
  "peak_worker_0_memory_MB": 2273.13671875,
  "peak_gpu_0_memory_MB": 15.68994140625,
  "training_duration": "0:00:00.949386",
  "training_start_epoch": 0,
  "training_epochs": 9,
  "epoch": 9,
  "training_accuracy": 0.8739967897271268,
  "training_loss": 0.3955487087368965,
  "training_worker_0_memory_MB": 2273.13671875,
  "training_gpu_0_memory_MB": 15.68994140625,
  "validation_accuracy": 0.8112582781456954,
  "validation_loss": 1.0900825440883637,
  "best_validation_accuracy": 0.8013245033112583,
  "best_validation_loss": 1.067762440443039
}