{
  "best_epoch": 3,
  "peak_worker_0_memory_MB": 2271.57421875,
  "peak_gpu_0_memory_MB": 15.515625,
  "training_duration": "0:00:01.096019",
  "training_start_epoch": 0,
  "training_epochs": 12,
  "epoch": 12,
  "training_accuracy": 0.8756019261637239,
  "training_loss": 0.2874781273305416,
  "training_worker_0_memory_MB": 2271.57421875,
  "training_gpu_0_memory_MB": 15.515625,
  "validation_accuracy": 0.7003311258278145,
  "validation_loss": 1.2656539618968963,
  "best_validation_accuracy": 0.7980132450331126,
  "best_validation_loss": 1.1009782195091247
}