{
  "best_epoch": 77,
  "peak_worker_0_memory_MB": 2330.921875,
  "peak_gpu_0_memory_MB": 65.09326171875,
  "training_duration": "0:00:20.944955",
  "training_start_epoch": 0,
  "training_epochs": 79,
  "epoch": 79,
  "training_accuracy": 0.8037470725995316,
  "training_loss": 1.1187480741472386,
  "training_worker_0_memory_MB": 2330.921875,
  "training_gpu_0_memory_MB": 65.09326171875,
  "validation_accuracy": 0.7466887417218543,
  "validation_loss": 1.2705809950828553,
  "best_validation_accuracy": 0.7466887417218543,
  "best_validation_loss": 1.2644133985042572
}