{
  "best_epoch": 62,
  "peak_worker_0_memory_MB": 2330.921875,
  "peak_gpu_0_memory_MB": 65.09326171875,
  "training_duration": "0:00:16.435197",
  "training_start_epoch": 0,
  "training_epochs": 62,
  "epoch": 62,
  "training_accuracy": 0.7224824355971897,
  "training_loss": 1.4847004644906343,
  "training_worker_0_memory_MB": 2330.921875,
  "training_gpu_0_memory_MB": 65.09326171875,
  "validation_accuracy": 0.7152317880794702,
  "validation_loss": 1.491411280632019,
  "best_validation_accuracy": 0.7152317880794702,
  "best_validation_loss": 1.491411280632019
}