{
  "best_epoch": 80,
  "peak_worker_0_memory_MB": 2330.921875,
  "peak_gpu_0_memory_MB": 65.09326171875,
  "training_duration": "0:00:21.470061",
  "training_start_epoch": 0,
  "training_epochs": 81,
  "epoch": 81,
  "training_accuracy": 0.8053864168618267,
  "training_loss": 1.0844790321677478,
  "training_worker_0_memory_MB": 2330.921875,
  "training_gpu_0_memory_MB": 65.09326171875,
  "validation_accuracy": 0.7516556291390728,
  "validation_loss": 1.2711010932922364,
  "best_validation_accuracy": 0.75,
  "best_validation_loss": 1.2329543292522431
}