{
  "best_epoch": 56,
  "peak_worker_0_memory_MB": 2330.921875,
  "peak_gpu_0_memory_MB": 65.09326171875,
  "training_duration": "0:00:14.844606",
  "training_start_epoch": 0,
  "training_epochs": 56,
  "epoch": 56,
  "training_accuracy": 0.6922716627634661,
  "training_loss": 1.6326034175815867,
  "training_worker_0_memory_MB": 2330.921875,
  "training_gpu_0_memory_MB": 65.09326171875,
  "validation_accuracy": 0.7036423841059603,
  "validation_loss": 1.6026787877082824,
  "best_validation_accuracy": 0.7036423841059603,
  "best_validation_loss": 1.6026787877082824
}