{
  "best_epoch": 87,
  "peak_worker_0_memory_MB": 2330.921875,
  "peak_gpu_0_memory_MB": 65.09326171875,
  "training_duration": "0:00:23.024992",
  "training_start_epoch": 0,
  "training_epochs": 87,
  "epoch": 87,
  "training_accuracy": 0.8250585480093677,
  "training_loss": 0.9872853658092555,
  "training_worker_0_memory_MB": 2330.921875,
  "training_gpu_0_memory_MB": 65.09326171875,
  "validation_accuracy": 0.7566225165562914,
  "validation_loss": 1.1397901803255082,
  "best_validation_accuracy": 0.7566225165562914,
  "best_validation_loss": 1.1397901803255082
}