{
  "best_epoch": 19,
  "peak_worker_0_memory_MB": 2330.921875,
  "peak_gpu_0_memory_MB": 65.09326171875,
  "training_duration": "0:00:05.194003",
  "training_start_epoch": 0,
  "training_epochs": 19,
  "epoch": 19,
  "training_accuracy": 0.33278688524590166,
  "training_loss": 3.015932054661993,
  "training_worker_0_memory_MB": 2330.921875,
  "training_gpu_0_memory_MB": 65.09326171875,
  "validation_accuracy": 0.4205298013245033,
  "validation_loss": 2.874719500541687,
  "best_validation_accuracy": 0.4205298013245033,
  "best_validation_loss": 2.874719500541687
}