{
  "best_epoch": 40,
  "peak_worker_0_memory_MB": 2330.921875,
  "peak_gpu_0_memory_MB": 65.09326171875,
  "training_duration": "0:00:10.646049",
  "training_start_epoch": 0,
  "training_epochs": 40,
  "epoch": 40,
  "training_accuracy": 0.5639344262295082,
  "training_loss": 2.16908252061303,
  "training_worker_0_memory_MB": 2330.921875,
  "training_gpu_0_memory_MB": 65.09326171875,
  "validation_accuracy": 0.6142384105960265,
  "validation_loss": 2.0528058052062987,
  "best_validation_accuracy": 0.6142384105960265,
  "best_validation_loss": 2.0528058052062987
}