{
  "best_epoch": 19,
  "peak_worker_0_memory_MB": 2269.69921875,
  "peak_gpu_0_memory_MB": 8.73193359375,
  "training_duration": "0:00:02.900698",
  "training_start_epoch": 0,
  "training_epochs": 20,
  "epoch": 20,
  "training_accuracy": 0.9017969076473047,
  "training_loss": 0.47266640239640284,
  "training_worker_0_memory_MB": 2269.69921875,
  "training_gpu_0_memory_MB": 8.73193359375,
  "validation_accuracy": 0.8261589403973509,
  "validation_loss": 0.8934095203876495,
  "best_validation_accuracy": 0.8294701986754967,
  "best_validation_loss": 0.8838303327560425
}