{
  "best_epoch": 17,
  "peak_worker_0_memory_MB": 2269.69921875,
  "peak_gpu_0_memory_MB": 8.73193359375,
  "training_duration": "0:00:02.500502",
  "training_start_epoch": 0,
  "training_epochs": 17,
  "epoch": 17,
  "training_accuracy": 0.893021312160468,
  "training_loss": 0.533474293194319,
  "training_worker_0_memory_MB": 2269.69921875,
  "training_gpu_0_memory_MB": 8.73193359375,
  "validation_accuracy": 0.8261589403973509,
  "validation_loss": 0.9059484601020813,
  "best_validation_accuracy": 0.8261589403973509,
  "best_validation_loss": 0.9059484601020813
}