{
  "best_epoch": 1,
  "peak_worker_0_memory_MB": 2371.23046875,
  "peak_gpu_0_memory_MB": 89.33056640625,
  "training_duration": "0:00:00.993530",
  "training_start_epoch": 0,
  "training_epochs": 1,
  "epoch": 1,
  "training_accuracy": 0.4116658665386462,
  "training_loss": 2.864234826036992,
  "training_worker_0_memory_MB": 2371.23046875,
  "training_gpu_0_memory_MB": 89.33056640625,
  "validation_accuracy": 0.6771523178807947,
  "validation_loss": 1.89017094373703,
  "best_validation_accuracy": 0.6771523178807947,
  "best_validation_loss": 1.89017094373703
}