{
  "best_epoch": 4,
  "peak_worker_0_memory_MB": 2270.7265625,
  "peak_gpu_0_memory_MB": 8.73193359375,
  "training_duration": "0:00:00.690664",
  "training_start_epoch": 0,
  "training_epochs": 4,
  "epoch": 4,
  "training_accuracy": 0.7684914333472629,
  "training_loss": 1.3267003235064054,
  "training_worker_0_memory_MB": 2270.7265625,
  "training_gpu_0_memory_MB": 8.73193359375,
  "validation_accuracy": 0.7516556291390728,
  "validation_loss": 1.3511163234710692,
  "best_validation_accuracy": 0.7516556291390728,
  "best_validation_loss": 1.3511163234710692
}