{
  "best_epoch": 25,
  "peak_worker_0_memory_MB": 2270.7265625,
  "peak_gpu_0_memory_MB": 8.73193359375,
  "training_duration": "0:00:04.056019",
  "training_start_epoch": 0,
  "training_epochs": 28,
  "epoch": 28,
  "training_accuracy": 0.9130798161303803,
  "training_loss": 0.32584565995555176,
  "training_worker_0_memory_MB": 2270.7265625,
  "training_gpu_0_memory_MB": 8.73193359375,
  "validation_accuracy": 0.8245033112582781,
  "validation_loss": 0.8687772572040557,
  "best_validation_accuracy": 0.8311258278145696,
  "best_validation_loss": 0.8305091232061386
}