{
  "best_epoch": 14,
  "peak_worker_0_memory_MB": 2270.7265625,
  "peak_gpu_0_memory_MB": 8.73193359375,
  "training_duration": "0:00:02.107894",
  "training_start_epoch": 0,
  "training_epochs": 14,
  "epoch": 14,
  "training_accuracy": 0.902632678646051,
  "training_loss": 0.46849882837973145,
  "training_worker_0_memory_MB": 2270.7265625,
  "training_gpu_0_memory_MB": 8.73193359375,
  "validation_accuracy": 0.8311258278145696,
  "validation_loss": 0.8792496383190155,
  "best_validation_accuracy": 0.8311258278145696,
  "best_validation_loss": 0.8792496383190155
}