{
  "best_epoch": 4,
  "peak_worker_0_memory_MB": 2314.08984375,
  "peak_gpu_0_memory_MB": 51.12255859375,
  "training_duration": "0:00:03.948924",
  "training_start_epoch": 0,
  "training_epochs": 5,
  "epoch": 5,
  "training_accuracy": 0.8775595486836607,
  "training_loss": 0.47981138762674835,
  "training_worker_0_memory_MB": 2314.08984375,
  "training_gpu_0_memory_MB": 51.12255859375,
  "validation_accuracy": 0.7897350993377483,
  "validation_loss": 1.1242336630821228,
  "best_validation_accuracy": 0.7814569536423841,
  "best_validation_loss": 1.1056282639503479
}