{
  "best_epoch": 4,
  "peak_worker_0_memory_MB": 2314.08984375,
  "peak_gpu_0_memory_MB": 51.12255859375,
  "training_duration": "0:00:04.607958",
  "training_start_epoch": 0,
  "training_epochs": 6,
  "epoch": 6,
  "training_accuracy": 0.8821562891767656,
  "training_loss": 0.4229281278033006,
  "training_worker_0_memory_MB": 2314.08984375,
  "training_gpu_0_memory_MB": 51.12255859375,
  "validation_accuracy": 0.7897350993377483,
  "validation_loss": 1.2097091317176818,
  "best_validation_accuracy": 0.7814569536423841,
  "best_validation_loss": 1.1056282639503479
}