{
  "best_epoch": 3,
  "peak_worker_0_memory_MB": 2328.3125,
  "peak_gpu_0_memory_MB": 64.7041015625,
  "training_duration": "0:00:00.967663",
  "training_start_epoch": 0,
  "training_epochs": 3,
  "epoch": 3,
  "training_accuracy": 0.5476749647721936,
  "training_loss": 2.289901144468962,
  "training_worker_0_memory_MB": 2328.3125,
  "training_gpu_0_memory_MB": 64.7041015625,
  "validation_accuracy": 0.6192052980132451,
  "validation_loss": 2.0588024497032165,
  "best_validation_accuracy": 0.6192052980132451,
  "best_validation_loss": 2.0588024497032165
}