{
  "best_epoch": 4,
  "peak_worker_0_memory_MB": 2328.3125,
  "peak_gpu_0_memory_MB": 64.7041015625,
  "training_duration": "0:00:01.211973",
  "training_start_epoch": 0,
  "training_epochs": 4,
  "epoch": 4,
  "training_accuracy": 0.6470173790511977,
  "training_loss": 1.8548436200440819,
  "training_worker_0_memory_MB": 2328.3125,
  "training_gpu_0_memory_MB": 64.7041015625,
  "validation_accuracy": 0.6854304635761589,
  "validation_loss": 1.7589895009994507,
  "best_validation_accuracy": 0.6854304635761589,
  "best_validation_loss": 1.7589895009994507
}