{
  "best_epoch": 1,
  "peak_worker_0_memory_MB": 2319.48828125,
  "peak_gpu_0_memory_MB": 51.08984375,
  "training_duration": "0:00:00.510432",
  "training_start_epoch": 0,
  "training_epochs": 1,
  "epoch": 1,
  "training_accuracy": 0.3259953161592506,
  "training_loss": 3.107299178393919,
  "training_worker_0_memory_MB": 2319.48828125,
  "training_gpu_0_memory_MB": 51.08984375,
  "validation_accuracy": 0.47516556291390727,
  "validation_loss": 2.771167492866516,
  "best_validation_accuracy": 0.47516556291390727,
  "best_validation_loss": 2.771167492866516
}