{
  "best_epoch": 7,
  "peak_worker_0_memory_MB": 2328.29296875,
  "peak_gpu_0_memory_MB": 64.7041015625,
  "training_duration": "0:00:02.146562",
  "training_start_epoch": 0,
  "training_epochs": 7,
  "epoch": 7,
  "training_accuracy": 0.8078910286519493,
  "training_loss": 1.014573586520864,
  "training_worker_0_memory_MB": 2328.29296875,
  "training_gpu_0_memory_MB": 64.7041015625,
  "validation_accuracy": 0.7665562913907285,
  "validation_loss": 1.1248075127601624,
  "best_validation_accuracy": 0.7665562913907285,
  "best_validation_loss": 1.1248075127601624
}