{
  "best_epoch": 3,
  "peak_worker_0_memory_MB": 2328.29296875,
  "peak_gpu_0_memory_MB": 64.7041015625,
  "training_duration": "0:00:01.062661",
  "training_start_epoch": 0,
  "training_epochs": 3,
  "epoch": 3,
  "training_accuracy": 0.5495537811178958,
  "training_loss": 2.1694743544308106,
  "training_worker_0_memory_MB": 2328.29296875,
  "training_gpu_0_memory_MB": 64.7041015625,
  "validation_accuracy": 0.6589403973509934,
  "validation_loss": 1.8131665945053101,
  "best_validation_accuracy": 0.6589403973509934,
  "best_validation_loss": 1.8131665945053101
}