{
  "best_epoch": 11,
  "peak_worker_0_memory_MB": 2365.1484375,
  "peak_gpu_0_memory_MB": 89.33056640625,
  "training_duration": "0:00:05.827534",
  "training_start_epoch": 0,
  "training_epochs": 12,
  "epoch": 12,
  "training_accuracy": 0.9351896303408546,
  "training_loss": 0.403597962310296,
  "training_worker_0_memory_MB": 2365.1484375,
  "training_gpu_0_memory_MB": 89.33056640625,
  "validation_accuracy": 0.7897350993377483,
  "validation_loss": 0.9736936211585998,
  "best_validation_accuracy": 0.7913907284768212,
  "best_validation_loss": 0.9630445778369904
}