{
  "best_epoch": 7,
  "peak_worker_0_memory_MB": 2314.08984375,
  "peak_gpu_0_memory_MB": 51.12255859375,
  "training_duration": "0:00:05.421923",
  "training_start_epoch": 0,
  "training_epochs": 7,
  "epoch": 7,
  "training_accuracy": 0.33639782699540327,
  "training_loss": 2.7701099797299036,
  "training_worker_0_memory_MB": 2314.08984375,
  "training_gpu_0_memory_MB": 51.12255859375,
  "validation_accuracy": 0.49503311258278143,
  "validation_loss": 2.26035795211792,
  "best_validation_accuracy": 0.49503311258278143,
  "best_validation_loss": 2.26035795211792
}