{
  "best_epoch": 25,
  "peak_worker_0_memory_MB": 2314.08984375,
  "peak_gpu_0_memory_MB": 51.12255859375,
  "training_duration": "0:00:18.233264",
  "training_start_epoch": 0,
  "training_epochs": 26,
  "epoch": 26,
  "training_accuracy": 0.756790639364814,
  "training_loss": 0.9447992483251973,
  "training_worker_0_memory_MB": 2314.08984375,
  "training_gpu_0_memory_MB": 51.12255859375,
  "validation_accuracy": 0.7847682119205298,
  "validation_loss": 0.9780444025993347,
  "best_validation_accuracy": 0.7764900662251656,
  "best_validation_loss": 0.9508493632078171
}