{
  "best_epoch": 15,
  "peak_worker_0_memory_MB": 2314.08984375,
  "peak_gpu_0_memory_MB": 51.12255859375,
  "training_duration": "0:00:10.768744",
  "training_start_epoch": 0,
  "training_epochs": 15,
  "epoch": 15,
  "training_accuracy": 0.630171333054743,
  "training_loss": 1.5223798438122398,
  "training_worker_0_memory_MB": 2314.08984375,
  "training_gpu_0_memory_MB": 51.12255859375,
  "validation_accuracy": 0.7367549668874173,
  "validation_loss": 1.147497683763504,
  "best_validation_accuracy": 0.7367549668874173,
  "best_validation_loss": 1.147497683763504
}