{
  "best_epoch": 16,
  "peak_worker_0_memory_MB": 2319.48828125,
  "peak_gpu_0_memory_MB": 51.08984375,
  "training_duration": "0:00:04.831290",
  "training_start_epoch": 0,
  "training_epochs": 17,
  "epoch": 17,
  "training_accuracy": 0.88384074941452,
  "training_loss": 0.6988545424902617,
  "training_worker_0_memory_MB": 2319.48828125,
  "training_gpu_0_memory_MB": 51.08984375,
  "validation_accuracy": 0.7748344370860927,
  "validation_loss": 1.0571050822734833,
  "best_validation_accuracy": 0.7731788079470199,
  "best_validation_loss": 1.0350828647613526
}