{
  "best_epoch": 20,
  "peak_worker_0_memory_MB": 2319.48828125,
  "peak_gpu_0_memory_MB": 51.08984375,
  "training_duration": "0:00:05.620611",
  "training_start_epoch": 0,
  "training_epochs": 20,
  "epoch": 20,
  "training_accuracy": 0.9084309133489461,
  "training_loss": 0.5422836986940298,
  "training_worker_0_memory_MB": 2319.48828125,
  "training_gpu_0_memory_MB": 51.08984375,
  "validation_accuracy": 0.7831125827814569,
  "validation_loss": 0.9746744930744171,
  "best_validation_accuracy": 0.7831125827814569,
  "best_validation_loss": 0.9746744930744171
}