{
  "best_epoch": 3,
  "peak_worker_0_memory_MB": 2319.48828125,
  "peak_gpu_0_memory_MB": 51.08984375,
  "training_duration": "0:00:01.046521",
  "training_start_epoch": 0,
  "training_epochs": 3,
  "epoch": 3,
  "training_accuracy": 0.3864168618266979,
  "training_loss": 2.939663926167275,
  "training_worker_0_memory_MB": 2319.48828125,
  "training_gpu_0_memory_MB": 51.08984375,
  "validation_accuracy": 0.48344370860927155,
  "validation_loss": 2.7095890045166016,
  "best_validation_accuracy": 0.48344370860927155,
  "best_validation_loss": 2.7095890045166016
}