{
  "best_epoch": 0,
  "peak_worker_0_memory_MB": 2319.48828125,
  "peak_gpu_0_memory_MB": 51.08984375,
  "training_duration": "0:00:00.258613",
  "training_start_epoch": 0,
  "training_epochs": 0,
  "epoch": 0,
  "training_accuracy": 0.16721311475409836,
  "training_loss": 4.008831721633228,
  "training_worker_0_memory_MB": 2319.48828125,
  "training_gpu_0_memory_MB": 51.08984375,
  "validation_accuracy": 0.3211920529801324,
  "validation_loss": 3.695762014389038,
  "best_validation_accuracy": 0.3211920529801324,
  "best_validation_loss": 3.695762014389038
}