{
  "best_epoch": 6,
  "peak_worker_0_memory_MB": 2319.48828125,
  "peak_gpu_0_memory_MB": 51.08984375,
  "training_duration": "0:00:01.856193",
  "training_start_epoch": 0,
  "training_epochs": 6,
  "epoch": 6,
  "training_accuracy": 0.5843091334894613,
  "training_loss": 2.14649792571566,
  "training_worker_0_memory_MB": 2319.48828125,
  "training_gpu_0_memory_MB": 51.08984375,
  "validation_accuracy": 0.6440397350993378,
  "validation_loss": 1.9931512594223022,
  "best_validation_accuracy": 0.6440397350993378,
  "best_validation_loss": 1.9931512594223022
}