{
  "best_epoch": 26,
  "peak_worker_0_memory_MB": 2319.48828125,
  "peak_gpu_0_memory_MB": 51.08984375,
  "training_duration": "0:00:07.262734",
  "training_start_epoch": 0,
  "training_epochs": 26,
  "epoch": 26,
  "training_accuracy": 0.9428571428571428,
  "training_loss": 0.3381635377656168,
  "training_worker_0_memory_MB": 2319.48828125,
  "training_gpu_0_memory_MB": 51.08984375,
  "validation_accuracy": 0.793046357615894,
  "validation_loss": 0.902718797326088,
  "best_validation_accuracy": 0.793046357615894,
  "best_validation_loss": 0.902718797326088
}