{
  "best_epoch": 5,
  "peak_worker_0_memory_MB": 2367.51171875,
  "peak_gpu_0_memory_MB": 86.88818359375,
  "training_duration": "0:00:03.220818",
  "training_start_epoch": 0,
  "training_epochs": 5,
  "epoch": 5,
  "training_accuracy": 0.9249879980796928,
  "training_loss": 0.494567463529929,
  "training_worker_0_memory_MB": 2367.51171875,
  "training_gpu_0_memory_MB": 86.88818359375,
  "validation_accuracy": 0.793046357615894,
  "validation_loss": 0.9112074315547943,
  "best_validation_accuracy": 0.793046357615894,
  "best_validation_loss": 0.9112074315547943
}