{
  "best_epoch": 4,
  "peak_worker_0_memory_MB": 2367.51171875,
  "peak_gpu_0_memory_MB": 86.88818359375,
  "training_duration": "0:00:02.672694",
  "training_start_epoch": 0,
  "training_epochs": 4,
  "epoch": 4,
  "training_accuracy": 0.8721795487277965,
  "training_loss": 0.735370792732894,
  "training_worker_0_memory_MB": 2367.51171875,
  "training_gpu_0_memory_MB": 86.88818359375,
  "validation_accuracy": 0.7897350993377483,
  "validation_loss": 0.9377852499485015,
  "best_validation_accuracy": 0.7897350993377483,
  "best_validation_loss": 0.9377852499485015
}