{
  "best_epoch": 66,
  "peak_worker_0_memory_MB": 2331.171875,
  "peak_gpu_0_memory_MB": 65.09326171875,
  "training_duration": "0:00:16.649211",
  "training_start_epoch": 0,
  "training_epochs": 67,
  "epoch": 67,
  "training_accuracy": 0.8950819672131147,
  "training_loss": 0.6346080699073735,
  "training_worker_0_memory_MB": 2331.171875,
  "training_gpu_0_memory_MB": 65.09326171875,
  "validation_accuracy": 0.7864238410596026,
  "validation_loss": 1.0147697925567627,
  "best_validation_accuracy": 0.7847682119205298,
  "best_validation_loss": 1.0140389800071716
}