{
  "best_epoch": 87,
  "peak_worker_0_memory_MB": 2331.171875,
  "peak_gpu_0_memory_MB": 65.09326171875,
  "training_duration": "0:00:22.663783",
  "training_start_epoch": 0,
  "training_epochs": 91,
  "epoch": 91,
  "training_accuracy": 0.9337236533957846,
  "training_loss": 0.38554289803576114,
  "training_worker_0_memory_MB": 2331.171875,
  "training_gpu_0_memory_MB": 65.09326171875,
  "validation_accuracy": 0.7963576158940397,
  "validation_loss": 0.9151625156402587,
  "best_validation_accuracy": 0.7963576158940397,
  "best_validation_loss": 0.887515415251255
}