{
  "best_epoch": 1,
  "peak_worker_0_memory_MB": 2331.171875,
  "peak_gpu_0_memory_MB": 65.09326171875,
  "training_duration": "0:00:00.487191",
  "training_start_epoch": 0,
  "training_epochs": 1,
  "epoch": 1,
  "training_accuracy": 0.11288056206088994,
  "training_loss": 4.0661042875318385,
  "training_worker_0_memory_MB": 2331.171875,
  "training_gpu_0_memory_MB": 65.09326171875,
  "validation_accuracy": 0.152317880794702,
  "validation_loss": 3.989149332046509,
  "best_validation_accuracy": 0.152317880794702,
  "best_validation_loss": 3.989149332046509
}