{
  "best_epoch": 54,
  "peak_worker_0_memory_MB": 2331.171875,
  "peak_gpu_0_memory_MB": 65.09326171875,
  "training_duration": "0:00:13.462035",
  "training_start_epoch": 0,
  "training_epochs": 54,
  "epoch": 54,
  "training_accuracy": 0.8515222482435597,
  "training_loss": 0.8646401665103969,
  "training_worker_0_memory_MB": 2331.171875,
  "training_gpu_0_memory_MB": 65.09326171875,
  "validation_accuracy": 0.7731788079470199,
  "validation_loss": 1.1214072167873383,
  "best_validation_accuracy": 0.7731788079470199,
  "best_validation_loss": 1.1214072167873383
}