{
  "best_epoch": 4,
  "peak_worker_0_memory_MB": 2273.39453125,
  "peak_gpu_0_memory_MB": 15.68994140625,
  "training_duration": "0:00:00.438298",
  "training_start_epoch": 0,
  "training_epochs": 4,
  "epoch": 4,
  "training_accuracy": 0.7592295345104334,
  "training_loss": 1.4865748763084412,
  "training_worker_0_memory_MB": 2273.39453125,
  "training_gpu_0_memory_MB": 15.68994140625,
  "validation_accuracy": 0.7963576158940397,
  "validation_loss": 1.3954265594482422,
  "best_validation_accuracy": 0.7963576158940397,
  "best_validation_loss": 1.3954265594482422
}