{
  "best_epoch": 7,
  "peak_worker_0_memory_MB": 2273.39453125,
  "peak_gpu_0_memory_MB": 15.68994140625,
  "training_duration": "0:00:00.695197",
  "training_start_epoch": 0,
  "training_epochs": 7,
  "epoch": 7,
  "training_accuracy": 0.8659711075441413,
  "training_loss": 0.6199335023760796,
  "training_worker_0_memory_MB": 2273.39453125,
  "training_gpu_0_memory_MB": 15.68994140625,
  "validation_accuracy": 0.8278145695364238,
  "validation_loss": 1.090716552734375,
  "best_validation_accuracy": 0.8278145695364238,
  "best_validation_loss": 1.090716552734375
}