{
  "best_epoch": 1,
  "peak_worker_0_memory_MB": 2298.41015625,
  "peak_gpu_0_memory_MB": 50.91064453125,
  "training_duration": "0:00:04.039391",
  "training_start_epoch": 0,
  "training_epochs": 5,
  "epoch": 5,
  "training_accuracy": 0.9661512745507731,
  "training_loss": 0.12849696269749025,
  "training_worker_0_memory_MB": 2298.41015625,
  "training_gpu_0_memory_MB": 50.91064453125,
  "validation_accuracy": 0.7483443708609272,
  "validation_loss": 2.1518301606178283,
  "best_validation_accuracy": 0.7350993377483444,
  "best_validation_loss": 1.3912302911281587
}