{
  "best_epoch": 10,
  "peak_worker_0_memory_MB": 2268.36328125,
  "peak_gpu_0_memory_MB": 8.73193359375,
  "training_duration": "0:00:01.945794",
  "training_start_epoch": 0,
  "training_epochs": 13,
  "epoch": 13,
  "training_accuracy": 0.90513999164229,
  "training_loss": 0.41709638190896886,
  "training_worker_0_memory_MB": 2268.36328125,
  "training_gpu_0_memory_MB": 8.73193359375,
  "validation_accuracy": 0.8344370860927153,
  "validation_loss": 0.881639814376831,
  "best_validation_accuracy": 0.8294701986754967,
  "best_validation_loss": 0.8591101437807083
}