{
  "best_epoch": 7,
  "peak_worker_0_memory_MB": 2317.36328125,
  "peak_gpu_0_memory_MB": 51.4853515625,
  "training_duration": "0:00:03.808849",
  "training_start_epoch": 0,
  "training_epochs": 13,
  "epoch": 13,
  "training_accuracy": 0.9911007025761124,
  "training_loss": 0.05706184296243226,
  "training_worker_0_memory_MB": 2317.36328125,
  "training_gpu_0_memory_MB": 51.4853515625,
  "validation_accuracy": 0.7980132450331126,
  "validation_loss": 0.9211677074432373,
  "best_validation_accuracy": 0.8013245033112583,
  "best_validation_loss": 0.8769285142421722
}