{
  "best_epoch": 32,
  "peak_worker_0_memory_MB": 2268.59765625,
  "peak_gpu_0_memory_MB": 8.73193359375,
  "training_duration": "0:00:04.951198",
  "training_start_epoch": 0,
  "training_epochs": 36,
  "epoch": 36,
  "training_accuracy": 0.9089009611366485,
  "training_loss": 0.3981558849152766,
  "training_worker_0_memory_MB": 2268.59765625,
  "training_gpu_0_memory_MB": 8.73193359375,
  "validation_accuracy": 0.8294701986754967,
  "validation_loss": 0.9231069028377533,
  "best_validation_accuracy": 0.8327814569536424,
  "best_validation_loss": 0.8756837278604508
}