{
  "best_epoch": 12,
  "peak_worker_0_memory_MB": 2314.08984375,
  "peak_gpu_0_memory_MB": 51.12255859375,
  "training_duration": "0:00:08.753304",
  "training_start_epoch": 0,
  "training_epochs": 12,
  "epoch": 12,
  "training_accuracy": 0.7237776849143335,
  "training_loss": 1.1648203871752087,
  "training_worker_0_memory_MB": 2314.08984375,
  "training_gpu_0_memory_MB": 51.12255859375,
  "validation_accuracy": 0.7715231788079471,
  "validation_loss": 1.0480908393859862,
  "best_validation_accuracy": 0.7715231788079471,
  "best_validation_loss": 1.0480908393859862
}