{
  "best_epoch": 19,
  "peak_worker_0_memory_MB": 2314.08984375,
  "peak_gpu_0_memory_MB": 51.12255859375,
  "training_duration": "0:00:15.039928",
  "training_start_epoch": 0,
  "training_epochs": 21,
  "epoch": 21,
  "training_accuracy": 0.8035938152946093,
  "training_loss": 0.6966215074062347,
  "training_worker_0_memory_MB": 2314.08984375,
  "training_gpu_0_memory_MB": 51.12255859375,
  "validation_accuracy": 0.793046357615894,
  "validation_loss": 0.9674103617668152,
  "best_validation_accuracy": 0.7880794701986755,
  "best_validation_loss": 0.9480512261390686
}