{
  "best_epoch": 2,
  "peak_worker_0_memory_MB": 2314.08984375,
  "peak_gpu_0_memory_MB": 51.12255859375,
  "training_duration": "0:00:01.984993",
  "training_start_epoch": 0,
  "training_epochs": 2,
  "epoch": 2,
  "training_accuracy": 0.17843710823234435,
  "training_loss": 3.422043800354004,
  "training_worker_0_memory_MB": 2314.08984375,
  "training_gpu_0_memory_MB": 51.12255859375,
  "validation_accuracy": 0.32781456953642385,
  "validation_loss": 3.0321568965911867,
  "best_validation_accuracy": 0.32781456953642385,
  "best_validation_loss": 3.0321568965911867
}