{
  "best_epoch": 15,
  "peak_worker_0_memory_MB": 2316.30078125,
  "peak_gpu_0_memory_MB": 62.47802734375,
  "training_duration": "0:00:04.245429",
  "training_start_epoch": 0,
  "training_epochs": 15,
  "epoch": 15,
  "training_accuracy": 0.7290398126463701,
  "training_loss": 1.3057890970315507,
  "training_worker_0_memory_MB": 2316.30078125,
  "training_gpu_0_memory_MB": 62.47802734375,
  "validation_accuracy": 0.75,
  "validation_loss": 1.2367305994033813,
  "best_validation_accuracy": 0.75,
  "best_validation_loss": 1.2367305994033813
}