{
  "best_epoch": 40,
  "peak_worker_0_memory_MB": 2316.30078125,
  "peak_gpu_0_memory_MB": 62.47802734375,
  "training_duration": "0:00:11.573094",
  "training_start_epoch": 0,
  "training_epochs": 43,
  "epoch": 43,
  "training_accuracy": 0.9114754098360656,
  "training_loss": 0.41239947525422965,
  "training_worker_0_memory_MB": 2316.30078125,
  "training_gpu_0_memory_MB": 62.47802734375,
  "validation_accuracy": 0.804635761589404,
  "validation_loss": 0.8907962024211884,
  "best_validation_accuracy": 0.8029801324503312,
  "best_validation_loss": 0.8701165705919266
}