{
  "best_epoch": 48,
  "peak_worker_0_memory_MB": 2316.30078125,
  "peak_gpu_0_memory_MB": 62.47802734375,
  "training_duration": "0:00:14.465947",
  "training_start_epoch": 0,
  "training_epochs": 54,
  "epoch": 54,
  "training_accuracy": 0.94192037470726,
  "training_loss": 0.2803115481093748,
  "training_worker_0_memory_MB": 2316.30078125,
  "training_gpu_0_memory_MB": 62.47802734375,
  "validation_accuracy": 0.8096026490066225,
  "validation_loss": 0.8942004382610321,
  "best_validation_accuracy": 0.8096026490066225,
  "best_validation_loss": 0.868883416056633
}