{
  "best_epoch": 10,
  "peak_worker_0_memory_MB": 2269.69921875,
  "peak_gpu_0_memory_MB": 8.73193359375,
  "training_duration": "0:00:02.115454",
  "training_start_epoch": 0,
  "training_epochs": 14,
  "epoch": 14,
  "training_accuracy": 0.9089009611366485,
  "training_loss": 0.36856622680237416,
  "training_worker_0_memory_MB": 2269.69921875,
  "training_gpu_0_memory_MB": 8.73193359375,
  "validation_accuracy": 0.8344370860927153,
  "validation_loss": 0.863007539510727,
  "best_validation_accuracy": 0.8327814569536424,
  "best_validation_loss": 0.8499445825815201
}