{
  "best_epoch": 30,
  "peak_worker_0_memory_MB": 2298.41015625,
  "peak_gpu_0_memory_MB": 50.91064453125,
  "training_duration": "0:00:22.680873",
  "training_start_epoch": 0,
  "training_epochs": 33,
  "epoch": 33,
  "training_accuracy": 0.4513163393230255,
  "training_loss": 2.252318510883733,
  "training_worker_0_memory_MB": 2298.41015625,
  "training_gpu_0_memory_MB": 50.91064453125,
  "validation_accuracy": 0.7052980132450332,
  "validation_loss": 1.3672411441802979,
  "best_validation_accuracy": 0.6821192052980133,
  "best_validation_loss": 1.3452329337596893
}