{
  "best_epoch": 53,
  "peak_worker_0_memory_MB": 2298.41015625,
  "peak_gpu_0_memory_MB": 50.91064453125,
  "training_duration": "0:00:36.814486",
  "training_start_epoch": 0,
  "training_epochs": 54,
  "epoch": 54,
  "training_accuracy": 0.48307563727538655,
  "training_loss": 2.0948881067727743,
  "training_worker_0_memory_MB": 2298.41015625,
  "training_gpu_0_memory_MB": 50.91064453125,
  "validation_accuracy": 0.7284768211920529,
  "validation_loss": 1.2390980064868926,
  "best_validation_accuracy": 0.7119205298013245,
  "best_validation_loss": 1.2184260398149491
}