{
  "best_epoch": 2,
  "peak_worker_0_memory_MB": 2298.41015625,
  "peak_gpu_0_memory_MB": 50.91064453125,
  "training_duration": "0:00:01.983856",
  "training_start_epoch": 0,
  "training_epochs": 2,
  "epoch": 2,
  "training_accuracy": 0.11366485582950271,
  "training_loss": 3.8530106983686747,
  "training_worker_0_memory_MB": 2298.41015625,
  "training_gpu_0_memory_MB": 50.91064453125,
  "validation_accuracy": 0.16225165562913907,
  "validation_loss": 3.2688244342803956,
  "best_validation_accuracy": 0.16225165562913907,
  "best_validation_loss": 3.2688244342803956
}