{
  "best_epoch": 25,
  "peak_worker_0_memory_MB": 2298.41015625,
  "peak_gpu_0_memory_MB": 50.91064453125,
  "training_duration": "0:00:17.301213",
  "training_start_epoch": 0,
  "training_epochs": 25,
  "epoch": 25,
  "training_accuracy": 0.42833263685750106,
  "training_loss": 2.394148061149999,
  "training_worker_0_memory_MB": 2298.41015625,
  "training_gpu_0_memory_MB": 50.91064453125,
  "validation_accuracy": 0.6705298013245033,
  "validation_loss": 1.4266171514987946,
  "best_validation_accuracy": 0.6705298013245033,
  "best_validation_loss": 1.4266171514987946
}