{
  "best_epoch": 69,
  "peak_worker_0_memory_MB": 2298.41015625,
  "peak_gpu_0_memory_MB": 50.91064453125,
  "training_duration": "0:00:52.393634",
  "training_start_epoch": 0,
  "training_epochs": 77,
  "epoch": 77,
  "training_accuracy": 0.4981195152528207,
  "training_loss": 2.102611629586471,
  "training_worker_0_memory_MB": 2298.41015625,
  "training_gpu_0_memory_MB": 50.91064453125,
  "validation_accuracy": 0.7350993377483444,
  "validation_loss": 1.181920737028122,
  "best_validation_accuracy": 0.7251655629139073,
  "best_validation_loss": 1.1644154071807862
}