{
  "best_epoch": 15,
  "peak_worker_0_memory_MB": 2298.41015625,
  "peak_gpu_0_memory_MB": 50.91064453125,
  "training_duration": "0:00:10.625679",
  "training_start_epoch": 0,
  "training_epochs": 15,
  "epoch": 15,
  "training_accuracy": 0.39406602590890094,
  "training_loss": 2.5635030332364535,
  "training_worker_0_memory_MB": 2298.41015625,
  "training_gpu_0_memory_MB": 50.91064453125,
  "validation_accuracy": 0.6241721854304636,
  "validation_loss": 1.6889598369598389,
  "best_validation_accuracy": 0.6241721854304636,
  "best_validation_loss": 1.6889598369598389
}