{
  "best_epoch": 7,
  "peak_worker_0_memory_MB": 2370.390625,
  "peak_gpu_0_memory_MB": 89.33056640625,
  "training_duration": "0:00:03.867896",
  "training_start_epoch": 0,
  "training_epochs": 7,
  "epoch": 7,
  "training_accuracy": 0.16178588574171868,
  "training_loss": 3.5974329227709587,
  "training_worker_0_memory_MB": 2370.390625,
  "training_gpu_0_memory_MB": 89.33056640625,
  "validation_accuracy": 0.5165562913907285,
  "validation_loss": 3.335219216346741,
  "best_validation_accuracy": 0.5165562913907285,
  "best_validation_loss": 3.335219216346741
}