{
  "best_epoch": 27,
  "peak_worker_0_memory_MB": 2370.390625,
  "peak_gpu_0_memory_MB": 89.33056640625,
  "training_duration": "0:00:13.497151",
  "training_start_epoch": 0,
  "training_epochs": 27,
  "epoch": 27,
  "training_accuracy": 0.4458713394143063,
  "training_loss": 2.660191117352202,
  "training_worker_0_memory_MB": 2370.390625,
  "training_gpu_0_memory_MB": 89.33056640625,
  "validation_accuracy": 0.6506622516556292,
  "validation_loss": 2.1179143309593202,
  "best_validation_accuracy": 0.6506622516556292,
  "best_validation_loss": 2.1179143309593202
}