{
  "best_epoch": 68,
  "peak_worker_0_memory_MB": 2370.390625,
  "peak_gpu_0_memory_MB": 89.33056640625,
  "training_duration": "0:00:32.909678",
  "training_start_epoch": 0,
  "training_epochs": 68,
  "epoch": 68,
  "training_accuracy": 0.7042726836293807,
  "training_loss": 1.372293142417005,
  "training_worker_0_memory_MB": 2370.390625,
  "training_gpu_0_memory_MB": 89.33056640625,
  "validation_accuracy": 0.7615894039735099,
  "validation_loss": 1.1165799617767334,
  "best_validation_accuracy": 0.7615894039735099,
  "best_validation_loss": 1.1165799617767334
}