{
  "best_epoch": 10,
  "peak_worker_0_memory_MB": 2370.390625,
  "peak_gpu_0_memory_MB": 89.33056640625,
  "training_duration": "0:00:05.318444",
  "training_start_epoch": 0,
  "training_epochs": 10,
  "epoch": 10,
  "training_accuracy": 0.21771483437349975,
  "training_loss": 3.4692315272702516,
  "training_worker_0_memory_MB": 2370.390625,
  "training_gpu_0_memory_MB": 89.33056640625,
  "validation_accuracy": 0.5231788079470199,
  "validation_loss": 3.1520318031311034,
  "best_validation_accuracy": 0.5231788079470199,
  "best_validation_loss": 3.1520318031311034
}