{
  "best_epoch": 84,
  "peak_worker_0_memory_MB": 2370.390625,
  "peak_gpu_0_memory_MB": 89.33056640625,
  "training_duration": "0:00:40.987155",
  "training_start_epoch": 0,
  "training_epochs": 85,
  "epoch": 85,
  "training_accuracy": 0.7678828612578013,
  "training_loss": 1.101560816510033,
  "training_worker_0_memory_MB": 2370.390625,
  "training_gpu_0_memory_MB": 89.33056640625,
  "validation_accuracy": 0.7665562913907285,
  "validation_loss": 1.0381096124649047,
  "best_validation_accuracy": 0.7682119205298014,
  "best_validation_loss": 0.9834925025701523
}