{
  "best_epoch": 19,
  "peak_worker_0_memory_MB": 2370.390625,
  "peak_gpu_0_memory_MB": 89.33056640625,
  "training_duration": "0:00:09.662970",
  "training_start_epoch": 0,
  "training_epochs": 19,
  "epoch": 19,
  "training_accuracy": 0.3463754200672107,
  "training_loss": 3.0420812213693864,
  "training_worker_0_memory_MB": 2370.390625,
  "training_gpu_0_memory_MB": 89.33056640625,
  "validation_accuracy": 0.5844370860927153,
  "validation_loss": 2.5702318429946898,
  "best_validation_accuracy": 0.5844370860927153,
  "best_validation_loss": 2.5702318429946898
}