{
  "best_epoch": 18,
  "peak_worker_0_memory_MB": 2370.390625,
  "peak_gpu_0_memory_MB": 89.33056640625,
  "training_duration": "0:00:09.180349",
  "training_start_epoch": 0,
  "training_epochs": 18,
  "epoch": 18,
  "training_accuracy": 0.3311329812770043,
  "training_loss": 3.0969753702178258,
  "training_worker_0_memory_MB": 2370.390625,
  "training_gpu_0_memory_MB": 89.33056640625,
  "validation_accuracy": 0.5794701986754967,
  "validation_loss": 2.637673568725586,
  "best_validation_accuracy": 0.5794701986754967,
  "best_validation_loss": 2.637673568725586
}