{
  "best_epoch": 33,
  "peak_worker_0_memory_MB": 2370.390625,
  "peak_gpu_0_memory_MB": 89.33056640625,
  "training_duration": "0:00:16.386475",
  "training_start_epoch": 0,
  "training_epochs": 33,
  "epoch": 33,
  "training_accuracy": 0.5008401344215074,
  "training_loss": 2.382358013218596,
  "training_worker_0_memory_MB": 2370.390625,
  "training_gpu_0_memory_MB": 89.33056640625,
  "validation_accuracy": 0.6870860927152318,
  "validation_loss": 1.803701436519623,
  "best_validation_accuracy": 0.6870860927152318,
  "best_validation_loss": 1.803701436519623
}