{
  "best_epoch": 6,
  "peak_worker_0_memory_MB": 2287.21484375,
  "peak_gpu_0_memory_MB": 30.3212890625,
  "training_duration": "0:00:01.059241",
  "training_start_epoch": 0,
  "training_epochs": 6,
  "epoch": 6,
  "training_accuracy": 0.9348098620977852,
  "training_loss": 0.3263113141844147,
  "training_worker_0_memory_MB": 2287.21484375,
  "training_gpu_0_memory_MB": 30.3212890625,
  "validation_accuracy": 0.7947019867549668,
  "validation_loss": 0.8957610726356506,
  "best_validation_accuracy": 0.7947019867549668,
  "best_validation_loss": 0.8957610726356506
}