{
  "best_epoch": 49,
  "peak_worker_0_memory_MB": 2298.41015625,
  "peak_gpu_0_memory_MB": 50.91064453125,
  "training_duration": "0:00:34.084813",
  "training_start_epoch": 0,
  "training_epochs": 50,
  "epoch": 50,
  "training_accuracy": 0.6418721270371918,
  "training_loss": 1.3484311997890472,
  "training_worker_0_memory_MB": 2298.41015625,
  "training_gpu_0_memory_MB": 50.91064453125,
  "validation_accuracy": 0.7649006622516556,
  "validation_loss": 1.0384714663028718,
  "best_validation_accuracy": 0.7632450331125827,
  "best_validation_loss": 1.0302223145961762
}