{
  "best_epoch": 83,
  "peak_worker_0_memory_MB": 2298.41015625,
  "peak_gpu_0_memory_MB": 50.91064453125,
  "training_duration": "0:00:58.629968",
  "training_start_epoch": 0,
  "training_epochs": 87,
  "epoch": 87,
  "training_accuracy": 0.703301295445048,
  "training_loss": 1.0906485099541514,
  "training_worker_0_memory_MB": 2298.41015625,
  "training_gpu_0_memory_MB": 50.91064453125,
  "validation_accuracy": 0.7731788079470199,
  "validation_loss": 0.9850962042808533,
  "best_validation_accuracy": 0.7847682119205298,
  "best_validation_loss": 0.9120993614196777
}