{
  "best_epoch": 30,
  "peak_worker_0_memory_MB": 2298.41015625,
  "peak_gpu_0_memory_MB": 50.91064453125,
  "training_duration": "0:00:20.740845",
  "training_start_epoch": 0,
  "training_epochs": 30,
  "epoch": 30,
  "training_accuracy": 0.5624738821562891,
  "training_loss": 1.6701045161799382,
  "training_worker_0_memory_MB": 2298.41015625,
  "training_gpu_0_memory_MB": 50.91064453125,
  "validation_accuracy": 0.7284768211920529,
  "validation_loss": 1.1540830612182618,
  "best_validation_accuracy": 0.7284768211920529,
  "best_validation_loss": 1.1540830612182618
}