{
  "best_epoch": 76,
  "peak_worker_0_memory_MB": 2298.41015625,
  "peak_gpu_0_memory_MB": 50.91064453125,
  "training_duration": "0:00:51.352230",
  "training_start_epoch": 0,
  "training_epochs": 76,
  "epoch": 76,
  "training_accuracy": 0.6936899289594651,
  "training_loss": 1.161497414112091,
  "training_worker_0_memory_MB": 2298.41015625,
  "training_gpu_0_memory_MB": 50.91064453125,
  "validation_accuracy": 0.7864238410596026,
  "validation_loss": 0.9258459806442261,
  "best_validation_accuracy": 0.7864238410596026,
  "best_validation_loss": 0.9258459806442261
}