{
  "best_epoch": 71,
  "peak_worker_0_memory_MB": 2298.41015625,
  "peak_gpu_0_memory_MB": 50.91064453125,
  "training_duration": "0:00:50.042158",
  "training_start_epoch": 0,
  "training_epochs": 74,
  "epoch": 74,
  "training_accuracy": 0.6698704554951943,
  "training_loss": 1.2068307462491488,
  "training_worker_0_memory_MB": 2298.41015625,
  "training_gpu_0_memory_MB": 50.91064453125,
  "validation_accuracy": 0.7831125827814569,
  "validation_loss": 0.9652260541915894,
  "best_validation_accuracy": 0.7781456953642384,
  "best_validation_loss": 0.929422926902771
}