{
  "best_epoch": 58,
  "peak_worker_0_memory_MB": 2298.41015625,
  "peak_gpu_0_memory_MB": 50.91064453125,
  "training_duration": "0:00:40.092943",
  "training_start_epoch": 0,
  "training_epochs": 59,
  "epoch": 59,
  "training_accuracy": 0.6602590890096114,
  "training_loss": 1.2813341868551154,
  "training_worker_0_memory_MB": 2298.41015625,
  "training_gpu_0_memory_MB": 50.91064453125,
  "validation_accuracy": 0.7748344370860927,
  "validation_loss": 0.9815938353538514,
  "best_validation_accuracy": 0.7698675496688742,
  "best_validation_loss": 0.9720140099525452
}