{
  "best_epoch": 12,
  "peak_worker_0_memory_MB": 2298.41015625,
  "peak_gpu_0_memory_MB": 50.91064453125,
  "training_duration": "0:00:08.717421",
  "training_start_epoch": 0,
  "training_epochs": 12,
  "epoch": 12,
  "training_accuracy": 0.3848725449226912,
  "training_loss": 2.4846845112348857,
  "training_worker_0_memory_MB": 2298.41015625,
  "training_gpu_0_memory_MB": 50.91064453125,
  "validation_accuracy": 0.5943708609271523,
  "validation_loss": 1.9440669417381287,
  "best_validation_accuracy": 0.5943708609271523,
  "best_validation_loss": 1.9440669417381287
}