{
  "best_epoch": 46,
  "peak_worker_0_memory_MB": 2298.41015625,
  "peak_gpu_0_memory_MB": 50.91064453125,
  "training_duration": "0:00:32.755869",
  "training_start_epoch": 0,
  "training_epochs": 48,
  "epoch": 48,
  "training_accuracy": 0.6226493940660259,
  "training_loss": 1.3763875082919472,
  "training_worker_0_memory_MB": 2298.41015625,
  "training_gpu_0_memory_MB": 50.91064453125,
  "validation_accuracy": 0.7632450331125827,
  "validation_loss": 1.0569718837738038,
  "best_validation_accuracy": 0.7632450331125827,
  "best_validation_loss": 1.040350204706192
}