{
  "best_epoch": 30,
  "peak_worker_0_memory_MB": 0,
  "training_duration": "0:03:39.703582",
  "training_start_epoch": 0,
  "training_epochs": 31,
  "epoch": 31,
  "training_accuracy": 0.7831174258253238,
  "training_loss": 0.8034603078114358,
  "training_reg_loss": 0.0,
  "training_worker_0_memory_MB": 0.0,
  "validation_accuracy": 0.6622516556291391,
  "validation_loss": 1.7569606721401214,
  "validation_reg_loss": 0.0,
  "best_validation_accuracy": 0.6556291390728477,
  "best_validation_loss": 1.6522223949432373,
  "best_validation_reg_loss": 0.0
}