{
  "best_epoch": 24,
  "peak_worker_0_memory_MB": 0,
  "training_duration": "0:02:48.572006",
  "training_start_epoch": 0,
  "training_epochs": 24,
  "epoch": 24,
  "training_accuracy": 0.7618052653572921,
  "training_loss": 0.8950701230450681,
  "training_reg_loss": 0.0,
  "training_worker_0_memory_MB": 0.0,
  "validation_accuracy": 0.6440397350993378,
  "validation_loss": 1.6634785413742066,
  "validation_reg_loss": 0.0,
  "best_validation_accuracy": 0.6440397350993378,
  "best_validation_loss": 1.6634785413742066,
  "best_validation_reg_loss": 0.0
}