{
  "best_epoch": 15,
  "peak_worker_0_memory_MB": 0,
  "training_duration": "0:01:48.488950",
  "training_start_epoch": 0,
  "training_epochs": 15,
  "epoch": 15,
  "training_accuracy": 0.5014625992478061,
  "training_loss": 1.6226093988669545,
  "training_reg_loss": 0.0,
  "training_worker_0_memory_MB": 0.0,
  "validation_accuracy": 0.4685430463576159,
  "validation_loss": 2.096782112121582,
  "validation_reg_loss": 0.0,
  "best_validation_accuracy": 0.4685430463576159,
  "best_validation_loss": 2.096782112121582,
  "best_validation_reg_loss": 0.0
}