{
  "best_epoch": 2,
  "peak_worker_0_memory_MB": 2371.23046875,
  "peak_gpu_0_memory_MB": 89.33056640625,
  "training_duration": "0:00:01.324596",
  "training_start_epoch": 0,
  "training_epochs": 2,
  "epoch": 2,
  "training_accuracy": 0.16766682669227076,
  "training_loss": 3.502087731397789,
  "training_worker_0_memory_MB": 2371.23046875,
  "training_gpu_0_memory_MB": 89.33056640625,
  "validation_accuracy": 0.478476821192053,
  "validation_loss": 3.012365126609802,
  "best_validation_accuracy": 0.478476821192053,
  "best_validation_loss": 3.012365126609802
}