{
  "best_epoch": 22,
  "peak_worker_0_memory_MB": 2371.23046875,
  "peak_gpu_0_memory_MB": 89.33056640625,
  "training_duration": "0:00:10.364886",
  "training_start_epoch": 0,
  "training_epochs": 22,
  "epoch": 22,
  "training_accuracy": 0.6257801248199713,
  "training_loss": 1.530707279234442,
  "training_worker_0_memory_MB": 2371.23046875,
  "training_gpu_0_memory_MB": 89.33056640625,
  "validation_accuracy": 0.7781456953642384,
  "validation_loss": 1.0363211989402772,
  "best_validation_accuracy": 0.7781456953642384,
  "best_validation_loss": 1.0363211989402772
}