{
  "best_epoch": 4,
  "peak_worker_0_memory_MB": 2371.23046875,
  "peak_gpu_0_memory_MB": 89.33056640625,
  "training_duration": "0:00:02.213681",
  "training_start_epoch": 0,
  "training_epochs": 4,
  "epoch": 4,
  "training_accuracy": 0.2772443590974556,
  "training_loss": 3.129657685301686,
  "training_worker_0_memory_MB": 2371.23046875,
  "training_gpu_0_memory_MB": 89.33056640625,
  "validation_accuracy": 0.5860927152317881,
  "validation_loss": 2.463156247138977,
  "best_validation_accuracy": 0.5860927152317881,
  "best_validation_loss": 2.463156247138977
}