{
  "best_epoch": 0,
  "peak_worker_0_memory_MB": 2371.23046875,
  "peak_gpu_0_memory_MB": 89.33056640625,
  "training_duration": "0:00:00.435076",
  "training_start_epoch": 0,
  "training_epochs": 0,
  "epoch": 0,
  "training_accuracy": 0.04992798847815651,
  "training_loss": 4.041601170110338,
  "training_worker_0_memory_MB": 2371.23046875,
  "training_gpu_0_memory_MB": 89.33056640625,
  "validation_accuracy": 0.38079470198675497,
  "validation_loss": 3.6421538591384888,
  "best_validation_accuracy": 0.38079470198675497,
  "best_validation_loss": 3.6421538591384888
}