{
  "best_epoch": 1,
  "peak_worker_0_memory_MB": 2371.23046875,
  "peak_gpu_0_memory_MB": 89.33056640625,
  "training_duration": "0:00:00.884084",
  "training_start_epoch": 0,
  "training_epochs": 1,
  "epoch": 1,
  "training_accuracy": 0.11809889582333173,
  "training_loss": 3.6876420992931336,
  "training_worker_0_memory_MB": 2371.23046875,
  "training_gpu_0_memory_MB": 89.33056640625,
  "validation_accuracy": 0.44370860927152317,
  "validation_loss": 3.2670993328094484,
  "best_validation_accuracy": 0.44370860927152317,
  "best_validation_loss": 3.2670993328094484
}