{
  "best_epoch": 37,
  "peak_worker_0_memory_MB": 2371.23046875,
  "peak_gpu_0_memory_MB": 89.33056640625,
  "training_duration": "0:00:19.469024",
  "training_start_epoch": 0,
  "training_epochs": 42,
  "epoch": 42,
  "training_accuracy": 0.7119539126260201,
  "training_loss": 1.0904624129979665,
  "training_worker_0_memory_MB": 2371.23046875,
  "training_gpu_0_memory_MB": 89.33056640625,
  "validation_accuracy": 0.7963576158940397,
  "validation_loss": 0.9980155766010285,
  "best_validation_accuracy": 0.793046357615894,
  "best_validation_loss": 0.9316264569759369
}