{
  "best_epoch": 5,
  "peak_worker_0_memory_MB": 2371.23046875,
  "peak_gpu_0_memory_MB": 89.33056640625,
  "training_duration": "0:00:06.856951",
  "training_start_epoch": 0,
  "training_epochs": 14,
  "epoch": 14,
  "training_accuracy": 0.9816370619299087,
  "training_loss": 0.08405600674450397,
  "training_worker_0_memory_MB": 2371.23046875,
  "training_gpu_0_memory_MB": 89.33056640625,
  "validation_accuracy": 0.8079470198675497,
  "validation_loss": 1.0764034748077393,
  "best_validation_accuracy": 0.7963576158940397,
  "best_validation_loss": 0.9111883342266083
}