{
  "best_epoch": 28,
  "peak_worker_0_memory_MB": 2269.6796875,
  "peak_gpu_0_memory_MB": 15.416015625,
  "training_duration": "0:00:02.302505",
  "training_start_epoch": 0,
  "training_epochs": 28,
  "epoch": 28,
  "training_accuracy": 0.8314606741573034,
  "training_loss": 0.9822017848491669,
  "training_worker_0_memory_MB": 2269.6796875,
  "training_gpu_0_memory_MB": 15.416015625,
  "validation_accuracy": 0.8029801324503312,
  "validation_loss": 1.3355007767677307,
  "best_validation_accuracy": 0.8029801324503312,
  "best_validation_loss": 1.3355007767677307
}