{
  "best_epoch": 24,
  "peak_worker_0_memory_MB": 2269.6796875,
  "peak_gpu_0_memory_MB": 15.416015625,
  "training_duration": "0:00:01.989311",
  "training_start_epoch": 0,
  "training_epochs": 24,
  "epoch": 24,
  "training_accuracy": 0.8009630818619583,
  "training_loss": 1.2388552606105805,
  "training_worker_0_memory_MB": 2269.6796875,
  "training_gpu_0_memory_MB": 15.416015625,
  "validation_accuracy": 0.793046357615894,
  "validation_loss": 1.4973958492279054,
  "best_validation_accuracy": 0.793046357615894,
  "best_validation_loss": 1.4973958492279054
}