{
  "best_epoch": 7,
  "peak_worker_0_memory_MB": 2268.2578125,
  "peak_gpu_0_memory_MB": 8.73193359375,
  "training_duration": "0:00:02.325255",
  "training_start_epoch": 0,
  "training_epochs": 16,
  "epoch": 16,
  "training_accuracy": 0.8917676556623485,
  "training_loss": 0.4629431994337785,
  "training_worker_0_memory_MB": 2268.2578125,
  "training_gpu_0_memory_MB": 8.73193359375,
  "validation_accuracy": 0.8294701986754967,
  "validation_loss": 1.17368004322052,
  "best_validation_accuracy": 0.8112582781456954,
  "best_validation_loss": 0.9782909989356995
}