{
  "best_epoch": 16,
  "peak_worker_0_memory_MB": 2319.46875,
  "peak_gpu_0_memory_MB": 51.08984375,
  "training_duration": "0:00:04.060500",
  "training_start_epoch": 0,
  "training_epochs": 16,
  "epoch": 16,
  "training_accuracy": 0.7276346604215457,
  "training_loss": 1.499040363439873,
  "training_worker_0_memory_MB": 2319.46875,
  "training_gpu_0_memory_MB": 51.08984375,
  "validation_accuracy": 0.7003311258278145,
  "validation_loss": 1.5373549103736877,
  "best_validation_accuracy": 0.7003311258278145,
  "best_validation_loss": 1.5373549103736877
}