{
  "best_epoch": 26,
  "peak_worker_0_memory_MB": 2319.46875,
  "peak_gpu_0_memory_MB": 51.08984375,
  "training_duration": "0:00:06.533585",
  "training_start_epoch": 0,
  "training_epochs": 26,
  "epoch": 26,
  "training_accuracy": 0.8613583138173302,
  "training_loss": 0.8159254798248633,
  "training_worker_0_memory_MB": 2319.46875,
  "training_gpu_0_memory_MB": 51.08984375,
  "validation_accuracy": 0.7682119205298014,
  "validation_loss": 1.0919567108154298,
  "best_validation_accuracy": 0.7682119205298014,
  "best_validation_loss": 1.0919567108154298
}