{
  "best_epoch": 56,
  "peak_worker_0_memory_MB": 2319.46875,
  "peak_gpu_0_memory_MB": 51.08984375,
  "training_duration": "0:00:15.732363",
  "training_start_epoch": 0,
  "training_epochs": 64,
  "epoch": 64,
  "training_accuracy": 0.9798594847775176,
  "training_loss": 0.13932720399392184,
  "training_worker_0_memory_MB": 2319.46875,
  "training_gpu_0_memory_MB": 51.08984375,
  "validation_accuracy": 0.7913907284768212,
  "validation_loss": 0.9164718806743621,
  "best_validation_accuracy": 0.793046357615894,
  "best_validation_loss": 0.8875885605812073
}