{
  "best_epoch": 25,
  "peak_worker_0_memory_MB": 2319.46875,
  "peak_gpu_0_memory_MB": 51.08984375,
  "training_duration": "0:00:06.253446",
  "training_start_epoch": 0,
  "training_epochs": 25,
  "epoch": 25,
  "training_accuracy": 0.8526932084309133,
  "training_loss": 0.8619576719269824,
  "training_worker_0_memory_MB": 2319.46875,
  "training_gpu_0_memory_MB": 51.08984375,
  "validation_accuracy": 0.7665562913907285,
  "validation_loss": 1.158894795179367,
  "best_validation_accuracy": 0.7665562913907285,
  "best_validation_loss": 1.158894795179367
}