{
  "best_epoch": 56,
  "peak_worker_0_memory_MB": 2319.46875,
  "peak_gpu_0_memory_MB": 51.08984375,
  "training_duration": "0:00:14.540682",
  "training_start_epoch": 0,
  "training_epochs": 59,
  "epoch": 59,
  "training_accuracy": 0.9765807962529274,
  "training_loss": 0.17113581688991233,
  "training_worker_0_memory_MB": 2319.46875,
  "training_gpu_0_memory_MB": 51.08984375,
  "validation_accuracy": 0.7913907284768212,
  "validation_loss": 0.9201561212539673,
  "best_validation_accuracy": 0.793046357615894,
  "best_validation_loss": 0.8875885605812073
}