{
  "best_epoch": 2,
  "peak_worker_0_memory_MB": 2319.46875,
  "peak_gpu_0_memory_MB": 51.08984375,
  "training_duration": "0:00:00.703359",
  "training_start_epoch": 0,
  "training_epochs": 2,
  "epoch": 2,
  "training_accuracy": 0.1505854800936768,
  "training_loss": 3.528109087872861,
  "training_worker_0_memory_MB": 2319.46875,
  "training_gpu_0_memory_MB": 51.08984375,
  "validation_accuracy": 0.23509933774834438,
  "validation_loss": 3.297133445739746,
  "best_validation_accuracy": 0.23509933774834438,
  "best_validation_loss": 3.297133445739746
}