{
  "best_epoch": 22,
  "peak_worker_0_memory_MB": 2316.54296875,
  "peak_gpu_0_memory_MB": 51.12255859375,
  "training_duration": "0:00:16.123162",
  "training_start_epoch": 0,
  "training_epochs": 23,
  "epoch": 23,
  "training_accuracy": 0.7237776849143335,
  "training_loss": 1.1244460360000008,
  "training_worker_0_memory_MB": 2316.54296875,
  "training_gpu_0_memory_MB": 51.12255859375,
  "validation_accuracy": 0.7682119205298014,
  "validation_loss": 0.9988158941268921,
  "best_validation_accuracy": 0.7682119205298014,
  "best_validation_loss": 0.9895431995391846
}