{
  "best_epoch": 27,
  "peak_worker_0_memory_MB": 2316.54296875,
  "peak_gpu_0_memory_MB": 51.12255859375,
  "training_duration": "0:00:20.150821",
  "training_start_epoch": 0,
  "training_epochs": 29,
  "epoch": 29,
  "training_accuracy": 0.756790639364814,
  "training_loss": 0.9416165932228691,
  "training_worker_0_memory_MB": 2316.54296875,
  "training_gpu_0_memory_MB": 51.12255859375,
  "validation_accuracy": 0.7781456953642384,
  "validation_loss": 0.9531692564487457,
  "best_validation_accuracy": 0.7748344370860927,
  "best_validation_loss": 0.9326001942157746
}