{
  "best_epoch": 5,
  "peak_worker_0_memory_MB": 2261.7578125,
  "peak_gpu_0_memory_MB": 13.20458984375,
  "training_duration": "0:00:00.850068",
  "training_start_epoch": 0,
  "training_epochs": 5,
  "epoch": 5,
  "training_accuracy": 0.5088282504012841,
  "training_loss": 3.0502447128295898,
  "training_worker_0_memory_MB": 2261.7578125,
  "training_gpu_0_memory_MB": 13.20458984375,
  "validation_accuracy": 0.6324503311258278,
  "validation_loss": 2.903858518600464,
  "best_validation_accuracy": 0.6324503311258278,
  "best_validation_loss": 2.903858518600464
}