{
  "best_epoch": 18,
  "peak_worker_0_memory_MB": 2261.7578125,
  "peak_gpu_0_memory_MB": 13.20458984375,
  "training_duration": "0:00:02.019761",
  "training_start_epoch": 0,
  "training_epochs": 18,
  "epoch": 18,
  "training_accuracy": 0.8651685393258427,
  "training_loss": 0.677506448328495,
  "training_worker_0_memory_MB": 2261.7578125,
  "training_gpu_0_memory_MB": 13.20458984375,
  "validation_accuracy": 0.8178807947019867,
  "validation_loss": 1.1308376848697663,
  "best_validation_accuracy": 0.8178807947019867,
  "best_validation_loss": 1.1308376848697663
}