{
  "best_epoch": 44,
  "peak_worker_0_memory_MB": 2326.80078125,
  "peak_gpu_0_memory_MB": 69.92529296875,
  "training_duration": "0:00:12.532747",
  "training_start_epoch": 0,
  "training_epochs": 44,
  "epoch": 44,
  "training_accuracy": 0.9758029036515619,
  "training_loss": 0.1503087173267785,
  "training_worker_0_memory_MB": 2326.80078125,
  "training_gpu_0_memory_MB": 69.92529296875,
  "validation_accuracy": 0.8096026490066225,
  "validation_loss": 0.8631539046764374,
  "best_validation_accuracy": 0.8096026490066225,
  "best_validation_loss": 0.8631539046764374
}