{
  "best_epoch": 42,
  "peak_worker_0_memory_MB": 2326.80078125,
  "peak_gpu_0_memory_MB": 69.92529296875,
  "training_duration": "0:00:11.106864",
  "training_start_epoch": 0,
  "training_epochs": 42,
  "epoch": 42,
  "training_accuracy": 0.8530576330840299,
  "training_loss": 0.8990581096667383,
  "training_worker_0_memory_MB": 2326.80078125,
  "training_gpu_0_memory_MB": 69.92529296875,
  "validation_accuracy": 0.7549668874172185,
  "validation_loss": 1.201062262058258,
  "best_validation_accuracy": 0.7549668874172185,
  "best_validation_loss": 1.201062262058258
}