{
  "best_epoch": 83,
  "peak_worker_0_memory_MB": 2326.80078125,
  "peak_gpu_0_memory_MB": 69.92529296875,
  "training_duration": "0:00:22.892535",
  "training_start_epoch": 0,
  "training_epochs": 88,
  "epoch": 88,
  "training_accuracy": 0.9608446986361636,
  "training_loss": 0.25439079674995607,
  "training_worker_0_memory_MB": 2326.80078125,
  "training_gpu_0_memory_MB": 69.92529296875,
  "validation_accuracy": 0.8029801324503312,
  "validation_loss": 0.8836160659790039,
  "best_validation_accuracy": 0.8013245033112583,
  "best_validation_loss": 0.8773498982191086
}