{
  "best_epoch": 78,
  "peak_worker_0_memory_MB": 2326.80078125,
  "peak_gpu_0_memory_MB": 69.92529296875,
  "training_duration": "0:00:20.870061",
  "training_start_epoch": 0,
  "training_epochs": 80,
  "epoch": 80,
  "training_accuracy": 0.9533655961284646,
  "training_loss": 0.2940371570487817,
  "training_worker_0_memory_MB": 2326.80078125,
  "training_gpu_0_memory_MB": 69.92529296875,
  "validation_accuracy": 0.8029801324503312,
  "validation_loss": 0.9091034591197967,
  "best_validation_accuracy": 0.7996688741721855,
  "best_validation_loss": 0.8997329235076904
}