{
  "best_epoch": 83,
  "peak_worker_0_memory_MB": 2326.80078125,
  "peak_gpu_0_memory_MB": 69.92529296875,
  "training_duration": "0:00:22.387380",
  "training_start_epoch": 0,
  "training_epochs": 86,
  "epoch": 86,
  "training_accuracy": 0.9604047514298284,
  "training_loss": 0.24786893454276854,
  "training_worker_0_memory_MB": 2326.80078125,
  "training_gpu_0_memory_MB": 69.92529296875,
  "validation_accuracy": 0.8013245033112583,
  "validation_loss": 0.9329634308815002,
  "best_validation_accuracy": 0.8013245033112583,
  "best_validation_loss": 0.8773498982191086
}