{
  "best_epoch": 4,
  "peak_worker_0_memory_MB": 2326.80078125,
  "peak_gpu_0_memory_MB": 69.92529296875,
  "training_duration": "0:00:01.266057",
  "training_start_epoch": 0,
  "training_epochs": 4,
  "epoch": 4,
  "training_accuracy": 0.16937967443906732,
  "training_loss": 3.3616808189286127,
  "training_worker_0_memory_MB": 2326.80078125,
  "training_gpu_0_memory_MB": 69.92529296875,
  "validation_accuracy": 0.2367549668874172,
  "validation_loss": 3.293938159942627,
  "best_validation_accuracy": 0.2367549668874172,
  "best_validation_loss": 3.293938159942627
}