{
  "best_epoch": 0,
  "peak_worker_0_memory_MB": 2379.60546875,
  "peak_gpu_0_memory_MB": 89.33056640625,
  "training_duration": "0:00:00.476628",
  "training_start_epoch": 0,
  "training_epochs": 0,
  "epoch": 0,
  "training_accuracy": 0.0600096015362458,
  "training_loss": 3.987719575867398,
  "training_worker_0_memory_MB": 2379.60546875,
  "training_gpu_0_memory_MB": 89.33056640625,
  "validation_accuracy": 0.3741721854304636,
  "validation_loss": 3.5027817487716675,
  "best_validation_accuracy": 0.3741721854304636,
  "best_validation_loss": 3.5027817487716675
}