{
  "best_epoch": 2,
  "peak_worker_0_memory_MB": 2379.60546875,
  "peak_gpu_0_memory_MB": 89.33056640625,
  "training_duration": "0:00:01.486910",
  "training_start_epoch": 0,
  "training_epochs": 2,
  "epoch": 2,
  "training_accuracy": 0.1800288046087374,
  "training_loss": 3.4771955249873736,
  "training_worker_0_memory_MB": 2379.60546875,
  "training_gpu_0_memory_MB": 89.33056640625,
  "validation_accuracy": 0.5198675496688742,
  "validation_loss": 2.9231469869613647,
  "best_validation_accuracy": 0.5198675496688742,
  "best_validation_loss": 2.9231469869613647
}