{
  "best_epoch": 37,
  "peak_worker_0_memory_MB": 2379.60546875,
  "peak_gpu_0_memory_MB": 89.33056640625,
  "training_duration": "0:00:19.622509",
  "training_start_epoch": 0,
  "training_epochs": 38,
  "epoch": 38,
  "training_accuracy": 0.6889102256361018,
  "training_loss": 1.1702833876355003,
  "training_worker_0_memory_MB": 2379.60546875,
  "training_gpu_0_memory_MB": 89.33056640625,
  "validation_accuracy": 0.793046357615894,
  "validation_loss": 0.9055417537689209,
  "best_validation_accuracy": 0.7947019867549668,
  "best_validation_loss": 0.9000787973403931
}