{
  "best_epoch": 17,
  "peak_worker_0_memory_MB": 2379.60546875,
  "peak_gpu_0_memory_MB": 89.33056640625,
  "training_duration": "0:00:09.051258",
  "training_start_epoch": 0,
  "training_epochs": 17,
  "epoch": 17,
  "training_accuracy": 0.5619299087854057,
  "training_loss": 1.7540220595498122,
  "training_worker_0_memory_MB": 2379.60546875,
  "training_gpu_0_memory_MB": 89.33056640625,
  "validation_accuracy": 0.7665562913907285,
  "validation_loss": 1.0574835598468781,
  "best_validation_accuracy": 0.7665562913907285,
  "best_validation_loss": 1.0574835598468781
}