{
  "best_epoch": 54,
  "peak_worker_0_memory_MB": 2379.60546875,
  "peak_gpu_0_memory_MB": 89.33056640625,
  "training_duration": "0:00:31.625851",
  "training_start_epoch": 0,
  "training_epochs": 62,
  "epoch": 62,
  "training_accuracy": 0.743398943831013,
  "training_loss": 0.9206938816390875,
  "training_worker_0_memory_MB": 2379.60546875,
  "training_gpu_0_memory_MB": 89.33056640625,
  "validation_accuracy": 0.7980132450331126,
  "validation_loss": 0.9346165835857392,
  "best_validation_accuracy": 0.7996688741721855,
  "best_validation_loss": 0.8939308017492295
}