{
  "best_epoch": 16,
  "peak_worker_0_memory_MB": 2316.55078125,
  "peak_gpu_0_memory_MB": 62.47802734375,
  "training_duration": "0:00:04.695871",
  "training_start_epoch": 0,
  "training_epochs": 16,
  "epoch": 16,
  "training_accuracy": 0.8128805620608899,
  "training_loss": 0.8792264915224332,
  "training_worker_0_memory_MB": 2316.55078125,
  "training_gpu_0_memory_MB": 62.47802734375,
  "validation_accuracy": 0.7847682119205298,
  "validation_loss": 0.9528225958347321,
  "best_validation_accuracy": 0.7847682119205298,
  "best_validation_loss": 0.9528225958347321
}