{
  "best_epoch": 36,
  "peak_worker_0_memory_MB": 2316.55078125,
  "peak_gpu_0_memory_MB": 62.47802734375,
  "training_duration": "0:00:11.857414",
  "training_start_epoch": 0,
  "training_epochs": 43,
  "epoch": 43,
  "training_accuracy": 0.9306791569086651,
  "training_loss": 0.29812016627236976,
  "training_worker_0_memory_MB": 2316.55078125,
  "training_gpu_0_memory_MB": 62.47802734375,
  "validation_accuracy": 0.8062913907284768,
  "validation_loss": 0.9098552465438843,
  "best_validation_accuracy": 0.8079470198675497,
  "best_validation_loss": 0.8696986258029937
}