{
  "best_epoch": 26,
  "peak_worker_0_memory_MB": 2316.55078125,
  "peak_gpu_0_memory_MB": 62.47802734375,
  "training_duration": "0:00:07.597700",
  "training_start_epoch": 0,
  "training_epochs": 27,
  "epoch": 27,
  "training_accuracy": 0.890632318501171,
  "training_loss": 0.5064545211507313,
  "training_worker_0_memory_MB": 2316.55078125,
  "training_gpu_0_memory_MB": 62.47802734375,
  "validation_accuracy": 0.804635761589404,
  "validation_loss": 0.8899367153644562,
  "best_validation_accuracy": 0.8013245033112583,
  "best_validation_loss": 0.8699132710695267
}