{
  "best_epoch": 26,
  "peak_worker_0_memory_MB": 2316.55078125,
  "peak_gpu_0_memory_MB": 62.47802734375,
  "training_duration": "0:00:08.385537",
  "training_start_epoch": 0,
  "training_epochs": 30,
  "epoch": 30,
  "training_accuracy": 0.9035128805620609,
  "training_loss": 0.4418458531596767,
  "training_worker_0_memory_MB": 2316.55078125,
  "training_gpu_0_memory_MB": 62.47802734375,
  "validation_accuracy": 0.804635761589404,
  "validation_loss": 0.8723312348127366,
  "best_validation_accuracy": 0.8013245033112583,
  "best_validation_loss": 0.8699132710695267
}