{
  "best_epoch": 10,
  "peak_worker_0_memory_MB": 2268.36328125,
  "peak_gpu_0_memory_MB": 8.73193359375,
  "training_duration": "0:00:02.636415",
  "training_start_epoch": 0,
  "training_epochs": 19,
  "epoch": 19,
  "training_accuracy": 0.9114082741328876,
  "training_loss": 0.3069687348447348,
  "training_worker_0_memory_MB": 2268.36328125,
  "training_gpu_0_memory_MB": 8.73193359375,
  "validation_accuracy": 0.8294701986754967,
  "validation_loss": 0.9261365711688996,
  "best_validation_accuracy": 0.8311258278145696,
  "best_validation_loss": 0.8371649384498596
}