{
  "best_epoch": 1,
  "peak_worker_0_memory_MB": 2316.55078125,
  "peak_gpu_0_memory_MB": 62.47802734375,
  "training_duration": "0:00:00.528148",
  "training_start_epoch": 0,
  "training_epochs": 1,
  "epoch": 1,
  "training_accuracy": 0.1791569086651054,
  "training_loss": 3.412898971073663,
  "training_worker_0_memory_MB": 2316.55078125,
  "training_gpu_0_memory_MB": 62.47802734375,
  "validation_accuracy": 0.3741721854304636,
  "validation_loss": 3.1046501636505126,
  "best_validation_accuracy": 0.3741721854304636,
  "best_validation_loss": 3.1046501636505126
}