{
  "best_epoch": 26,
  "peak_worker_0_memory_MB": 2316.55078125,
  "peak_gpu_0_memory_MB": 62.47802734375,
  "training_duration": "0:00:07.987192",
  "training_start_epoch": 0,
  "training_epochs": 28,
  "epoch": 28,
  "training_accuracy": 0.8831381733021078,
  "training_loss": 0.540259481366001,
  "training_worker_0_memory_MB": 2316.55078125,
  "training_gpu_0_memory_MB": 62.47802734375,
  "validation_accuracy": 0.8029801324503312,
  "validation_loss": 0.9060853004455567,
  "best_validation_accuracy": 0.7963576158940397,
  "best_validation_loss": 0.8813061565160751
}