{
  "best_epoch": 14,
  "peak_worker_0_memory_MB": 2316.55078125,
  "peak_gpu_0_memory_MB": 62.47802734375,
  "training_duration": "0:00:04.041376",
  "training_start_epoch": 0,
  "training_epochs": 14,
  "epoch": 14,
  "training_accuracy": 0.7592505854800937,
  "training_loss": 1.1372460162461693,
  "training_worker_0_memory_MB": 2316.55078125,
  "training_gpu_0_memory_MB": 62.47802734375,
  "validation_accuracy": 0.7682119205298014,
  "validation_loss": 1.0894622385501862,
  "best_validation_accuracy": 0.7682119205298014,
  "best_validation_loss": 1.0894622385501862
}