{
  "best_epoch": 0,
  "peak_worker_0_memory_MB": 2286.5859375,
  "peak_gpu_0_memory_MB": 30.3212890625,
  "training_duration": "0:00:01.100025",
  "training_start_epoch": 0,
  "training_epochs": 6,
  "epoch": 6,
  "training_accuracy": 0.9490179690764731,
  "training_loss": 0.25080851102738005,
  "training_worker_0_memory_MB": 2286.5859375,
  "training_gpu_0_memory_MB": 30.3212890625,
  "validation_accuracy": 0.7384105960264901,
  "validation_loss": 3.2940208196640013,
  "best_validation_accuracy": 0.7566225165562914,
  "best_validation_loss": 1.33773592710495
}