{
  "best_epoch": 3,
  "peak_worker_0_memory_MB": 2286.5859375,
  "peak_gpu_0_memory_MB": 30.3212890625,
  "training_duration": "0:00:00.629957",
  "training_start_epoch": 0,
  "training_epochs": 3,
  "epoch": 3,
  "training_accuracy": 0.576681989134977,
  "training_loss": 2.1262427160614417,
  "training_worker_0_memory_MB": 2286.5859375,
  "training_gpu_0_memory_MB": 30.3212890625,
  "validation_accuracy": 0.6307947019867549,
  "validation_loss": 2.0560898065567015,
  "best_validation_accuracy": 0.6307947019867549,
  "best_validation_loss": 2.0560898065567015
}