{
  "best_epoch": 22,
  "peak_worker_0_memory_MB": 2286.5859375,
  "peak_gpu_0_memory_MB": 30.3212890625,
  "training_duration": "0:00:03.970304",
  "training_start_epoch": 0,
  "training_epochs": 24,
  "epoch": 24,
  "training_accuracy": 0.9628081905557877,
  "training_loss": 0.19728489337783112,
  "training_worker_0_memory_MB": 2286.5859375,
  "training_gpu_0_memory_MB": 30.3212890625,
  "validation_accuracy": 0.7996688741721855,
  "validation_loss": 0.8860563218593598,
  "best_validation_accuracy": 0.7996688741721855,
  "best_validation_loss": 0.8689890831708909
}