{
  "best_epoch": 19,
  "peak_worker_0_memory_MB": 2268.421875,
  "peak_gpu_0_memory_MB": 15.416015625,
  "training_duration": "0:00:01.700976",
  "training_start_epoch": 0,
  "training_epochs": 20,
  "epoch": 20,
  "training_accuracy": 0.8667736757624398,
  "training_loss": 0.5863032281398773,
  "training_worker_0_memory_MB": 2268.421875,
  "training_gpu_0_memory_MB": 15.416015625,
  "validation_accuracy": 0.8162251655629139,
  "validation_loss": 1.1186046183109284,
  "best_validation_accuracy": 0.8145695364238411,
  "best_validation_loss": 1.10585760474205
}