{
  "best_epoch": 25,
  "peak_worker_0_memory_MB": 2268.421875,
  "peak_gpu_0_memory_MB": 15.416015625,
  "training_duration": "0:00:02.277626",
  "training_start_epoch": 0,
  "training_epochs": 27,
  "epoch": 27,
  "training_accuracy": 0.877207062600321,
  "training_loss": 0.4105774864554405,
  "training_worker_0_memory_MB": 2268.421875,
  "training_gpu_0_memory_MB": 15.416015625,
  "validation_accuracy": 0.8029801324503312,
  "validation_loss": 1.0900116264820099,
  "best_validation_accuracy": 0.8096026490066225,
  "best_validation_loss": 1.0838134467601777
}