{
  "best_epoch": 16,
  "peak_worker_0_memory_MB": 2312.5625,
  "peak_gpu_0_memory_MB": 51.12255859375,
  "training_duration": "0:00:11.195173",
  "training_start_epoch": 0,
  "training_epochs": 16,
  "epoch": 16,
  "training_accuracy": 0.5566234851650648,
  "training_loss": 1.8937716891891079,
  "training_worker_0_memory_MB": 2312.5625,
  "training_gpu_0_memory_MB": 51.12255859375,
  "validation_accuracy": 0.7185430463576159,
  "validation_loss": 1.3473194122314454,
  "best_validation_accuracy": 0.7185430463576159,
  "best_validation_loss": 1.3473194122314454
}