{
  "best_epoch": 32,
  "peak_worker_0_memory_MB": 2312.5625,
  "peak_gpu_0_memory_MB": 51.12255859375,
  "training_duration": "0:00:21.797526",
  "training_start_epoch": 0,
  "training_epochs": 32,
  "epoch": 32,
  "training_accuracy": 0.7400752193898872,
  "training_loss": 1.052165233775189,
  "training_worker_0_memory_MB": 2312.5625,
  "training_gpu_0_memory_MB": 51.12255859375,
  "validation_accuracy": 0.7864238410596026,
  "validation_loss": 0.9491164714097977,
  "best_validation_accuracy": 0.7864238410596026,
  "best_validation_loss": 0.9491164714097977
}