{
  "best_epoch": 37,
  "peak_worker_0_memory_MB": 2327.01171875,
  "peak_gpu_0_memory_MB": 69.92529296875,
  "training_duration": "0:00:11.362434",
  "training_start_epoch": 0,
  "training_epochs": 39,
  "epoch": 39,
  "training_accuracy": 0.9703035635723714,
  "training_loss": 0.17835471974427086,
  "training_worker_0_memory_MB": 2327.01171875,
  "training_gpu_0_memory_MB": 69.92529296875,
  "validation_accuracy": 0.8096026490066225,
  "validation_loss": 0.8795549750328064,
  "best_validation_accuracy": 0.804635761589404,
  "best_validation_loss": 0.8626093804836273
}