{
  "best_epoch": 9,
  "peak_worker_0_memory_MB": 2268.2578125,
  "peak_gpu_0_memory_MB": 8.71728515625,
  "training_duration": "0:00:01.353355",
  "training_start_epoch": 0,
  "training_epochs": 9,
  "epoch": 9,
  "training_accuracy": 0.8658587547012119,
  "training_loss": 0.747975470988374,
  "training_worker_0_memory_MB": 2268.2578125,
  "training_gpu_0_memory_MB": 8.71728515625,
  "validation_accuracy": 0.7996688741721855,
  "validation_loss": 0.9952889561653138,
  "best_validation_accuracy": 0.7996688741721855,
  "best_validation_loss": 0.9952889561653138
}