{
  "best_epoch": 9,
  "peak_worker_0_memory_MB": 2370.390625,
  "peak_gpu_0_memory_MB": 89.33056640625,
  "training_duration": "0:00:07.276231",
  "training_start_epoch": 0,
  "training_epochs": 14,
  "epoch": 14,
  "training_accuracy": 0.9963994239078252,
  "training_loss": 0.03032940869283585,
  "training_worker_0_memory_MB": 2370.390625,
  "training_gpu_0_memory_MB": 89.33056640625,
  "validation_accuracy": 0.8079470198675497,
  "validation_loss": 1.0214347153902055,
  "best_validation_accuracy": 0.8029801324503312,
  "best_validation_loss": 0.9070544958114624
}