{
  "best_epoch": 4,
  "peak_worker_0_memory_MB": 2316.89453125,
  "peak_gpu_0_memory_MB": 51.4853515625,
  "training_duration": "0:00:02.432920",
  "training_start_epoch": 0,
  "training_epochs": 8,
  "epoch": 8,
  "training_accuracy": 0.9728337236533958,
  "training_loss": 0.11039750897951091,
  "training_worker_0_memory_MB": 2316.89453125,
  "training_gpu_0_memory_MB": 51.4853515625,
  "validation_accuracy": 0.8029801324503312,
  "validation_loss": 1.0035677433013916,
  "best_validation_accuracy": 0.7947019867549668,
  "best_validation_loss": 0.8770315304398537
}