{
  "best_epoch": 4,
  "peak_worker_0_memory_MB": 2269.69921875,
  "peak_gpu_0_memory_MB": 8.73193359375,
  "training_duration": "0:00:00.946146",
  "training_start_epoch": 0,
  "training_epochs": 6,
  "epoch": 6,
  "training_accuracy": 0.9072294191391559,
  "training_loss": 0.35360427975262465,
  "training_worker_0_memory_MB": 2269.69921875,
  "training_gpu_0_memory_MB": 8.73193359375,
  "validation_accuracy": 0.8311258278145696,
  "validation_loss": 0.907338559627533,
  "best_validation_accuracy": 0.8294701986754967,
  "best_validation_loss": 0.8586361914873123
}