{
  "best_epoch": 25,
  "peak_worker_0_memory_MB": 2268.36328125,
  "peak_gpu_0_memory_MB": 8.73193359375,
  "training_duration": "0:00:04.041049",
  "training_start_epoch": 0,
  "training_epochs": 28,
  "epoch": 28,
  "training_accuracy": 0.9130798161303803,
  "training_loss": 0.31782660574505206,
  "training_worker_0_memory_MB": 2268.36328125,
  "training_gpu_0_memory_MB": 8.73193359375,
  "validation_accuracy": 0.8294701986754967,
  "validation_loss": 0.8784202456474304,
  "best_validation_accuracy": 0.8294701986754967,
  "best_validation_loss": 0.8384952187538147
}