{
  "best_epoch": 40,
  "peak_worker_0_memory_MB": 2316.2890625,
  "peak_gpu_0_memory_MB": 62.47802734375,
  "training_duration": "0:00:10.557451",
  "training_start_epoch": 0,
  "training_epochs": 41,
  "epoch": 41,
  "training_accuracy": 0.7133489461358313,
  "training_loss": 1.0388525457524542,
  "training_worker_0_memory_MB": 2316.2890625,
  "training_gpu_0_memory_MB": 62.47802734375,
  "validation_accuracy": 0.7996688741721855,
  "validation_loss": 0.9205764532089233,
  "best_validation_accuracy": 0.7980132450331126,
  "best_validation_loss": 0.8948069185018539
}