{
  "best_epoch": 14,
  "peak_worker_0_memory_MB": 2316.2890625,
  "peak_gpu_0_memory_MB": 62.47802734375,
  "training_duration": "0:00:04.005179",
  "training_start_epoch": 0,
  "training_epochs": 15,
  "epoch": 15,
  "training_accuracy": 0.6182669789227166,
  "training_loss": 1.4946656342762619,
  "training_worker_0_memory_MB": 2316.2890625,
  "training_gpu_0_memory_MB": 62.47802734375,
  "validation_accuracy": 0.7864238410596026,
  "validation_loss": 0.9871029913425445,
  "best_validation_accuracy": 0.7880794701986755,
  "best_validation_loss": 0.9796178340911865
}