{
  "best_epoch": 1,
  "peak_worker_0_memory_MB": 2316.2890625,
  "peak_gpu_0_memory_MB": 62.47802734375,
  "training_duration": "0:00:00.487329",
  "training_start_epoch": 0,
  "training_epochs": 1,
  "epoch": 1,
  "training_accuracy": 0.234192037470726,
  "training_loss": 3.1582797071826993,
  "training_worker_0_memory_MB": 2316.2890625,
  "training_gpu_0_memory_MB": 62.47802734375,
  "validation_accuracy": 0.5198675496688742,
  "validation_loss": 2.5101499557495117,
  "best_validation_accuracy": 0.5198675496688742,
  "best_validation_loss": 2.5101499557495117
}