{
  "best_epoch": 12,
  "peak_worker_0_memory_MB": 2283.15625,
  "peak_gpu_0_memory_MB": 49.984375,
  "training_duration": "0:00:08.562595",
  "training_start_epoch": 0,
  "training_epochs": 12,
  "epoch": 12,
  "training_accuracy": 0.7902214793146678,
  "training_loss": 0.8327690002165342,
  "training_worker_0_memory_MB": 2283.15625,
  "training_gpu_0_memory_MB": 49.984375,
  "validation_accuracy": 0.7715231788079471,
  "validation_loss": 1.117899614572525,
  "best_validation_accuracy": 0.7715231788079471,
  "best_validation_loss": 1.117899614572525
}