{
  "best_epoch": 14,
  "peak_worker_0_memory_MB": 2370.390625,
  "peak_gpu_0_memory_MB": 89.33056640625,
  "training_duration": "0:00:07.410734",
  "training_start_epoch": 0,
  "training_epochs": 14,
  "epoch": 14,
  "training_accuracy": 0.8748199711953912,
  "training_loss": 0.8004705655665798,
  "training_worker_0_memory_MB": 2370.390625,
  "training_gpu_0_memory_MB": 89.33056640625,
  "validation_accuracy": 0.7731788079470199,
  "validation_loss": 1.0315875351428985,
  "best_validation_accuracy": 0.7731788079470199,
  "best_validation_loss": 1.0315875351428985
}