{
  "best_epoch": 24,
  "peak_worker_0_memory_MB": 2370.390625,
  "peak_gpu_0_memory_MB": 89.33056640625,
  "training_duration": "0:00:12.335062",
  "training_start_epoch": 0,
  "training_epochs": 24,
  "epoch": 24,
  "training_accuracy": 0.970715314450312,
  "training_loss": 0.2549385574027782,
  "training_worker_0_memory_MB": 2370.390625,
  "training_gpu_0_memory_MB": 89.33056640625,
  "validation_accuracy": 0.7980132450331126,
  "validation_loss": 0.895243114233017,
  "best_validation_accuracy": 0.7980132450331126,
  "best_validation_loss": 0.895243114233017
}