{
  "best_epoch": 23,
  "peak_worker_0_memory_MB": 2370.390625,
  "peak_gpu_0_memory_MB": 89.33056640625,
  "training_duration": "0:00:11.853364",
  "training_start_epoch": 0,
  "training_epochs": 23,
  "epoch": 23,
  "training_accuracy": 0.9656745079212674,
  "training_loss": 0.2853800676023687,
  "training_worker_0_memory_MB": 2370.390625,
  "training_gpu_0_memory_MB": 89.33056640625,
  "validation_accuracy": 0.7963576158940397,
  "validation_loss": 0.900200343132019,
  "best_validation_accuracy": 0.7963576158940397,
  "best_validation_loss": 0.900200343132019
}