{
  "best_epoch": 7,
  "peak_worker_0_memory_MB": 2286.5859375,
  "peak_gpu_0_memory_MB": 30.3212890625,
  "training_duration": "0:00:01.266407",
  "training_start_epoch": 0,
  "training_epochs": 7,
  "epoch": 7,
  "training_accuracy": 0.7739239448391141,
  "training_loss": 1.219557357461829,
  "training_worker_0_memory_MB": 2286.5859375,
  "training_gpu_0_memory_MB": 30.3212890625,
  "validation_accuracy": 0.7201986754966887,
  "validation_loss": 1.4156900763511657,
  "best_validation_accuracy": 0.7201986754966887,
  "best_validation_loss": 1.4156900763511657
}