{
  "best_epoch": 22,
  "peak_worker_0_memory_MB": 2286.5859375,
  "peak_gpu_0_memory_MB": 30.3212890625,
  "training_duration": "0:00:03.650013",
  "training_start_epoch": 0,
  "training_epochs": 22,
  "epoch": 22,
  "training_accuracy": 0.9486000835770999,
  "training_loss": 0.25047303265646886,
  "training_worker_0_memory_MB": 2286.5859375,
  "training_gpu_0_memory_MB": 30.3212890625,
  "validation_accuracy": 0.7913907284768212,
  "validation_loss": 0.8673688977956772,
  "best_validation_accuracy": 0.7913907284768212,
  "best_validation_loss": 0.8673688977956772
}