{
  "best_epoch": 3,
  "peak_worker_0_memory_MB": 2328.3125,
  "peak_gpu_0_memory_MB": 64.7041015625,
  "training_duration": "0:00:01.018423",
  "training_start_epoch": 0,
  "training_epochs": 3,
  "epoch": 3,
  "training_accuracy": 0.39619539689995303,
  "training_loss": 2.7998213554496196,
  "training_worker_0_memory_MB": 2328.3125,
  "training_gpu_0_memory_MB": 64.7041015625,
  "validation_accuracy": 0.49337748344370863,
  "validation_loss": 2.599135160446167,
  "best_validation_accuracy": 0.49337748344370863,
  "best_validation_loss": 2.599135160446167
}