{
  "best_epoch": 13,
  "peak_worker_0_memory_MB": 2328.3125,
  "peak_gpu_0_memory_MB": 64.7041015625,
  "training_duration": "0:00:03.579476",
  "training_start_epoch": 0,
  "training_epochs": 13,
  "epoch": 13,
  "training_accuracy": 0.875293565054016,
  "training_loss": 0.7655798730565541,
  "training_worker_0_memory_MB": 2328.3125,
  "training_gpu_0_memory_MB": 64.7041015625,
  "validation_accuracy": 0.7698675496688742,
  "validation_loss": 1.132817769050598,
  "best_validation_accuracy": 0.7698675496688742,
  "best_validation_loss": 1.132817769050598
}