{
  "best_epoch": 9,
  "peak_worker_0_memory_MB": 2328.3125,
  "peak_gpu_0_memory_MB": 64.7041015625,
  "training_duration": "0:00:02.553667",
  "training_start_epoch": 0,
  "training_epochs": 9,
  "epoch": 9,
  "training_accuracy": 0.7768905589478629,
  "training_loss": 1.2728893151923792,
  "training_worker_0_memory_MB": 2328.3125,
  "training_gpu_0_memory_MB": 64.7041015625,
  "validation_accuracy": 0.7235099337748344,
  "validation_loss": 1.3940726459026336,
  "best_validation_accuracy": 0.7235099337748344,
  "best_validation_loss": 1.3940726459026336
}