{
  "best_epoch": 11,
  "peak_worker_0_memory_MB": 2328.3125,
  "peak_gpu_0_memory_MB": 64.7041015625,
  "training_duration": "0:00:03.534000",
  "training_start_epoch": 0,
  "training_epochs": 13,
  "epoch": 13,
  "training_accuracy": 0.976984499765148,
  "training_loss": 0.1350329521654257,
  "training_worker_0_memory_MB": 2328.3125,
  "training_gpu_0_memory_MB": 64.7041015625,
  "validation_accuracy": 0.8129139072847682,
  "validation_loss": 0.9494885563850403,
  "best_validation_accuracy": 0.8096026490066225,
  "best_validation_loss": 0.9277488112449646
}