{
  "best_epoch": 0,
  "peak_worker_0_memory_MB": 2328.3125,
  "peak_gpu_0_memory_MB": 64.7041015625,
  "training_duration": "0:00:00.240988",
  "training_start_epoch": 0,
  "training_epochs": 0,
  "epoch": 0,
  "training_accuracy": 0.21348050728041335,
  "training_loss": 3.6849974411637034,
  "training_worker_0_memory_MB": 2328.3125,
  "training_gpu_0_memory_MB": 64.7041015625,
  "validation_accuracy": 0.3509933774834437,
  "validation_loss": 3.0862287521362304,
  "best_validation_accuracy": 0.3509933774834437,
  "best_validation_loss": 3.0862287521362304
}