{
  "best_epoch": 25,
  "peak_worker_0_memory_MB": 2271.57421875,
  "peak_gpu_0_memory_MB": 15.515625,
  "training_duration": "0:00:02.144070",
  "training_start_epoch": 0,
  "training_epochs": 25,
  "epoch": 25,
  "training_accuracy": 0.8828250401284109,
  "training_loss": 0.3866995573043823,
  "training_worker_0_memory_MB": 2271.57421875,
  "training_gpu_0_memory_MB": 15.515625,
  "validation_accuracy": 0.8211920529801324,
  "validation_loss": 1.0886536955833435,
  "best_validation_accuracy": 0.8211920529801324,
  "best_validation_loss": 1.0886536955833435
}