{
  "best_epoch": 50,
  "peak_worker_0_memory_MB": 2370.390625,
  "peak_gpu_0_memory_MB": 89.33056640625,
  "training_duration": "0:00:26.613783",
  "training_start_epoch": 0,
  "training_epochs": 52,
  "epoch": 52,
  "training_accuracy": 0.9620739318290926,
  "training_loss": 0.3155190039227027,
  "training_worker_0_memory_MB": 2370.390625,
  "training_gpu_0_memory_MB": 89.33056640625,
  "validation_accuracy": 0.7880794701986755,
  "validation_loss": 0.9179163038730621,
  "best_validation_accuracy": 0.7831125827814569,
  "best_validation_loss": 0.91552774310112
}