{
  "best_epoch": 10,
  "peak_worker_0_memory_MB": 2370.390625,
  "peak_gpu_0_memory_MB": 89.33056640625,
  "training_duration": "0:00:05.787447",
  "training_start_epoch": 0,
  "training_epochs": 10,
  "epoch": 10,
  "training_accuracy": 0.529284685549688,
  "training_loss": 2.7679072918782706,
  "training_worker_0_memory_MB": 2370.390625,
  "training_gpu_0_memory_MB": 89.33056640625,
  "validation_accuracy": 0.6225165562913907,
  "validation_loss": 2.4004440307617188,
  "best_validation_accuracy": 0.6225165562913907,
  "best_validation_loss": 2.4004440307617188
}