{
  "best_epoch": 60,
  "peak_worker_0_memory_MB": 2370.390625,
  "peak_gpu_0_memory_MB": 89.33056640625,
  "training_duration": "0:00:31.613874",
  "training_start_epoch": 0,
  "training_epochs": 62,
  "epoch": 62,
  "training_accuracy": 0.979476716274604,
  "training_loss": 0.18390354167186576,
  "training_worker_0_memory_MB": 2370.390625,
  "training_gpu_0_memory_MB": 89.33056640625,
  "validation_accuracy": 0.7963576158940397,
  "validation_loss": 0.9205601632595062,
  "best_validation_accuracy": 0.7947019867549668,
  "best_validation_loss": 0.899086794257164
}