{
  "best_epoch": 21,
  "peak_worker_0_memory_MB": 2367.51171875,
  "peak_gpu_0_memory_MB": 75.88427734375,
  "training_duration": "0:00:09.667121",
  "training_start_epoch": 0,
  "training_epochs": 21,
  "epoch": 21,
  "training_accuracy": 0.24375900144023044,
  "training_loss": 2.7886445413109002,
  "training_worker_0_memory_MB": 2367.51171875,
  "training_gpu_0_memory_MB": 75.88427734375,
  "validation_accuracy": 0.6837748344370861,
  "validation_loss": 1.5962897658348083,
  "best_validation_accuracy": 0.6837748344370861,
  "best_validation_loss": 1.5962897658348083
}