{
  "best_epoch": 15,
  "peak_worker_0_memory_MB": 2367.51171875,
  "peak_gpu_0_memory_MB": 75.88427734375,
  "training_duration": "0:00:07.012080",
  "training_start_epoch": 0,
  "training_epochs": 15,
  "epoch": 15,
  "training_accuracy": 0.23907825252040327,
  "training_loss": 2.835743185218054,
  "training_worker_0_memory_MB": 2367.51171875,
  "training_gpu_0_memory_MB": 75.88427734375,
  "validation_accuracy": 0.6854304635761589,
  "validation_loss": 1.6608787298202514,
  "best_validation_accuracy": 0.6854304635761589,
  "best_validation_loss": 1.6608787298202514
}