{
  "best_epoch": 5,
  "peak_worker_0_memory_MB": 2367.51171875,
  "peak_gpu_0_memory_MB": 75.88427734375,
  "training_duration": "0:00:02.587327",
  "training_start_epoch": 0,
  "training_epochs": 5,
  "epoch": 5,
  "training_accuracy": 0.19767162746039366,
  "training_loss": 3.1022228612244582,
  "training_worker_0_memory_MB": 2367.51171875,
  "training_gpu_0_memory_MB": 75.88427734375,
  "validation_accuracy": 0.652317880794702,
  "validation_loss": 1.9577558994293214,
  "best_validation_accuracy": 0.652317880794702,
  "best_validation_loss": 1.9577558994293214
}