{
  "best_epoch": 54,
  "peak_worker_0_memory_MB": 2367.51171875,
  "peak_gpu_0_memory_MB": 75.88427734375,
  "training_duration": "0:00:24.304449",
  "training_start_epoch": 0,
  "training_epochs": 55,
  "epoch": 55,
  "training_accuracy": 0.2738838214114258,
  "training_loss": 2.6296779836407143,
  "training_worker_0_memory_MB": 2367.51171875,
  "training_gpu_0_memory_MB": 75.88427734375,
  "validation_accuracy": 0.6937086092715232,
  "validation_loss": 1.5233476281166076,
  "best_validation_accuracy": 0.6937086092715232,
  "best_validation_loss": 1.458797574043274
}