{
  "best_epoch": 41,
  "peak_worker_0_memory_MB": 2367.51171875,
  "peak_gpu_0_memory_MB": 75.88427734375,
  "training_duration": "0:00:18.184013",
  "training_start_epoch": 0,
  "training_epochs": 41,
  "epoch": 41,
  "training_accuracy": 0.2586413826212194,
  "training_loss": 2.6822883755196143,
  "training_worker_0_memory_MB": 2367.51171875,
  "training_gpu_0_memory_MB": 75.88427734375,
  "validation_accuracy": 0.7119205298013245,
  "validation_loss": 1.4861108541488648,
  "best_validation_accuracy": 0.7119205298013245,
  "best_validation_loss": 1.4861108541488648
}