{
  "best_epoch": 50,
  "peak_worker_0_memory_MB": 2367.51171875,
  "peak_gpu_0_memory_MB": 75.88427734375,
  "training_duration": "0:00:22.096781",
  "training_start_epoch": 0,
  "training_epochs": 50,
  "epoch": 50,
  "training_accuracy": 0.271723475756121,
  "training_loss": 2.657742280086488,
  "training_worker_0_memory_MB": 2367.51171875,
  "training_gpu_0_memory_MB": 75.88427734375,
  "validation_accuracy": 0.6986754966887417,
  "validation_loss": 1.4620579481124878,
  "best_validation_accuracy": 0.6986754966887417,
  "best_validation_loss": 1.4620579481124878
}