{
  "best_epoch": 61,
  "peak_worker_0_memory_MB": 2308.94140625,
  "peak_gpu_0_memory_MB": 54.28173828125,
  "training_duration": "0:00:17.671299",
  "training_start_epoch": 0,
  "training_epochs": 69,
  "epoch": 69,
  "training_accuracy": 0.9421545667447306,
  "training_loss": 0.3688677318060576,
  "training_worker_0_memory_MB": 2308.94140625,
  "training_gpu_0_memory_MB": 54.28173828125,
  "validation_accuracy": 0.7897350993377483,
  "validation_loss": 0.9428021371364593,
  "best_validation_accuracy": 0.7814569536423841,
  "best_validation_loss": 0.9288245797157287
}