{
  "best_epoch": 13,
  "peak_worker_0_memory_MB": 2308.9375,
  "peak_gpu_0_memory_MB": 54.28173828125,
  "training_duration": "0:00:03.504277",
  "training_start_epoch": 0,
  "training_epochs": 13,
  "epoch": 13,
  "training_accuracy": 0.46814988290398124,
  "training_loss": 2.545672655105591,
  "training_worker_0_memory_MB": 2308.9375,
  "training_gpu_0_memory_MB": 54.28173828125,
  "validation_accuracy": 0.5480132450331126,
  "validation_loss": 2.4157572031021117,
  "best_validation_accuracy": 0.5480132450331126,
  "best_validation_loss": 2.4157572031021117
}