{
  "best_epoch": 26,
  "peak_worker_0_memory_MB": 2308.9375,
  "peak_gpu_0_memory_MB": 54.28173828125,
  "training_duration": "0:00:06.793207",
  "training_start_epoch": 0,
  "training_epochs": 26,
  "epoch": 26,
  "training_accuracy": 0.723887587822014,
  "training_loss": 1.5045541827358417,
  "training_worker_0_memory_MB": 2308.9375,
  "training_gpu_0_memory_MB": 54.28173828125,
  "validation_accuracy": 0.7119205298013245,
  "validation_loss": 1.5115880250930787,
  "best_validation_accuracy": 0.7119205298013245,
  "best_validation_loss": 1.5115880250930787
}