{
  "best_epoch": 87,
  "peak_worker_0_memory_MB": 2308.94140625,
  "peak_gpu_0_memory_MB": 54.28173828125,
  "training_duration": "0:00:23.234027",
  "training_start_epoch": 0,
  "training_epochs": 91,
  "epoch": 91,
  "training_accuracy": 0.9618266978922717,
  "training_loss": 0.21337070271595202,
  "training_worker_0_memory_MB": 2308.94140625,
  "training_gpu_0_memory_MB": 54.28173828125,
  "validation_accuracy": 0.7996688741721855,
  "validation_loss": 0.8894877135753632,
  "best_validation_accuracy": 0.7996688741721855,
  "best_validation_loss": 0.8568390041589737
}