{
  "best_epoch": 41,
  "peak_worker_0_memory_MB": 2308.9375,
  "peak_gpu_0_memory_MB": 54.28173828125,
  "training_duration": "0:00:10.581021",
  "training_start_epoch": 0,
  "training_epochs": 41,
  "epoch": 41,
  "training_accuracy": 0.8484777517564402,
  "training_loss": 0.8618101433141908,
  "training_worker_0_memory_MB": 2308.9375,
  "training_gpu_0_memory_MB": 54.28173828125,
  "validation_accuracy": 0.7665562913907285,
  "validation_loss": 1.1256002128124236,
  "best_validation_accuracy": 0.7665562913907285,
  "best_validation_loss": 1.1256002128124236
}