{
  "best_epoch": 77,
  "peak_worker_0_memory_MB": 2308.94140625,
  "peak_gpu_0_memory_MB": 54.28173828125,
  "training_duration": "0:00:19.700793",
  "training_start_epoch": 0,
  "training_epochs": 77,
  "epoch": 77,
  "training_accuracy": 0.9480093676814988,
  "training_loss": 0.3072356439348477,
  "training_worker_0_memory_MB": 2308.94140625,
  "training_gpu_0_memory_MB": 54.28173828125,
  "validation_accuracy": 0.7947019867549668,
  "validation_loss": 0.8843362629413605,
  "best_validation_accuracy": 0.7947019867549668,
  "best_validation_loss": 0.8843362629413605
}