{
  "best_epoch": 63,
  "peak_worker_0_memory_MB": 2309.3359375,
  "peak_gpu_0_memory_MB": 51.12255859375,
  "training_duration": "0:00:45.503899",
  "training_start_epoch": 0,
  "training_epochs": 67,
  "epoch": 67,
  "training_accuracy": 0.5628917676556624,
  "training_loss": 1.6491420080787258,
  "training_worker_0_memory_MB": 2309.3359375,
  "training_gpu_0_memory_MB": 51.12255859375,
  "validation_accuracy": 0.7533112582781457,
  "validation_loss": 1.1305853486061097,
  "best_validation_accuracy": 0.7483443708609272,
  "best_validation_loss": 1.1208054959774016
}