{
  "best_epoch": 12,
  "peak_worker_0_memory_MB": 2309.3359375,
  "peak_gpu_0_memory_MB": 51.12255859375,
  "training_duration": "0:00:08.930324",
  "training_start_epoch": 0,
  "training_epochs": 12,
  "epoch": 12,
  "training_accuracy": 0.28040117007939824,
  "training_loss": 2.940985027112459,
  "training_worker_0_memory_MB": 2309.3359375,
  "training_gpu_0_memory_MB": 51.12255859375,
  "validation_accuracy": 0.48841059602649006,
  "validation_loss": 2.464626097679138,
  "best_validation_accuracy": 0.48841059602649006,
  "best_validation_loss": 2.464626097679138
}