{
  "best_epoch": 58,
  "peak_worker_0_memory_MB": 2309.3359375,
  "peak_gpu_0_memory_MB": 51.12255859375,
  "training_duration": "0:00:40.268522",
  "training_start_epoch": 0,
  "training_epochs": 59,
  "epoch": 59,
  "training_accuracy": 0.5399080651901379,
  "training_loss": 1.7114855741199695,
  "training_worker_0_memory_MB": 2309.3359375,
  "training_gpu_0_memory_MB": 51.12255859375,
  "validation_accuracy": 0.7350993377483444,
  "validation_loss": 1.1640155255794524,
  "best_validation_accuracy": 0.7334437086092715,
  "best_validation_loss": 1.152026653289795
}