{
  "best_epoch": 44,
  "peak_worker_0_memory_MB": 2309.3359375,
  "peak_gpu_0_memory_MB": 51.12255859375,
  "training_duration": "0:00:30.253920",
  "training_start_epoch": 0,
  "training_epochs": 44,
  "epoch": 44,
  "training_accuracy": 0.5227747597158379,
  "training_loss": 1.8676387949993736,
  "training_worker_0_memory_MB": 2309.3359375,
  "training_gpu_0_memory_MB": 51.12255859375,
  "validation_accuracy": 0.7168874172185431,
  "validation_loss": 1.2804123997688293,
  "best_validation_accuracy": 0.7168874172185431,
  "best_validation_loss": 1.2804123997688293
}