{
  "best_epoch": 32,
  "peak_worker_0_memory_MB": 2309.3359375,
  "peak_gpu_0_memory_MB": 51.12255859375,
  "training_duration": "0:00:22.378885",
  "training_start_epoch": 0,
  "training_epochs": 32,
  "epoch": 32,
  "training_accuracy": 0.45340576681989136,
  "training_loss": 2.1341356164530705,
  "training_worker_0_memory_MB": 2309.3359375,
  "training_gpu_0_memory_MB": 51.12255859375,
  "validation_accuracy": 0.6754966887417219,
  "validation_loss": 1.4490506291389464,
  "best_validation_accuracy": 0.6754966887417219,
  "best_validation_loss": 1.4490506291389464
}