{
  "best_epoch": 10,
  "peak_worker_0_memory_MB": 2312.75390625,
  "peak_gpu_0_memory_MB": 51.84521484375,
  "training_duration": "0:00:04.602763",
  "training_start_epoch": 0,
  "training_epochs": 18,
  "epoch": 18,
  "training_accuracy": 0.907647304638529,
  "training_loss": 0.3352866694331169,
  "training_worker_0_memory_MB": 2312.75390625,
  "training_gpu_0_memory_MB": 51.84521484375,
  "validation_accuracy": 0.7947019867549668,
  "validation_loss": 1.2153084516525268,
  "best_validation_accuracy": 0.793046357615894,
  "best_validation_loss": 1.0327326327562332
}