{
  "best_epoch": 5,
  "peak_worker_0_memory_MB": 2311.1015625,
  "peak_gpu_0_memory_MB": 43.572265625,
  "training_duration": "0:00:01.521985",
  "training_start_epoch": 0,
  "training_epochs": 5,
  "epoch": 5,
  "training_accuracy": 0.7449648711943794,
  "training_loss": 1.3590067633941991,
  "training_worker_0_memory_MB": 2311.1015625,
  "training_gpu_0_memory_MB": 43.572265625,
  "validation_accuracy": 0.7350993377483444,
  "validation_loss": 1.3154463171958923,
  "best_validation_accuracy": 0.7350993377483444,
  "best_validation_loss": 1.3154463171958923
}