{
  "best_epoch": 4,
  "peak_worker_0_memory_MB": 2311.1015625,
  "peak_gpu_0_memory_MB": 43.572265625,
  "training_duration": "0:00:01.268609",
  "training_start_epoch": 0,
  "training_epochs": 4,
  "epoch": 4,
  "training_accuracy": 0.6772833723653395,
  "training_loss": 1.6770626591212714,
  "training_worker_0_memory_MB": 2311.1015625,
  "training_gpu_0_memory_MB": 43.572265625,
  "validation_accuracy": 0.7086092715231788,
  "validation_loss": 1.503898060321808,
  "best_validation_accuracy": 0.7086092715231788,
  "best_validation_loss": 1.503898060321808
}