{
  "best_epoch": 16,
  "peak_worker_0_memory_MB": 2311.1015625,
  "peak_gpu_0_memory_MB": 43.572265625,
  "training_duration": "0:00:06.051893",
  "training_start_epoch": 0,
  "training_epochs": 23,
  "epoch": 23,
  "training_accuracy": 0.9838407494145199,
  "training_loss": 0.10967188840036962,
  "training_worker_0_memory_MB": 2311.1015625,
  "training_gpu_0_memory_MB": 43.572265625,
  "validation_accuracy": 0.8062913907284768,
  "validation_loss": 0.9394391179084778,
  "best_validation_accuracy": 0.7963576158940397,
  "best_validation_loss": 0.877512514591217
}