{
  "best_epoch": 4,
  "peak_worker_0_memory_MB": 2287.45703125,
  "peak_gpu_0_memory_MB": 30.3212890625,
  "training_duration": "0:00:00.794968",
  "training_start_epoch": 0,
  "training_epochs": 4,
  "epoch": 4,
  "training_accuracy": 0.8921855411617217,
  "training_loss": 0.5052355692574853,
  "training_worker_0_memory_MB": 2287.45703125,
  "training_gpu_0_memory_MB": 30.3212890625,
  "validation_accuracy": 0.7831125827814569,
  "validation_loss": 0.9399373352527618,
  "best_validation_accuracy": 0.7831125827814569,
  "best_validation_loss": 0.9399373352527618
}