{
  "best_epoch": 6,
  "peak_worker_0_memory_MB": 2287.45703125,
  "peak_gpu_0_memory_MB": 30.3212890625,
  "training_duration": "0:00:02.470957",
  "training_start_epoch": 0,
  "training_epochs": 13,
  "epoch": 13,
  "training_accuracy": 0.9841203510238195,
  "training_loss": 0.07424153250299002,
  "training_worker_0_memory_MB": 2287.45703125,
  "training_gpu_0_memory_MB": 30.3212890625,
  "validation_accuracy": 0.7963576158940397,
  "validation_loss": 1.001695305109024,
  "best_validation_accuracy": 0.8029801324503312,
  "best_validation_loss": 0.886080414056778
}