{
  "best_epoch": 1,
  "peak_worker_0_memory_MB": 2273.13671875,
  "peak_gpu_0_memory_MB": 15.416015625,
  "training_duration": "0:00:00.173923",
  "training_start_epoch": 0,
  "training_epochs": 1,
  "epoch": 1,
  "training_accuracy": 0.38041733547351525,
  "training_loss": 3.2277904033660887,
  "training_worker_0_memory_MB": 2273.13671875,
  "training_gpu_0_memory_MB": 15.416015625,
  "validation_accuracy": 0.6788079470198676,
  "validation_loss": 2.6833972454071047,
  "best_validation_accuracy": 0.6788079470198676,
  "best_validation_loss": 2.6833972454071047
}