{
  "best_epoch": 11,
  "peak_worker_0_memory_MB": 2287.21484375,
  "peak_gpu_0_memory_MB": 30.3212890625,
  "training_duration": "0:00:01.946127",
  "training_start_epoch": 0,
  "training_epochs": 11,
  "epoch": 11,
  "training_accuracy": 0.8926034266610948,
  "training_loss": 0.5179906346296009,
  "training_worker_0_memory_MB": 2287.21484375,
  "training_gpu_0_memory_MB": 30.3212890625,
  "validation_accuracy": 0.7947019867549668,
  "validation_loss": 0.912962657213211,
  "best_validation_accuracy": 0.7947019867549668,
  "best_validation_loss": 0.912962657213211
}