{
  "best_epoch": 10,
  "peak_worker_0_memory_MB": 2318.11328125,
  "peak_gpu_0_memory_MB": 51.84521484375,
  "training_duration": "0:00:05.354602",
  "training_start_epoch": 0,
  "training_epochs": 19,
  "epoch": 19,
  "training_accuracy": 0.9460927705808608,
  "training_loss": 0.20491524942611394,
  "training_worker_0_memory_MB": 2318.11328125,
  "training_gpu_0_memory_MB": 51.84521484375,
  "validation_accuracy": 0.8013245033112583,
  "validation_loss": 1.2723168790340424,
  "best_validation_accuracy": 0.7897350993377483,
  "best_validation_loss": 1.0661464244127274
}