{
  "best_epoch": 2,
  "peak_worker_0_memory_MB": 2318.11328125,
  "peak_gpu_0_memory_MB": 51.84521484375,
  "training_duration": "0:00:00.831300",
  "training_start_epoch": 0,
  "training_epochs": 2,
  "epoch": 2,
  "training_accuracy": 0.3301295445048057,
  "training_loss": 2.9813768738194515,
  "training_worker_0_memory_MB": 2318.11328125,
  "training_gpu_0_memory_MB": 51.84521484375,
  "validation_accuracy": 0.49834437086092714,
  "validation_loss": 2.6658463716506957,
  "best_validation_accuracy": 0.49834437086092714,
  "best_validation_loss": 2.6658463716506957
}