{
  "best_epoch": 40,
  "peak_worker_0_memory_MB": 2316.55078125,
  "peak_gpu_0_memory_MB": 62.47802734375,
  "training_duration": "0:00:11.458615",
  "training_start_epoch": 0,
  "training_epochs": 42,
  "epoch": 42,
  "training_accuracy": 0.7215456674473067,
  "training_loss": 1.2416597497997,
  "training_worker_0_memory_MB": 2316.55078125,
  "training_gpu_0_memory_MB": 62.47802734375,
  "validation_accuracy": 0.7715231788079471,
  "validation_loss": 1.1209719777107239,
  "best_validation_accuracy": 0.7682119205298014,
  "best_validation_loss": 1.1159661948680877
}