{
  "best_epoch": 61,
  "peak_worker_0_memory_MB": 2316.55078125,
  "peak_gpu_0_memory_MB": 62.47802734375,
  "training_duration": "0:00:18.577336",
  "training_start_epoch": 0,
  "training_epochs": 69,
  "epoch": 69,
  "training_accuracy": 0.805152224824356,
  "training_loss": 0.8380434726601216,
  "training_worker_0_memory_MB": 2316.55078125,
  "training_gpu_0_memory_MB": 62.47802734375,
  "validation_accuracy": 0.793046357615894,
  "validation_loss": 0.9569659650325775,
  "best_validation_accuracy": 0.7880794701986755,
  "best_validation_loss": 0.9335162609815597
}