{
  "best_epoch": 1,
  "peak_worker_0_memory_MB": 2269.703125,
  "peak_gpu_0_memory_MB": 15.416015625,
  "training_duration": "0:00:00.855453",
  "training_start_epoch": 0,
  "training_epochs": 9,
  "epoch": 9,
  "training_accuracy": 0.8571428571428571,
  "training_loss": 0.36442252844572065,
  "training_worker_0_memory_MB": 2269.703125,
  "training_gpu_0_memory_MB": 15.416015625,
  "validation_accuracy": 0.6556291390728477,
  "validation_loss": 1.3725858092308045,
  "best_validation_accuracy": 0.8145695364238411,
  "best_validation_loss": 1.0638815939426423
}