{
  "best_epoch": 84,
  "peak_worker_0_memory_MB": 2309.91796875,
  "peak_gpu_0_memory_MB": 46.67724609375,
  "training_duration": "0:00:18.416371",
  "training_start_epoch": 0,
  "training_epochs": 88,
  "epoch": 88,
  "training_accuracy": 0.7816260639859114,
  "training_loss": 0.8587224306883635,
  "training_worker_0_memory_MB": 2309.91796875,
  "training_gpu_0_memory_MB": 46.67724609375,
  "validation_accuracy": 0.7996688741721855,
  "validation_loss": 0.8918886721134186,
  "best_validation_accuracy": 0.7996688741721855,
  "best_validation_loss": 0.8911372005939484
}