{
  "best_epoch": 26,
  "peak_worker_0_memory_MB": 2309.91796875,
  "peak_gpu_0_memory_MB": 46.67724609375,
  "training_duration": "0:00:05.577407",
  "training_start_epoch": 0,
  "training_epochs": 26,
  "epoch": 26,
  "training_accuracy": 0.5873202230701496,
  "training_loss": 1.7738880846235487,
  "training_worker_0_memory_MB": 2309.91796875,
  "training_gpu_0_memory_MB": 46.67724609375,
  "validation_accuracy": 0.7284768211920529,
  "validation_loss": 1.4172870874404908,
  "best_validation_accuracy": 0.7284768211920529,
  "best_validation_loss": 1.4172870874404908
}