{
  "best_epoch": 9,
  "peak_worker_0_memory_MB": 2309.91796875,
  "peak_gpu_0_memory_MB": 46.67724609375,
  "training_duration": "0:00:02.059819",
  "training_start_epoch": 0,
  "training_epochs": 9,
  "epoch": 9,
  "training_accuracy": 0.33577927795714707,
  "training_loss": 2.854392162075749,
  "training_worker_0_memory_MB": 2309.91796875,
  "training_gpu_0_memory_MB": 46.67724609375,
  "validation_accuracy": 0.5115894039735099,
  "validation_loss": 2.5334301710128786,
  "best_validation_accuracy": 0.5115894039735099,
  "best_validation_loss": 2.5334301710128786
}