{
  "best_epoch": 63,
  "peak_worker_0_memory_MB": 2309.91796875,
  "peak_gpu_0_memory_MB": 46.67724609375,
  "training_duration": "0:00:13.224109",
  "training_start_epoch": 0,
  "training_epochs": 63,
  "epoch": 63,
  "training_accuracy": 0.7367185206926915,
  "training_loss": 1.0423366107322551,
  "training_worker_0_memory_MB": 2309.91796875,
  "training_gpu_0_memory_MB": 46.67724609375,
  "validation_accuracy": 0.793046357615894,
  "validation_loss": 0.9375139653682709,
  "best_validation_accuracy": 0.793046357615894,
  "best_validation_loss": 0.9375139653682709
}