{
  "best_epoch": 95,
  "peak_worker_0_memory_MB": 2309.91796875,
  "peak_gpu_0_memory_MB": 46.67724609375,
  "training_duration": "0:00:20.326310",
  "training_start_epoch": 0,
  "training_epochs": 97,
  "epoch": 97,
  "training_accuracy": 0.7781039037276196,
  "training_loss": 0.8356989831836136,
  "training_worker_0_memory_MB": 2309.91796875,
  "training_gpu_0_memory_MB": 46.67724609375,
  "validation_accuracy": 0.8029801324503312,
  "validation_loss": 0.9023460745811462,
  "best_validation_accuracy": 0.8062913907284768,
  "best_validation_loss": 0.8656740486621857
}