{
  "best_epoch": 89,
  "peak_worker_0_memory_MB": 2309.91796875,
  "peak_gpu_0_memory_MB": 46.67724609375,
  "training_duration": "0:00:19.481540",
  "training_start_epoch": 0,
  "training_epochs": 93,
  "epoch": 93,
  "training_accuracy": 0.7772233636630467,
  "training_loss": 0.8564419172428273,
  "training_worker_0_memory_MB": 2309.91796875,
  "training_gpu_0_memory_MB": 46.67724609375,
  "validation_accuracy": 0.8029801324503312,
  "validation_loss": 0.9247008562088013,
  "best_validation_accuracy": 0.7996688741721855,
  "best_validation_loss": 0.8723852038383484
}