{
  "best_epoch": 77,
  "peak_worker_0_memory_MB": 2309.91796875,
  "peak_gpu_0_memory_MB": 46.67724609375,
  "training_duration": "0:00:17.161704",
  "training_start_epoch": 0,
  "training_epochs": 82,
  "epoch": 82,
  "training_accuracy": 0.7781039037276196,
  "training_loss": 0.9083021101024416,
  "training_worker_0_memory_MB": 2309.91796875,
  "training_gpu_0_memory_MB": 46.67724609375,
  "validation_accuracy": 0.8013245033112583,
  "validation_loss": 0.9356982171535492,
  "best_validation_accuracy": 0.7980132450331126,
  "best_validation_loss": 0.897551155090332
}