{
  "best_epoch": 95,
  "peak_worker_0_memory_MB": 2309.91796875,
  "peak_gpu_0_memory_MB": 46.67724609375,
  "training_duration": "0:00:20.113896",
  "training_start_epoch": 0,
  "training_epochs": 96,
  "epoch": 96,
  "training_accuracy": 0.777810390372762,
  "training_loss": 0.85639003250334,
  "training_worker_0_memory_MB": 2309.91796875,
  "training_gpu_0_memory_MB": 46.67724609375,
  "validation_accuracy": 0.804635761589404,
  "validation_loss": 0.8984896540641785,
  "best_validation_accuracy": 0.8062913907284768,
  "best_validation_loss": 0.8656740486621857
}