{
  "best_epoch": 10,
  "peak_worker_0_memory_MB": 2309.91796875,
  "peak_gpu_0_memory_MB": 46.67724609375,
  "training_duration": "0:00:02.266273",
  "training_start_epoch": 0,
  "training_epochs": 10,
  "epoch": 10,
  "training_accuracy": 0.3489873789257411,
  "training_loss": 2.782879696951972,
  "training_worker_0_memory_MB": 2309.91796875,
  "training_gpu_0_memory_MB": 46.67724609375,
  "validation_accuracy": 0.5413907284768212,
  "validation_loss": 2.46444571018219,
  "best_validation_accuracy": 0.5413907284768212,
  "best_validation_loss": 2.46444571018219
}