{
  "best_epoch": 48,
  "peak_worker_0_memory_MB": 2309.91796875,
  "peak_gpu_0_memory_MB": 46.67724609375,
  "training_duration": "0:00:10.124875",
  "training_start_epoch": 0,
  "training_epochs": 48,
  "epoch": 48,
  "training_accuracy": 0.6953331376577634,
  "training_loss": 1.2446254315199676,
  "training_worker_0_memory_MB": 2309.91796875,
  "training_gpu_0_memory_MB": 46.67724609375,
  "validation_accuracy": 0.7781456953642384,
  "validation_loss": 1.0383068561553954,
  "best_validation_accuracy": 0.7781456953642384,
  "best_validation_loss": 1.0383068561553954
}