{
  "best_epoch": 19,
  "peak_worker_0_memory_MB": 2309.91796875,
  "peak_gpu_0_memory_MB": 46.67724609375,
  "training_duration": "0:00:04.128541",
  "training_start_epoch": 0,
  "training_epochs": 19,
  "epoch": 19,
  "training_accuracy": 0.5036689169357206,
  "training_loss": 2.113549199369219,
  "training_worker_0_memory_MB": 2309.91796875,
  "training_gpu_0_memory_MB": 46.67724609375,
  "validation_accuracy": 0.6738410596026491,
  "validation_loss": 1.7548593163490296,
  "best_validation_accuracy": 0.6738410596026491,
  "best_validation_loss": 1.7548593163490296
}