{
  "best_epoch": 4,
  "peak_worker_0_memory_MB": 2331.171875,
  "peak_gpu_0_memory_MB": 65.09326171875,
  "training_duration": "0:00:03.414463",
  "training_start_epoch": 0,
  "training_epochs": 12,
  "epoch": 12,
  "training_accuracy": 0.9950819672131147,
  "training_loss": 0.03090798922939532,
  "training_worker_0_memory_MB": 2331.171875,
  "training_gpu_0_memory_MB": 65.09326171875,
  "validation_accuracy": 0.7913907284768212,
  "validation_loss": 0.9640607893466949,
  "best_validation_accuracy": 0.8013245033112583,
  "best_validation_loss": 0.8564505085349083
}