{
  "best_epoch": 4,
  "peak_worker_0_memory_MB": 2331.171875,
  "peak_gpu_0_memory_MB": 65.09326171875,
  "training_duration": "0:00:02.367962",
  "training_start_epoch": 0,
  "training_epochs": 8,
  "epoch": 8,
  "training_accuracy": 0.9878220140515223,
  "training_loss": 0.06803294501976291,
  "training_worker_0_memory_MB": 2331.171875,
  "training_gpu_0_memory_MB": 65.09326171875,
  "validation_accuracy": 0.7980132450331126,
  "validation_loss": 0.9058152973651886,
  "best_validation_accuracy": 0.8013245033112583,
  "best_validation_loss": 0.8564505085349083
}