{
  "best_epoch": 0,
  "peak_worker_0_memory_MB": 2287.08203125,
  "peak_gpu_0_memory_MB": 30.3212890625,
  "training_duration": "0:00:00.147577",
  "training_start_epoch": 0,
  "training_epochs": 0,
  "epoch": 0,
  "training_accuracy": 0.44045131633932305,
  "training_loss": 2.7275161209859347,
  "training_worker_0_memory_MB": 2287.08203125,
  "training_gpu_0_memory_MB": 30.3212890625,
  "validation_accuracy": 0.6738410596026491,
  "validation_loss": 1.685887050628662,
  "best_validation_accuracy": 0.6738410596026491,
  "best_validation_loss": 1.685887050628662
}