{
  "best_epoch": 4,
  "peak_worker_0_memory_MB": 2370.390625,
  "peak_gpu_0_memory_MB": 89.33056640625,
  "training_duration": "0:00:02.642956",
  "training_start_epoch": 0,
  "training_epochs": 4,
  "epoch": 4,
  "training_accuracy": 0.4583533365338454,
  "training_loss": 2.9638006741763983,
  "training_worker_0_memory_MB": 2370.390625,
  "training_gpu_0_memory_MB": 89.33056640625,
  "validation_accuracy": 0.597682119205298,
  "validation_loss": 2.4997220754623415,
  "best_validation_accuracy": 0.597682119205298,
  "best_validation_loss": 2.4997220754623415
}