{
  "best_epoch": 23,
  "peak_worker_0_memory_MB": 2370.390625,
  "peak_gpu_0_memory_MB": 89.33056640625,
  "training_duration": "0:00:12.884443",
  "training_start_epoch": 0,
  "training_epochs": 23,
  "epoch": 23,
  "training_accuracy": 0.9396303408545367,
  "training_loss": 0.45464527470464927,
  "training_worker_0_memory_MB": 2370.390625,
  "training_gpu_0_memory_MB": 89.33056640625,
  "validation_accuracy": 0.7864238410596026,
  "validation_loss": 0.9318467795848846,
  "best_validation_accuracy": 0.7864238410596026,
  "best_validation_loss": 0.9318467795848846
}