{
  "best_epoch": 17,
  "peak_worker_0_memory_MB": 2370.390625,
  "peak_gpu_0_memory_MB": 89.33056640625,
  "training_duration": "0:00:09.677243",
  "training_start_epoch": 0,
  "training_epochs": 17,
  "epoch": 17,
  "training_accuracy": 0.877940470475276,
  "training_loss": 0.8087974108812463,
  "training_worker_0_memory_MB": 2370.390625,
  "training_gpu_0_memory_MB": 89.33056640625,
  "validation_accuracy": 0.7698675496688742,
  "validation_loss": 1.0326722085475921,
  "best_validation_accuracy": 0.7698675496688742,
  "best_validation_loss": 1.0326722085475921
}