{
  "best_epoch": 25,
  "peak_worker_0_memory_MB": 2370.390625,
  "peak_gpu_0_memory_MB": 89.33056640625,
  "training_duration": "0:00:18.545009",
  "training_start_epoch": 0,
  "training_epochs": 34,
  "epoch": 34,
  "training_accuracy": 0.9817570811329813,
  "training_loss": 0.16641907177808632,
  "training_worker_0_memory_MB": 2370.390625,
  "training_gpu_0_memory_MB": 89.33056640625,
  "validation_accuracy": 0.804635761589404,
  "validation_loss": 0.927033668756485,
  "best_validation_accuracy": 0.7864238410596026,
  "best_validation_loss": 0.904828229546547
}