{
  "best_epoch": 24,
  "peak_worker_0_memory_MB": 2316.2890625,
  "peak_gpu_0_memory_MB": 62.47802734375,
  "training_duration": "0:00:06.636178",
  "training_start_epoch": 0,
  "training_epochs": 24,
  "epoch": 24,
  "training_accuracy": 0.7629976580796253,
  "training_loss": 0.9801849589419009,
  "training_worker_0_memory_MB": 2316.2890625,
  "training_gpu_0_memory_MB": 62.47802734375,
  "validation_accuracy": 0.7831125827814569,
  "validation_loss": 0.9747635841369628,
  "best_validation_accuracy": 0.7831125827814569,
  "best_validation_loss": 0.9747635841369628
}