{
  "best_epoch": 10,
  "peak_worker_0_memory_MB": 2316.2890625,
  "peak_gpu_0_memory_MB": 62.47802734375,
  "training_duration": "0:00:02.886117",
  "training_start_epoch": 0,
  "training_epochs": 10,
  "epoch": 10,
  "training_accuracy": 0.5730679156908665,
  "training_loss": 1.8642738381428505,
  "training_worker_0_memory_MB": 2316.2890625,
  "training_gpu_0_memory_MB": 62.47802734375,
  "validation_accuracy": 0.7201986754966887,
  "validation_loss": 1.4644001126289368,
  "best_validation_accuracy": 0.7201986754966887,
  "best_validation_loss": 1.4644001126289368
}