{
  "best_epoch": 16,
  "peak_worker_0_memory_MB": 2319.734375,
  "peak_gpu_0_memory_MB": 51.08984375,
  "training_duration": "0:00:05.047936",
  "training_start_epoch": 0,
  "training_epochs": 18,
  "epoch": 18,
  "training_accuracy": 0.9622950819672131,
  "training_loss": 0.24147944085633577,
  "training_worker_0_memory_MB": 2319.734375,
  "training_gpu_0_memory_MB": 51.08984375,
  "validation_accuracy": 0.7897350993377483,
  "validation_loss": 0.915075808763504,
  "best_validation_accuracy": 0.7864238410596026,
  "best_validation_loss": 0.8951790064573288
}