{
  "best_epoch": 7,
  "peak_worker_0_memory_MB": 2319.734375,
  "peak_gpu_0_memory_MB": 51.08984375,
  "training_duration": "0:00:02.118374",
  "training_start_epoch": 0,
  "training_epochs": 7,
  "epoch": 7,
  "training_accuracy": 0.8028103044496487,
  "training_loss": 1.116410654872211,
  "training_worker_0_memory_MB": 2319.734375,
  "training_gpu_0_memory_MB": 51.08984375,
  "validation_accuracy": 0.7649006622516556,
  "validation_loss": 1.2087448120117188,
  "best_validation_accuracy": 0.7649006622516556,
  "best_validation_loss": 1.2087448120117188
}