{
  "best_epoch": 66,
  "peak_worker_0_memory_MB": 2327.01171875,
  "peak_gpu_0_memory_MB": 69.92529296875,
  "training_duration": "0:00:16.976756",
  "training_start_epoch": 0,
  "training_epochs": 67,
  "epoch": 67,
  "training_accuracy": 0.8567971843378794,
  "training_loss": 0.6544822368563877,
  "training_worker_0_memory_MB": 2327.01171875,
  "training_gpu_0_memory_MB": 69.92529296875,
  "validation_accuracy": 0.7996688741721855,
  "validation_loss": 0.9260053694248199,
  "best_validation_accuracy": 0.8013245033112583,
  "best_validation_loss": 0.9043869286775589
}