{
  "best_epoch": 1,
  "peak_worker_0_memory_MB": 2327.01171875,
  "peak_gpu_0_memory_MB": 69.92529296875,
  "training_duration": "0:00:00.495769",
  "training_start_epoch": 0,
  "training_epochs": 1,
  "epoch": 1,
  "training_accuracy": 0.15200175978882535,
  "training_loss": 3.861053009827932,
  "training_worker_0_memory_MB": 2327.01171875,
  "training_gpu_0_memory_MB": 69.92529296875,
  "validation_accuracy": 0.22019867549668873,
  "validation_loss": 3.662295365333557,
  "best_validation_accuracy": 0.22019867549668873,
  "best_validation_loss": 3.662295365333557
}