{
  "best_epoch": 27,
  "peak_worker_0_memory_MB": 2327.01171875,
  "peak_gpu_0_memory_MB": 69.92529296875,
  "training_duration": "0:00:06.989625",
  "training_start_epoch": 0,
  "training_epochs": 27,
  "epoch": 27,
  "training_accuracy": 0.6799384073911131,
  "training_loss": 1.4675636208719678,
  "training_worker_0_memory_MB": 2327.01171875,
  "training_gpu_0_memory_MB": 69.92529296875,
  "validation_accuracy": 0.7334437086092715,
  "validation_loss": 1.3261329233646393,
  "best_validation_accuracy": 0.7334437086092715,
  "best_validation_loss": 1.3261329233646393
}