{
  "best_epoch": 4,
  "peak_worker_0_memory_MB": 2317.984375,
  "peak_gpu_0_memory_MB": 51.84521484375,
  "training_duration": "0:00:01.219415",
  "training_start_epoch": 0,
  "training_epochs": 4,
  "epoch": 4,
  "training_accuracy": 0.3196824070204764,
  "training_loss": 3.0620517793454622,
  "training_worker_0_memory_MB": 2317.984375,
  "training_gpu_0_memory_MB": 51.84521484375,
  "validation_accuracy": 0.45364238410596025,
  "validation_loss": 2.791624927520752,
  "best_validation_accuracy": 0.45364238410596025,
  "best_validation_loss": 2.791624927520752
}