{
  "best_epoch": 16,
  "peak_worker_0_memory_MB": 2317.984375,
  "peak_gpu_0_memory_MB": 51.84521484375,
  "training_duration": "0:00:04.113783",
  "training_start_epoch": 0,
  "training_epochs": 16,
  "epoch": 16,
  "training_accuracy": 0.671541997492687,
  "training_loss": 1.5604671145740308,
  "training_worker_0_memory_MB": 2317.984375,
  "training_gpu_0_memory_MB": 51.84521484375,
  "validation_accuracy": 0.75,
  "validation_loss": 1.3226775586605073,
  "best_validation_accuracy": 0.75,
  "best_validation_loss": 1.3226775586605073
}