{
  "best_epoch": 27,
  "peak_worker_0_memory_MB": 2317.984375,
  "peak_gpu_0_memory_MB": 51.84521484375,
  "training_duration": "0:00:06.890215",
  "training_start_epoch": 0,
  "training_epochs": 28,
  "epoch": 28,
  "training_accuracy": 0.7705808608441287,
  "training_loss": 0.9555822501057073,
  "training_worker_0_memory_MB": 2317.984375,
  "training_gpu_0_memory_MB": 51.84521484375,
  "validation_accuracy": 0.7831125827814569,
  "validation_loss": 1.0096543192863465,
  "best_validation_accuracy": 0.7748344370860927,
  "best_validation_loss": 0.9646717227995396
}