{
  "best_epoch": 16,
  "peak_worker_0_memory_MB": 2330.69921875,
  "peak_gpu_0_memory_MB": 65.09326171875,
  "training_duration": "0:00:05.330502",
  "training_start_epoch": 0,
  "training_epochs": 19,
  "epoch": 19,
  "training_accuracy": 0.9634660421545668,
  "training_loss": 0.22071015946011044,
  "training_worker_0_memory_MB": 2330.69921875,
  "training_gpu_0_memory_MB": 65.09326171875,
  "validation_accuracy": 0.8029801324503312,
  "validation_loss": 0.9033375948667526,
  "best_validation_accuracy": 0.7947019867549668,
  "best_validation_loss": 0.8940950393676758
}