{
  "best_epoch": 21,
  "peak_worker_0_memory_MB": 2330.69921875,
  "peak_gpu_0_memory_MB": 65.09326171875,
  "training_duration": "0:00:06.130378",
  "training_start_epoch": 0,
  "training_epochs": 22,
  "epoch": 22,
  "training_accuracy": 0.9714285714285714,
  "training_loss": 0.16321720016091618,
  "training_worker_0_memory_MB": 2330.69921875,
  "training_gpu_0_memory_MB": 65.09326171875,
  "validation_accuracy": 0.8062913907284768,
  "validation_loss": 0.908481216430664,
  "best_validation_accuracy": 0.8062913907284768,
  "best_validation_loss": 0.8827128171920776
}