{
  "best_epoch": 21,
  "peak_worker_0_memory_MB": 2330.69921875,
  "peak_gpu_0_memory_MB": 65.09326171875,
  "training_duration": "0:00:06.399626",
  "training_start_epoch": 0,
  "training_epochs": 23,
  "epoch": 23,
  "training_accuracy": 0.9716627634660422,
  "training_loss": 0.15121136500097032,
  "training_worker_0_memory_MB": 2330.69921875,
  "training_gpu_0_memory_MB": 65.09326171875,
  "validation_accuracy": 0.8062913907284768,
  "validation_loss": 0.8975237369537353,
  "best_validation_accuracy": 0.8062913907284768,
  "best_validation_loss": 0.8827128171920776
}