{
  "best_epoch": 2,
  "peak_worker_0_memory_MB": 2268.36328125,
  "peak_gpu_0_memory_MB": 8.73193359375,
  "training_duration": "0:00:01.777796",
  "training_start_epoch": 0,
  "training_epochs": 11,
  "epoch": 11,
  "training_accuracy": 0.8984538236523193,
  "training_loss": 0.37720137128704473,
  "training_worker_0_memory_MB": 2268.36328125,
  "training_gpu_0_memory_MB": 8.73193359375,
  "validation_accuracy": 0.8145695364238411,
  "validation_loss": 1.0372555017471314,
  "best_validation_accuracy": 0.8245033112582781,
  "best_validation_loss": 0.9447239808738231
}