{
  "best_epoch": 5,
  "peak_worker_0_memory_MB": 2318.11328125,
  "peak_gpu_0_memory_MB": 51.84521484375,
  "training_duration": "0:00:02.986424",
  "training_start_epoch": 0,
  "training_epochs": 10,
  "epoch": 10,
  "training_accuracy": 0.914751358127873,
  "training_loss": 0.3276952071801612,
  "training_worker_0_memory_MB": 2318.11328125,
  "training_gpu_0_memory_MB": 51.84521484375,
  "validation_accuracy": 0.7947019867549668,
  "validation_loss": 1.2229890912771224,
  "best_validation_accuracy": 0.7897350993377483,
  "best_validation_loss": 1.0718327045440674
}