{
  "best_epoch": 0,
  "peak_worker_0_memory_MB": 2271.57421875,
  "peak_gpu_0_memory_MB": 15.515625,
  "training_duration": "0:00:00.079161",
  "training_start_epoch": 0,
  "training_epochs": 0,
  "epoch": 0,
  "training_accuracy": 0.08507223113964688,
  "training_loss": 3.9863717675209047,
  "training_worker_0_memory_MB": 2271.57421875,
  "training_gpu_0_memory_MB": 15.515625,
  "validation_accuracy": 0.37748344370860926,
  "validation_loss": 3.383800506591797,
  "best_validation_accuracy": 0.37748344370860926,
  "best_validation_loss": 3.383800506591797
}