{
  "best_epoch": 12,
  "peak_worker_0_memory_MB": 2317.32421875,
  "peak_gpu_0_memory_MB": 51.12255859375,
  "training_duration": "0:00:08.661879",
  "training_start_epoch": 0,
  "training_epochs": 12,
  "epoch": 12,
  "training_accuracy": 0.7078980359381529,
  "training_loss": 1.1829054292879606,
  "training_worker_0_memory_MB": 2317.32421875,
  "training_gpu_0_memory_MB": 51.12255859375,
  "validation_accuracy": 0.7682119205298014,
  "validation_loss": 1.0994950115680695,
  "best_validation_accuracy": 0.7682119205298014,
  "best_validation_loss": 1.0994950115680695
}