{
  "best_epoch": 22,
  "peak_worker_0_memory_MB": 2317.32421875,
  "peak_gpu_0_memory_MB": 51.12255859375,
  "training_duration": "0:00:17.313056",
  "training_start_epoch": 0,
  "training_epochs": 25,
  "epoch": 25,
  "training_accuracy": 0.8194734642707898,
  "training_loss": 0.6788397054923209,
  "training_worker_0_memory_MB": 2317.32421875,
  "training_gpu_0_memory_MB": 51.12255859375,
  "validation_accuracy": 0.7847682119205298,
  "validation_loss": 0.9723955720663071,
  "best_validation_accuracy": 0.7814569536423841,
  "best_validation_loss": 0.9548225253820419
}