{
  "best_epoch": 44,
  "peak_worker_0_memory_MB": 2297.12109375,
  "peak_gpu_0_memory_MB": 50.91064453125,
  "training_duration": "0:00:30.807232",
  "training_start_epoch": 0,
  "training_epochs": 45,
  "epoch": 45,
  "training_accuracy": 0.7191809444212286,
  "training_loss": 1.043961082634173,
  "training_worker_0_memory_MB": 2297.12109375,
  "training_gpu_0_memory_MB": 50.91064453125,
  "validation_accuracy": 0.7814569536423841,
  "validation_loss": 0.9463541507720947,
  "best_validation_accuracy": 0.7781456953642384,
  "best_validation_loss": 0.9423008739948273
}