{
  "best_epoch": 51,
  "peak_worker_0_memory_MB": 2297.12109375,
  "peak_gpu_0_memory_MB": 50.91064453125,
  "training_duration": "0:00:34.934413",
  "training_start_epoch": 0,
  "training_epochs": 51,
  "epoch": 51,
  "training_accuracy": 0.7442540743836189,
  "training_loss": 0.9501229791264785,
  "training_worker_0_memory_MB": 2297.12109375,
  "training_gpu_0_memory_MB": 50.91064453125,
  "validation_accuracy": 0.7864238410596026,
  "validation_loss": 0.9221207439899445,
  "best_validation_accuracy": 0.7864238410596026,
  "best_validation_loss": 0.9221207439899445
}