{
  "best_epoch": 7,
  "peak_worker_0_memory_MB": 2297.12109375,
  "peak_gpu_0_memory_MB": 50.91064453125,
  "training_duration": "0:00:05.261701",
  "training_start_epoch": 0,
  "training_epochs": 7,
  "epoch": 7,
  "training_accuracy": 0.34266610948600085,
  "training_loss": 2.7192037607494153,
  "training_worker_0_memory_MB": 2297.12109375,
  "training_gpu_0_memory_MB": 50.91064453125,
  "validation_accuracy": 0.5298013245033113,
  "validation_loss": 2.2712432026863096,
  "best_validation_accuracy": 0.5298013245033113,
  "best_validation_loss": 2.2712432026863096
}