{
  "best_epoch": 19,
  "peak_worker_0_memory_MB": 2297.12109375,
  "peak_gpu_0_memory_MB": 50.91064453125,
  "training_duration": "0:00:13.165706",
  "training_start_epoch": 0,
  "training_epochs": 19,
  "epoch": 19,
  "training_accuracy": 0.5879648976180527,
  "training_loss": 1.6236809774448997,
  "training_worker_0_memory_MB": 2297.12109375,
  "training_gpu_0_memory_MB": 50.91064453125,
  "validation_accuracy": 0.7218543046357616,
  "validation_loss": 1.2285762906074524,
  "best_validation_accuracy": 0.7218543046357616,
  "best_validation_loss": 1.2285762906074524
}