{
  "best_epoch": 27,
  "peak_worker_0_memory_MB": 2297.12109375,
  "peak_gpu_0_memory_MB": 50.91064453125,
  "training_duration": "0:00:19.792420",
  "training_start_epoch": 0,
  "training_epochs": 29,
  "epoch": 29,
  "training_accuracy": 0.6590054325114919,
  "training_loss": 1.304431482365257,
  "training_worker_0_memory_MB": 2297.12109375,
  "training_gpu_0_memory_MB": 50.91064453125,
  "validation_accuracy": 0.7599337748344371,
  "validation_loss": 1.0408288717269898,
  "best_validation_accuracy": 0.7549668874172185,
  "best_validation_loss": 1.0362946137785911
}