{
  "best_epoch": 14,
  "peak_worker_0_memory_MB": 2297.12109375,
  "peak_gpu_0_memory_MB": 50.91064453125,
  "training_duration": "0:00:09.880721",
  "training_start_epoch": 0,
  "training_epochs": 14,
  "epoch": 14,
  "training_accuracy": 0.5436690346844965,
  "training_loss": 1.8733286669379787,
  "training_worker_0_memory_MB": 2297.12109375,
  "training_gpu_0_memory_MB": 50.91064453125,
  "validation_accuracy": 0.6804635761589404,
  "validation_loss": 1.431723940372467,
  "best_validation_accuracy": 0.6804635761589404,
  "best_validation_loss": 1.431723940372467
}