{
  "best_epoch": 2,
  "peak_worker_0_memory_MB": 2370.390625,
  "peak_gpu_0_memory_MB": 89.33056640625,
  "training_duration": "0:00:01.443902",
  "training_start_epoch": 0,
  "training_epochs": 2,
  "epoch": 2,
  "training_accuracy": 0.44227076332213155,
  "training_loss": 3.128367644229918,
  "training_worker_0_memory_MB": 2370.390625,
  "training_gpu_0_memory_MB": 89.33056640625,
  "validation_accuracy": 0.5562913907284768,
  "validation_loss": 2.634129858016968,
  "best_validation_accuracy": 0.5562913907284768,
  "best_validation_loss": 2.634129858016968
}