{
  "best_epoch": 57,
  "peak_worker_0_memory_MB": 2327.01171875,
  "peak_gpu_0_memory_MB": 69.92529296875,
  "training_duration": "0:00:14.997986",
  "training_start_epoch": 0,
  "training_epochs": 57,
  "epoch": 57,
  "training_accuracy": 0.9463264408271007,
  "training_loss": 0.3448760198532707,
  "training_worker_0_memory_MB": 2327.01171875,
  "training_gpu_0_memory_MB": 69.92529296875,
  "validation_accuracy": 0.8013245033112583,
  "validation_loss": 0.9106176495552063,
  "best_validation_accuracy": 0.8013245033112583,
  "best_validation_loss": 0.9106176495552063
}