{
  "best_epoch": 1,
  "peak_worker_0_memory_MB": 2327.01171875,
  "peak_gpu_0_memory_MB": 69.92529296875,
  "training_duration": "0:00:00.513411",
  "training_start_epoch": 0,
  "training_epochs": 1,
  "epoch": 1,
  "training_accuracy": 0.16564012318521779,
  "training_loss": 3.8357920580440097,
  "training_worker_0_memory_MB": 2327.01171875,
  "training_gpu_0_memory_MB": 69.92529296875,
  "validation_accuracy": 0.2152317880794702,
  "validation_loss": 3.658836078643799,
  "best_validation_accuracy": 0.2152317880794702,
  "best_validation_loss": 3.658836078643799
}