{
  "best_epoch": 32,
  "peak_worker_0_memory_MB": 2327.01171875,
  "peak_gpu_0_memory_MB": 69.92529296875,
  "training_duration": "0:00:08.608864",
  "training_start_epoch": 0,
  "training_epochs": 32,
  "epoch": 32,
  "training_accuracy": 0.8468983721953366,
  "training_loss": 0.8948176867432065,
  "training_worker_0_memory_MB": 2327.01171875,
  "training_gpu_0_memory_MB": 69.92529296875,
  "validation_accuracy": 0.7615894039735099,
  "validation_loss": 1.147184783220291,
  "best_validation_accuracy": 0.7615894039735099,
  "best_validation_loss": 1.147184783220291
}