{
  "best_epoch": 66,
  "peak_worker_0_memory_MB": 2327.01171875,
  "peak_gpu_0_memory_MB": 69.92529296875,
  "training_duration": "0:00:18.820014",
  "training_start_epoch": 0,
  "training_epochs": 72,
  "epoch": 72,
  "training_accuracy": 0.9615046194456666,
  "training_loss": 0.21999983052309188,
  "training_worker_0_memory_MB": 2327.01171875,
  "training_gpu_0_memory_MB": 69.92529296875,
  "validation_accuracy": 0.8062913907284768,
  "validation_loss": 0.8838949859142303,
  "best_validation_accuracy": 0.804635761589404,
  "best_validation_loss": 0.8709416657686233
}