{
  "best_epoch": 59,
  "peak_worker_0_memory_MB": 2327.01171875,
  "peak_gpu_0_memory_MB": 69.92529296875,
  "training_duration": "0:00:15.764733",
  "training_start_epoch": 0,
  "training_epochs": 60,
  "epoch": 60,
  "training_accuracy": 0.9491860976682798,
  "training_loss": 0.3096670703962445,
  "training_worker_0_memory_MB": 2327.01171875,
  "training_gpu_0_memory_MB": 69.92529296875,
  "validation_accuracy": 0.8013245033112583,
  "validation_loss": 0.8972159445285797,
  "best_validation_accuracy": 0.8013245033112583,
  "best_validation_loss": 0.8935103118419647
}