{
  "best_epoch": 19,
  "peak_worker_0_memory_MB": 2316.55078125,
  "peak_gpu_0_memory_MB": 62.47802734375,
  "training_duration": "0:00:05.189651",
  "training_start_epoch": 0,
  "training_epochs": 19,
  "epoch": 19,
  "training_accuracy": 0.6913348946135831,
  "training_loss": 1.3934110376372266,
  "training_worker_0_memory_MB": 2316.55078125,
  "training_gpu_0_memory_MB": 62.47802734375,
  "validation_accuracy": 0.7533112582781457,
  "validation_loss": 1.205024403333664,
  "best_validation_accuracy": 0.7533112582781457,
  "best_validation_loss": 1.205024403333664
}