{
  "best_epoch": 21,
  "peak_worker_0_memory_MB": 2316.55078125,
  "peak_gpu_0_memory_MB": 62.47802734375,
  "training_duration": "0:00:05.963018",
  "training_start_epoch": 0,
  "training_epochs": 22,
  "epoch": 22,
  "training_accuracy": 0.7266978922716628,
  "training_loss": 1.2277728087866484,
  "training_worker_0_memory_MB": 2316.55078125,
  "training_gpu_0_memory_MB": 62.47802734375,
  "validation_accuracy": 0.7764900662251656,
  "validation_loss": 1.136888897418976,
  "best_validation_accuracy": 0.7698675496688742,
  "best_validation_loss": 1.133564406633377
}