{
  "best_epoch": 61,
  "peak_worker_0_memory_MB": 2316.55078125,
  "peak_gpu_0_memory_MB": 62.47802734375,
  "training_duration": "0:00:16.811730",
  "training_start_epoch": 0,
  "training_epochs": 63,
  "epoch": 63,
  "training_accuracy": 0.8878220140515223,
  "training_loss": 0.47464093565940857,
  "training_worker_0_memory_MB": 2316.55078125,
  "training_gpu_0_memory_MB": 62.47802734375,
  "validation_accuracy": 0.8129139072847682,
  "validation_loss": 0.8852058231830597,
  "best_validation_accuracy": 0.8112582781456954,
  "best_validation_loss": 0.8671474605798721
}