{
  "best_epoch": 48,
  "peak_worker_0_memory_MB": 2269.83203125,
  "peak_gpu_0_memory_MB": 15.515625,
  "training_duration": "0:00:03.940264",
  "training_start_epoch": 0,
  "training_epochs": 48,
  "epoch": 48,
  "training_accuracy": 0.8836276083467095,
  "training_loss": 0.38532698452472686,
  "training_worker_0_memory_MB": 2269.83203125,
  "training_gpu_0_memory_MB": 15.515625,
  "validation_accuracy": 0.8211920529801324,
  "validation_loss": 1.1170533001422882,
  "best_validation_accuracy": 0.8211920529801324,
  "best_validation_loss": 1.1170533001422882
}