{
  "best_epoch": 24,
  "peak_worker_0_memory_MB": 2269.83203125,
  "peak_gpu_0_memory_MB": 15.515625,
  "training_duration": "0:00:02.026174",
  "training_start_epoch": 0,
  "training_epochs": 24,
  "epoch": 24,
  "training_accuracy": 0.8394863563402889,
  "training_loss": 0.8673418611288071,
  "training_worker_0_memory_MB": 2269.83203125,
  "training_gpu_0_memory_MB": 15.515625,
  "validation_accuracy": 0.804635761589404,
  "validation_loss": 1.267548382282257,
  "best_validation_accuracy": 0.804635761589404,
  "best_validation_loss": 1.267548382282257
}