{
  "best_epoch": 48,
  "peak_worker_0_memory_MB": 2269.83203125,
  "peak_gpu_0_memory_MB": 15.515625,
  "training_duration": "0:00:04.212113",
  "training_start_epoch": 0,
  "training_epochs": 51,
  "epoch": 51,
  "training_accuracy": 0.884430176565008,
  "training_loss": 0.36923730820417405,
  "training_worker_0_memory_MB": 2269.83203125,
  "training_gpu_0_memory_MB": 15.515625,
  "validation_accuracy": 0.8178807947019867,
  "validation_loss": 1.1558017969131469,
  "best_validation_accuracy": 0.8211920529801324,
  "best_validation_loss": 1.1170533001422882
}