{
  "best_epoch": 53,
  "peak_worker_0_memory_MB": 2298.41015625,
  "peak_gpu_0_memory_MB": 50.91064453125,
  "training_duration": "0:00:39.497389",
  "training_start_epoch": 0,
  "training_epochs": 57,
  "epoch": 57,
  "training_accuracy": 0.7730881738403678,
  "training_loss": 0.8384032704328236,
  "training_worker_0_memory_MB": 2298.41015625,
  "training_gpu_0_memory_MB": 50.91064453125,
  "validation_accuracy": 0.793046357615894,
  "validation_loss": 0.922244918346405,
  "best_validation_accuracy": 0.7913907284768212,
  "best_validation_loss": 0.911576309800148
}