{
  "best_epoch": 25,
  "peak_worker_0_memory_MB": 2298.41015625,
  "peak_gpu_0_memory_MB": 50.91064453125,
  "training_duration": "0:00:17.869938",
  "training_start_epoch": 0,
  "training_epochs": 25,
  "epoch": 25,
  "training_accuracy": 0.6778102799832846,
  "training_loss": 1.2632914389434613,
  "training_worker_0_memory_MB": 2298.41015625,
  "training_gpu_0_memory_MB": 50.91064453125,
  "validation_accuracy": 0.7715231788079471,
  "validation_loss": 0.9954046726226806,
  "best_validation_accuracy": 0.7715231788079471,
  "best_validation_loss": 0.9954046726226806
}