{
  "best_epoch": 32,
  "peak_worker_0_memory_MB": 2298.41015625,
  "peak_gpu_0_memory_MB": 50.91064453125,
  "training_duration": "0:00:28.027547",
  "training_start_epoch": 0,
  "training_epochs": 40,
  "epoch": 40,
  "training_accuracy": 0.737150020894275,
  "training_loss": 0.9769839409150576,
  "training_worker_0_memory_MB": 2298.41015625,
  "training_gpu_0_memory_MB": 50.91064453125,
  "validation_accuracy": 0.7897350993377483,
  "validation_loss": 0.9607069969177247,
  "best_validation_accuracy": 0.7798013245033113,
  "best_validation_loss": 0.9424451470375061
}