{
  "best_epoch": 56,
  "peak_worker_0_memory_MB": 2316.2890625,
  "peak_gpu_0_memory_MB": 62.47802734375,
  "training_duration": "0:00:14.716556",
  "training_start_epoch": 0,
  "training_epochs": 56,
  "epoch": 56,
  "training_accuracy": 0.9592505854800937,
  "training_loss": 0.28244694177784135,
  "training_worker_0_memory_MB": 2316.2890625,
  "training_gpu_0_memory_MB": 62.47802734375,
  "validation_accuracy": 0.7963576158940397,
  "validation_loss": 0.8923105597496033,
  "best_validation_accuracy": 0.7963576158940397,
  "best_validation_loss": 0.8923105597496033
}