{
  "best_epoch": 34,
  "peak_worker_0_memory_MB": 2316.2890625,
  "peak_gpu_0_memory_MB": 62.47802734375,
  "training_duration": "0:00:09.018191",
  "training_start_epoch": 0,
  "training_epochs": 34,
  "epoch": 34,
  "training_accuracy": 0.8887587822014051,
  "training_loss": 0.7245928307077778,
  "training_worker_0_memory_MB": 2316.2890625,
  "training_gpu_0_memory_MB": 62.47802734375,
  "validation_accuracy": 0.7715231788079471,
  "validation_loss": 1.0874884486198426,
  "best_validation_accuracy": 0.7715231788079471,
  "best_validation_loss": 1.0874884486198426
}