{
  "best_epoch": 18,
  "peak_worker_0_memory_MB": 2370.390625,
  "peak_gpu_0_memory_MB": 89.33056640625,
  "training_duration": "0:00:10.513997",
  "training_start_epoch": 0,
  "training_epochs": 20,
  "epoch": 20,
  "training_accuracy": 0.9683149303888622,
  "training_loss": 0.2670654138080946,
  "training_worker_0_memory_MB": 2370.390625,
  "training_gpu_0_memory_MB": 89.33056640625,
  "validation_accuracy": 0.7980132450331126,
  "validation_loss": 0.912554281949997,
  "best_validation_accuracy": 0.7947019867549668,
  "best_validation_loss": 0.9047667324543
}