{
  "best_epoch": 16,
  "peak_worker_0_memory_MB": 2370.390625,
  "peak_gpu_0_memory_MB": 89.33056640625,
  "training_duration": "0:00:08.515557",
  "training_start_epoch": 0,
  "training_epochs": 16,
  "epoch": 16,
  "training_accuracy": 0.9385501680268843,
  "training_loss": 0.4491078400884876,
  "training_worker_0_memory_MB": 2370.390625,
  "training_gpu_0_memory_MB": 89.33056640625,
  "validation_accuracy": 0.7897350993377483,
  "validation_loss": 0.9251982688903808,
  "best_validation_accuracy": 0.7897350993377483,
  "best_validation_loss": 0.9251982688903808
}