{
  "best_epoch": 27,
  "peak_worker_0_memory_MB": 2297.12109375,
  "peak_gpu_0_memory_MB": 50.91064453125,
  "training_duration": "0:00:20.310891",
  "training_start_epoch": 0,
  "training_epochs": 29,
  "epoch": 29,
  "training_accuracy": 0.5942331801086502,
  "training_loss": 1.6041922600645768,
  "training_worker_0_memory_MB": 2297.12109375,
  "training_gpu_0_memory_MB": 50.91064453125,
  "validation_accuracy": 0.75,
  "validation_loss": 1.061350816488266,
  "best_validation_accuracy": 0.7599337748344371,
  "best_validation_loss": 1.042944797873497
}