{
  "best_epoch": 1,
  "peak_worker_0_memory_MB": 2317.36328125,
  "peak_gpu_0_memory_MB": 51.4853515625,
  "training_duration": "0:00:00.520258",
  "training_start_epoch": 0,
  "training_epochs": 1,
  "epoch": 1,
  "training_accuracy": 0.253864168618267,
  "training_loss": 3.7332915298974334,
  "training_worker_0_memory_MB": 2317.36328125,
  "training_gpu_0_memory_MB": 51.4853515625,
  "validation_accuracy": 0.3443708609271523,
  "validation_loss": 3.4656595945358277,
  "best_validation_accuracy": 0.3443708609271523,
  "best_validation_loss": 3.4656595945358277
}