{
  "best_epoch": 3,
  "peak_worker_0_memory_MB": 2317.36328125,
  "peak_gpu_0_memory_MB": 51.4853515625,
  "training_duration": "0:00:01.074160",
  "training_start_epoch": 0,
  "training_epochs": 3,
  "epoch": 3,
  "training_accuracy": 0.31288056206088993,
  "training_loss": 3.156936848341529,
  "training_worker_0_memory_MB": 2317.36328125,
  "training_gpu_0_memory_MB": 51.4853515625,
  "validation_accuracy": 0.3973509933774834,
  "validation_loss": 2.981386137008667,
  "best_validation_accuracy": 0.3973509933774834,
  "best_validation_loss": 2.981386137008667
}