{
  "best_epoch": 14,
  "peak_worker_0_memory_MB": 2317.36328125,
  "peak_gpu_0_memory_MB": 51.4853515625,
  "training_duration": "0:00:04.066837",
  "training_start_epoch": 0,
  "training_epochs": 14,
  "epoch": 14,
  "training_accuracy": 0.7840749414519906,
  "training_loss": 1.2140197691632741,
  "training_worker_0_memory_MB": 2317.36328125,
  "training_gpu_0_memory_MB": 51.4853515625,
  "validation_accuracy": 0.7317880794701986,
  "validation_loss": 1.380185329914093,
  "best_validation_accuracy": 0.7317880794701986,
  "best_validation_loss": 1.380185329914093
}