{
  "best_epoch": 6,
  "peak_worker_0_memory_MB": 2317.36328125,
  "peak_gpu_0_memory_MB": 51.4853515625,
  "training_duration": "0:00:01.889666",
  "training_start_epoch": 0,
  "training_epochs": 6,
  "epoch": 6,
  "training_accuracy": 0.5185011709601873,
  "training_loss": 2.5605246059930145,
  "training_worker_0_memory_MB": 2317.36328125,
  "training_gpu_0_memory_MB": 51.4853515625,
  "validation_accuracy": 0.5695364238410596,
  "validation_loss": 2.4436859846115113,
  "best_validation_accuracy": 0.5695364238410596,
  "best_validation_loss": 2.4436859846115113
}