{
  "best_epoch": 8,
  "peak_worker_0_memory_MB": 2317.36328125,
  "peak_gpu_0_memory_MB": 51.4853515625,
  "training_duration": "0:00:02.443774",
  "training_start_epoch": 0,
  "training_epochs": 8,
  "epoch": 8,
  "training_accuracy": 0.6185011709601873,
  "training_loss": 2.138252327691263,
  "training_worker_0_memory_MB": 2317.36328125,
  "training_gpu_0_memory_MB": 51.4853515625,
  "validation_accuracy": 0.6341059602649006,
  "validation_loss": 2.0865444421768187,
  "best_validation_accuracy": 0.6341059602649006,
  "best_validation_loss": 2.0865444421768187
}