{
  "best_epoch": 25,
  "peak_worker_0_memory_MB": 2317.36328125,
  "peak_gpu_0_memory_MB": 51.4853515625,
  "training_duration": "0:00:07.047299",
  "training_start_epoch": 0,
  "training_epochs": 25,
  "epoch": 25,
  "training_accuracy": 0.911943793911007,
  "training_loss": 0.528202302865128,
  "training_worker_0_memory_MB": 2317.36328125,
  "training_gpu_0_memory_MB": 51.4853515625,
  "validation_accuracy": 0.7847682119205298,
  "validation_loss": 1.021216481924057,
  "best_validation_accuracy": 0.7847682119205298,
  "best_validation_loss": 1.021216481924057
}