{
  "best_epoch": 3,
  "peak_worker_0_memory_MB": 2289.3359375,
  "peak_gpu_0_memory_MB": 49.984375,
  "training_duration": "0:00:02.572719",
  "training_start_epoch": 0,
  "training_epochs": 3,
  "epoch": 3,
  "training_accuracy": 0.642290012536565,
  "training_loss": 1.5280054666494067,
  "training_worker_0_memory_MB": 2289.3359375,
  "training_gpu_0_memory_MB": 49.984375,
  "validation_accuracy": 0.7251655629139073,
  "validation_loss": 1.2633209347724914,
  "best_validation_accuracy": 0.7251655629139073,
  "best_validation_loss": 1.2633209347724914
}