{
  "best_epoch": 5,
  "peak_worker_0_memory_MB": 2289.3359375,
  "peak_gpu_0_memory_MB": 49.984375,
  "training_duration": "0:00:04.537875",
  "training_start_epoch": 0,
  "training_epochs": 6,
  "epoch": 6,
  "training_accuracy": 0.7547012118679481,
  "training_loss": 0.9453701659252769,
  "training_worker_0_memory_MB": 2289.3359375,
  "training_gpu_0_memory_MB": 49.984375,
  "validation_accuracy": 0.7632450331125827,
  "validation_loss": 1.0832084357738494,
  "best_validation_accuracy": 0.7698675496688742,
  "best_validation_loss": 1.0616081476211547
}