{
  "best_epoch": 7,
  "peak_worker_0_memory_MB": 2289.3359375,
  "peak_gpu_0_memory_MB": 49.984375,
  "training_duration": "0:00:06.524024",
  "training_start_epoch": 0,
  "training_epochs": 9,
  "epoch": 9,
  "training_accuracy": 0.8111157542833264,
  "training_loss": 0.7143144184037259,
  "training_worker_0_memory_MB": 2289.3359375,
  "training_gpu_0_memory_MB": 49.984375,
  "validation_accuracy": 0.7731788079470199,
  "validation_loss": 1.1166787207126618,
  "best_validation_accuracy": 0.7698675496688742,
  "best_validation_loss": 1.0611824452877046
}