{
  "best_epoch": 87,
  "peak_worker_0_memory_MB": 2330.69921875,
  "peak_gpu_0_memory_MB": 65.09326171875,
  "training_duration": "0:00:26.136537",
  "training_start_epoch": 0,
  "training_epochs": 96,
  "epoch": 96,
  "training_accuracy": 0.9608899297423887,
  "training_loss": 0.2364261359421175,
  "training_worker_0_memory_MB": 2330.69921875,
  "training_gpu_0_memory_MB": 65.09326171875,
  "validation_accuracy": 0.7980132450331126,
  "validation_loss": 0.944658362865448,
  "best_validation_accuracy": 0.7897350993377483,
  "best_validation_loss": 0.9109184473752976
}