{
  "best_epoch": 41,
  "peak_worker_0_memory_MB": 2330.69921875,
  "peak_gpu_0_memory_MB": 65.09326171875,
  "training_duration": "0:00:11.333395",
  "training_start_epoch": 0,
  "training_epochs": 41,
  "epoch": 41,
  "training_accuracy": 0.811943793911007,
  "training_loss": 1.1903511766177506,
  "training_worker_0_memory_MB": 2330.69921875,
  "training_gpu_0_memory_MB": 65.09326171875,
  "validation_accuracy": 0.7317880794701986,
  "validation_loss": 1.444987177848816,
  "best_validation_accuracy": 0.7317880794701986,
  "best_validation_loss": 1.444987177848816
}