{
  "best_epoch": 84,
  "peak_worker_0_memory_MB": 2330.69921875,
  "peak_gpu_0_memory_MB": 65.09326171875,
  "training_duration": "0:00:22.926069",
  "training_start_epoch": 0,
  "training_epochs": 84,
  "epoch": 84,
  "training_accuracy": 0.9473067915690867,
  "training_loss": 0.32297484398777804,
  "training_worker_0_memory_MB": 2330.69921875,
  "training_gpu_0_memory_MB": 65.09326171875,
  "validation_accuracy": 0.7897350993377483,
  "validation_loss": 0.9245198905467987,
  "best_validation_accuracy": 0.7897350993377483,
  "best_validation_loss": 0.9245198905467987
}