{
  "best_epoch": 68,
  "peak_worker_0_memory_MB": 2330.69921875,
  "peak_gpu_0_memory_MB": 65.09326171875,
  "training_duration": "0:00:18.875664",
  "training_start_epoch": 0,
  "training_epochs": 69,
  "epoch": 69,
  "training_accuracy": 0.9271662763466042,
  "training_loss": 0.4943237816219899,
  "training_worker_0_memory_MB": 2330.69921875,
  "training_gpu_0_memory_MB": 65.09326171875,
  "validation_accuracy": 0.7764900662251656,
  "validation_loss": 1.0560870707035064,
  "best_validation_accuracy": 0.7748344370860927,
  "best_validation_loss": 1.0424153566360475
}