{
  "best_epoch": 30,
  "peak_worker_0_memory_MB": 2330.69921875,
  "peak_gpu_0_memory_MB": 65.09326171875,
  "training_duration": "0:00:08.346542",
  "training_start_epoch": 0,
  "training_epochs": 30,
  "epoch": 30,
  "training_accuracy": 0.7030444964871194,
  "training_loss": 1.7317250522214975,
  "training_worker_0_memory_MB": 2330.69921875,
  "training_gpu_0_memory_MB": 65.09326171875,
  "validation_accuracy": 0.6622516556291391,
  "validation_loss": 1.84476078748703,
  "best_validation_accuracy": 0.6622516556291391,
  "best_validation_loss": 1.84476078748703
}