{
  "best_epoch": 97,
  "peak_worker_0_memory_MB": 2330.69921875,
  "peak_gpu_0_memory_MB": 65.09326171875,
  "training_duration": "0:00:26.949593",
  "training_start_epoch": 0,
  "training_epochs": 99,
  "epoch": 99,
  "training_accuracy": 0.9613583138173302,
  "training_loss": 0.22050934251564652,
  "training_worker_0_memory_MB": 2330.69921875,
  "training_gpu_0_memory_MB": 65.09326171875,
  "validation_accuracy": 0.8013245033112583,
  "validation_loss": 0.9174344182014466,
  "best_validation_accuracy": 0.7980132450331126,
  "best_validation_loss": 0.909480756521225
}