{
  "best_epoch": 75,
  "peak_worker_0_memory_MB": 2330.69921875,
  "peak_gpu_0_memory_MB": 65.09326171875,
  "training_duration": "0:00:20.498633",
  "training_start_epoch": 0,
  "training_epochs": 75,
  "epoch": 75,
  "training_accuracy": 0.9362997658079625,
  "training_loss": 0.41566436482009606,
  "training_worker_0_memory_MB": 2330.69921875,
  "training_gpu_0_memory_MB": 65.09326171875,
  "validation_accuracy": 0.7847682119205298,
  "validation_loss": 0.9880311965942383,
  "best_validation_accuracy": 0.7847682119205298,
  "best_validation_loss": 0.9880311965942383
}