{
  "best_epoch": 56,
  "peak_worker_0_memory_MB": 2330.69921875,
  "peak_gpu_0_memory_MB": 65.09326171875,
  "training_duration": "0:00:15.921994",
  "training_start_epoch": 0,
  "training_epochs": 58,
  "epoch": 58,
  "training_accuracy": 0.8978922716627634,
  "training_loss": 0.6891418597591457,
  "training_worker_0_memory_MB": 2330.69921875,
  "training_gpu_0_memory_MB": 65.09326171875,
  "validation_accuracy": 0.7665562913907285,
  "validation_loss": 1.1506073534488679,
  "best_validation_accuracy": 0.7649006622516556,
  "best_validation_loss": 1.1374773800373077
}