{
  "best_epoch": 5,
  "peak_worker_0_memory_MB": 2273.13671875,
  "peak_gpu_0_memory_MB": 15.416015625,
  "training_duration": "0:00:00.883810",
  "training_start_epoch": 0,
  "training_epochs": 9,
  "epoch": 9,
  "training_accuracy": 0.8691813804173355,
  "training_loss": 0.33324951827526095,
  "training_worker_0_memory_MB": 2273.13671875,
  "training_gpu_0_memory_MB": 15.416015625,
  "validation_accuracy": 0.7152317880794702,
  "validation_loss": 1.1674124717712402,
  "best_validation_accuracy": 0.8228476821192053,
  "best_validation_loss": 1.0958773732185363
}