{
  "best_epoch": 27,
  "peak_worker_0_memory_MB": 2327.0078125,
  "peak_gpu_0_memory_MB": 69.92529296875,
  "training_duration": "0:00:07.832159",
  "training_start_epoch": 0,
  "training_epochs": 29,
  "epoch": 29,
  "training_accuracy": 0.9593048834139903,
  "training_loss": 0.24440269058363306,
  "training_worker_0_memory_MB": 2327.0078125,
  "training_gpu_0_memory_MB": 69.92529296875,
  "validation_accuracy": 0.8096026490066225,
  "validation_loss": 0.8582251608371735,
  "best_validation_accuracy": 0.8096026490066225,
  "best_validation_loss": 0.8412376463413238
}