{
  "best_epoch": 2,
  "peak_worker_0_memory_MB": 2269.703125,
  "peak_gpu_0_memory_MB": 15.416015625,
  "training_duration": "0:00:00.349891",
  "training_start_epoch": 0,
  "training_epochs": 3,
  "epoch": 3,
  "training_accuracy": 0.8563402889245586,
  "training_loss": 0.4645900785923004,
  "training_worker_0_memory_MB": 2269.703125,
  "training_gpu_0_memory_MB": 15.416015625,
  "validation_accuracy": 0.7847682119205298,
  "validation_loss": 1.1048294723033905,
  "best_validation_accuracy": 0.7947019867549668,
  "best_validation_loss": 1.1019713699817657
}