{
  "best_epoch": 6,
  "peak_worker_0_memory_MB": 2284.25,
  "peak_gpu_0_memory_MB": 49.984375,
  "training_duration": "0:00:06.016352",
  "training_start_epoch": 0,
  "training_epochs": 8,
  "epoch": 8,
  "training_accuracy": 0.16088591725867113,
  "training_loss": 4.696021349806535,
  "training_worker_0_memory_MB": 2284.25,
  "training_gpu_0_memory_MB": 49.984375,
  "validation_accuracy": 0.4652317880794702,
  "validation_loss": 2.5864090442657472,
  "best_validation_accuracy": 0.42218543046357615,
  "best_validation_loss": 2.5764580965042114
}