{
  "best_epoch": 3,
  "peak_worker_0_memory_MB": 2315.51171875,
  "peak_gpu_0_memory_MB": 51.84521484375,
  "training_duration": "0:00:00.960276",
  "training_start_epoch": 0,
  "training_epochs": 3,
  "epoch": 3,
  "training_accuracy": 0.5850396991224405,
  "training_loss": 2.0239499681874324,
  "training_worker_0_memory_MB": 2315.51171875,
  "training_gpu_0_memory_MB": 51.84521484375,
  "validation_accuracy": 0.6738410596026491,
  "validation_loss": 1.8272606611251831,
  "best_validation_accuracy": 0.6738410596026491,
  "best_validation_loss": 1.8272606611251831
}