{
  "best_epoch": 7,
  "peak_worker_0_memory_MB": 2271.06640625,
  "peak_gpu_0_memory_MB": 15.416015625,
  "training_duration": "0:00:00.644855",
  "training_start_epoch": 0,
  "training_epochs": 7,
  "epoch": 7,
  "training_accuracy": 0.8531300160513644,
  "training_loss": 0.7099305272102356,
  "training_worker_0_memory_MB": 2271.06640625,
  "training_gpu_0_memory_MB": 15.416015625,
  "validation_accuracy": 0.8228476821192053,
  "validation_loss": 1.1213785588741303,
  "best_validation_accuracy": 0.8228476821192053,
  "best_validation_loss": 1.1213785588741303
}