{
  "best_epoch": 14,
  "peak_worker_0_memory_MB": 2379.60546875,
  "peak_gpu_0_memory_MB": 89.33056640625,
  "training_duration": "0:00:07.213865",
  "training_start_epoch": 0,
  "training_epochs": 14,
  "epoch": 14,
  "training_accuracy": 0.5626500240038406,
  "training_loss": 1.8027365598969787,
  "training_worker_0_memory_MB": 2379.60546875,
  "training_gpu_0_memory_MB": 89.33056640625,
  "validation_accuracy": 0.7566225165562914,
  "validation_loss": 1.162038540840149,
  "best_validation_accuracy": 0.7566225165562914,
  "best_validation_loss": 1.162038540840149
}