{
  "best_epoch": 2,
  "peak_worker_0_memory_MB": 2319.46875,
  "peak_gpu_0_memory_MB": 51.08984375,
  "training_duration": "0:00:00.783719",
  "training_start_epoch": 0,
  "training_epochs": 2,
  "epoch": 2,
  "training_accuracy": 0.2962529274004684,
  "training_loss": 3.1205339431762695,
  "training_worker_0_memory_MB": 2319.46875,
  "training_gpu_0_memory_MB": 51.08984375,
  "validation_accuracy": 0.4552980132450331,
  "validation_loss": 2.8549861907958984,
  "best_validation_accuracy": 0.4552980132450331,
  "best_validation_loss": 2.8549861907958984
}