{
  "best_epoch": 9,
  "peak_worker_0_memory_MB": 2319.46875,
  "peak_gpu_0_memory_MB": 51.08984375,
  "training_duration": "0:00:02.662980",
  "training_start_epoch": 0,
  "training_epochs": 9,
  "epoch": 9,
  "training_accuracy": 0.7128805620608899,
  "training_loss": 1.4675612965626503,
  "training_worker_0_memory_MB": 2319.46875,
  "training_gpu_0_memory_MB": 51.08984375,
  "validation_accuracy": 0.7284768211920529,
  "validation_loss": 1.3871282935142517,
  "best_validation_accuracy": 0.7284768211920529,
  "best_validation_loss": 1.3871282935142517
}