{
  "best_epoch": 8,
  "peak_worker_0_memory_MB": 2271.57421875,
  "peak_gpu_0_memory_MB": 15.515625,
  "training_duration": "0:00:00.736959",
  "training_start_epoch": 0,
  "training_epochs": 8,
  "epoch": 8,
  "training_accuracy": 0.8426966292134831,
  "training_loss": 0.7696646302938461,
  "training_worker_0_memory_MB": 2271.57421875,
  "training_gpu_0_memory_MB": 15.515625,
  "validation_accuracy": 0.804635761589404,
  "validation_loss": 1.1924984812736512,
  "best_validation_accuracy": 0.804635761589404,
  "best_validation_loss": 1.1924984812736512
}