{
  "best_epoch": 9,
  "peak_worker_0_memory_MB": 2271.57421875,
  "peak_gpu_0_memory_MB": 15.515625,
  "training_duration": "0:00:00.819828",
  "training_start_epoch": 0,
  "training_epochs": 9,
  "epoch": 9,
  "training_accuracy": 0.8603531300160514,
  "training_loss": 0.6579634562134743,
  "training_worker_0_memory_MB": 2271.57421875,
  "training_gpu_0_memory_MB": 15.515625,
  "validation_accuracy": 0.8195364238410596,
  "validation_loss": 1.1767816603183747,
  "best_validation_accuracy": 0.8195364238410596,
  "best_validation_loss": 1.1767816603183747
}