{
  "best_epoch": 33,
  "peak_worker_0_memory_MB": 2319.1640625,
  "peak_gpu_0_memory_MB": 51.08984375,
  "training_duration": "0:00:09.419807",
  "training_start_epoch": 0,
  "training_epochs": 33,
  "epoch": 33,
  "training_accuracy": 0.768384074941452,
  "training_loss": 1.2791050316682502,
  "training_worker_0_memory_MB": 2319.1640625,
  "training_gpu_0_memory_MB": 51.08984375,
  "validation_accuracy": 0.7301324503311258,
  "validation_loss": 1.396138334274292,
  "best_validation_accuracy": 0.7301324503311258,
  "best_validation_loss": 1.396138334274292
}