{
  "best_epoch": 52,
  "peak_worker_0_memory_MB": 2319.1640625,
  "peak_gpu_0_memory_MB": 51.08984375,
  "training_duration": "0:00:14.866082",
  "training_start_epoch": 0,
  "training_epochs": 53,
  "epoch": 53,
  "training_accuracy": 0.8826697892271663,
  "training_loss": 0.6928251465754722,
  "training_worker_0_memory_MB": 2319.1640625,
  "training_gpu_0_memory_MB": 51.08984375,
  "validation_accuracy": 0.7731788079470199,
  "validation_loss": 1.0545721650123596,
  "best_validation_accuracy": 0.7748344370860927,
  "best_validation_loss": 1.0512854397296905
}