{
  "best_epoch": 87,
  "peak_worker_0_memory_MB": 2319.1640625,
  "peak_gpu_0_memory_MB": 51.08984375,
  "training_duration": "0:00:24.718700",
  "training_start_epoch": 0,
  "training_epochs": 90,
  "epoch": 90,
  "training_accuracy": 0.9613583138173302,
  "training_loss": 0.2536099564228485,
  "training_worker_0_memory_MB": 2319.1640625,
  "training_gpu_0_memory_MB": 51.08984375,
  "validation_accuracy": 0.793046357615894,
  "validation_loss": 0.8956364274024964,
  "best_validation_accuracy": 0.793046357615894,
  "best_validation_loss": 0.8709342017769813
}