{
  "best_epoch": 16,
  "peak_worker_0_memory_MB": 2271.57421875,
  "peak_gpu_0_memory_MB": 15.515625,
  "training_duration": "0:00:01.585986",
  "training_start_epoch": 0,
  "training_epochs": 19,
  "epoch": 19,
  "training_accuracy": 0.8820224719101124,
  "training_loss": 0.35039389729499815,
  "training_worker_0_memory_MB": 2271.57421875,
  "training_gpu_0_memory_MB": 15.515625,
  "validation_accuracy": 0.8311258278145696,
  "validation_loss": 1.136650288105011,
  "best_validation_accuracy": 0.8311258278145696,
  "best_validation_loss": 1.1084773898124696
}