{
  "best_epoch": 4,
  "peak_worker_0_memory_MB": 2271.57421875,
  "peak_gpu_0_memory_MB": 15.515625,
  "training_duration": "0:00:00.399215",
  "training_start_epoch": 0,
  "training_epochs": 4,
  "epoch": 4,
  "training_accuracy": 0.6356340288924559,
  "training_loss": 2.0169379711151123,
  "training_worker_0_memory_MB": 2271.57421875,
  "training_gpu_0_memory_MB": 15.515625,
  "validation_accuracy": 0.7384105960264901,
  "validation_loss": 1.7902570724487306,
  "best_validation_accuracy": 0.7384105960264901,
  "best_validation_loss": 1.7902570724487306
}