{
  "best_epoch": 15,
  "peak_worker_0_memory_MB": 2313.5546875,
  "peak_gpu_0_memory_MB": 54.728515625,
  "training_duration": "0:00:03.499028",
  "training_start_epoch": 0,
  "training_epochs": 16,
  "epoch": 16,
  "training_accuracy": 0.9724097446433813,
  "training_loss": 0.14956492199390023,
  "training_worker_0_memory_MB": 2313.5546875,
  "training_gpu_0_memory_MB": 54.728515625,
  "validation_accuracy": 0.8079470198675497,
  "validation_loss": 0.8445825487375259,
  "best_validation_accuracy": 0.8112582781456954,
  "best_validation_loss": 0.8440982639789582
}