{
  "best_epoch": 15,
  "peak_worker_0_memory_MB": 2313.5546875,
  "peak_gpu_0_memory_MB": 54.728515625,
  "training_duration": "0:00:05.140262",
  "training_start_epoch": 0,
  "training_epochs": 24,
  "epoch": 24,
  "training_accuracy": 0.986791899031406,
  "training_loss": 0.07463004240007312,
  "training_worker_0_memory_MB": 2313.5546875,
  "training_gpu_0_memory_MB": 54.728515625,
  "validation_accuracy": 0.8029801324503312,
  "validation_loss": 0.9265694797039032,
  "best_validation_accuracy": 0.8112582781456954,
  "best_validation_loss": 0.8440982639789582
}