{
  "best_epoch": 45,
  "peak_worker_0_memory_MB": 2327.01171875,
  "peak_gpu_0_memory_MB": 69.92529296875,
  "training_duration": "0:00:13.316583",
  "training_start_epoch": 0,
  "training_epochs": 48,
  "epoch": 48,
  "training_accuracy": 0.9659040915090189,
  "training_loss": 0.1861286921355511,
  "training_worker_0_memory_MB": 2327.01171875,
  "training_gpu_0_memory_MB": 69.92529296875,
  "validation_accuracy": 0.7996688741721855,
  "validation_loss": 0.9059758096933365,
  "best_validation_accuracy": 0.8029801324503312,
  "best_validation_loss": 0.857576134800911
}