{
  "best_epoch": 45,
  "peak_worker_0_memory_MB": 2327.01171875,
  "peak_gpu_0_memory_MB": 69.92529296875,
  "training_duration": "0:00:13.045934",
  "training_start_epoch": 0,
  "training_epochs": 47,
  "epoch": 47,
  "training_accuracy": 0.9667839859216893,
  "training_loss": 0.2007157356581754,
  "training_worker_0_memory_MB": 2327.01171875,
  "training_gpu_0_memory_MB": 69.92529296875,
  "validation_accuracy": 0.7996688741721855,
  "validation_loss": 0.8684533953666687,
  "best_validation_accuracy": 0.8029801324503312,
  "best_validation_loss": 0.857576134800911
}