{
  "best_epoch": 7,
  "peak_worker_0_memory_MB": 2327.01171875,
  "peak_gpu_0_memory_MB": 69.92529296875,
  "training_duration": "0:00:02.168033",
  "training_start_epoch": 0,
  "training_epochs": 7,
  "epoch": 7,
  "training_accuracy": 0.528376594808623,
  "training_loss": 2.2801882641183004,
  "training_worker_0_memory_MB": 2327.01171875,
  "training_gpu_0_memory_MB": 69.92529296875,
  "validation_accuracy": 0.6059602649006622,
  "validation_loss": 2.0966605663299562,
  "best_validation_accuracy": 0.6059602649006622,
  "best_validation_loss": 2.0966605663299562
}