{
  "best_epoch": 22,
  "peak_worker_0_memory_MB": 2327.01171875,
  "peak_gpu_0_memory_MB": 69.92529296875,
  "training_duration": "0:00:06.256314",
  "training_start_epoch": 0,
  "training_epochs": 22,
  "epoch": 22,
  "training_accuracy": 0.8862736471623405,
  "training_loss": 0.6863117073145177,
  "training_worker_0_memory_MB": 2327.01171875,
  "training_gpu_0_memory_MB": 69.92529296875,
  "validation_accuracy": 0.7798013245033113,
  "validation_loss": 1.0278994619846344,
  "best_validation_accuracy": 0.7798013245033113,
  "best_validation_loss": 1.0278994619846344
}