{
  "best_epoch": 8,
  "peak_worker_0_memory_MB": 2269.69921875,
  "peak_gpu_0_memory_MB": 8.73193359375,
  "training_duration": "0:00:01.220411",
  "training_start_epoch": 0,
  "training_epochs": 8,
  "epoch": 8,
  "training_accuracy": 0.8750522356874216,
  "training_loss": 0.6518200612381885,
  "training_worker_0_memory_MB": 2269.69921875,
  "training_gpu_0_memory_MB": 8.73193359375,
  "validation_accuracy": 0.8145695364238411,
  "validation_loss": 0.9547259867191314,
  "best_validation_accuracy": 0.8145695364238411,
  "best_validation_loss": 0.9547259867191314
}