{
  "best_epoch": 10,
  "peak_worker_0_memory_MB": 2269.69921875,
  "peak_gpu_0_memory_MB": 8.73193359375,
  "training_duration": "0:00:01.751434",
  "training_start_epoch": 0,
  "training_epochs": 12,
  "epoch": 12,
  "training_accuracy": 0.902632678646051,
  "training_loss": 0.47269486047719655,
  "training_worker_0_memory_MB": 2269.69921875,
  "training_gpu_0_memory_MB": 8.73193359375,
  "validation_accuracy": 0.8327814569536424,
  "validation_loss": 0.9047553479671478,
  "best_validation_accuracy": 0.8261589403973509,
  "best_validation_loss": 0.8711937874555588
}