{
  "best_epoch": 3,
  "peak_worker_0_memory_MB": 2319.734375,
  "peak_gpu_0_memory_MB": 51.08984375,
  "training_duration": "0:00:01.076334",
  "training_start_epoch": 0,
  "training_epochs": 3,
  "epoch": 3,
  "training_accuracy": 0.6690866510538642,
  "training_loss": 1.7710216258888813,
  "training_worker_0_memory_MB": 2319.734375,
  "training_gpu_0_memory_MB": 51.08984375,
  "validation_accuracy": 0.7036423841059603,
  "validation_loss": 1.5677145957946776,
  "best_validation_accuracy": 0.7036423841059603,
  "best_validation_loss": 1.5677145957946776
}