{
  "best_epoch": 19,
  "peak_worker_0_memory_MB": 2323.84765625,
  "peak_gpu_0_memory_MB": 62.51123046875,
  "training_duration": "0:00:05.824840",
  "training_start_epoch": 0,
  "training_epochs": 19,
  "epoch": 19,
  "training_accuracy": 0.49714034315882094,
  "training_loss": 2.4499676492479114,
  "training_worker_0_memory_MB": 2323.84765625,
  "training_gpu_0_memory_MB": 62.51123046875,
  "validation_accuracy": 0.5298013245033113,
  "validation_loss": 2.4615416526794434,
  "best_validation_accuracy": 0.5298013245033113,
  "best_validation_loss": 2.4615416526794434
}