{
  "best_epoch": 83,
  "peak_worker_0_memory_MB": 2324.09765625,
  "peak_gpu_0_memory_MB": 62.51123046875,
  "training_duration": "0:00:25.592437",
  "training_start_epoch": 0,
  "training_epochs": 87,
  "epoch": 87,
  "training_accuracy": 0.9445666520017598,
  "training_loss": 0.35316802312930423,
  "training_worker_0_memory_MB": 2324.09765625,
  "training_gpu_0_memory_MB": 62.51123046875,
  "validation_accuracy": 0.7913907284768212,
  "validation_loss": 0.9748290777206421,
  "best_validation_accuracy": 0.7897350993377483,
  "best_validation_loss": 0.9419237911701203
}