{
  "best_epoch": 9,
  "peak_worker_0_memory_MB": 2323.84765625,
  "peak_gpu_0_memory_MB": 62.51123046875,
  "training_duration": "0:00:02.911793",
  "training_start_epoch": 0,
  "training_epochs": 9,
  "epoch": 9,
  "training_accuracy": 0.28618565772107346,
  "training_loss": 3.0966599120034113,
  "training_worker_0_memory_MB": 2323.84765625,
  "training_gpu_0_memory_MB": 62.51123046875,
  "validation_accuracy": 0.3443708609271523,
  "validation_loss": 3.0625301361083985,
  "best_validation_accuracy": 0.3443708609271523,
  "best_validation_loss": 3.0625301361083985
}