{
  "best_epoch": 17,
  "peak_worker_0_memory_MB": 2323.84765625,
  "peak_gpu_0_memory_MB": 62.51123046875,
  "training_duration": "0:00:05.241480",
  "training_start_epoch": 0,
  "training_epochs": 17,
  "epoch": 17,
  "training_accuracy": 0.45864496260448745,
  "training_loss": 2.5898741119437747,
  "training_worker_0_memory_MB": 2323.84765625,
  "training_gpu_0_memory_MB": 62.51123046875,
  "validation_accuracy": 0.48509933774834435,
  "validation_loss": 2.5995125770568848,
  "best_validation_accuracy": 0.48509933774834435,
  "best_validation_loss": 2.5995125770568848
}