{
  "best_epoch": 29,
  "peak_worker_0_memory_MB": 2323.84765625,
  "peak_gpu_0_memory_MB": 62.51123046875,
  "training_duration": "0:00:08.743481",
  "training_start_epoch": 0,
  "training_epochs": 29,
  "epoch": 29,
  "training_accuracy": 0.6641003079630444,
  "training_loss": 1.836996336778005,
  "training_worker_0_memory_MB": 2323.84765625,
  "training_gpu_0_memory_MB": 62.51123046875,
  "validation_accuracy": 0.652317880794702,
  "validation_loss": 1.920526134967804,
  "best_validation_accuracy": 0.652317880794702,
  "best_validation_loss": 1.920526134967804
}