{
  "best_epoch": 71,
  "peak_worker_0_memory_MB": 2324.09765625,
  "peak_gpu_0_memory_MB": 62.51123046875,
  "training_duration": "0:00:20.979418",
  "training_start_epoch": 0,
  "training_epochs": 71,
  "epoch": 71,
  "training_accuracy": 0.9210294764628245,
  "training_loss": 0.5259544389943281,
  "training_worker_0_memory_MB": 2324.09765625,
  "training_gpu_0_memory_MB": 62.51123046875,
  "validation_accuracy": 0.7847682119205298,
  "validation_loss": 1.0169721782207488,
  "best_validation_accuracy": 0.7847682119205298,
  "best_validation_loss": 1.0169721782207488
}