{
  "best_epoch": 72,
  "peak_worker_0_memory_MB": 2324.09765625,
  "peak_gpu_0_memory_MB": 62.51123046875,
  "training_duration": "0:00:22.137426",
  "training_start_epoch": 0,
  "training_epochs": 75,
  "epoch": 75,
  "training_accuracy": 0.929388473383194,
  "training_loss": 0.5278805670224958,
  "training_worker_0_memory_MB": 2324.09765625,
  "training_gpu_0_memory_MB": 62.51123046875,
  "validation_accuracy": 0.7864238410596026,
  "validation_loss": 1.017595613002777,
  "best_validation_accuracy": 0.7847682119205298,
  "best_validation_loss": 1.0119613230228424
}