{
  "best_epoch": 41,
  "peak_worker_0_memory_MB": 2323.84765625,
  "peak_gpu_0_memory_MB": 62.51123046875,
  "training_duration": "0:00:12.243953",
  "training_start_epoch": 0,
  "training_epochs": 41,
  "epoch": 41,
  "training_accuracy": 0.7837659480862297,
  "training_loss": 1.260797593328688,
  "training_worker_0_memory_MB": 2323.84765625,
  "training_gpu_0_memory_MB": 62.51123046875,
  "validation_accuracy": 0.7119205298013245,
  "validation_loss": 1.4997419476509095,
  "best_validation_accuracy": 0.7119205298013245,
  "best_validation_loss": 1.4997419476509095
}