{
  "best_epoch": 27,
  "peak_worker_0_memory_MB": 2323.84765625,
  "peak_gpu_0_memory_MB": 62.51123046875,
  "training_duration": "0:00:08.157183",
  "training_start_epoch": 0,
  "training_epochs": 27,
  "epoch": 27,
  "training_accuracy": 0.6418829740431148,
  "training_loss": 1.9668755051162508,
  "training_worker_0_memory_MB": 2323.84765625,
  "training_gpu_0_memory_MB": 62.51123046875,
  "validation_accuracy": 0.6274834437086093,
  "validation_loss": 2.0196701526641845,
  "best_validation_accuracy": 0.6274834437086093,
  "best_validation_loss": 2.0196701526641845
}