{
  "best_epoch": 37,
  "peak_worker_0_memory_MB": 2323.84765625,
  "peak_gpu_0_memory_MB": 62.51123046875,
  "training_duration": "0:00:11.079831",
  "training_start_epoch": 0,
  "training_epochs": 37,
  "epoch": 37,
  "training_accuracy": 0.7417509898812142,
  "training_loss": 1.480818662378523,
  "training_worker_0_memory_MB": 2323.84765625,
  "training_gpu_0_memory_MB": 62.51123046875,
  "validation_accuracy": 0.7019867549668874,
  "validation_loss": 1.597141408920288,
  "best_validation_accuracy": 0.7019867549668874,
  "best_validation_loss": 1.597141408920288
}