{
  "best_epoch": 21,
  "peak_worker_0_memory_MB": 2323.84765625,
  "peak_gpu_0_memory_MB": 62.51123046875,
  "training_duration": "0:00:06.408041",
  "training_start_epoch": 0,
  "training_epochs": 21,
  "epoch": 21,
  "training_accuracy": 0.539375274967004,
  "training_loss": 2.3451901310020022,
  "training_worker_0_memory_MB": 2323.84765625,
  "training_gpu_0_memory_MB": 62.51123046875,
  "validation_accuracy": 0.5612582781456954,
  "validation_loss": 2.3539545059204103,
  "best_validation_accuracy": 0.5612582781456954,
  "best_validation_loss": 2.3539545059204103
}