{
  "best_epoch": 46,
  "peak_worker_0_memory_MB": 2323.84765625,
  "peak_gpu_0_memory_MB": 62.51123046875,
  "training_duration": "0:00:13.698353",
  "training_start_epoch": 0,
  "training_epochs": 46,
  "epoch": 46,
  "training_accuracy": 0.8242410910690717,
  "training_loss": 1.0924486832486258,
  "training_worker_0_memory_MB": 2323.84765625,
  "training_gpu_0_memory_MB": 62.51123046875,
  "validation_accuracy": 0.7317880794701986,
  "validation_loss": 1.3332058370113373,
  "best_validation_accuracy": 0.7317880794701986,
  "best_validation_loss": 1.3332058370113373
}