{
  "best_epoch": 60,
  "peak_worker_0_memory_MB": 2323.84765625,
  "peak_gpu_0_memory_MB": 62.51123046875,
  "training_duration": "0:00:18.075361",
  "training_start_epoch": 0,
  "training_epochs": 61,
  "epoch": 61,
  "training_accuracy": 0.893532776066872,
  "training_loss": 0.6955019223193327,
  "training_worker_0_memory_MB": 2323.84765625,
  "training_gpu_0_memory_MB": 62.51123046875,
  "validation_accuracy": 0.7715231788079471,
  "validation_loss": 1.1364312529563905,
  "best_validation_accuracy": 0.7698675496688742,
  "best_validation_loss": 1.128892534971237
}