{
  "best_epoch": 7,
  "peak_worker_0_memory_MB": 2308.46484375,
  "peak_gpu_0_memory_MB": 54.28173828125,
  "training_duration": "0:00:02.448126",
  "training_start_epoch": 0,
  "training_epochs": 9,
  "epoch": 9,
  "training_accuracy": 0.9234192037470726,
  "training_loss": 0.34333253440572253,
  "training_worker_0_memory_MB": 2308.46484375,
  "training_gpu_0_memory_MB": 54.28173828125,
  "validation_accuracy": 0.7996688741721855,
  "validation_loss": 0.9214778900146484,
  "best_validation_accuracy": 0.8029801324503312,
  "best_validation_loss": 0.8845630526542664
}