{
  "best_epoch": 6,
  "peak_worker_0_memory_MB": 2328.3125,
  "peak_gpu_0_memory_MB": 64.7041015625,
  "training_duration": "0:00:01.810637",
  "training_start_epoch": 0,
  "training_epochs": 6,
  "epoch": 6,
  "training_accuracy": 0.651949271958666,
  "training_loss": 1.8575672640729306,
  "training_worker_0_memory_MB": 2328.3125,
  "training_gpu_0_memory_MB": 64.7041015625,
  "validation_accuracy": 0.6788079470198676,
  "validation_loss": 1.7743494868278504,
  "best_validation_accuracy": 0.6788079470198676,
  "best_validation_loss": 1.7743494868278504
}