{
  "best_epoch": 22,
  "peak_worker_0_memory_MB": 2328.3125,
  "peak_gpu_0_memory_MB": 64.7041015625,
  "training_duration": "0:00:05.996350",
  "training_start_epoch": 0,
  "training_epochs": 22,
  "epoch": 22,
  "training_accuracy": 0.9567872240488492,
  "training_loss": 0.27550021592360824,
  "training_worker_0_memory_MB": 2328.3125,
  "training_gpu_0_memory_MB": 64.7041015625,
  "validation_accuracy": 0.7963576158940397,
  "validation_loss": 0.9494468688964843,
  "best_validation_accuracy": 0.7963576158940397,
  "best_validation_loss": 0.9494468688964843
}