{
  "best_epoch": 34,
  "peak_worker_0_memory_MB": 2328.3125,
  "peak_gpu_0_memory_MB": 64.7041015625,
  "training_duration": "0:00:10.907115",
  "training_start_epoch": 0,
  "training_epochs": 41,
  "epoch": 41,
  "training_accuracy": 0.9856740253640207,
  "training_loss": 0.07899795758968858,
  "training_worker_0_memory_MB": 2328.3125,
  "training_gpu_0_memory_MB": 64.7041015625,
  "validation_accuracy": 0.7980132450331126,
  "validation_loss": 0.9824880212545395,
  "best_validation_accuracy": 0.7996688741721855,
  "best_validation_loss": 0.9128532648086548
}