{
  "best_epoch": 13,
  "peak_worker_0_memory_MB": 2261.7578125,
  "peak_gpu_0_memory_MB": 13.20458984375,
  "training_duration": "0:00:01.575291",
  "training_start_epoch": 0,
  "training_epochs": 13,
  "epoch": 13,
  "training_accuracy": 0.8170144462279294,
  "training_loss": 1.140048348903656,
  "training_worker_0_memory_MB": 2261.7578125,
  "training_gpu_0_memory_MB": 13.20458984375,
  "validation_accuracy": 0.8029801324503312,
  "validation_loss": 1.3687352657318115,
  "best_validation_accuracy": 0.8029801324503312,
  "best_validation_loss": 1.3687352657318115
}