{
  "best_epoch": 5,
  "peak_worker_0_memory_MB": 2271.57421875,
  "peak_gpu_0_memory_MB": 15.515625,
  "training_duration": "0:00:00.742481",
  "training_start_epoch": 0,
  "training_epochs": 8,
  "epoch": 8,
  "training_accuracy": 0.8788121990369181,
  "training_loss": 0.35430639907717704,
  "training_worker_0_memory_MB": 2271.57421875,
  "training_gpu_0_memory_MB": 15.515625,
  "validation_accuracy": 0.8112582781456954,
  "validation_loss": 1.1293800234794618,
  "best_validation_accuracy": 0.8079470198675497,
  "best_validation_loss": 1.0920577466487884
}