{
  "best_epoch": 8,
  "peak_worker_0_memory_MB": 2268.171875,
  "peak_gpu_0_memory_MB": 15.23291015625,
  "training_duration": "0:00:00.793529",
  "training_start_epoch": 0,
  "training_epochs": 8,
  "epoch": 8,
  "training_accuracy": 0.8659711075441413,
  "training_loss": 0.5502996936440467,
  "training_worker_0_memory_MB": 2268.171875,
  "training_gpu_0_memory_MB": 15.23291015625,
  "validation_accuracy": 0.8079470198675497,
  "validation_loss": 1.0693059980869293,
  "best_validation_accuracy": 0.8079470198675497,
  "best_validation_loss": 1.0693059980869293
}