{
  "best_epoch": 10,
  "peak_worker_0_memory_MB": 2317.36328125,
  "peak_gpu_0_memory_MB": 51.4853515625,
  "training_duration": "0:00:03.239380",
  "training_start_epoch": 0,
  "training_epochs": 11,
  "epoch": 11,
  "training_accuracy": 0.9653395784543326,
  "training_loss": 0.18889548295914238,
  "training_worker_0_memory_MB": 2317.36328125,
  "training_gpu_0_memory_MB": 51.4853515625,
  "validation_accuracy": 0.8029801324503312,
  "validation_loss": 0.9084483325481415,
  "best_validation_accuracy": 0.8029801324503312,
  "best_validation_loss": 0.8843858182430268
}