{
  "best_epoch": 6,
  "peak_worker_0_memory_MB": 2317.36328125,
  "peak_gpu_0_memory_MB": 51.4853515625,
  "training_duration": "0:00:01.895376",
  "training_start_epoch": 0,
  "training_epochs": 6,
  "epoch": 6,
  "training_accuracy": 0.9042154566744731,
  "training_loss": 0.5162119202649416,
  "training_worker_0_memory_MB": 2317.36328125,
  "training_gpu_0_memory_MB": 51.4853515625,
  "validation_accuracy": 0.7913907284768212,
  "validation_loss": 0.9166046500205993,
  "best_validation_accuracy": 0.7913907284768212,
  "best_validation_loss": 0.9166046500205993
}