{
  "best_epoch": 8,
  "peak_worker_0_memory_MB": 2316.54296875,
  "peak_gpu_0_memory_MB": 51.12255859375,
  "training_duration": "0:00:05.894509",
  "training_start_epoch": 0,
  "training_epochs": 8,
  "epoch": 8,
  "training_accuracy": 0.7555369828666946,
  "training_loss": 0.9675452913108625,
  "training_worker_0_memory_MB": 2316.54296875,
  "training_gpu_0_memory_MB": 51.12255859375,
  "validation_accuracy": 0.7831125827814569,
  "validation_loss": 1.0104819238185883,
  "best_validation_accuracy": 0.7831125827814569,
  "best_validation_loss": 1.0104819238185883
}