{
  "best_epoch": 7,
  "peak_worker_0_memory_MB": 2313.53515625,
  "peak_gpu_0_memory_MB": 54.728515625,
  "training_duration": "0:00:01.767502",
  "training_start_epoch": 0,
  "training_epochs": 7,
  "epoch": 7,
  "training_accuracy": 0.8972703257998239,
  "training_loss": 0.6072986556424035,
  "training_worker_0_memory_MB": 2313.53515625,
  "training_gpu_0_memory_MB": 54.728515625,
  "validation_accuracy": 0.7731788079470199,
  "validation_loss": 1.0274565041065216,
  "best_validation_accuracy": 0.7731788079470199,
  "best_validation_loss": 1.0274565041065216
}