{
  "best_epoch": 15,
  "peak_worker_0_memory_MB": 2313.53515625,
  "peak_gpu_0_memory_MB": 54.728515625,
  "training_duration": "0:00:05.325200",
  "training_start_epoch": 0,
  "training_epochs": 23,
  "epoch": 23,
  "training_accuracy": 0.9870854123862636,
  "training_loss": 0.07304114772489777,
  "training_worker_0_memory_MB": 2313.53515625,
  "training_gpu_0_memory_MB": 54.728515625,
  "validation_accuracy": 0.7980132450331126,
  "validation_loss": 0.8839848577976227,
  "best_validation_accuracy": 0.7980132450331126,
  "best_validation_loss": 0.8545444220304489
}