{
  "best_epoch": 29,
  "peak_worker_0_memory_MB": 2316.2890625,
  "peak_gpu_0_memory_MB": 62.47802734375,
  "training_duration": "0:00:08.087154",
  "training_start_epoch": 0,
  "training_epochs": 29,
  "epoch": 29,
  "training_accuracy": 0.9117096018735363,
  "training_loss": 0.5219832609838514,
  "training_worker_0_memory_MB": 2316.2890625,
  "training_gpu_0_memory_MB": 62.47802734375,
  "validation_accuracy": 0.7864238410596026,
  "validation_loss": 0.9505548357963562,
  "best_validation_accuracy": 0.7864238410596026,
  "best_validation_loss": 0.9505548357963562
}