{
  "best_epoch": 34,
  "peak_worker_0_memory_MB": 2316.2890625,
  "peak_gpu_0_memory_MB": 62.47802734375,
  "training_duration": "0:00:09.677802",
  "training_start_epoch": 0,
  "training_epochs": 35,
  "epoch": 35,
  "training_accuracy": 0.9311475409836065,
  "training_loss": 0.38971375863053903,
  "training_worker_0_memory_MB": 2316.2890625,
  "training_gpu_0_memory_MB": 62.47802734375,
  "validation_accuracy": 0.793046357615894,
  "validation_loss": 0.9577974915504456,
  "best_validation_accuracy": 0.793046357615894,
  "best_validation_loss": 0.9054065883159638
}