{
  "best_epoch": 30,
  "peak_worker_0_memory_MB": 0,
  "training_duration": "0:00:19.940319",
  "training_start_epoch": 0,
  "training_epochs": 30,
  "epoch": 30,
  "training_accuracy": 0.3016666666666667,
  "training_loss": 3.0873717975616457,
  "training_reg_loss": 0.0,
  "training_worker_0_memory_MB": 0.0,
  "validation_accuracy": 0.3016666666666667,
  "validation_loss": 3.235242115823846,
  "validation_reg_loss": 0.0,
  "best_validation_accuracy": 0.3016666666666667,
  "best_validation_loss": 3.235242115823846,
  "best_validation_reg_loss": 0.0
}