{
  "best_epoch": 16,
  "peak_worker_0_memory_MB": 0,
  "training_duration": "0:00:10.229803",
  "training_start_epoch": 0,
  "training_epochs": 16,
  "epoch": 16,
  "training_accuracy": 0.2608333333333333,
  "training_loss": 3.588563381830851,
  "training_reg_loss": 0.0,
  "training_worker_0_memory_MB": 0.0,
  "validation_accuracy": 0.25166666666666665,
  "validation_loss": 3.628088449176989,
  "validation_reg_loss": 0.0,
  "best_validation_accuracy": 0.25166666666666665,
  "best_validation_loss": 3.628088449176989,
  "best_validation_reg_loss": 0.0
}