{
  "best_epoch": 11,
  "peak_worker_0_memory_MB": 2315.51171875,
  "peak_gpu_0_memory_MB": 51.84521484375,
  "training_duration": "0:00:03.931236",
  "training_start_epoch": 0,
  "training_epochs": 15,
  "epoch": 15,
  "training_accuracy": 0.9034684496447973,
  "training_loss": 0.3915373530042799,
  "training_worker_0_memory_MB": 2315.51171875,
  "training_gpu_0_memory_MB": 51.84521484375,
  "validation_accuracy": 0.7996688741721855,
  "validation_loss": 1.077289906144142,
  "best_validation_accuracy": 0.7980132450331126,
  "best_validation_loss": 1.0479566156864166
}