{
  "best_epoch": 13,
  "peak_worker_0_memory_MB": 2326.74609375,
  "peak_gpu_0_memory_MB": 69.92529296875,
  "training_duration": "0:00:03.686674",
  "training_start_epoch": 0,
  "training_epochs": 13,
  "epoch": 13,
  "training_accuracy": 0.8869335679718434,
  "training_loss": 0.7396686789062288,
  "training_worker_0_memory_MB": 2326.74609375,
  "training_gpu_0_memory_MB": 69.92529296875,
  "validation_accuracy": 0.7715231788079471,
  "validation_loss": 1.113650518655777,
  "best_validation_accuracy": 0.7715231788079471,
  "best_validation_loss": 1.113650518655777
}