{
  "best_epoch": 15,
  "peak_worker_0_memory_MB": 2309.23828125,
  "peak_gpu_0_memory_MB": 55.18505859375,
  "training_duration": "0:00:04.008803",
  "training_start_epoch": 0,
  "training_epochs": 15,
  "epoch": 15,
  "training_accuracy": 0.8720056364490371,
  "training_loss": 0.8005626032601542,
  "training_worker_0_memory_MB": 2309.23828125,
  "training_gpu_0_memory_MB": 55.18505859375,
  "validation_accuracy": 0.7682119205298014,
  "validation_loss": 1.1863471925258637,
  "best_validation_accuracy": 0.7682119205298014,
  "best_validation_loss": 1.1863471925258637
}