{
  "best_epoch": 16,
  "peak_worker_0_memory_MB": 2370.390625,
  "peak_gpu_0_memory_MB": 89.33056640625,
  "training_duration": "0:00:08.712101",
  "training_start_epoch": 0,
  "training_epochs": 17,
  "epoch": 17,
  "training_accuracy": 0.9457513202112338,
  "training_loss": 0.41467950316785857,
  "training_worker_0_memory_MB": 2370.390625,
  "training_gpu_0_memory_MB": 89.33056640625,
  "validation_accuracy": 0.7897350993377483,
  "validation_loss": 0.9395950496196747,
  "best_validation_accuracy": 0.7897350993377483,
  "best_validation_loss": 0.9372053861618042
}