{
  "best_epoch": 0,
  "peak_worker_0_memory_MB": 2284.25,
  "peak_gpu_0_memory_MB": 49.984375,
  "training_duration": "0:00:00.652549",
  "training_start_epoch": 0,
  "training_epochs": 0,
  "epoch": 0,
  "training_accuracy": 0.02131216046803176,
  "training_loss": 4.295754219356336,
  "training_worker_0_memory_MB": 2284.25,
  "training_gpu_0_memory_MB": 49.984375,
  "validation_accuracy": 0.1837748344370861,
  "validation_loss": 4.060664987564087,
  "best_validation_accuracy": 0.1837748344370861,
  "best_validation_loss": 4.060664987564087
}