{
  "best_epoch": 1,
  "peak_worker_0_memory_MB": 2284.25,
  "peak_gpu_0_memory_MB": 49.984375,
  "training_duration": "0:00:01.315615",
  "training_start_epoch": 0,
  "training_epochs": 1,
  "epoch": 1,
  "training_accuracy": 0.09778520685332219,
  "training_loss": 3.9096658041602685,
  "training_worker_0_memory_MB": 2284.25,
  "training_gpu_0_memory_MB": 49.984375,
  "validation_accuracy": 0.2582781456953642,
  "validation_loss": 3.3130415439605714,
  "best_validation_accuracy": 0.2582781456953642,
  "best_validation_loss": 3.3130415439605714
}