{
  "best_epoch": 11,
  "peak_worker_0_memory_MB": 2271.328125,
  "peak_gpu_0_memory_MB": 15.515625,
  "training_duration": "0:00:00.933689",
  "training_start_epoch": 0,
  "training_epochs": 11,
  "epoch": 11,
  "training_accuracy": 0.8170144462279294,
  "training_loss": 1.0851522475481032,
  "training_worker_0_memory_MB": 2271.328125,
  "training_gpu_0_memory_MB": 15.515625,
  "validation_accuracy": 0.8062913907284768,
  "validation_loss": 1.3715311884880066,
  "best_validation_accuracy": 0.8062913907284768,
  "best_validation_loss": 1.3715311884880066
}