{
  "best_epoch": 1,
  "peak_worker_0_memory_MB": 2267.0234375,
  "peak_gpu_0_memory_MB": 13.12939453125,
  "training_duration": "0:00:00.500917",
  "training_start_epoch": 0,
  "training_epochs": 5,
  "epoch": 5,
  "training_accuracy": 0.8170144462279294,
  "training_loss": 0.9117562413215637,
  "training_worker_0_memory_MB": 2267.0234375,
  "training_gpu_0_memory_MB": 13.12939453125,
  "validation_accuracy": 0.6605960264900662,
  "validation_loss": 1.9728019833564758,
  "best_validation_accuracy": 0.75,
  "best_validation_loss": 1.677323853969574
}