{
  "best_epoch": 25,
  "peak_worker_0_memory_MB": 2268.36328125,
  "peak_gpu_0_memory_MB": 8.73193359375,
  "training_duration": "0:00:03.486644",
  "training_start_epoch": 0,
  "training_epochs": 25,
  "epoch": 25,
  "training_accuracy": 0.9072294191391559,
  "training_loss": 0.39481038208070557,
  "training_worker_0_memory_MB": 2268.36328125,
  "training_gpu_0_memory_MB": 8.73193359375,
  "validation_accuracy": 0.8311258278145696,
  "validation_loss": 0.8407116636633873,
  "best_validation_accuracy": 0.8311258278145696,
  "best_validation_loss": 0.8407116636633873
}