{
  "best_epoch": 32,
  "peak_worker_0_memory_MB": 2268.36328125,
  "peak_gpu_0_memory_MB": 8.73193359375,
  "training_duration": "0:00:05.057509",
  "training_start_epoch": 0,
  "training_epochs": 37,
  "epoch": 37,
  "training_accuracy": 0.9126619306310071,
  "training_loss": 0.32799686785591275,
  "training_worker_0_memory_MB": 2268.36328125,
  "training_gpu_0_memory_MB": 8.73193359375,
  "validation_accuracy": 0.8261589403973509,
  "validation_loss": 0.8591055661439896,
  "best_validation_accuracy": 0.8278145695364238,
  "best_validation_loss": 0.8299900777637959
}