{
  "best_epoch": 4,
  "peak_worker_0_memory_MB": 2268.36328125,
  "peak_gpu_0_memory_MB": 8.73193359375,
  "training_duration": "0:00:00.661251",
  "training_start_epoch": 0,
  "training_epochs": 4,
  "epoch": 4,
  "training_accuracy": 0.66402005850397,
  "training_loss": 1.8467396372242977,
  "training_worker_0_memory_MB": 2268.36328125,
  "training_gpu_0_memory_MB": 8.73193359375,
  "validation_accuracy": 0.6771523178807947,
  "validation_loss": 1.7812111854553223,
  "best_validation_accuracy": 0.6771523178807947,
  "best_validation_loss": 1.7812111854553223
}