{
  "best_epoch": 41,
  "peak_worker_0_memory_MB": 2317.37890625,
  "peak_gpu_0_memory_MB": 51.4853515625,
  "training_duration": "0:00:11.241597",
  "training_start_epoch": 0,
  "training_epochs": 41,
  "epoch": 41,
  "training_accuracy": 0.7426229508196721,
  "training_loss": 1.4699045615409738,
  "training_worker_0_memory_MB": 2317.37890625,
  "training_gpu_0_memory_MB": 51.4853515625,
  "validation_accuracy": 0.7152317880794702,
  "validation_loss": 1.5938818216323853,
  "best_validation_accuracy": 0.7152317880794702,
  "best_validation_loss": 1.5938818216323853
}