{
  "best_epoch": 64,
  "peak_worker_0_memory_MB": 2317.37890625,
  "peak_gpu_0_memory_MB": 51.4853515625,
  "training_duration": "0:00:17.606420",
  "training_start_epoch": 0,
  "training_epochs": 65,
  "epoch": 65,
  "training_accuracy": 0.860655737704918,
  "training_loss": 0.8117581766043136,
  "training_worker_0_memory_MB": 2317.37890625,
  "training_gpu_0_memory_MB": 51.4853515625,
  "validation_accuracy": 0.7682119205298014,
  "validation_loss": 1.1516578555107118,
  "best_validation_accuracy": 0.7682119205298014,
  "best_validation_loss": 1.1490811347961425
}