{
  "best_epoch": 0,
  "peak_worker_0_memory_MB": 2317.37890625,
  "peak_gpu_0_memory_MB": 51.4853515625,
  "training_duration": "0:00:00.249774",
  "training_start_epoch": 0,
  "training_epochs": 0,
  "epoch": 0,
  "training_accuracy": 0.03747072599531616,
  "training_loss": 4.174278052885141,
  "training_worker_0_memory_MB": 2317.37890625,
  "training_gpu_0_memory_MB": 51.4853515625,
  "validation_accuracy": 0.15728476821192053,
  "validation_loss": 4.125541305541992,
  "best_validation_accuracy": 0.15728476821192053,
  "best_validation_loss": 4.125541305541992
}