{
  "best_epoch": 24,
  "peak_worker_0_memory_MB": 2317.37890625,
  "peak_gpu_0_memory_MB": 51.4853515625,
  "training_duration": "0:00:06.719973",
  "training_start_epoch": 0,
  "training_epochs": 24,
  "epoch": 24,
  "training_accuracy": 0.5538641686182669,
  "training_loss": 2.3512042138113904,
  "training_worker_0_memory_MB": 2317.37890625,
  "training_gpu_0_memory_MB": 51.4853515625,
  "validation_accuracy": 0.5877483443708609,
  "validation_loss": 2.3481061100959777,
  "best_validation_accuracy": 0.5877483443708609,
  "best_validation_loss": 2.3481061100959777
}