{
  "best_epoch": 56,
  "peak_worker_0_memory_MB": 2317.37890625,
  "peak_gpu_0_memory_MB": 51.4853515625,
  "training_duration": "0:00:15.453475",
  "training_start_epoch": 0,
  "training_epochs": 57,
  "epoch": 57,
  "training_accuracy": 0.8266978922716628,
  "training_loss": 0.9798563585352542,
  "training_worker_0_memory_MB": 2317.37890625,
  "training_gpu_0_memory_MB": 51.4853515625,
  "validation_accuracy": 0.7582781456953642,
  "validation_loss": 1.2443228542804718,
  "best_validation_accuracy": 0.7566225165562914,
  "best_validation_loss": 1.2347859025001526
}