{
  "best_epoch": 46,
  "peak_worker_0_memory_MB": 2317.37890625,
  "peak_gpu_0_memory_MB": 51.4853515625,
  "training_duration": "0:00:12.546447",
  "training_start_epoch": 0,
  "training_epochs": 46,
  "epoch": 46,
  "training_accuracy": 0.7725995316159251,
  "training_loss": 1.2901465510254475,
  "training_worker_0_memory_MB": 2317.37890625,
  "training_gpu_0_memory_MB": 51.4853515625,
  "validation_accuracy": 0.7268211920529801,
  "validation_loss": 1.4607377529144288,
  "best_validation_accuracy": 0.7268211920529801,
  "best_validation_loss": 1.4607377529144288
}