{
  "best_epoch": 55,
  "peak_worker_0_memory_MB": 2317.37890625,
  "peak_gpu_0_memory_MB": 51.4853515625,
  "training_duration": "0:00:14.906208",
  "training_start_epoch": 0,
  "training_epochs": 55,
  "epoch": 55,
  "training_accuracy": 0.8201405152224824,
  "training_loss": 1.0302544262871813,
  "training_worker_0_memory_MB": 2317.37890625,
  "training_gpu_0_memory_MB": 51.4853515625,
  "validation_accuracy": 0.7533112582781457,
  "validation_loss": 1.2596876740455627,
  "best_validation_accuracy": 0.7533112582781457,
  "best_validation_loss": 1.2596876740455627
}