{
  "best_epoch": 6,
  "peak_worker_0_memory_MB": 2317.37890625,
  "peak_gpu_0_memory_MB": 51.4853515625,
  "training_duration": "0:00:01.843544",
  "training_start_epoch": 0,
  "training_epochs": 6,
  "epoch": 6,
  "training_accuracy": 0.22576112412177987,
  "training_loss": 3.5068880159463456,
  "training_worker_0_memory_MB": 2317.37890625,
  "training_gpu_0_memory_MB": 51.4853515625,
  "validation_accuracy": 0.31456953642384106,
  "validation_loss": 3.3837284564971926,
  "best_validation_accuracy": 0.31456953642384106,
  "best_validation_loss": 3.3837284564971926
}