{
  "best_epoch": 29,
  "peak_worker_0_memory_MB": 2327.01171875,
  "peak_gpu_0_memory_MB": 69.92529296875,
  "training_duration": "0:00:08.850771",
  "training_start_epoch": 0,
  "training_epochs": 31,
  "epoch": 31,
  "training_accuracy": 0.932908051033876,
  "training_loss": 0.4315802279031939,
  "training_worker_0_memory_MB": 2327.01171875,
  "training_gpu_0_memory_MB": 69.92529296875,
  "validation_accuracy": 0.793046357615894,
  "validation_loss": 0.9621658802032471,
  "best_validation_accuracy": 0.7913907284768212,
  "best_validation_loss": 0.9549029290676116
}