{
  "best_epoch": 6,
  "peak_worker_0_memory_MB": 2327.01171875,
  "peak_gpu_0_memory_MB": 69.92529296875,
  "training_duration": "0:00:01.917950",
  "training_start_epoch": 0,
  "training_epochs": 6,
  "epoch": 6,
  "training_accuracy": 0.4280686317641883,
  "training_loss": 2.6371862755881414,
  "training_worker_0_memory_MB": 2327.01171875,
  "training_gpu_0_memory_MB": 69.92529296875,
  "validation_accuracy": 0.5198675496688742,
  "validation_loss": 2.5175812005996705,
  "best_validation_accuracy": 0.5198675496688742,
  "best_validation_loss": 2.5175812005996705
}