{
  "best_epoch": 14,
  "peak_worker_0_memory_MB": 2328.84765625,
  "peak_gpu_0_memory_MB": 61.63037109375,
  "training_duration": "0:00:04.990480",
  "training_start_epoch": 0,
  "training_epochs": 18,
  "epoch": 18,
  "training_accuracy": 0.9882903981264637,
  "training_loss": 0.06384475117743905,
  "training_worker_0_memory_MB": 2328.84765625,
  "training_gpu_0_memory_MB": 61.63037109375,
  "validation_accuracy": 0.8062913907284768,
  "validation_loss": 0.9265568494796753,
  "best_validation_accuracy": 0.8062913907284768,
  "best_validation_loss": 0.8639634191989899
}