{
  "best_epoch": 59,
  "peak_worker_0_memory_MB": 2318.34765625,
  "peak_gpu_0_memory_MB": 58.2568359375,
  "training_duration": "0:00:16.148288",
  "training_start_epoch": 0,
  "training_epochs": 60,
  "epoch": 60,
  "training_accuracy": 0.703695556533216,
  "training_loss": 1.1505283820960257,
  "training_worker_0_memory_MB": 2318.34765625,
  "training_gpu_0_memory_MB": 58.2568359375,
  "validation_accuracy": 0.7814569536423841,
  "validation_loss": 0.9305663943290711,
  "best_validation_accuracy": 0.7831125827814569,
  "best_validation_loss": 0.9282457292079925
}