{
  "best_epoch": 37,
  "peak_worker_0_memory_MB": 2318.34765625,
  "peak_gpu_0_memory_MB": 58.2568359375,
  "training_duration": "0:00:10.061155",
  "training_start_epoch": 0,
  "training_epochs": 37,
  "epoch": 37,
  "training_accuracy": 0.6218653761548614,
  "training_loss": 1.5029840254121356,
  "training_worker_0_memory_MB": 2318.34765625,
  "training_gpu_0_memory_MB": 58.2568359375,
  "validation_accuracy": 0.7698675496688742,
  "validation_loss": 1.0709849298000336,
  "best_validation_accuracy": 0.7698675496688742,
  "best_validation_loss": 1.0709849298000336
}