{
  "best_epoch": 64,
  "peak_worker_0_memory_MB": 2318.34765625,
  "peak_gpu_0_memory_MB": 58.2568359375,
  "training_duration": "0:00:17.492903",
  "training_start_epoch": 0,
  "training_epochs": 65,
  "epoch": 65,
  "training_accuracy": 0.7217333919929608,
  "training_loss": 1.0635621539420552,
  "training_worker_0_memory_MB": 2318.34765625,
  "training_gpu_0_memory_MB": 58.2568359375,
  "validation_accuracy": 0.7847682119205298,
  "validation_loss": 0.9382031559944153,
  "best_validation_accuracy": 0.7847682119205298,
  "best_validation_loss": 0.9152895689010621
}