{
  "best_epoch": 4,
  "peak_worker_0_memory_MB": 2365.1484375,
  "peak_gpu_0_memory_MB": 75.88427734375,
  "training_duration": "0:00:03.630216",
  "training_start_epoch": 0,
  "training_epochs": 7,
  "epoch": 7,
  "training_accuracy": 0.8604176668266923,
  "training_loss": 0.5294652700651693,
  "training_worker_0_memory_MB": 2365.1484375,
  "training_gpu_0_memory_MB": 75.88427734375,
  "validation_accuracy": 0.8062913907284768,
  "validation_loss": 0.9950999319553375,
  "best_validation_accuracy": 0.7913907284768212,
  "best_validation_loss": 0.9311044156551361
}