{
  "best_epoch": 0,
  "peak_worker_0_memory_MB": 2365.1484375,
  "peak_gpu_0_memory_MB": 75.88427734375,
  "training_duration": "0:00:00.439866",
  "training_start_epoch": 0,
  "training_epochs": 0,
  "epoch": 0,
  "training_accuracy": 0.22083533365338454,
  "training_loss": 3.392319999578345,
  "training_worker_0_memory_MB": 2365.1484375,
  "training_gpu_0_memory_MB": 75.88427734375,
  "validation_accuracy": 0.6572847682119205,
  "validation_loss": 1.9339851975440978,
  "best_validation_accuracy": 0.6572847682119205,
  "best_validation_loss": 1.9339851975440978
}