{
  "best_epoch": 5,
  "peak_worker_0_memory_MB": 2371.23046875,
  "peak_gpu_0_memory_MB": 89.33056640625,
  "training_duration": "0:00:04.514086",
  "training_start_epoch": 0,
  "training_epochs": 8,
  "epoch": 8,
  "training_accuracy": 0.991718674987998,
  "training_loss": 0.06794959794417138,
  "training_worker_0_memory_MB": 2371.23046875,
  "training_gpu_0_memory_MB": 89.33056640625,
  "validation_accuracy": 0.7947019867549668,
  "validation_loss": 0.9428385853767395,
  "best_validation_accuracy": 0.7947019867549668,
  "best_validation_loss": 0.9060128331184387
}