{
  "best_epoch": 0,
  "peak_worker_0_memory_MB": 2287.08203125,
  "peak_gpu_0_memory_MB": 30.3212890625,
  "training_duration": "0:00:00.143783",
  "training_start_epoch": 0,
  "training_epochs": 0,
  "epoch": 0,
  "training_accuracy": 0.1851232762223151,
  "training_loss": 3.77472134012925,
  "training_worker_0_memory_MB": 2287.08203125,
  "training_gpu_0_memory_MB": 30.3212890625,
  "validation_accuracy": 0.2533112582781457,
  "validation_loss": 3.3193627119064333,
  "best_validation_accuracy": 0.2533112582781457,
  "best_validation_loss": 3.3193627119064333
}