{
  "best_epoch": 32,
  "peak_worker_0_memory_MB": 2326.80078125,
  "peak_gpu_0_memory_MB": 69.92529296875,
  "training_duration": "0:00:08.476166",
  "training_start_epoch": 0,
  "training_epochs": 32,
  "epoch": 32,
  "training_accuracy": 0.8838539375274967,
  "training_loss": 0.5866133377162946,
  "training_worker_0_memory_MB": 2326.80078125,
  "training_gpu_0_memory_MB": 69.92529296875,
  "validation_accuracy": 0.7897350993377483,
  "validation_loss": 0.9080592870712281,
  "best_validation_accuracy": 0.7897350993377483,
  "best_validation_loss": 0.9080592870712281
}