{
  "best_epoch": 29,
  "peak_worker_0_memory_MB": 2326.80078125,
  "peak_gpu_0_memory_MB": 69.92529296875,
  "training_duration": "0:00:07.965867",
  "training_start_epoch": 0,
  "training_epochs": 30,
  "epoch": 30,
  "training_accuracy": 0.8748350197976242,
  "training_loss": 0.6477469553550085,
  "training_worker_0_memory_MB": 2326.80078125,
  "training_gpu_0_memory_MB": 69.92529296875,
  "validation_accuracy": 0.7864238410596026,
  "validation_loss": 0.9579039812088013,
  "best_validation_accuracy": 0.7864238410596026,
  "best_validation_loss": 0.9330237329006195
}