{
  "best_epoch": 15,
  "peak_worker_0_memory_MB": 2326.80078125,
  "peak_gpu_0_memory_MB": 69.92529296875,
  "training_duration": "0:00:04.111769",
  "training_start_epoch": 0,
  "training_epochs": 15,
  "epoch": 15,
  "training_accuracy": 0.7261328640563133,
  "training_loss": 1.3503459807899263,
  "training_worker_0_memory_MB": 2326.80078125,
  "training_gpu_0_memory_MB": 69.92529296875,
  "validation_accuracy": 0.7334437086092715,
  "validation_loss": 1.3311172127723694,
  "best_validation_accuracy": 0.7334437086092715,
  "best_validation_loss": 1.3311172127723694
}