{
  "best_epoch": 87,
  "peak_worker_0_memory_MB": 2317.109375,
  "peak_gpu_0_memory_MB": 51.4853515625,
  "training_duration": "0:00:24.634495",
  "training_start_epoch": 0,
  "training_epochs": 89,
  "epoch": 89,
  "training_accuracy": 0.9826697892271663,
  "training_loss": 0.11983436701902703,
  "training_worker_0_memory_MB": 2317.109375,
  "training_gpu_0_memory_MB": 51.4853515625,
  "validation_accuracy": 0.7963576158940397,
  "validation_loss": 0.944087290763855,
  "best_validation_accuracy": 0.7947019867549668,
  "best_validation_loss": 0.8737337633967399
}