{
  "best_epoch": 87,
  "peak_worker_0_memory_MB": 2317.109375,
  "peak_gpu_0_memory_MB": 51.4853515625,
  "training_duration": "0:00:24.897332",
  "training_start_epoch": 0,
  "training_epochs": 90,
  "epoch": 90,
  "training_accuracy": 0.9833723653395785,
  "training_loss": 0.11616881814465593,
  "training_worker_0_memory_MB": 2317.109375,
  "training_gpu_0_memory_MB": 51.4853515625,
  "validation_accuracy": 0.7947019867549668,
  "validation_loss": 0.8993060350418091,
  "best_validation_accuracy": 0.7947019867549668,
  "best_validation_loss": 0.8737337633967399
}