{
  "best_epoch": 61,
  "peak_worker_0_memory_MB": 2317.109375,
  "peak_gpu_0_memory_MB": 51.4853515625,
  "training_duration": "0:00:17.014508",
  "training_start_epoch": 0,
  "training_epochs": 61,
  "epoch": 61,
  "training_accuracy": 0.9503512880562061,
  "training_loss": 0.3060479606710263,
  "training_worker_0_memory_MB": 2317.109375,
  "training_gpu_0_memory_MB": 51.4853515625,
  "validation_accuracy": 0.7913907284768212,
  "validation_loss": 0.9177924513816833,
  "best_validation_accuracy": 0.7913907284768212,
  "best_validation_loss": 0.9177924513816833
}