{
  "best_epoch": 23,
  "peak_worker_0_memory_MB": 2317.09765625,
  "peak_gpu_0_memory_MB": 51.4853515625,
  "training_duration": "0:00:06.621409",
  "training_start_epoch": 0,
  "training_epochs": 23,
  "epoch": 23,
  "training_accuracy": 0.752927400468384,
  "training_loss": 1.4603364538790575,
  "training_worker_0_memory_MB": 2317.09765625,
  "training_gpu_0_memory_MB": 51.4853515625,
  "validation_accuracy": 0.7168874172185431,
  "validation_loss": 1.6248434782028198,
  "best_validation_accuracy": 0.7168874172185431,
  "best_validation_loss": 1.6248434782028198
}