{
  "best_epoch": 13,
  "peak_worker_0_memory_MB": 2319.46875,
  "peak_gpu_0_memory_MB": 51.08984375,
  "training_duration": "0:00:03.654583",
  "training_start_epoch": 0,
  "training_epochs": 13,
  "epoch": 13,
  "training_accuracy": 0.8749414519906323,
  "training_loss": 0.7302704916071536,
  "training_worker_0_memory_MB": 2319.46875,
  "training_gpu_0_memory_MB": 51.08984375,
  "validation_accuracy": 0.7781456953642384,
  "validation_loss": 1.035554301738739,
  "best_validation_accuracy": 0.7781456953642384,
  "best_validation_loss": 1.035554301738739
}