{
  "best_epoch": 0,
  "peak_worker_0_memory_MB": 2319.46875,
  "peak_gpu_0_memory_MB": 51.08984375,
  "training_duration": "0:00:00.255561",
  "training_start_epoch": 0,
  "training_epochs": 0,
  "epoch": 0,
  "training_accuracy": 0.16768149882903982,
  "training_loss": 3.9760421888152164,
  "training_worker_0_memory_MB": 2319.46875,
  "training_gpu_0_memory_MB": 51.08984375,
  "validation_accuracy": 0.3029801324503311,
  "validation_loss": 3.593095588684082,
  "best_validation_accuracy": 0.3029801324503311,
  "best_validation_loss": 3.593095588684082
}