{
  "best_epoch": 15,
  "peak_worker_0_memory_MB": 2319.46875,
  "peak_gpu_0_memory_MB": 51.08984375,
  "training_duration": "0:00:04.186548",
  "training_start_epoch": 0,
  "training_epochs": 15,
  "epoch": 15,
  "training_accuracy": 0.9018735362997659,
  "training_loss": 0.5837534710542479,
  "training_worker_0_memory_MB": 2319.46875,
  "training_gpu_0_memory_MB": 51.08984375,
  "validation_accuracy": 0.7847682119205298,
  "validation_loss": 1.0023044347763062,
  "best_validation_accuracy": 0.7847682119205298,
  "best_validation_loss": 1.0023044347763062
}