{
  "best_epoch": 2,
  "peak_worker_0_memory_MB": 2331.171875,
  "peak_gpu_0_memory_MB": 65.09326171875,
  "training_duration": "0:00:00.750372",
  "training_start_epoch": 0,
  "training_epochs": 2,
  "epoch": 2,
  "training_accuracy": 0.4932084309133489,
  "training_loss": 2.505898011264516,
  "training_worker_0_memory_MB": 2331.171875,
  "training_gpu_0_memory_MB": 65.09326171875,
  "validation_accuracy": 0.6076158940397351,
  "validation_loss": 2.1452999114990234,
  "best_validation_accuracy": 0.6076158940397351,
  "best_validation_loss": 2.1452999114990234
}