{
  "best_epoch": 4,
  "peak_worker_0_memory_MB": 2331.171875,
  "peak_gpu_0_memory_MB": 65.09326171875,
  "training_duration": "0:00:01.250400",
  "training_start_epoch": 0,
  "training_epochs": 4,
  "epoch": 4,
  "training_accuracy": 0.7187353629976581,
  "training_loss": 1.503969430923462,
  "training_worker_0_memory_MB": 2331.171875,
  "training_gpu_0_memory_MB": 65.09326171875,
  "validation_accuracy": 0.7251655629139073,
  "validation_loss": 1.406498521566391,
  "best_validation_accuracy": 0.7251655629139073,
  "best_validation_loss": 1.406498521566391
}