{
  "best_epoch": 16,
  "peak_worker_0_memory_MB": 2331.171875,
  "peak_gpu_0_memory_MB": 65.09326171875,
  "training_duration": "0:00:04.853588",
  "training_start_epoch": 0,
  "training_epochs": 18,
  "epoch": 18,
  "training_accuracy": 0.9772833723653396,
  "training_loss": 0.13402943858015004,
  "training_worker_0_memory_MB": 2331.171875,
  "training_gpu_0_memory_MB": 65.09326171875,
  "validation_accuracy": 0.8096026490066225,
  "validation_loss": 0.8920805871486663,
  "best_validation_accuracy": 0.8029801324503312,
  "best_validation_loss": 0.8598055332899094
}