{
  "best_epoch": 0,
  "peak_worker_0_memory_MB": 2326.80078125,
  "peak_gpu_0_memory_MB": 69.92529296875,
  "training_duration": "0:00:00.249031",
  "training_start_epoch": 0,
  "training_epochs": 0,
  "epoch": 0,
  "training_accuracy": 0.15420149582050155,
  "training_loss": 3.6725997394985623,
  "training_worker_0_memory_MB": 2326.80078125,
  "training_gpu_0_memory_MB": 69.92529296875,
  "validation_accuracy": 0.33112582781456956,
  "validation_loss": 3.1354460954666137,
  "best_validation_accuracy": 0.33112582781456956,
  "best_validation_loss": 3.1354460954666137
}