{
  "best_epoch": 15,
  "peak_worker_0_memory_MB": 2270.7265625,
  "peak_gpu_0_memory_MB": 8.73193359375,
  "training_duration": "0:00:03.474125",
  "training_start_epoch": 0,
  "training_epochs": 23,
  "epoch": 23,
  "training_accuracy": 0.9122440451316339,
  "training_loss": 0.3305992213518996,
  "training_worker_0_memory_MB": 2270.7265625,
  "training_gpu_0_memory_MB": 8.73193359375,
  "validation_accuracy": 0.8228476821192053,
  "validation_loss": 0.9147674739360809,
  "best_validation_accuracy": 0.8294701986754967,
  "best_validation_loss": 0.8504834443330764
}