{
  "best_epoch": 32,
  "peak_worker_0_memory_MB": 2298.41015625,
  "peak_gpu_0_memory_MB": 50.91064453125,
  "training_duration": "0:00:26.411989",
  "training_start_epoch": 0,
  "training_epochs": 39,
  "epoch": 39,
  "training_accuracy": 0.8700376096949436,
  "training_loss": 0.4733395388251857,
  "training_worker_0_memory_MB": 2298.41015625,
  "training_gpu_0_memory_MB": 50.91064453125,
  "validation_accuracy": 0.7980132450331126,
  "validation_loss": 1.0393554449081421,
  "best_validation_accuracy": 0.7880794701986755,
  "best_validation_loss": 0.9524836033582688
}