{
  "best_epoch": 39,
  "peak_worker_0_memory_MB": 2326.74609375,
  "peak_gpu_0_memory_MB": 69.92529296875,
  "training_duration": "0:00:10.553840",
  "training_start_epoch": 0,
  "training_epochs": 41,
  "epoch": 41,
  "training_accuracy": 0.7281126264848218,
  "training_loss": 1.0571358456767888,
  "training_worker_0_memory_MB": 2326.74609375,
  "training_gpu_0_memory_MB": 69.92529296875,
  "validation_accuracy": 0.793046357615894,
  "validation_loss": 1.000896507501602,
  "best_validation_accuracy": 0.7913907284768212,
  "best_validation_loss": 0.9853484272956848
}