{
  "best_epoch": 64,
  "peak_worker_0_memory_MB": 2326.74609375,
  "peak_gpu_0_memory_MB": 69.92529296875,
  "training_duration": "0:00:16.326906",
  "training_start_epoch": 0,
  "training_epochs": 64,
  "epoch": 64,
  "training_accuracy": 0.774307083150022,
  "training_loss": 0.8535285629332066,
  "training_worker_0_memory_MB": 2326.74609375,
  "training_gpu_0_memory_MB": 69.92529296875,
  "validation_accuracy": 0.8062913907284768,
  "validation_loss": 0.9050106823444366,
  "best_validation_accuracy": 0.8062913907284768,
  "best_validation_loss": 0.9050106823444366
}