{
  "best_epoch": 42,
  "peak_worker_0_memory_MB": 2326.74609375,
  "peak_gpu_0_memory_MB": 69.92529296875,
  "training_duration": "0:00:11.052833",
  "training_start_epoch": 0,
  "training_epochs": 43,
  "epoch": 43,
  "training_accuracy": 0.7261328640563133,
  "training_loss": 1.0503944216503038,
  "training_worker_0_memory_MB": 2326.74609375,
  "training_gpu_0_memory_MB": 69.92529296875,
  "validation_accuracy": 0.7980132450331126,
  "validation_loss": 1.008923214673996,
  "best_validation_accuracy": 0.7913907284768212,
  "best_validation_loss": 0.975695687532425
}