{
  "best_epoch": 9,
  "peak_worker_0_memory_MB": 2370.390625,
  "peak_gpu_0_memory_MB": 89.33056640625,
  "training_duration": "0:00:05.483157",
  "training_start_epoch": 0,
  "training_epochs": 10,
  "epoch": 10,
  "training_accuracy": 0.9656745079212674,
  "training_loss": 0.2994343736244522,
  "training_worker_0_memory_MB": 2370.390625,
  "training_gpu_0_memory_MB": 89.33056640625,
  "validation_accuracy": 0.7913907284768212,
  "validation_loss": 0.9165530741214752,
  "best_validation_accuracy": 0.793046357615894,
  "best_validation_loss": 0.897491317987442
}