{
  "best_epoch": 6,
  "peak_worker_0_memory_MB": 2370.390625,
  "peak_gpu_0_memory_MB": 89.33056640625,
  "training_duration": "0:00:03.493678",
  "training_start_epoch": 0,
  "training_epochs": 6,
  "epoch": 6,
  "training_accuracy": 0.8674987998079693,
  "training_loss": 0.8333535248996647,
  "training_worker_0_memory_MB": 2370.390625,
  "training_gpu_0_memory_MB": 89.33056640625,
  "validation_accuracy": 0.7731788079470199,
  "validation_loss": 1.0368428945541381,
  "best_validation_accuracy": 0.7731788079470199,
  "best_validation_loss": 1.0368428945541381
}