{
  "best_epoch": 27,
  "peak_worker_0_memory_MB": 2326.74609375,
  "peak_gpu_0_memory_MB": 69.92529296875,
  "training_duration": "0:00:09.437696",
  "training_start_epoch": 0,
  "training_epochs": 32,
  "epoch": 32,
  "training_accuracy": 0.9850417949846019,
  "training_loss": 0.08976052820475565,
  "training_worker_0_memory_MB": 2326.74609375,
  "training_gpu_0_memory_MB": 69.92529296875,
  "validation_accuracy": 0.8029801324503312,
  "validation_loss": 0.860947784781456,
  "best_validation_accuracy": 0.8062913907284768,
  "best_validation_loss": 0.8474513158202172
}