{
  "best_epoch": 9,
  "peak_worker_0_memory_MB": 2326.74609375,
  "peak_gpu_0_memory_MB": 69.92529296875,
  "training_duration": "0:00:02.875041",
  "training_start_epoch": 0,
  "training_epochs": 9,
  "epoch": 9,
  "training_accuracy": 0.8295204575450946,
  "training_loss": 1.0366305919984977,
  "training_worker_0_memory_MB": 2326.74609375,
  "training_gpu_0_memory_MB": 69.92529296875,
  "validation_accuracy": 0.7400662251655629,
  "validation_loss": 1.2963616132736206,
  "best_validation_accuracy": 0.7400662251655629,
  "best_validation_loss": 1.2963616132736206
}