{
  "best_epoch": 27,
  "peak_worker_0_memory_MB": 2326.74609375,
  "peak_gpu_0_memory_MB": 69.92529296875,
  "training_duration": "0:00:10.578771",
  "training_start_epoch": 0,
  "training_epochs": 36,
  "epoch": 36,
  "training_accuracy": 0.9881214254289485,
  "training_loss": 0.0685111974986891,
  "training_worker_0_memory_MB": 2326.74609375,
  "training_gpu_0_memory_MB": 69.92529296875,
  "validation_accuracy": 0.804635761589404,
  "validation_loss": 0.8830869138240814,
  "best_validation_accuracy": 0.8062913907284768,
  "best_validation_loss": 0.8474513158202172
}