{
  "best_epoch": 6,
  "peak_worker_0_memory_MB": 2326.74609375,
  "peak_gpu_0_memory_MB": 69.92529296875,
  "training_duration": "0:00:02.015612",
  "training_start_epoch": 0,
  "training_epochs": 6,
  "epoch": 6,
  "training_accuracy": 0.6962164540255169,
  "training_loss": 1.7016970250341628,
  "training_worker_0_memory_MB": 2326.74609375,
  "training_gpu_0_memory_MB": 69.92529296875,
  "validation_accuracy": 0.6837748344370861,
  "validation_loss": 1.745377767086029,
  "best_validation_accuracy": 0.6837748344370861,
  "best_validation_loss": 1.745377767086029
}