{
  "best_epoch": 27,
  "peak_worker_0_memory_MB": 2298.41015625,
  "peak_gpu_0_memory_MB": 50.91064453125,
  "training_duration": "0:00:19.166411",
  "training_start_epoch": 0,
  "training_epochs": 27,
  "epoch": 27,
  "training_accuracy": 0.493940660259089,
  "training_loss": 2.2348235782824064,
  "training_worker_0_memory_MB": 2298.41015625,
  "training_gpu_0_memory_MB": 50.91064453125,
  "validation_accuracy": 0.7185430463576159,
  "validation_loss": 1.1853111654520034,
  "best_validation_accuracy": 0.7185430463576159,
  "best_validation_loss": 1.1853111654520034
}