{
  "best_epoch": 53,
  "peak_worker_0_memory_MB": 2298.41015625,
  "peak_gpu_0_memory_MB": 50.91064453125,
  "training_duration": "0:00:42.775108",
  "training_start_epoch": 0,
  "training_epochs": 61,
  "epoch": 61,
  "training_accuracy": 0.5737567906393648,
  "training_loss": 2.0514177899611625,
  "training_worker_0_memory_MB": 2298.41015625,
  "training_gpu_0_memory_MB": 50.91064453125,
  "validation_accuracy": 0.7566225165562914,
  "validation_loss": 1.0868391335010528,
  "best_validation_accuracy": 0.7566225165562914,
  "best_validation_loss": 1.0387940853834152
}