{
  "best_epoch": 2,
  "peak_worker_0_memory_MB": 2271.57421875,
  "peak_gpu_0_memory_MB": 15.515625,
  "training_duration": "0:00:00.668257",
  "training_start_epoch": 0,
  "training_epochs": 7,
  "epoch": 7,
  "training_accuracy": 0.8635634028892456,
  "training_loss": 0.36072152480483055,
  "training_worker_0_memory_MB": 2271.57421875,
  "training_gpu_0_memory_MB": 15.515625,
  "validation_accuracy": 0.7731788079470199,
  "validation_loss": 1.2619159877300263,
  "best_validation_accuracy": 0.8029801324503312,
  "best_validation_loss": 1.205389714241028
}