{
  "best_epoch": 2,
  "peak_worker_0_memory_MB": 2271.57421875,
  "peak_gpu_0_memory_MB": 15.515625,
  "training_duration": "0:00:00.500611",
  "training_start_epoch": 0,
  "training_epochs": 5,
  "epoch": 5,
  "training_accuracy": 0.8587479935794543,
  "training_loss": 0.3616021081805229,
  "training_worker_0_memory_MB": 2271.57421875,
  "training_gpu_0_memory_MB": 15.515625,
  "validation_accuracy": 0.7731788079470199,
  "validation_loss": 1.2489853262901307,
  "best_validation_accuracy": 0.8029801324503312,
  "best_validation_loss": 1.205389714241028
}