{
  "best_epoch": 72,
  "peak_worker_0_memory_MB": 2330.921875,
  "peak_gpu_0_memory_MB": 65.09326171875,
  "training_duration": "0:00:19.691452",
  "training_start_epoch": 0,
  "training_epochs": 75,
  "epoch": 75,
  "training_accuracy": 0.9644028103044496,
  "training_loss": 0.20962978065458696,
  "training_worker_0_memory_MB": 2330.921875,
  "training_gpu_0_memory_MB": 65.09326171875,
  "validation_accuracy": 0.7996688741721855,
  "validation_loss": 0.890095442533493,
  "best_validation_accuracy": 0.7963576158940397,
  "best_validation_loss": 0.8844583392143249
}