{
  "best_epoch": 48,
  "peak_worker_0_memory_MB": 2330.921875,
  "peak_gpu_0_memory_MB": 65.09326171875,
  "training_duration": "0:00:12.988711",
  "training_start_epoch": 0,
  "training_epochs": 49,
  "epoch": 49,
  "training_accuracy": 0.9243559718969555,
  "training_loss": 0.5076362908776126,
  "training_worker_0_memory_MB": 2330.921875,
  "training_gpu_0_memory_MB": 65.09326171875,
  "validation_accuracy": 0.7798013245033113,
  "validation_loss": 1.0261203169822692,
  "best_validation_accuracy": 0.7764900662251656,
  "best_validation_loss": 1.013587486743927
}