{
  "best_epoch": 11,
  "peak_worker_0_memory_MB": 2271.109375,
  "peak_gpu_0_memory_MB": 15.515625,
  "training_duration": "0:00:01.031707",
  "training_start_epoch": 0,
  "training_epochs": 11,
  "epoch": 11,
  "training_accuracy": 0.8659711075441413,
  "training_loss": 0.6650161847472191,
  "training_worker_0_memory_MB": 2271.109375,
  "training_gpu_0_memory_MB": 15.515625,
  "validation_accuracy": 0.8162251655629139,
  "validation_loss": 1.1493380963802338,
  "best_validation_accuracy": 0.8162251655629139,
  "best_validation_loss": 1.1493380963802338
}