{
  "best_epoch": 16,
  "peak_worker_0_memory_MB": 2271.109375,
  "peak_gpu_0_memory_MB": 15.515625,
  "training_duration": "0:00:02.245408",
  "training_start_epoch": 0,
  "training_epochs": 25,
  "epoch": 25,
  "training_accuracy": 0.8828250401284109,
  "training_loss": 0.30021267756819725,
  "training_worker_0_memory_MB": 2271.109375,
  "training_gpu_0_memory_MB": 15.515625,
  "validation_accuracy": 0.8112582781456954,
  "validation_loss": 1.1372272610664367,
  "best_validation_accuracy": 0.8129139072847682,
  "best_validation_loss": 1.100226455926895
}