{
  "best_epoch": 14,
  "peak_worker_0_memory_MB": 2271.109375,
  "peak_gpu_0_memory_MB": 15.515625,
  "training_duration": "0:00:01.305954",
  "training_start_epoch": 0,
  "training_epochs": 14,
  "epoch": 14,
  "training_accuracy": 0.8764044943820225,
  "training_loss": 0.48729879409074783,
  "training_worker_0_memory_MB": 2271.109375,
  "training_gpu_0_memory_MB": 15.515625,
  "validation_accuracy": 0.8079470198675497,
  "validation_loss": 1.1010117292404176,
  "best_validation_accuracy": 0.8079470198675497,
  "best_validation_loss": 1.1010117292404176
}