{
  "best_epoch": 0,
  "peak_worker_0_memory_MB": 2271.109375,
  "peak_gpu_0_memory_MB": 15.515625,
  "training_duration": "0:00:00.099543",
  "training_start_epoch": 0,
  "training_epochs": 0,
  "epoch": 0,
  "training_accuracy": 0.06982343499197431,
  "training_loss": 4.13298921585083,
  "training_worker_0_memory_MB": 2271.109375,
  "training_gpu_0_memory_MB": 15.515625,
  "validation_accuracy": 0.23509933774834438,
  "validation_loss": 3.943249988555908,
  "best_validation_accuracy": 0.23509933774834438,
  "best_validation_loss": 3.943249988555908
}