{
  "best_epoch": 19,
  "peak_worker_0_memory_MB": 2271.57421875,
  "peak_gpu_0_memory_MB": 15.515625,
  "training_duration": "0:00:01.903265",
  "training_start_epoch": 0,
  "training_epochs": 22,
  "epoch": 22,
  "training_accuracy": 0.8804173354735152,
  "training_loss": 0.4406074844300747,
  "training_worker_0_memory_MB": 2271.57421875,
  "training_gpu_0_memory_MB": 15.515625,
  "validation_accuracy": 0.8145695364238411,
  "validation_loss": 1.1126572132110595,
  "best_validation_accuracy": 0.8211920529801324,
  "best_validation_loss": 1.096739363670349
}