{
  "best_epoch": 8,
  "peak_worker_0_memory_MB": 2271.57421875,
  "peak_gpu_0_memory_MB": 15.515625,
  "training_duration": "0:00:00.750486",
  "training_start_epoch": 0,
  "training_epochs": 8,
  "epoch": 8,
  "training_accuracy": 0.8691813804173355,
  "training_loss": 0.595241068303585,
  "training_worker_0_memory_MB": 2271.57421875,
  "training_gpu_0_memory_MB": 15.515625,
  "validation_accuracy": 0.8079470198675497,
  "validation_loss": 1.1310078740119933,
  "best_validation_accuracy": 0.8079470198675497,
  "best_validation_loss": 1.1310078740119933
}