{
  "best_epoch": 22,
  "peak_worker_0_memory_MB": 2298.41015625,
  "peak_gpu_0_memory_MB": 50.91064453125,
  "training_duration": "0:00:18.464185",
  "training_start_epoch": 0,
  "training_epochs": 27,
  "epoch": 27,
  "training_accuracy": 0.8587547012118679,
  "training_loss": 0.4913490869496998,
  "training_worker_0_memory_MB": 2298.41015625,
  "training_gpu_0_memory_MB": 50.91064453125,
  "validation_accuracy": 0.7814569536423841,
  "validation_loss": 1.0143890000879765,
  "best_validation_accuracy": 0.7748344370860927,
  "best_validation_loss": 0.9994724661111831
}