{
  "best_epoch": 37,
  "peak_worker_0_memory_MB": 2313.53515625,
  "peak_gpu_0_memory_MB": 54.728515625,
  "training_duration": "0:00:08.035976",
  "training_start_epoch": 0,
  "training_epochs": 37,
  "epoch": 37,
  "training_accuracy": 0.48106838861168183,
  "training_loss": 2.341397356103968,
  "training_worker_0_memory_MB": 2313.53515625,
  "training_gpu_0_memory_MB": 54.728515625,
  "validation_accuracy": 0.6043046357615894,
  "validation_loss": 2.1987297892570496,
  "best_validation_accuracy": 0.6043046357615894,
  "best_validation_loss": 2.1987297892570496
}