{
  "best_epoch": 95,
  "peak_worker_0_memory_MB": 2313.53515625,
  "peak_gpu_0_memory_MB": 54.728515625,
  "training_duration": "0:00:21.052788",
  "training_start_epoch": 0,
  "training_epochs": 97,
  "epoch": 97,
  "training_accuracy": 0.7657763428235985,
  "training_loss": 1.125491629044215,
  "training_worker_0_memory_MB": 2313.53515625,
  "training_gpu_0_memory_MB": 54.728515625,
  "validation_accuracy": 0.7649006622516556,
  "validation_loss": 1.1758533835411071,
  "best_validation_accuracy": 0.7632450331125827,
  "best_validation_loss": 1.1431712687015534
}