{
  "best_epoch": 40,
  "peak_worker_0_memory_MB": 2313.53515625,
  "peak_gpu_0_memory_MB": 54.728515625,
  "training_duration": "0:00:08.677754",
  "training_start_epoch": 0,
  "training_epochs": 40,
  "epoch": 40,
  "training_accuracy": 0.5001467566774288,
  "training_loss": 2.249718341562483,
  "training_worker_0_memory_MB": 2313.53515625,
  "training_gpu_0_memory_MB": 54.728515625,
  "validation_accuracy": 0.6192052980132451,
  "validation_loss": 2.0995620846748353,
  "best_validation_accuracy": 0.6192052980132451,
  "best_validation_loss": 2.0995620846748353
}