{
  "best_epoch": 10,
  "peak_worker_0_memory_MB": 2313.53515625,
  "peak_gpu_0_memory_MB": 54.728515625,
  "training_duration": "0:00:02.316228",
  "training_start_epoch": 0,
  "training_epochs": 10,
  "epoch": 10,
  "training_accuracy": 0.1913707073671852,
  "training_loss": 3.3370234966278076,
  "training_worker_0_memory_MB": 2313.53515625,
  "training_gpu_0_memory_MB": 54.728515625,
  "validation_accuracy": 0.27483443708609273,
  "validation_loss": 3.2103875637054444,
  "best_validation_accuracy": 0.27483443708609273,
  "best_validation_loss": 3.2103875637054444
}