{
  "best_epoch": 36,
  "peak_worker_0_memory_MB": 2313.53515625,
  "peak_gpu_0_memory_MB": 54.728515625,
  "training_duration": "0:00:07.824182",
  "training_start_epoch": 0,
  "training_epochs": 36,
  "epoch": 36,
  "training_accuracy": 0.4746110948048136,
  "training_loss": 2.363879680633545,
  "training_worker_0_memory_MB": 2313.53515625,
  "training_gpu_0_memory_MB": 54.728515625,
  "validation_accuracy": 0.5960264900662252,
  "validation_loss": 2.2333312749862673,
  "best_validation_accuracy": 0.5960264900662252,
  "best_validation_loss": 2.2333312749862673
}