{
  "best_epoch": 47,
  "peak_worker_0_memory_MB": 2313.53515625,
  "peak_gpu_0_memory_MB": 54.728515625,
  "training_duration": "0:00:10.169265",
  "training_start_epoch": 0,
  "training_epochs": 47,
  "epoch": 47,
  "training_accuracy": 0.5603169944232462,
  "training_loss": 2.022045570391196,
  "training_worker_0_memory_MB": 2313.53515625,
  "training_gpu_0_memory_MB": 54.728515625,
  "validation_accuracy": 0.652317880794702,
  "validation_loss": 1.9057165503501892,
  "best_validation_accuracy": 0.652317880794702,
  "best_validation_loss": 1.9057165503501892
}