{
  "best_epoch": 20,
  "peak_worker_0_memory_MB": 2313.53515625,
  "peak_gpu_0_memory_MB": 54.728515625,
  "training_duration": "0:00:04.433426",
  "training_start_epoch": 0,
  "training_epochs": 20,
  "epoch": 20,
  "training_accuracy": 0.308482535955386,
  "training_loss": 2.9774217738045587,
  "training_worker_0_memory_MB": 2313.53515625,
  "training_gpu_0_memory_MB": 54.728515625,
  "validation_accuracy": 0.4155629139072848,
  "validation_loss": 2.803848218917847,
  "best_validation_accuracy": 0.4155629139072848,
  "best_validation_loss": 2.803848218917847
}