{
  "best_epoch": 23,
  "peak_worker_0_memory_MB": 2365.1484375,
  "peak_gpu_0_memory_MB": 89.33056640625,
  "training_duration": "0:00:11.669518",
  "training_start_epoch": 0,
  "training_epochs": 23,
  "epoch": 23,
  "training_accuracy": 0.9803168506961114,
  "training_loss": 0.1812977305691661,
  "training_worker_0_memory_MB": 2365.1484375,
  "training_gpu_0_memory_MB": 89.33056640625,
  "validation_accuracy": 0.8029801324503312,
  "validation_loss": 0.9045721828937531,
  "best_validation_accuracy": 0.8029801324503312,
  "best_validation_loss": 0.9045721828937531
}