{
  "best_epoch": 12,
  "peak_worker_0_memory_MB": 2365.1484375,
  "peak_gpu_0_memory_MB": 89.33056640625,
  "training_duration": "0:00:06.345978",
  "training_start_epoch": 0,
  "training_epochs": 12,
  "epoch": 12,
  "training_accuracy": 0.878900624099856,
  "training_loss": 0.7723732276727225,
  "training_worker_0_memory_MB": 2365.1484375,
  "training_gpu_0_memory_MB": 89.33056640625,
  "validation_accuracy": 0.7731788079470199,
  "validation_loss": 1.0191926419734956,
  "best_validation_accuracy": 0.7731788079470199,
  "best_validation_loss": 1.0191926419734956
}