{
  "best_epoch": 33,
  "peak_worker_0_memory_MB": 2313.71875,
  "peak_gpu_0_memory_MB": 54.71142578125,
  "training_duration": "0:00:07.908655",
  "training_start_epoch": 0,
  "training_epochs": 33,
  "epoch": 33,
  "training_accuracy": 0.28337236533957844,
  "training_loss": 2.7975833415985107,
  "training_worker_0_memory_MB": 2313.71875,
  "training_gpu_0_memory_MB": 54.71142578125,
  "validation_accuracy": 0.5877483443708609,
  "validation_loss": 2.272165298461914,
  "best_validation_accuracy": 0.5877483443708609,
  "best_validation_loss": 2.272165298461914
}