{
  "best_epoch": 72,
  "peak_worker_0_memory_MB": 2313.71875,
  "peak_gpu_0_memory_MB": 54.71142578125,
  "training_duration": "0:00:17.264788",
  "training_start_epoch": 0,
  "training_epochs": 72,
  "epoch": 72,
  "training_accuracy": 0.35386416861826697,
  "training_loss": 2.3818138464173275,
  "training_worker_0_memory_MB": 2313.71875,
  "training_gpu_0_memory_MB": 54.71142578125,
  "validation_accuracy": 0.6887417218543046,
  "validation_loss": 1.603189730644226,
  "best_validation_accuracy": 0.6887417218543046,
  "best_validation_loss": 1.603189730644226
}