{
  "best_epoch": 56,
  "peak_worker_0_memory_MB": 2313.71875,
  "peak_gpu_0_memory_MB": 54.71142578125,
  "training_duration": "0:00:13.454475",
  "training_start_epoch": 0,
  "training_epochs": 56,
  "epoch": 56,
  "training_accuracy": 0.32833723653395785,
  "training_loss": 2.490988839918108,
  "training_worker_0_memory_MB": 2313.71875,
  "training_gpu_0_memory_MB": 54.71142578125,
  "validation_accuracy": 0.6721854304635762,
  "validation_loss": 1.7806994199752808,
  "best_validation_accuracy": 0.6721854304635762,
  "best_validation_loss": 1.7806994199752808
}