{
  "best_epoch": 49,
  "peak_worker_0_memory_MB": 2313.71875,
  "peak_gpu_0_memory_MB": 54.71142578125,
  "training_duration": "0:00:11.817322",
  "training_start_epoch": 0,
  "training_epochs": 49,
  "epoch": 49,
  "training_accuracy": 0.32084309133489464,
  "training_loss": 2.548618889566678,
  "training_worker_0_memory_MB": 2313.71875,
  "training_gpu_0_memory_MB": 54.71142578125,
  "validation_accuracy": 0.6605960264900662,
  "validation_loss": 1.8997673392295837,
  "best_validation_accuracy": 0.6605960264900662,
  "best_validation_loss": 1.8997673392295837
}