{
  "best_epoch": 3,
  "peak_worker_0_memory_MB": 2318.34765625,
  "peak_gpu_0_memory_MB": 58.2568359375,
  "training_duration": "0:00:02.739604",
  "training_start_epoch": 0,
  "training_epochs": 9,
  "epoch": 9,
  "training_accuracy": 0.9104707435107787,
  "training_loss": 0.32731381788228947,
  "training_worker_0_memory_MB": 2318.34765625,
  "training_gpu_0_memory_MB": 58.2568359375,
  "validation_accuracy": 0.7963576158940397,
  "validation_loss": 1.047427672147751,
  "best_validation_accuracy": 0.7947019867549668,
  "best_validation_loss": 0.9273273110389709
}