{
  "best_epoch": 36,
  "peak_worker_0_memory_MB": 2327.0078125,
  "peak_gpu_0_memory_MB": 69.92529296875,
  "training_duration": "0:00:09.782487",
  "training_start_epoch": 0,
  "training_epochs": 36,
  "epoch": 36,
  "training_accuracy": 0.8862736471623405,
  "training_loss": 0.5987943634390831,
  "training_worker_0_memory_MB": 2327.0078125,
  "training_gpu_0_memory_MB": 69.92529296875,
  "validation_accuracy": 0.7947019867549668,
  "validation_loss": 0.9315715968608856,
  "best_validation_accuracy": 0.7947019867549668,
  "best_validation_loss": 0.9315715968608856
}