{
  "best_epoch": 46,
  "peak_worker_0_memory_MB": 2327.0078125,
  "peak_gpu_0_memory_MB": 69.92529296875,
  "training_duration": "0:00:12.945719",
  "training_start_epoch": 0,
  "training_epochs": 48,
  "epoch": 48,
  "training_accuracy": 0.9276286845578531,
  "training_loss": 0.39964850465508384,
  "training_worker_0_memory_MB": 2327.0078125,
  "training_gpu_0_memory_MB": 69.92529296875,
  "validation_accuracy": 0.8079470198675497,
  "validation_loss": 0.9057739317417145,
  "best_validation_accuracy": 0.804635761589404,
  "best_validation_loss": 0.8619377195835114
}