{
  "best_epoch": 37,
  "peak_worker_0_memory_MB": 2327.0078125,
  "peak_gpu_0_memory_MB": 69.92529296875,
  "training_duration": "0:00:11.097304",
  "training_start_epoch": 0,
  "training_epochs": 41,
  "epoch": 41,
  "training_accuracy": 0.9098108227012759,
  "training_loss": 0.48579087923280895,
  "training_worker_0_memory_MB": 2327.0078125,
  "training_gpu_0_memory_MB": 69.92529296875,
  "validation_accuracy": 0.8029801324503312,
  "validation_loss": 0.9213599026203155,
  "best_validation_accuracy": 0.7963576158940397,
  "best_validation_loss": 0.9064281582832336
}