{
  "best_epoch": 46,
  "peak_worker_0_memory_MB": 2327.0078125,
  "peak_gpu_0_memory_MB": 69.92529296875,
  "training_duration": "0:00:13.469212",
  "training_start_epoch": 0,
  "training_epochs": 50,
  "epoch": 50,
  "training_accuracy": 0.9285085789705235,
  "training_loss": 0.3700989987830528,
  "training_worker_0_memory_MB": 2327.0078125,
  "training_gpu_0_memory_MB": 69.92529296875,
  "validation_accuracy": 0.8062913907284768,
  "validation_loss": 0.8722066819667816,
  "best_validation_accuracy": 0.804635761589404,
  "best_validation_loss": 0.8619377195835114
}