{
  "best_epoch": 4,
  "peak_worker_0_memory_MB": 2327.0078125,
  "peak_gpu_0_memory_MB": 69.92529296875,
  "training_duration": "0:00:01.321949",
  "training_start_epoch": 0,
  "training_epochs": 4,
  "epoch": 4,
  "training_accuracy": 0.28618565772107346,
  "training_loss": 3.0361027783817716,
  "training_worker_0_memory_MB": 2327.0078125,
  "training_gpu_0_memory_MB": 69.92529296875,
  "validation_accuracy": 0.402317880794702,
  "validation_loss": 2.866253137588501,
  "best_validation_accuracy": 0.402317880794702,
  "best_validation_loss": 2.866253137588501
}