{
  "best_epoch": 18,
  "peak_worker_0_memory_MB": 2327.0078125,
  "peak_gpu_0_memory_MB": 69.92529296875,
  "training_duration": "0:00:05.026863",
  "training_start_epoch": 0,
  "training_epochs": 18,
  "epoch": 18,
  "training_accuracy": 0.7184337879454465,
  "training_loss": 1.3460305747058656,
  "training_worker_0_memory_MB": 2327.0078125,
  "training_gpu_0_memory_MB": 69.92529296875,
  "validation_accuracy": 0.7400662251655629,
  "validation_loss": 1.2782176077365874,
  "best_validation_accuracy": 0.7400662251655629,
  "best_validation_loss": 1.2782176077365874
}