{
  "best_epoch": 22,
  "peak_worker_0_memory_MB": 2313.53515625,
  "peak_gpu_0_memory_MB": 54.728515625,
  "training_duration": "0:00:05.029468",
  "training_start_epoch": 0,
  "training_epochs": 22,
  "epoch": 22,
  "training_accuracy": 0.67830936307602,
  "training_loss": 1.7845332269315366,
  "training_worker_0_memory_MB": 2313.53515625,
  "training_gpu_0_memory_MB": 54.728515625,
  "validation_accuracy": 0.6539735099337748,
  "validation_loss": 1.8730121016502381,
  "best_validation_accuracy": 0.6539735099337748,
  "best_validation_loss": 1.8730121016502381
}