{
  "best_epoch": 95,
  "peak_worker_0_memory_MB": 2313.53515625,
  "peak_gpu_0_memory_MB": 54.728515625,
  "training_duration": "0:00:21.280745",
  "training_start_epoch": 0,
  "training_epochs": 96,
  "epoch": 96,
  "training_accuracy": 0.9583211036102143,
  "training_loss": 0.20017755645568724,
  "training_worker_0_memory_MB": 2313.53515625,
  "training_gpu_0_memory_MB": 54.728515625,
  "validation_accuracy": 0.8062913907284768,
  "validation_loss": 0.8911033809185028,
  "best_validation_accuracy": 0.8062913907284768,
  "best_validation_loss": 0.8576639950275421
}