{
  "best_epoch": 87,
  "peak_worker_0_memory_MB": 2313.53515625,
  "peak_gpu_0_memory_MB": 54.728515625,
  "training_duration": "0:00:19.286580",
  "training_start_epoch": 0,
  "training_epochs": 87,
  "epoch": 87,
  "training_accuracy": 0.9539184032873496,
  "training_loss": 0.24206918188267285,
  "training_worker_0_memory_MB": 2313.53515625,
  "training_gpu_0_memory_MB": 54.728515625,
  "validation_accuracy": 0.8013245033112583,
  "validation_loss": 0.8814163625240325,
  "best_validation_accuracy": 0.8013245033112583,
  "best_validation_loss": 0.8814163625240325
}