{
  "best_epoch": 73,
  "peak_worker_0_memory_MB": 2313.53515625,
  "peak_gpu_0_memory_MB": 54.728515625,
  "training_duration": "0:00:16.233199",
  "training_start_epoch": 0,
  "training_epochs": 73,
  "epoch": 73,
  "training_accuracy": 0.9398297622541826,
  "training_loss": 0.33746526887019473,
  "training_worker_0_memory_MB": 2313.53515625,
  "training_gpu_0_memory_MB": 54.728515625,
  "validation_accuracy": 0.7980132450331126,
  "validation_loss": 0.9031092584133148,
  "best_validation_accuracy": 0.7980132450331126,
  "best_validation_loss": 0.9031092584133148
}