{
  "best_epoch": 2,
  "peak_worker_0_memory_MB": 2315.51171875,
  "peak_gpu_0_memory_MB": 51.84521484375,
  "training_duration": "0:00:02.945777",
  "training_start_epoch": 0,
  "training_epochs": 11,
  "epoch": 11,
  "training_accuracy": 0.9661512745507731,
  "training_loss": 0.11030952416752514,
  "training_worker_0_memory_MB": 2315.51171875,
  "training_gpu_0_memory_MB": 51.84521484375,
  "validation_accuracy": 0.7847682119205298,
  "validation_loss": 1.5302154302597046,
  "best_validation_accuracy": 0.7665562913907285,
  "best_validation_loss": 1.0864920139312744
}