{
  "best_epoch": 43,
  "peak_worker_0_memory_MB": 2365.1484375,
  "peak_gpu_0_memory_MB": 75.88427734375,
  "training_duration": "0:00:20.843341",
  "training_start_epoch": 0,
  "training_epochs": 45,
  "epoch": 45,
  "training_accuracy": 0.9476716274603937,
  "training_loss": 0.4155161937002007,
  "training_worker_0_memory_MB": 2365.1484375,
  "training_gpu_0_memory_MB": 75.88427734375,
  "validation_accuracy": 0.7880794701986755,
  "validation_loss": 0.980326896905899,
  "best_validation_accuracy": 0.7847682119205298,
  "best_validation_loss": 0.9794044077396393
}