{
  "best_epoch": 54,
  "peak_worker_0_memory_MB": 2365.1484375,
  "peak_gpu_0_memory_MB": 75.88427734375,
  "training_duration": "0:00:24.950730",
  "training_start_epoch": 0,
  "training_epochs": 54,
  "epoch": 54,
  "training_accuracy": 0.971435429668747,
  "training_loss": 0.2502769943867021,
  "training_worker_0_memory_MB": 2365.1484375,
  "training_gpu_0_memory_MB": 75.88427734375,
  "validation_accuracy": 0.7996688741721855,
  "validation_loss": 0.9183289229869842,
  "best_validation_accuracy": 0.7996688741721855,
  "best_validation_loss": 0.9183289229869842
}