{
  "best_epoch": 14,
  "peak_worker_0_memory_MB": 2365.1484375,
  "peak_gpu_0_memory_MB": 75.88427734375,
  "training_duration": "0:00:06.789009",
  "training_start_epoch": 0,
  "training_epochs": 14,
  "epoch": 14,
  "training_accuracy": 0.628900624099856,
  "training_loss": 2.1707434099139147,
  "training_worker_0_memory_MB": 2365.1484375,
  "training_gpu_0_memory_MB": 75.88427734375,
  "validation_accuracy": 0.6854304635761589,
  "validation_loss": 1.8779636859893798,
  "best_validation_accuracy": 0.6854304635761589,
  "best_validation_loss": 1.8779636859893798
}