{
  "best_epoch": 32,
  "peak_worker_0_memory_MB": 2365.1484375,
  "peak_gpu_0_memory_MB": 75.88427734375,
  "training_duration": "0:00:14.939115",
  "training_start_epoch": 0,
  "training_epochs": 32,
  "epoch": 32,
  "training_accuracy": 0.8742198751800287,
  "training_loss": 0.830317939055785,
  "training_worker_0_memory_MB": 2365.1484375,
  "training_gpu_0_memory_MB": 75.88427734375,
  "validation_accuracy": 0.7698675496688742,
  "validation_loss": 1.0784729063510894,
  "best_validation_accuracy": 0.7698675496688742,
  "best_validation_loss": 1.0784729063510894
}