{
  "best_epoch": 66,
  "peak_worker_0_memory_MB": 2327.0078125,
  "peak_gpu_0_memory_MB": 69.92529296875,
  "training_duration": "0:00:17.601717",
  "training_start_epoch": 0,
  "training_epochs": 69,
  "epoch": 69,
  "training_accuracy": 0.7496700395952486,
  "training_loss": 1.0850476047231092,
  "training_worker_0_memory_MB": 2327.0078125,
  "training_gpu_0_memory_MB": 69.92529296875,
  "validation_accuracy": 0.7864238410596026,
  "validation_loss": 1.0733567953109742,
  "best_validation_accuracy": 0.7798013245033113,
  "best_validation_loss": 1.0665840983390809
}