{
  "best_epoch": 62,
  "peak_worker_0_memory_MB": 2327.0078125,
  "peak_gpu_0_memory_MB": 69.92529296875,
  "training_duration": "0:00:15.840694",
  "training_start_epoch": 0,
  "training_epochs": 62,
  "epoch": 62,
  "training_accuracy": 0.732072151341839,
  "training_loss": 1.167466474076112,
  "training_worker_0_memory_MB": 2327.0078125,
  "training_gpu_0_memory_MB": 69.92529296875,
  "validation_accuracy": 0.7764900662251656,
  "validation_loss": 1.130461972951889,
  "best_validation_accuracy": 0.7764900662251656,
  "best_validation_loss": 1.130461972951889
}