{
  "best_epoch": 89,
  "peak_worker_0_memory_MB": 2327.0078125,
  "peak_gpu_0_memory_MB": 69.92529296875,
  "training_duration": "0:00:23.563619",
  "training_start_epoch": 0,
  "training_epochs": 93,
  "epoch": 93,
  "training_accuracy": 0.7892652881654202,
  "training_loss": 0.8917181599471304,
  "training_worker_0_memory_MB": 2327.0078125,
  "training_gpu_0_memory_MB": 69.92529296875,
  "validation_accuracy": 0.7913907284768212,
  "validation_loss": 0.9671943426132202,
  "best_validation_accuracy": 0.7947019867549668,
  "best_validation_loss": 0.9559896886348724
}