{
  "best_epoch": 7,
  "peak_worker_0_memory_MB": 2327.0078125,
  "peak_gpu_0_memory_MB": 69.92529296875,
  "training_duration": "0:00:02.013234",
  "training_start_epoch": 0,
  "training_epochs": 7,
  "epoch": 7,
  "training_accuracy": 0.19731632204135505,
  "training_loss": 3.2602946062882743,
  "training_worker_0_memory_MB": 2327.0078125,
  "training_gpu_0_memory_MB": 69.92529296875,
  "validation_accuracy": 0.3526490066225166,
  "validation_loss": 3.083249402046204,
  "best_validation_accuracy": 0.3526490066225166,
  "best_validation_loss": 3.083249402046204
}