{
  "best_epoch": 28,
  "peak_worker_0_memory_MB": 2327.0078125,
  "peak_gpu_0_memory_MB": 69.92529296875,
  "training_duration": "0:00:07.298605",
  "training_start_epoch": 0,
  "training_epochs": 28,
  "epoch": 28,
  "training_accuracy": 0.5332160140783107,
  "training_loss": 2.0414110024770102,
  "training_worker_0_memory_MB": 2327.0078125,
  "training_gpu_0_memory_MB": 69.92529296875,
  "validation_accuracy": 0.6721854304635762,
  "validation_loss": 1.8342655897140503,
  "best_validation_accuracy": 0.6721854304635762,
  "best_validation_loss": 1.8342655897140503
}