{
  "best_epoch": 37,
  "peak_worker_0_memory_MB": 2371.23046875,
  "peak_gpu_0_memory_MB": 89.33056640625,
  "training_duration": "0:00:19.362116",
  "training_start_epoch": 0,
  "training_epochs": 43,
  "epoch": 43,
  "training_accuracy": 0.7043927028324531,
  "training_loss": 1.1469197605402415,
  "training_worker_0_memory_MB": 2371.23046875,
  "training_gpu_0_memory_MB": 89.33056640625,
  "validation_accuracy": 0.7913907284768212,
  "validation_loss": 1.0066537499427795,
  "best_validation_accuracy": 0.7880794701986755,
  "best_validation_loss": 1.0045155346393586
}