{
  "best_epoch": 3,
  "peak_worker_0_memory_MB": 2371.23046875,
  "peak_gpu_0_memory_MB": 89.33056640625,
  "training_duration": "0:00:01.752836",
  "training_start_epoch": 0,
  "training_epochs": 3,
  "epoch": 3,
  "training_accuracy": 0.17234757561209793,
  "training_loss": 3.4585740074856592,
  "training_worker_0_memory_MB": 2371.23046875,
  "training_gpu_0_memory_MB": 89.33056640625,
  "validation_accuracy": 0.45695364238410596,
  "validation_loss": 3.011860394477844,
  "best_validation_accuracy": 0.45695364238410596,
  "best_validation_loss": 3.011860394477844
}