{
  "best_epoch": 23,
  "peak_worker_0_memory_MB": 2371.23046875,
  "peak_gpu_0_memory_MB": 89.33056640625,
  "training_duration": "0:00:10.585758",
  "training_start_epoch": 0,
  "training_epochs": 23,
  "epoch": 23,
  "training_accuracy": 0.6036965914546327,
  "training_loss": 1.6441572558788853,
  "training_worker_0_memory_MB": 2371.23046875,
  "training_gpu_0_memory_MB": 89.33056640625,
  "validation_accuracy": 0.7665562913907285,
  "validation_loss": 1.1453912675380706,
  "best_validation_accuracy": 0.7665562913907285,
  "best_validation_loss": 1.1453912675380706
}