{
  "best_epoch": 5,
  "peak_worker_0_memory_MB": 2287.45703125,
  "peak_gpu_0_memory_MB": 30.3212890625,
  "training_duration": "0:00:01.776730",
  "training_start_epoch": 0,
  "training_epochs": 10,
  "epoch": 10,
  "training_accuracy": 0.9782699540325951,
  "training_loss": 0.09122163459266487,
  "training_worker_0_memory_MB": 2287.45703125,
  "training_gpu_0_memory_MB": 30.3212890625,
  "validation_accuracy": 0.7864238410596026,
  "validation_loss": 0.9606167554855347,
  "best_validation_accuracy": 0.7963576158940397,
  "best_validation_loss": 0.8841810524463654
}