{
  "best_epoch": 26,
  "peak_worker_0_memory_MB": 2313.5546875,
  "peak_gpu_0_memory_MB": 54.728515625,
  "training_duration": "0:00:06.036757",
  "training_start_epoch": 0,
  "training_epochs": 27,
  "epoch": 27,
  "training_accuracy": 0.9084238332844145,
  "training_loss": 0.5757953027884165,
  "training_worker_0_memory_MB": 2313.5546875,
  "training_gpu_0_memory_MB": 54.728515625,
  "validation_accuracy": 0.7781456953642384,
  "validation_loss": 1.0984335005283357,
  "best_validation_accuracy": 0.7731788079470199,
  "best_validation_loss": 1.089870709180832
}