{
  "best_epoch": 11,
  "peak_worker_0_memory_MB": 2313.5546875,
  "peak_gpu_0_memory_MB": 54.728515625,
  "training_duration": "0:00:02.532290",
  "training_start_epoch": 0,
  "training_epochs": 11,
  "epoch": 11,
  "training_accuracy": 0.66334018197828,
  "training_loss": 1.895782227869387,
  "training_worker_0_memory_MB": 2313.5546875,
  "training_gpu_0_memory_MB": 54.728515625,
  "validation_accuracy": 0.6307947019867549,
  "validation_loss": 2.0274115324020388,
  "best_validation_accuracy": 0.6307947019867549,
  "best_validation_loss": 2.0274115324020388
}