{
  "best_epoch": 11,
  "peak_worker_0_memory_MB": 0,
  "training_duration": "0:00:07.413267",
  "training_start_epoch": 0,
  "training_epochs": 11,
  "epoch": 11,
  "training_accuracy": 0.6408333333333334,
  "training_loss": 1.8528048578898113,
  "training_reg_loss": 0.0,
  "training_worker_0_memory_MB": 0.0,
  "validation_accuracy": 0.5916666666666667,
  "validation_loss": 2.14896097308711,
  "validation_reg_loss": 0.0,
  "best_validation_accuracy": 0.5916666666666667,
  "best_validation_loss": 2.14896097308711,
  "best_validation_reg_loss": 0.0
}