{
  "best_epoch": 29,
  "peak_worker_0_memory_MB": 0,
  "training_duration": "0:00:17.993837",
  "training_start_epoch": 0,
  "training_epochs": 29,
  "epoch": 29,
  "training_accuracy": 0.7641666666666667,
  "training_loss": 1.1733667723337808,
  "training_reg_loss": 0.0,
  "training_worker_0_memory_MB": 0.0,
  "validation_accuracy": 0.6966666666666667,
  "validation_loss": 1.5770739912986755,
  "validation_reg_loss": 0.0,
  "best_validation_accuracy": 0.6966666666666667,
  "best_validation_loss": 1.5770739912986755,
  "best_validation_reg_loss": 0.0
}