{
  "best_epoch": 23,
  "peak_worker_0_memory_MB": 2316.30078125,
  "peak_gpu_0_memory_MB": 62.47802734375,
  "training_duration": "0:00:06.541779",
  "training_start_epoch": 0,
  "training_epochs": 23,
  "epoch": 23,
  "training_accuracy": 0.559016393442623,
  "training_loss": 1.9211312354500614,
  "training_worker_0_memory_MB": 2316.30078125,
  "training_gpu_0_memory_MB": 62.47802734375,
  "validation_accuracy": 0.706953642384106,
  "validation_loss": 1.5354169607162476,
  "best_validation_accuracy": 0.706953642384106,
  "best_validation_loss": 1.5354169607162476
}