{
  "best_epoch": 46,
  "peak_worker_0_memory_MB": 2316.30078125,
  "peak_gpu_0_memory_MB": 62.47802734375,
  "training_duration": "0:00:12.857118",
  "training_start_epoch": 0,
  "training_epochs": 47,
  "epoch": 47,
  "training_accuracy": 0.7021077283372366,
  "training_loss": 1.2583571850363888,
  "training_worker_0_memory_MB": 2316.30078125,
  "training_gpu_0_memory_MB": 62.47802734375,
  "validation_accuracy": 0.7847682119205298,
  "validation_loss": 1.0652122974395752,
  "best_validation_accuracy": 0.7831125827814569,
  "best_validation_loss": 1.0486818552017212
}