{
  "best_epoch": 34,
  "peak_worker_0_memory_MB": 2316.30078125,
  "peak_gpu_0_memory_MB": 62.47802734375,
  "training_duration": "0:00:09.473291",
  "training_start_epoch": 0,
  "training_epochs": 34,
  "epoch": 34,
  "training_accuracy": 0.6412177985948477,
  "training_loss": 1.548661610973415,
  "training_worker_0_memory_MB": 2316.30078125,
  "training_gpu_0_memory_MB": 62.47802734375,
  "validation_accuracy": 0.7599337748344371,
  "validation_loss": 1.1916097581386567,
  "best_validation_accuracy": 0.7599337748344371,
  "best_validation_loss": 1.1916097581386567
}