{
  "best_epoch": 77,
  "peak_worker_0_memory_MB": 2316.30078125,
  "peak_gpu_0_memory_MB": 62.47802734375,
  "training_duration": "0:00:21.986531",
  "training_start_epoch": 0,
  "training_epochs": 82,
  "epoch": 82,
  "training_accuracy": 0.7885245901639344,
  "training_loss": 0.8627883431626789,
  "training_worker_0_memory_MB": 2316.30078125,
  "training_gpu_0_memory_MB": 62.47802734375,
  "validation_accuracy": 0.793046357615894,
  "validation_loss": 0.9221531689167023,
  "best_validation_accuracy": 0.793046357615894,
  "best_validation_loss": 0.8909895837306976
}