{
  "best_epoch": 17,
  "peak_worker_0_memory_MB": 2316.30078125,
  "peak_gpu_0_memory_MB": 62.47802734375,
  "training_duration": "0:00:04.906669",
  "training_start_epoch": 0,
  "training_epochs": 17,
  "epoch": 17,
  "training_accuracy": 0.4819672131147541,
  "training_loss": 2.266916315947006,
  "training_worker_0_memory_MB": 2316.30078125,
  "training_gpu_0_memory_MB": 62.47802734375,
  "validation_accuracy": 0.6721854304635762,
  "validation_loss": 1.8762849807739257,
  "best_validation_accuracy": 0.6721854304635762,
  "best_validation_loss": 1.8762849807739257
}