{
  "best_epoch": 61,
  "peak_worker_0_memory_MB": 2316.30078125,
  "peak_gpu_0_memory_MB": 62.47802734375,
  "training_duration": "0:00:18.046537",
  "training_start_epoch": 0,
  "training_epochs": 67,
  "epoch": 67,
  "training_accuracy": 0.7613583138173302,
  "training_loss": 0.9839783035107513,
  "training_worker_0_memory_MB": 2316.30078125,
  "training_gpu_0_memory_MB": 62.47802734375,
  "validation_accuracy": 0.7947019867549668,
  "validation_loss": 0.9463705956935883,
  "best_validation_accuracy": 0.7913907284768212,
  "best_validation_loss": 0.9288241058588028
}