{
  "best_epoch": 56,
  "peak_worker_0_memory_MB": 2316.30078125,
  "peak_gpu_0_memory_MB": 62.47802734375,
  "training_duration": "0:00:15.441235",
  "training_start_epoch": 0,
  "training_epochs": 57,
  "epoch": 57,
  "training_accuracy": 0.7381733021077284,
  "training_loss": 1.0796814427446964,
  "training_worker_0_memory_MB": 2316.30078125,
  "training_gpu_0_memory_MB": 62.47802734375,
  "validation_accuracy": 0.7864238410596026,
  "validation_loss": 0.9722764670848847,
  "best_validation_accuracy": 0.7864238410596026,
  "best_validation_loss": 0.9540571093559265
}