{
  "best_epoch": 2,
  "peak_worker_0_memory_MB": 2268.36328125,
  "peak_gpu_0_memory_MB": 8.73193359375,
  "training_duration": "0:00:01.656943",
  "training_start_epoch": 0,
  "training_epochs": 11,
  "epoch": 11,
  "training_accuracy": 0.9072294191391559,
  "training_loss": 0.3401291070407943,
  "training_worker_0_memory_MB": 2268.36328125,
  "training_gpu_0_memory_MB": 8.73193359375,
  "validation_accuracy": 0.8211920529801324,
  "validation_loss": 1.0068762302398682,
  "best_validation_accuracy": 0.8245033112582781,
  "best_validation_loss": 0.8781309694051742
}