{
  "best_epoch": 2,
  "peak_worker_0_memory_MB": 2316.046875,
  "peak_gpu_0_memory_MB": 62.47802734375,
  "training_duration": "0:00:00.857162",
  "training_start_epoch": 0,
  "training_epochs": 2,
  "epoch": 2,
  "training_accuracy": 0.11569086651053864,
  "training_loss": 3.9241838206106157,
  "training_worker_0_memory_MB": 2316.046875,
  "training_gpu_0_memory_MB": 62.47802734375,
  "validation_accuracy": 0.2367549668874172,
  "validation_loss": 3.7882155418395995,
  "best_validation_accuracy": 0.2367549668874172,
  "best_validation_loss": 3.7882155418395995
}