{
  "best_epoch": 87,
  "peak_worker_0_memory_MB": 2316.046875,
  "peak_gpu_0_memory_MB": 62.47802734375,
  "training_duration": "0:00:22.991285",
  "training_start_epoch": 0,
  "training_epochs": 87,
  "epoch": 87,
  "training_accuracy": 0.8259953161592506,
  "training_loss": 0.8573640184615975,
  "training_worker_0_memory_MB": 2316.046875,
  "training_gpu_0_memory_MB": 62.47802734375,
  "validation_accuracy": 0.7880794701986755,
  "validation_loss": 0.976839616894722,
  "best_validation_accuracy": 0.7880794701986755,
  "best_validation_loss": 0.976839616894722
}