{
  "best_epoch": 97,
  "peak_worker_0_memory_MB": 2316.046875,
  "peak_gpu_0_memory_MB": 62.47802734375,
  "training_duration": "0:00:26.139753",
  "training_start_epoch": 0,
  "training_epochs": 99,
  "epoch": 99,
  "training_accuracy": 0.8517564402810305,
  "training_loss": 0.7474269751292556,
  "training_worker_0_memory_MB": 2316.046875,
  "training_gpu_0_memory_MB": 62.47802734375,
  "validation_accuracy": 0.7897350993377483,
  "validation_loss": 0.9731903553009034,
  "best_validation_accuracy": 0.7880794701986755,
  "best_validation_loss": 0.961398184299469
}