{
  "best_epoch": 42,
  "peak_worker_0_memory_MB": 2316.046875,
  "peak_gpu_0_memory_MB": 62.47802734375,
  "training_duration": "0:00:11.337322",
  "training_start_epoch": 0,
  "training_epochs": 42,
  "epoch": 42,
  "training_accuracy": 0.6386416861826698,
  "training_loss": 1.7364817697610428,
  "training_worker_0_memory_MB": 2316.046875,
  "training_gpu_0_memory_MB": 62.47802734375,
  "validation_accuracy": 0.7052980132450332,
  "validation_loss": 1.5820502638816833,
  "best_validation_accuracy": 0.7052980132450332,
  "best_validation_loss": 1.5820502638816833
}