{
  "best_epoch": 62,
  "peak_worker_0_memory_MB": 2316.046875,
  "peak_gpu_0_memory_MB": 62.47802734375,
  "training_duration": "0:00:16.462213",
  "training_start_epoch": 0,
  "training_epochs": 62,
  "epoch": 62,
  "training_accuracy": 0.7559718969555035,
  "training_loss": 1.2200921409165681,
  "training_worker_0_memory_MB": 2316.046875,
  "training_gpu_0_memory_MB": 62.47802734375,
  "validation_accuracy": 0.7533112582781457,
  "validation_loss": 1.1970610737800598,
  "best_validation_accuracy": 0.7533112582781457,
  "best_validation_loss": 1.1970610737800598
}