{
  "best_epoch": 40,
  "peak_worker_0_memory_MB": 2316.046875,
  "peak_gpu_0_memory_MB": 62.47802734375,
  "training_duration": "0:00:10.831415",
  "training_start_epoch": 0,
  "training_epochs": 40,
  "epoch": 40,
  "training_accuracy": 0.6194379391100703,
  "training_loss": 1.8139049437508654,
  "training_worker_0_memory_MB": 2316.046875,
  "training_gpu_0_memory_MB": 62.47802734375,
  "validation_accuracy": 0.7019867549668874,
  "validation_loss": 1.6057883262634278,
  "best_validation_accuracy": 0.7019867549668874,
  "best_validation_loss": 1.6057883262634278
}