{
  "best_epoch": 39,
  "peak_worker_0_memory_MB": 2316.046875,
  "peak_gpu_0_memory_MB": 62.47802734375,
  "training_duration": "0:00:10.572883",
  "training_start_epoch": 0,
  "training_epochs": 39,
  "epoch": 39,
  "training_accuracy": 0.6124121779859485,
  "training_loss": 1.8418685144452906,
  "training_worker_0_memory_MB": 2316.046875,
  "training_gpu_0_memory_MB": 62.47802734375,
  "validation_accuracy": 0.6970198675496688,
  "validation_loss": 1.6546059370040893,
  "best_validation_accuracy": 0.6970198675496688,
  "best_validation_loss": 1.6546059370040893
}