{
  "best_epoch": 24,
  "peak_worker_0_memory_MB": 2268.36328125,
  "peak_gpu_0_memory_MB": 8.73193359375,
  "training_duration": "0:00:03.357081",
  "training_start_epoch": 0,
  "training_epochs": 24,
  "epoch": 24,
  "training_accuracy": 0.9055578771416631,
  "training_loss": 0.4093452892021129,
  "training_worker_0_memory_MB": 2268.36328125,
  "training_gpu_0_memory_MB": 8.73193359375,
  "validation_accuracy": 0.8327814569536424,
  "validation_loss": 0.8639295220375061,
  "best_validation_accuracy": 0.8327814569536424,
  "best_validation_loss": 0.8639295220375061
}