{
  "best_epoch": 95,
  "peak_worker_0_memory_MB": 2313.53515625,
  "peak_gpu_0_memory_MB": 54.728515625,
  "training_duration": "0:00:22.673854",
  "training_start_epoch": 0,
  "training_epochs": 96,
  "epoch": 96,
  "training_accuracy": 0.9404167889638979,
  "training_loss": 0.3312571579935374,
  "training_worker_0_memory_MB": 2313.53515625,
  "training_gpu_0_memory_MB": 54.728515625,
  "validation_accuracy": 0.7947019867549668,
  "validation_loss": 0.9531934201717377,
  "best_validation_accuracy": 0.7947019867549668,
  "best_validation_loss": 0.9163967490196228
}