{
  "best_epoch": 54,
  "peak_worker_0_memory_MB": 2313.53515625,
  "peak_gpu_0_memory_MB": 54.728515625,
  "training_duration": "0:00:12.916116",
  "training_start_epoch": 0,
  "training_epochs": 54,
  "epoch": 54,
  "training_accuracy": 0.8594071030231876,
  "training_loss": 0.8954494739020312,
  "training_worker_0_memory_MB": 2313.53515625,
  "training_gpu_0_memory_MB": 54.728515625,
  "validation_accuracy": 0.7599337748344371,
  "validation_loss": 1.2435431957244873,
  "best_validation_accuracy": 0.7599337748344371,
  "best_validation_loss": 1.2435431957244873
}