{
  "best_epoch": 5,
  "peak_worker_0_memory_MB": 2313.53515625,
  "peak_gpu_0_memory_MB": 54.728515625,
  "training_duration": "0:00:01.401482",
  "training_start_epoch": 0,
  "training_epochs": 5,
  "epoch": 5,
  "training_accuracy": 0.2365717640152627,
  "training_loss": 3.5047519030394376,
  "training_worker_0_memory_MB": 2313.53515625,
  "training_gpu_0_memory_MB": 54.728515625,
  "validation_accuracy": 0.2731788079470199,
  "validation_loss": 3.426946449279785,
  "best_validation_accuracy": 0.2731788079470199,
  "best_validation_loss": 3.426946449279785
}