{
  "best_epoch": 65,
  "peak_worker_0_memory_MB": 2313.53515625,
  "peak_gpu_0_memory_MB": 54.728515625,
  "training_duration": "0:00:15.473649",
  "training_start_epoch": 0,
  "training_epochs": 65,
  "epoch": 65,
  "training_accuracy": 0.8937481655415321,
  "training_loss": 0.6717147766440003,
  "training_worker_0_memory_MB": 2313.53515625,
  "training_gpu_0_memory_MB": 54.728515625,
  "validation_accuracy": 0.7715231788079471,
  "validation_loss": 1.1156358301639557,
  "best_validation_accuracy": 0.7715231788079471,
  "best_validation_loss": 1.1156358301639557
}