{
  "best_epoch": 21,
  "peak_worker_0_memory_MB": 2313.53515625,
  "peak_gpu_0_memory_MB": 54.728515625,
  "training_duration": "0:00:05.178382",
  "training_start_epoch": 0,
  "training_epochs": 21,
  "epoch": 21,
  "training_accuracy": 0.5248018784854711,
  "training_loss": 2.3929125158875078,
  "training_worker_0_memory_MB": 2313.53515625,
  "training_gpu_0_memory_MB": 54.728515625,
  "validation_accuracy": 0.5347682119205298,
  "validation_loss": 2.4565139055252074,
  "best_validation_accuracy": 0.5347682119205298,
  "best_validation_loss": 2.4565139055252074
}