{
  "best_epoch": 73,
  "peak_worker_0_memory_MB": 2313.53515625,
  "peak_gpu_0_memory_MB": 54.728515625,
  "training_duration": "0:00:17.323226",
  "training_start_epoch": 0,
  "training_epochs": 73,
  "epoch": 73,
  "training_accuracy": 0.9090108599941298,
  "training_loss": 0.5505077965833522,
  "training_worker_0_memory_MB": 2313.53515625,
  "training_gpu_0_memory_MB": 54.728515625,
  "validation_accuracy": 0.7781456953642384,
  "validation_loss": 1.0356671810150146,
  "best_validation_accuracy": 0.7781456953642384,
  "best_validation_loss": 1.0356671810150146
}