{
  "best_epoch": 27,
  "peak_worker_0_memory_MB": 0,
  "training_duration": "0:00:16.458059",
  "training_start_epoch": 0,
  "training_epochs": 28,
  "epoch": 28,
  "training_accuracy": 0.8754166666666666,
  "training_loss": 0.6986958426237107,
  "training_reg_loss": 0.0,
  "training_worker_0_memory_MB": 0.0,
  "validation_accuracy": 0.7583333333333333,
  "validation_loss": 1.2642667732740704,
  "validation_reg_loss": 0.0,
  "best_validation_accuracy": 0.7583333333333333,
  "best_validation_loss": 1.2539463670630204,
  "best_validation_reg_loss": 0.0
}