{
  "best_epoch": 26,
  "peak_worker_0_memory_MB": 2331.171875,
  "peak_gpu_0_memory_MB": 65.09326171875,
  "training_duration": "0:00:08.375111",
  "training_start_epoch": 0,
  "training_epochs": 33,
  "epoch": 33,
  "training_accuracy": 0.9562060889929742,
  "training_loss": 0.24852162199233896,
  "training_worker_0_memory_MB": 2331.171875,
  "training_gpu_0_memory_MB": 65.09326171875,
  "validation_accuracy": 0.8029801324503312,
  "validation_loss": 0.933392071723938,
  "best_validation_accuracy": 0.8029801324503312,
  "best_validation_loss": 0.8900654762983322
}