{
  "best_epoch": 14,
  "peak_worker_0_memory_MB": 2331.171875,
  "peak_gpu_0_memory_MB": 65.09326171875,
  "training_duration": "0:00:03.699144",
  "training_start_epoch": 0,
  "training_epochs": 14,
  "epoch": 14,
  "training_accuracy": 0.8585480093676815,
  "training_loss": 0.756647547679161,
  "training_worker_0_memory_MB": 2331.171875,
  "training_gpu_0_memory_MB": 65.09326171875,
  "validation_accuracy": 0.7831125827814569,
  "validation_loss": 1.0169782042503357,
  "best_validation_accuracy": 0.7831125827814569,
  "best_validation_loss": 1.0169782042503357
}