{
  "best_epoch": 46,
  "peak_worker_0_memory_MB": 2326.80078125,
  "peak_gpu_0_memory_MB": 69.92529296875,
  "training_duration": "0:00:13.621434",
  "training_start_epoch": 0,
  "training_epochs": 52,
  "epoch": 52,
  "training_accuracy": 0.9538055433347998,
  "training_loss": 0.2443931315922075,
  "training_worker_0_memory_MB": 2326.80078125,
  "training_gpu_0_memory_MB": 69.92529296875,
  "validation_accuracy": 0.8145695364238411,
  "validation_loss": 0.8826581120491028,
  "best_validation_accuracy": 0.8129139072847682,
  "best_validation_loss": 0.8542212456464767
}