{
  "best_epoch": 34,
  "peak_worker_0_memory_MB": 2326.80078125,
  "peak_gpu_0_memory_MB": 69.92529296875,
  "training_duration": "0:00:09.282009",
  "training_start_epoch": 0,
  "training_epochs": 35,
  "epoch": 35,
  "training_accuracy": 0.9190497140343159,
  "training_loss": 0.4642324112355709,
  "training_worker_0_memory_MB": 2326.80078125,
  "training_gpu_0_memory_MB": 69.92529296875,
  "validation_accuracy": 0.804635761589404,
  "validation_loss": 0.90476114153862,
  "best_validation_accuracy": 0.8029801324503312,
  "best_validation_loss": 0.8944641828536988
}