{
  "best_epoch": 8,
  "peak_worker_0_memory_MB": 0,
  "training_duration": "0:04:34.151676",
  "training_start_epoch": 0,
  "training_epochs": 10,
  "epoch": 10,
  "training_accuracy": 0.7555369828666946,
  "training_loss": 0.8512633999711589,
  "training_worker_0_memory_MB": 0.0,
  "validation_accuracy": 0.609271523178808,
  "validation_loss": 2.1094501614570618,
  "best_validation_accuracy": 0.6291390728476821,
  "best_validation_loss": 1.8803161144256593
}