{
  "best_epoch": 8,
  "peak_worker_0_memory_MB": 0,
  "training_duration": "0:04:56.510951",
  "training_start_epoch": 0,
  "training_epochs": 11,
  "epoch": 11,
  "training_accuracy": 0.7580442958629335,
  "training_loss": 0.8522555184991736,
  "training_worker_0_memory_MB": 0.0,
  "validation_accuracy": 0.6059602649006622,
  "validation_loss": 2.094549262523651,
  "best_validation_accuracy": 0.6291390728476821,
  "best_validation_loss": 1.8803161144256593
}