{
  "best_epoch": 16,
  "peak_worker_0_memory_MB": 2370.390625,
  "peak_gpu_0_memory_MB": 89.33056640625,
  "training_duration": "0:00:10.127340",
  "training_start_epoch": 0,
  "training_epochs": 20,
  "epoch": 20,
  "training_accuracy": 0.992198751800288,
  "training_loss": 0.07287566833027447,
  "training_worker_0_memory_MB": 2370.390625,
  "training_gpu_0_memory_MB": 89.33056640625,
  "validation_accuracy": 0.7963576158940397,
  "validation_loss": 0.926274299621582,
  "best_validation_accuracy": 0.7980132450331126,
  "best_validation_loss": 0.8877479016780854
}