{
  "best_epoch": 2,
  "peak_worker_0_memory_MB": 2370.390625,
  "peak_gpu_0_memory_MB": 89.33056640625,
  "training_duration": "0:00:01.438169",
  "training_start_epoch": 0,
  "training_epochs": 2,
  "epoch": 2,
  "training_accuracy": 0.5164426308209313,
  "training_loss": 2.688378091986853,
  "training_worker_0_memory_MB": 2370.390625,
  "training_gpu_0_memory_MB": 89.33056640625,
  "validation_accuracy": 0.6539735099337748,
  "validation_loss": 2.0481230854988097,
  "best_validation_accuracy": 0.6539735099337748,
  "best_validation_loss": 2.0481230854988097
}