{
  "best_epoch": 11,
  "peak_worker_0_memory_MB": 2370.390625,
  "peak_gpu_0_memory_MB": 89.33056640625,
  "training_duration": "0:00:06.285929",
  "training_start_epoch": 0,
  "training_epochs": 12,
  "epoch": 12,
  "training_accuracy": 0.9678348535765723,
  "training_loss": 0.27038828226673695,
  "training_worker_0_memory_MB": 2370.390625,
  "training_gpu_0_memory_MB": 89.33056640625,
  "validation_accuracy": 0.7897350993377483,
  "validation_loss": 0.9053871631622314,
  "best_validation_accuracy": 0.7897350993377483,
  "best_validation_loss": 0.8950868517160415
}