{
  "best_epoch": 5,
  "peak_worker_0_memory_MB": 2312.49609375,
  "peak_gpu_0_memory_MB": 51.84521484375,
  "training_duration": "0:00:03.340084",
  "training_start_epoch": 0,
  "training_epochs": 12,
  "epoch": 12,
  "training_accuracy": 0.9837024655244463,
  "training_loss": 0.05542134722743772,
  "training_worker_0_memory_MB": 2312.49609375,
  "training_gpu_0_memory_MB": 51.84521484375,
  "validation_accuracy": 0.7864238410596026,
  "validation_loss": 1.4803254425525665,
  "best_validation_accuracy": 0.7897350993377483,
  "best_validation_loss": 1.0288273572921753
}