{
  "best_epoch": 18,
  "peak_worker_0_memory_MB": 2326.80078125,
  "peak_gpu_0_memory_MB": 69.92529296875,
  "training_duration": "0:00:04.881790",
  "training_start_epoch": 0,
  "training_epochs": 18,
  "epoch": 18,
  "training_accuracy": 0.17421909370875496,
  "training_loss": 3.4081042408943176,
  "training_worker_0_memory_MB": 2326.80078125,
  "training_gpu_0_memory_MB": 69.92529296875,
  "validation_accuracy": 0.3211920529801324,
  "validation_loss": 3.14409601688385,
  "best_validation_accuracy": 0.3211920529801324,
  "best_validation_loss": 3.14409601688385
}