{
  "best_epoch": 42,
  "peak_worker_0_memory_MB": 2326.80078125,
  "peak_gpu_0_memory_MB": 69.92529296875,
  "training_duration": "0:00:11.065945",
  "training_start_epoch": 0,
  "training_epochs": 42,
  "epoch": 42,
  "training_accuracy": 0.2531896172459305,
  "training_loss": 3.006315032641093,
  "training_worker_0_memory_MB": 2326.80078125,
  "training_gpu_0_memory_MB": 69.92529296875,
  "validation_accuracy": 0.4602649006622517,
  "validation_loss": 2.6978113651275635,
  "best_validation_accuracy": 0.4602649006622517,
  "best_validation_loss": 2.6978113651275635
}