{
  "best_epoch": 27,
  "peak_worker_0_memory_MB": 2326.80078125,
  "peak_gpu_0_memory_MB": 69.92529296875,
  "training_duration": "0:00:08.952349",
  "training_start_epoch": 0,
  "training_epochs": 33,
  "epoch": 33,
  "training_accuracy": 0.9806423229212494,
  "training_loss": 0.10082765218491356,
  "training_worker_0_memory_MB": 2326.80078125,
  "training_gpu_0_memory_MB": 69.92529296875,
  "validation_accuracy": 0.8062913907284768,
  "validation_loss": 0.9383194208145141,
  "best_validation_accuracy": 0.8062913907284768,
  "best_validation_loss": 0.8543212249875068
}