{
  "best_epoch": 1,
  "peak_worker_0_memory_MB": 2319.734375,
  "peak_gpu_0_memory_MB": 51.08984375,
  "training_duration": "0:00:00.505476",
  "training_start_epoch": 0,
  "training_epochs": 1,
  "epoch": 1,
  "training_accuracy": 0.36416861826697894,
  "training_loss": 3.0173136120411885,
  "training_worker_0_memory_MB": 2319.734375,
  "training_gpu_0_memory_MB": 51.08984375,
  "validation_accuracy": 0.5,
  "validation_loss": 2.660852384567261,
  "best_validation_accuracy": 0.5,
  "best_validation_loss": 2.660852384567261
}