{
  "best_epoch": 6,
  "peak_worker_0_memory_MB": 2316.2890625,
  "peak_gpu_0_memory_MB": 62.47802734375,
  "training_duration": "0:00:01.806965",
  "training_start_epoch": 0,
  "training_epochs": 6,
  "epoch": 6,
  "training_accuracy": 0.44754098360655736,
  "training_loss": 2.6372855385737632,
  "training_worker_0_memory_MB": 2316.2890625,
  "training_gpu_0_memory_MB": 62.47802734375,
  "validation_accuracy": 0.5496688741721855,
  "validation_loss": 2.414080286026001,
  "best_validation_accuracy": 0.5496688741721855,
  "best_validation_loss": 2.414080286026001
}