{
  "best_epoch": 21,
  "peak_worker_0_memory_MB": 2316.2890625,
  "peak_gpu_0_memory_MB": 62.47802734375,
  "training_duration": "0:00:06.032054",
  "training_start_epoch": 0,
  "training_epochs": 22,
  "epoch": 22,
  "training_accuracy": 0.8573770491803279,
  "training_loss": 0.8246631533352297,
  "training_worker_0_memory_MB": 2316.2890625,
  "training_gpu_0_memory_MB": 62.47802734375,
  "validation_accuracy": 0.7814569536423841,
  "validation_loss": 1.1028470754623414,
  "best_validation_accuracy": 0.7731788079470199,
  "best_validation_loss": 1.0976180374622344
}