{
  "best_epoch": 38,
  "peak_worker_0_memory_MB": 2316.2890625,
  "peak_gpu_0_memory_MB": 62.47802734375,
  "training_duration": "0:00:10.707435",
  "training_start_epoch": 0,
  "training_epochs": 39,
  "epoch": 39,
  "training_accuracy": 0.9451990632318501,
  "training_loss": 0.3209847979136367,
  "training_worker_0_memory_MB": 2316.2890625,
  "training_gpu_0_memory_MB": 62.47802734375,
  "validation_accuracy": 0.8029801324503312,
  "validation_loss": 0.8953620195388794,
  "best_validation_accuracy": 0.804635761589404,
  "best_validation_loss": 0.8820148229598999
}