{
  "best_epoch": 56,
  "peak_worker_0_memory_MB": 2316.2890625,
  "peak_gpu_0_memory_MB": 62.47802734375,
  "training_duration": "0:00:17.482799",
  "training_start_epoch": 0,
  "training_epochs": 64,
  "epoch": 64,
  "training_accuracy": 0.9756440281030445,
  "training_loss": 0.13253018354524426,
  "training_worker_0_memory_MB": 2316.2890625,
  "training_gpu_0_memory_MB": 62.47802734375,
  "validation_accuracy": 0.8062913907284768,
  "validation_loss": 0.8719496488571167,
  "best_validation_accuracy": 0.804635761589404,
  "best_validation_loss": 0.84922836124897
}