{
  "best_epoch": 9,
  "peak_worker_0_memory_MB": 2316.2890625,
  "peak_gpu_0_memory_MB": 62.47802734375,
  "training_duration": "0:00:02.596143",
  "training_start_epoch": 0,
  "training_epochs": 9,
  "epoch": 9,
  "training_accuracy": 0.5857142857142857,
  "training_loss": 2.102696080706013,
  "training_worker_0_memory_MB": 2316.2890625,
  "training_gpu_0_memory_MB": 62.47802734375,
  "validation_accuracy": 0.6506622516556292,
  "validation_loss": 1.9278298020362854,
  "best_validation_accuracy": 0.6506622516556292,
  "best_validation_loss": 1.9278298020362854
}