{
  "best_epoch": 5,
  "peak_worker_0_memory_MB": 2316.54296875,
  "peak_gpu_0_memory_MB": 51.12255859375,
  "training_duration": "0:00:09.198728",
  "training_start_epoch": 0,
  "training_epochs": 13,
  "epoch": 13,
  "training_accuracy": 0.9068115336397827,
  "training_loss": 0.3492378070950508,
  "training_worker_0_memory_MB": 2316.54296875,
  "training_gpu_0_memory_MB": 51.12255859375,
  "validation_accuracy": 0.7963576158940397,
  "validation_loss": 1.3150759905576705,
  "best_validation_accuracy": 0.7814569536423841,
  "best_validation_loss": 1.0095661461353302
}