{
  "best_epoch": 2,
  "peak_worker_0_memory_MB": 2316.54296875,
  "peak_gpu_0_memory_MB": 51.12255859375,
  "training_duration": "0:00:01.942834",
  "training_start_epoch": 0,
  "training_epochs": 2,
  "epoch": 2,
  "training_accuracy": 0.5775177601337234,
  "training_loss": 1.9404463234700655,
  "training_worker_0_memory_MB": 2316.54296875,
  "training_gpu_0_memory_MB": 51.12255859375,
  "validation_accuracy": 0.7317880794701986,
  "validation_loss": 1.3505268454551698,
  "best_validation_accuracy": 0.7317880794701986,
  "best_validation_loss": 1.3505268454551698
}