{
  "best_epoch": 3,
  "peak_worker_0_memory_MB": 2316.54296875,
  "peak_gpu_0_memory_MB": 51.12255859375,
  "training_duration": "0:00:02.602317",
  "training_start_epoch": 0,
  "training_epochs": 3,
  "epoch": 3,
  "training_accuracy": 0.6757208524864187,
  "training_loss": 1.3856583661154698,
  "training_worker_0_memory_MB": 2316.54296875,
  "training_gpu_0_memory_MB": 51.12255859375,
  "validation_accuracy": 0.7533112582781457,
  "validation_loss": 1.1221694469451904,
  "best_validation_accuracy": 0.7533112582781457,
  "best_validation_loss": 1.1221694469451904
}