{
  "best_epoch": 5,
  "peak_worker_0_memory_MB": 2316.54296875,
  "peak_gpu_0_memory_MB": 51.12255859375,
  "training_duration": "0:00:07.884864",
  "training_start_epoch": 0,
  "training_epochs": 11,
  "epoch": 11,
  "training_accuracy": 0.8859172586711241,
  "training_loss": 0.4035534309713464,
  "training_worker_0_memory_MB": 2316.54296875,
  "training_gpu_0_memory_MB": 51.12255859375,
  "validation_accuracy": 0.7947019867549668,
  "validation_loss": 1.1700179159641266,
  "best_validation_accuracy": 0.7814569536423841,
  "best_validation_loss": 1.0095661461353302
}