{
  "best_epoch": 5,
  "peak_worker_0_memory_MB": 2316.54296875,
  "peak_gpu_0_memory_MB": 51.12255859375,
  "training_duration": "0:00:08.544459",
  "training_start_epoch": 0,
  "training_epochs": 12,
  "epoch": 12,
  "training_accuracy": 0.8926034266610948,
  "training_loss": 0.37855040340831403,
  "training_worker_0_memory_MB": 2316.54296875,
  "training_gpu_0_memory_MB": 51.12255859375,
  "validation_accuracy": 0.7913907284768212,
  "validation_loss": 1.2717911541461944,
  "best_validation_accuracy": 0.7814569536423841,
  "best_validation_loss": 1.0095661461353302
}