{
  "best_epoch": 2,
  "peak_worker_0_memory_MB": 2379.60546875,
  "peak_gpu_0_memory_MB": 89.33056640625,
  "training_duration": "0:00:01.460842",
  "training_start_epoch": 0,
  "training_epochs": 2,
  "epoch": 2,
  "training_accuracy": 0.5277244359097456,
  "training_loss": 2.336619745684034,
  "training_worker_0_memory_MB": 2379.60546875,
  "training_gpu_0_memory_MB": 89.33056640625,
  "validation_accuracy": 0.7119205298013245,
  "validation_loss": 1.5794053673744202,
  "best_validation_accuracy": 0.7119205298013245,
  "best_validation_loss": 1.5794053673744202
}