{
  "best_epoch": 6,
  "peak_worker_0_memory_MB": 2271.109375,
  "peak_gpu_0_memory_MB": 15.515625,
  "training_duration": "0:00:00.651783",
  "training_start_epoch": 0,
  "training_epochs": 6,
  "epoch": 6,
  "training_accuracy": 0.2014446227929374,
  "training_loss": 3.640877628326416,
  "training_worker_0_memory_MB": 2271.109375,
  "training_gpu_0_memory_MB": 15.515625,
  "validation_accuracy": 0.2980132450331126,
  "validation_loss": 3.5471184253692627,
  "best_validation_accuracy": 0.2980132450331126,
  "best_validation_loss": 3.5471184253692627
}