{
  "best_epoch": 43,
  "peak_worker_0_memory_MB": 2271.109375,
  "peak_gpu_0_memory_MB": 15.515625,
  "training_duration": "0:00:03.821447",
  "training_start_epoch": 0,
  "training_epochs": 43,
  "epoch": 43,
  "training_accuracy": 0.8659711075441413,
  "training_loss": 0.6792616128921509,
  "training_worker_0_memory_MB": 2271.109375,
  "training_gpu_0_memory_MB": 15.515625,
  "validation_accuracy": 0.8096026490066225,
  "validation_loss": 1.2351492285728454,
  "best_validation_accuracy": 0.8096026490066225,
  "best_validation_loss": 1.2351492285728454
}