{
  "best_epoch": 11,
  "peak_worker_0_memory_MB": 2273.39453125,
  "peak_gpu_0_memory_MB": 15.68994140625,
  "training_duration": "0:00:01.591975",
  "training_start_epoch": 0,
  "training_epochs": 17,
  "epoch": 17,
  "training_accuracy": 0.8796147672552167,
  "training_loss": 0.31426153108477595,
  "training_worker_0_memory_MB": 2273.39453125,
  "training_gpu_0_memory_MB": 15.68994140625,
  "validation_accuracy": 0.8145695364238411,
  "validation_loss": 1.1321655452251433,
  "best_validation_accuracy": 0.8129139072847682,
  "best_validation_loss": 1.0621691823005677
}