{
  "best_epoch": 22,
  "peak_worker_0_memory_MB": 2269.6796875,
  "peak_gpu_0_memory_MB": 15.416015625,
  "training_duration": "0:00:01.834133",
  "training_start_epoch": 0,
  "training_epochs": 22,
  "epoch": 22,
  "training_accuracy": 0.776083467094703,
  "training_loss": 1.4109600007534027,
  "training_worker_0_memory_MB": 2269.6796875,
  "training_gpu_0_memory_MB": 15.416015625,
  "validation_accuracy": 0.7715231788079471,
  "validation_loss": 1.6262433171272277,
  "best_validation_accuracy": 0.7715231788079471,
  "best_validation_loss": 1.6262433171272277
}