{
  "best_epoch": 48,
  "peak_worker_0_memory_MB": 2269.6796875,
  "peak_gpu_0_memory_MB": 15.416015625,
  "training_duration": "0:00:04.464399",
  "training_start_epoch": 0,
  "training_epochs": 55,
  "epoch": 55,
  "training_accuracy": 0.8780096308186196,
  "training_loss": 0.4026775948703289,
  "training_worker_0_memory_MB": 2269.6796875,
  "training_gpu_0_memory_MB": 15.416015625,
  "validation_accuracy": 0.804635761589404,
  "validation_loss": 1.1295207500457765,
  "best_validation_accuracy": 0.804635761589404,
  "best_validation_loss": 1.0931284427642822
}