{
  "best_epoch": 56,
  "peak_worker_0_memory_MB": 2269.6796875,
  "peak_gpu_0_memory_MB": 15.416015625,
  "training_duration": "0:00:04.788902",
  "training_start_epoch": 0,
  "training_epochs": 59,
  "epoch": 59,
  "training_accuracy": 0.8788121990369181,
  "training_loss": 0.3801778815686703,
  "training_worker_0_memory_MB": 2269.6796875,
  "training_gpu_0_memory_MB": 15.416015625,
  "validation_accuracy": 0.8112582781456954,
  "validation_loss": 1.1090532302856446,
  "best_validation_accuracy": 0.8062913907284768,
  "best_validation_loss": 1.0841020822525025
}