{
  "best_epoch": 27,
  "peak_worker_0_memory_MB": 2269.6796875,
  "peak_gpu_0_memory_MB": 15.416015625,
  "training_duration": "0:00:02.223923",
  "training_start_epoch": 0,
  "training_epochs": 27,
  "epoch": 27,
  "training_accuracy": 0.8234349919743178,
  "training_loss": 1.0376817405223846,
  "training_worker_0_memory_MB": 2269.6796875,
  "training_gpu_0_memory_MB": 15.416015625,
  "validation_accuracy": 0.7980132450331126,
  "validation_loss": 1.3606200695037842,
  "best_validation_accuracy": 0.7980132450331126,
  "best_validation_loss": 1.3606200695037842
}