{
  "best_epoch": 56,
  "peak_worker_0_memory_MB": 2269.6796875,
  "peak_gpu_0_memory_MB": 15.416015625,
  "training_duration": "0:00:04.949698",
  "training_start_epoch": 0,
  "training_epochs": 61,
  "epoch": 61,
  "training_accuracy": 0.8796147672552167,
  "training_loss": 0.37705484703183173,
  "training_worker_0_memory_MB": 2269.6796875,
  "training_gpu_0_memory_MB": 15.416015625,
  "validation_accuracy": 0.8096026490066225,
  "validation_loss": 1.1365607619285583,
  "best_validation_accuracy": 0.8062913907284768,
  "best_validation_loss": 1.0841020822525025
}