{
  "best_epoch": 32,
  "peak_worker_0_memory_MB": 2311.93359375,
  "peak_gpu_0_memory_MB": 51.12255859375,
  "training_duration": "0:00:23.433934",
  "training_start_epoch": 0,
  "training_epochs": 34,
  "epoch": 34,
  "training_accuracy": 0.46677810279983284,
  "training_loss": 3.4270945724688078,
  "training_worker_0_memory_MB": 2311.93359375,
  "training_gpu_0_memory_MB": 51.12255859375,
  "validation_accuracy": 0.7400662251655629,
  "validation_loss": 1.2391981720924377,
  "best_validation_accuracy": 0.7384105960264901,
  "best_validation_loss": 1.2095891416072846
}