{
  "best_epoch": 32,
  "peak_worker_0_memory_MB": 2311.93359375,
  "peak_gpu_0_memory_MB": 51.12255859375,
  "training_duration": "0:00:25.421095",
  "training_start_epoch": 0,
  "training_epochs": 37,
  "epoch": 37,
  "training_accuracy": 0.46510656080234014,
  "training_loss": 3.5442103210248446,
  "training_worker_0_memory_MB": 2311.93359375,
  "training_gpu_0_memory_MB": 51.12255859375,
  "validation_accuracy": 0.7450331125827815,
  "validation_loss": 1.2446342825889587,
  "best_validation_accuracy": 0.7384105960264901,
  "best_validation_loss": 1.2095891416072846
}