{
  "best_epoch": 4,
  "peak_worker_0_memory_MB": 2311.93359375,
  "peak_gpu_0_memory_MB": 51.12255859375,
  "training_duration": "0:00:03.493296",
  "training_start_epoch": 0,
  "training_epochs": 4,
  "epoch": 4,
  "training_accuracy": 0.2645215211032177,
  "training_loss": 3.268518843148884,
  "training_worker_0_memory_MB": 2311.93359375,
  "training_gpu_0_memory_MB": 51.12255859375,
  "validation_accuracy": 0.5099337748344371,
  "validation_loss": 2.283321666717529,
  "best_validation_accuracy": 0.5099337748344371,
  "best_validation_loss": 2.283321666717529
}