{
  "best_epoch": 30,
  "peak_worker_0_memory_MB": 2311.93359375,
  "peak_gpu_0_memory_MB": 51.12255859375,
  "training_duration": "0:00:21.424982",
  "training_start_epoch": 0,
  "training_epochs": 31,
  "epoch": 31,
  "training_accuracy": 0.4437944003343084,
  "training_loss": 3.7150729455445943,
  "training_worker_0_memory_MB": 2311.93359375,
  "training_gpu_0_memory_MB": 51.12255859375,
  "validation_accuracy": 0.7367549668874173,
  "validation_loss": 1.2424365639686585,
  "best_validation_accuracy": 0.7201986754966887,
  "best_validation_loss": 1.2315703332424164
}