{
  "best_epoch": 35,
  "peak_worker_0_memory_MB": 2313.53515625,
  "peak_gpu_0_memory_MB": 54.728515625,
  "training_duration": "0:00:09.194484",
  "training_start_epoch": 0,
  "training_epochs": 43,
  "epoch": 43,
  "training_accuracy": 0.9782800117405341,
  "training_loss": 0.11946200689783802,
  "training_worker_0_memory_MB": 2313.53515625,
  "training_gpu_0_memory_MB": 54.728515625,
  "validation_accuracy": 0.8096026490066225,
  "validation_loss": 0.8756940335035324,
  "best_validation_accuracy": 0.8096026490066225,
  "best_validation_loss": 0.8552155494689941
}