{
  "best_epoch": 15,
  "peak_worker_0_memory_MB": 2330.9140625,
  "peak_gpu_0_memory_MB": 65.09326171875,
  "training_duration": "0:00:04.271784",
  "training_start_epoch": 0,
  "training_epochs": 15,
  "epoch": 15,
  "training_accuracy": 0.4231850117096019,
  "training_loss": 2.7861321399460977,
  "training_worker_0_memory_MB": 2330.9140625,
  "training_gpu_0_memory_MB": 65.09326171875,
  "validation_accuracy": 0.4900662251655629,
  "validation_loss": 2.7248974561691286,
  "best_validation_accuracy": 0.4900662251655629,
  "best_validation_loss": 2.7248974561691286
}