{
  "best_epoch": 87,
  "peak_worker_0_memory_MB": 2330.91796875,
  "peak_gpu_0_memory_MB": 65.09326171875,
  "training_duration": "0:00:26.039784",
  "training_start_epoch": 0,
  "training_epochs": 95,
  "epoch": 95,
  "training_accuracy": 0.951288056206089,
  "training_loss": 0.2985649985163959,
  "training_worker_0_memory_MB": 2330.91796875,
  "training_gpu_0_memory_MB": 65.09326171875,
  "validation_accuracy": 0.7897350993377483,
  "validation_loss": 0.950739997625351,
  "best_validation_accuracy": 0.7847682119205298,
  "best_validation_loss": 0.9108203381299973
}