{
  "best_epoch": 68,
  "peak_worker_0_memory_MB": 2330.9140625,
  "peak_gpu_0_memory_MB": 65.09326171875,
  "training_duration": "0:00:18.736442",
  "training_start_epoch": 0,
  "training_epochs": 68,
  "epoch": 68,
  "training_accuracy": 0.9088992974238876,
  "training_loss": 0.5931395732644779,
  "training_worker_0_memory_MB": 2330.9140625,
  "training_gpu_0_memory_MB": 65.09326171875,
  "validation_accuracy": 0.7781456953642384,
  "validation_loss": 1.0488184630870818,
  "best_validation_accuracy": 0.7781456953642384,
  "best_validation_loss": 1.0488184630870818
}