{
  "best_epoch": 15,
  "peak_worker_0_memory_MB": 2286.5859375,
  "peak_gpu_0_memory_MB": 30.3212890625,
  "training_duration": "0:00:02.857418",
  "training_start_epoch": 0,
  "training_epochs": 17,
  "epoch": 17,
  "training_accuracy": 0.9034684496447973,
  "training_loss": 0.39446471631526947,
  "training_worker_0_memory_MB": 2286.5859375,
  "training_gpu_0_memory_MB": 30.3212890625,
  "validation_accuracy": 0.8029801324503312,
  "validation_loss": 0.8842520415782928,
  "best_validation_accuracy": 0.7980132450331126,
  "best_validation_loss": 0.8659596860408783
}