{
  "best_epoch": 19,
  "peak_worker_0_memory_MB": 2298.41015625,
  "peak_gpu_0_memory_MB": 50.91064453125,
  "training_duration": "0:00:13.979283",
  "training_start_epoch": 0,
  "training_epochs": 20,
  "epoch": 20,
  "training_accuracy": 0.7735060593397409,
  "training_loss": 0.8567721263358468,
  "training_worker_0_memory_MB": 2298.41015625,
  "training_gpu_0_memory_MB": 50.91064453125,
  "validation_accuracy": 0.7682119205298014,
  "validation_loss": 1.0567709863185883,
  "best_validation_accuracy": 0.7649006622516556,
  "best_validation_loss": 1.0337349772453308
}