{
  "best_epoch": 40,
  "peak_worker_0_memory_MB": 2317.37890625,
  "peak_gpu_0_memory_MB": 51.4853515625,
  "training_duration": "0:00:13.476601",
  "training_start_epoch": 0,
  "training_epochs": 48,
  "epoch": 48,
  "training_accuracy": 0.9871194379391101,
  "training_loss": 0.08705974909574238,
  "training_worker_0_memory_MB": 2317.37890625,
  "training_gpu_0_memory_MB": 51.4853515625,
  "validation_accuracy": 0.8029801324503312,
  "validation_loss": 0.881574958562851,
  "best_validation_accuracy": 0.8062913907284768,
  "best_validation_loss": 0.8775461345911026
}