{
  "best_epoch": 4,
  "peak_worker_0_memory_MB": 2317.37890625,
  "peak_gpu_0_memory_MB": 51.4853515625,
  "training_duration": "0:00:01.401368",
  "training_start_epoch": 0,
  "training_epochs": 4,
  "epoch": 4,
  "training_accuracy": 0.43372365339578456,
  "training_loss": 2.818986035105008,
  "training_worker_0_memory_MB": 2317.37890625,
  "training_gpu_0_memory_MB": 51.4853515625,
  "validation_accuracy": 0.5099337748344371,
  "validation_loss": 2.6689817905426025,
  "best_validation_accuracy": 0.5099337748344371,
  "best_validation_loss": 2.6689817905426025
}