{
  "best_epoch": 24,
  "peak_worker_0_memory_MB": 2317.37890625,
  "peak_gpu_0_memory_MB": 51.4853515625,
  "training_duration": "0:00:07.049320",
  "training_start_epoch": 0,
  "training_epochs": 24,
  "epoch": 24,
  "training_accuracy": 0.936768149882904,
  "training_loss": 0.40693321401503546,
  "training_worker_0_memory_MB": 2317.37890625,
  "training_gpu_0_memory_MB": 51.4853515625,
  "validation_accuracy": 0.7864238410596026,
  "validation_loss": 0.981873768568039,
  "best_validation_accuracy": 0.7864238410596026,
  "best_validation_loss": 0.981873768568039
}