{
  "best_epoch": 4,
  "peak_worker_0_memory_MB": 2313.53515625,
  "peak_gpu_0_memory_MB": 54.728515625,
  "training_duration": "0:00:01.031838",
  "training_start_epoch": 0,
  "training_epochs": 4,
  "epoch": 4,
  "training_accuracy": 0.6008218373936014,
  "training_loss": 2.116218814143428,
  "training_worker_0_memory_MB": 2313.53515625,
  "training_gpu_0_memory_MB": 54.728515625,
  "validation_accuracy": 0.6059602649006622,
  "validation_loss": 2.0839850187301634,
  "best_validation_accuracy": 0.6059602649006622,
  "best_validation_loss": 2.0839850187301634
}