{
  "best_epoch": 0,
  "peak_worker_0_memory_MB": 2313.53515625,
  "peak_gpu_0_memory_MB": 54.728515625,
  "training_duration": "0:00:00.202559",
  "training_start_epoch": 0,
  "training_epochs": 0,
  "epoch": 0,
  "training_accuracy": 0.14499559729967715,
  "training_loss": 3.9436365719194764,
  "training_worker_0_memory_MB": 2313.53515625,
  "training_gpu_0_memory_MB": 54.728515625,
  "validation_accuracy": 0.2847682119205298,
  "validation_loss": 3.5314183712005613,
  "best_validation_accuracy": 0.2847682119205298,
  "best_validation_loss": 3.5314183712005613
}