{
  "best_epoch": 5,
  "peak_worker_0_memory_MB": 2313.53515625,
  "peak_gpu_0_memory_MB": 54.728515625,
  "training_duration": "0:00:01.241147",
  "training_start_epoch": 0,
  "training_epochs": 5,
  "epoch": 5,
  "training_accuracy": 0.6903434106251835,
  "training_loss": 1.7497041159205966,
  "training_worker_0_memory_MB": 2313.53515625,
  "training_gpu_0_memory_MB": 54.728515625,
  "validation_accuracy": 0.6754966887417219,
  "validation_loss": 1.8042471408843994,
  "best_validation_accuracy": 0.6754966887417219,
  "best_validation_loss": 1.8042471408843994
}