{
  "best_epoch": 15,
  "peak_worker_0_memory_MB": 2287.45703125,
  "peak_gpu_0_memory_MB": 30.3212890625,
  "training_duration": "0:00:02.706140",
  "training_start_epoch": 0,
  "training_epochs": 15,
  "epoch": 15,
  "training_accuracy": 0.9452569995821145,
  "training_loss": 0.2795895098855621,
  "training_worker_0_memory_MB": 2287.45703125,
  "training_gpu_0_memory_MB": 30.3212890625,
  "validation_accuracy": 0.7980132450331126,
  "validation_loss": 0.8735248476266861,
  "best_validation_accuracy": 0.7980132450331126,
  "best_validation_loss": 0.8735248476266861
}