{
  "best_epoch": 4,
  "peak_worker_0_memory_MB": 2317.32421875,
  "peak_gpu_0_memory_MB": 51.12255859375,
  "training_duration": "0:00:03.293617",
  "training_start_epoch": 0,
  "training_epochs": 4,
  "epoch": 4,
  "training_accuracy": 0.13581278729628082,
  "training_loss": 3.8039576756326774,
  "training_worker_0_memory_MB": 2317.32421875,
  "training_gpu_0_memory_MB": 51.12255859375,
  "validation_accuracy": 0.22847682119205298,
  "validation_loss": 3.286080002784729,
  "best_validation_accuracy": 0.22847682119205298,
  "best_validation_loss": 3.286080002784729
}