{
  "best_epoch": 28,
  "peak_worker_0_memory_MB": 2317.32421875,
  "peak_gpu_0_memory_MB": 51.12255859375,
  "training_duration": "0:00:19.851988",
  "training_start_epoch": 0,
  "training_epochs": 29,
  "epoch": 29,
  "training_accuracy": 0.6698704554951943,
  "training_loss": 1.3003793390173661,
  "training_worker_0_memory_MB": 2317.32421875,
  "training_gpu_0_memory_MB": 51.12255859375,
  "validation_accuracy": 0.7649006622516556,
  "validation_loss": 1.006200408935547,
  "best_validation_accuracy": 0.7615894039735099,
  "best_validation_loss": 0.9987690150737762
}