{
  "best_epoch": 7,
  "peak_worker_0_memory_MB": 2317.32421875,
  "peak_gpu_0_memory_MB": 51.12255859375,
  "training_duration": "0:00:05.286985",
  "training_start_epoch": 0,
  "training_epochs": 7,
  "epoch": 7,
  "training_accuracy": 0.20768909318846637,
  "training_loss": 3.3276928098578202,
  "training_worker_0_memory_MB": 2317.32421875,
  "training_gpu_0_memory_MB": 51.12255859375,
  "validation_accuracy": 0.34105960264900664,
  "validation_loss": 2.8622767686843873,
  "best_validation_accuracy": 0.34105960264900664,
  "best_validation_loss": 2.8622767686843873
}