{
  "best_epoch": 5,
  "peak_worker_0_memory_MB": 2287.2109375,
  "peak_gpu_0_memory_MB": 30.3212890625,
  "training_duration": "0:00:00.900723",
  "training_start_epoch": 0,
  "training_epochs": 5,
  "epoch": 5,
  "training_accuracy": 0.9498537400752194,
  "training_loss": 0.24167695778765177,
  "training_worker_0_memory_MB": 2287.2109375,
  "training_gpu_0_memory_MB": 30.3212890625,
  "validation_accuracy": 0.7996688741721855,
  "validation_loss": 0.9013027966022491,
  "best_validation_accuracy": 0.7996688741721855,
  "best_validation_loss": 0.9013027966022491
}