{
  "best_epoch": 0,
  "peak_worker_0_memory_MB": 2268.36328125,
  "peak_gpu_0_memory_MB": 8.73193359375,
  "training_duration": "0:00:00.129257",
  "training_start_epoch": 0,
  "training_epochs": 0,
  "epoch": 0,
  "training_accuracy": 0.36899289594651064,
  "training_loss": 3.6371582746505737,
  "training_worker_0_memory_MB": 2268.36328125,
  "training_gpu_0_memory_MB": 8.73193359375,
  "validation_accuracy": 0.3791390728476821,
  "validation_loss": 3.0533727169036866,
  "best_validation_accuracy": 0.3791390728476821,
  "best_validation_loss": 3.0533727169036866
}