{
  "best_epoch": 13,
  "peak_worker_0_memory_MB": 2328.3125,
  "peak_gpu_0_memory_MB": 64.7041015625,
  "training_duration": "0:00:03.312596",
  "training_start_epoch": 0,
  "training_epochs": 13,
  "epoch": 13,
  "training_accuracy": 0.9203851573508689,
  "training_loss": 0.5231064851604291,
  "training_worker_0_memory_MB": 2328.3125,
  "training_gpu_0_memory_MB": 64.7041015625,
  "validation_accuracy": 0.7864238410596026,
  "validation_loss": 1.0559556245803834,
  "best_validation_accuracy": 0.7864238410596026,
  "best_validation_loss": 1.0559556245803834
}