{
  "best_epoch": 19,
  "peak_worker_0_memory_MB": 2328.3125,
  "peak_gpu_0_memory_MB": 64.7041015625,
  "training_duration": "0:00:05.209382",
  "training_start_epoch": 0,
  "training_epochs": 21,
  "epoch": 21,
  "training_accuracy": 0.966416157820573,
  "training_loss": 0.2104973555056017,
  "training_worker_0_memory_MB": 2328.3125,
  "training_gpu_0_memory_MB": 64.7041015625,
  "validation_accuracy": 0.7980132450331126,
  "validation_loss": 0.9696236312389374,
  "best_validation_accuracy": 0.7963576158940397,
  "best_validation_loss": 0.941884559392929
}