{
  "best_epoch": 7,
  "peak_worker_0_memory_MB": 2328.3125,
  "peak_gpu_0_memory_MB": 64.7041015625,
  "training_duration": "0:00:01.891232",
  "training_start_epoch": 0,
  "training_epochs": 7,
  "epoch": 7,
  "training_accuracy": 0.7757162987317989,
  "training_loss": 1.327409608150596,
  "training_worker_0_memory_MB": 2328.3125,
  "training_gpu_0_memory_MB": 64.7041015625,
  "validation_accuracy": 0.7284768211920529,
  "validation_loss": 1.4583212971687316,
  "best_validation_accuracy": 0.7284768211920529,
  "best_validation_loss": 1.4583212971687316
}