{
  "best_epoch": 3,
  "peak_worker_0_memory_MB": 2328.3125,
  "peak_gpu_0_memory_MB": 64.7041015625,
  "training_duration": "0:00:00.942491",
  "training_start_epoch": 0,
  "training_epochs": 3,
  "epoch": 3,
  "training_accuracy": 0.4776890558947863,
  "training_loss": 2.614395817713951,
  "training_worker_0_memory_MB": 2328.3125,
  "training_gpu_0_memory_MB": 64.7041015625,
  "validation_accuracy": 0.543046357615894,
  "validation_loss": 2.439387392997742,
  "best_validation_accuracy": 0.543046357615894,
  "best_validation_loss": 2.439387392997742
}