{
  "best_epoch": 5,
  "peak_worker_0_memory_MB": 2306.8046875,
  "peak_gpu_0_memory_MB": 47.58251953125,
  "training_duration": "0:00:01.916943",
  "training_start_epoch": 0,
  "training_epochs": 7,
  "epoch": 7,
  "training_accuracy": 0.9176765566234851,
  "training_loss": 0.33989247954205465,
  "training_worker_0_memory_MB": 2306.8046875,
  "training_gpu_0_memory_MB": 47.58251953125,
  "validation_accuracy": 0.7847682119205298,
  "validation_loss": 1.1447333931922912,
  "best_validation_accuracy": 0.7864238410596026,
  "best_validation_loss": 1.099030762910843
}