{
  "best_epoch": 15,
  "peak_worker_0_memory_MB": 2287.08203125,
  "peak_gpu_0_memory_MB": 30.3212890625,
  "training_duration": "0:00:02.875093",
  "training_start_epoch": 0,
  "training_epochs": 17,
  "epoch": 17,
  "training_accuracy": 0.9711659005432511,
  "training_loss": 0.15483296623355464,
  "training_worker_0_memory_MB": 2287.08203125,
  "training_gpu_0_memory_MB": 30.3212890625,
  "validation_accuracy": 0.7996688741721855,
  "validation_loss": 0.8765354692935944,
  "best_validation_accuracy": 0.8013245033112583,
  "best_validation_loss": 0.8596571147441864
}