{
  "best_epoch": 8,
  "peak_worker_0_memory_MB": 2287.08203125,
  "peak_gpu_0_memory_MB": 30.3212890625,
  "training_duration": "0:00:01.420143",
  "training_start_epoch": 0,
  "training_epochs": 8,
  "epoch": 8,
  "training_accuracy": 0.8875888006686168,
  "training_loss": 0.5539851580795488,
  "training_worker_0_memory_MB": 2287.08203125,
  "training_gpu_0_memory_MB": 30.3212890625,
  "validation_accuracy": 0.7847682119205298,
  "validation_loss": 0.988838130235672,
  "best_validation_accuracy": 0.7847682119205298,
  "best_validation_loss": 0.988838130235672
}