{
  "best_epoch": 1,
  "peak_worker_0_memory_MB": 2287.08203125,
  "peak_gpu_0_memory_MB": 30.3212890625,
  "training_duration": "0:00:00.306959",
  "training_start_epoch": 0,
  "training_epochs": 1,
  "epoch": 1,
  "training_accuracy": 0.3786042624320936,
  "training_loss": 2.81398616339031,
  "training_worker_0_memory_MB": 2287.08203125,
  "training_gpu_0_memory_MB": 30.3212890625,
  "validation_accuracy": 0.46192052980132453,
  "validation_loss": 2.630827307701111,
  "best_validation_accuracy": 0.46192052980132453,
  "best_validation_loss": 2.630827307701111
}