{
  "best_epoch": 2,
  "peak_worker_0_memory_MB": 2379.60546875,
  "peak_gpu_0_memory_MB": 89.33056640625,
  "training_duration": "0:00:01.469600",
  "training_start_epoch": 0,
  "training_epochs": 2,
  "epoch": 2,
  "training_accuracy": 0.492678828612578,
  "training_loss": 2.4420568233227913,
  "training_worker_0_memory_MB": 2379.60546875,
  "training_gpu_0_memory_MB": 89.33056640625,
  "validation_accuracy": 0.7036423841059603,
  "validation_loss": 1.632522201538086,
  "best_validation_accuracy": 0.7036423841059603,
  "best_validation_loss": 1.632522201538086
}