{
  "best_epoch": 0,
  "peak_worker_0_memory_MB": 2316.54296875,
  "peak_gpu_0_memory_MB": 51.12255859375,
  "training_duration": "0:00:00.643664",
  "training_start_epoch": 0,
  "training_epochs": 0,
  "epoch": 0,
  "training_accuracy": 0.13957375679063935,
  "training_loss": 3.7080244390588057,
  "training_worker_0_memory_MB": 2316.54296875,
  "training_gpu_0_memory_MB": 51.12255859375,
  "validation_accuracy": 0.28642384105960267,
  "validation_loss": 3.1973527908325194,
  "best_validation_accuracy": 0.28642384105960267,
  "best_validation_loss": 3.1973527908325194
}