{
  "best_epoch": 10,
  "peak_worker_0_memory_MB": 2312.765625,
  "peak_gpu_0_memory_MB": 51.84521484375,
  "training_duration": "0:00:04.647609",
  "training_start_epoch": 0,
  "training_epochs": 18,
  "epoch": 18,
  "training_accuracy": 0.9323025491015462,
  "training_loss": 0.24517031259050495,
  "training_worker_0_memory_MB": 2312.765625,
  "training_gpu_0_memory_MB": 51.84521484375,
  "validation_accuracy": 0.793046357615894,
  "validation_loss": 1.241948139667511,
  "best_validation_accuracy": 0.7996688741721855,
  "best_validation_loss": 1.0225191444158555
}