{
  "best_epoch": 5,
  "peak_worker_0_memory_MB": 2312.765625,
  "peak_gpu_0_memory_MB": 51.84521484375,
  "training_duration": "0:00:01.464716",
  "training_start_epoch": 0,
  "training_epochs": 5,
  "epoch": 5,
  "training_accuracy": 0.6585875470121186,
  "training_loss": 1.6413418054580688,
  "training_worker_0_memory_MB": 2312.765625,
  "training_gpu_0_memory_MB": 51.84521484375,
  "validation_accuracy": 0.7168874172185431,
  "validation_loss": 1.51673743724823,
  "best_validation_accuracy": 0.7168874172185431,
  "best_validation_loss": 1.51673743724823
}