{
  "best_epoch": 15,
  "peak_worker_0_memory_MB": 2328.29296875,
  "peak_gpu_0_memory_MB": 64.7041015625,
  "training_duration": "0:00:04.262833",
  "training_start_epoch": 0,
  "training_epochs": 15,
  "epoch": 15,
  "training_accuracy": 0.9436355096289337,
  "training_loss": 0.362769492748958,
  "training_worker_0_memory_MB": 2328.29296875,
  "training_gpu_0_memory_MB": 64.7041015625,
  "validation_accuracy": 0.7913907284768212,
  "validation_loss": 1.008956390619278,
  "best_validation_accuracy": 0.7913907284768212,
  "best_validation_loss": 1.008956390619278
}