{
  "best_epoch": 19,
  "peak_worker_0_memory_MB": 2328.29296875,
  "peak_gpu_0_memory_MB": 64.7041015625,
  "training_duration": "0:00:05.907398",
  "training_start_epoch": 0,
  "training_epochs": 21,
  "epoch": 21,
  "training_accuracy": 0.9713480507280413,
  "training_loss": 0.180999534566011,
  "training_worker_0_memory_MB": 2328.29296875,
  "training_gpu_0_memory_MB": 64.7041015625,
  "validation_accuracy": 0.7996688741721855,
  "validation_loss": 0.9649297833442688,
  "best_validation_accuracy": 0.7996688741721855,
  "best_validation_loss": 0.9425958812236785
}