{
  "best_epoch": 9,
  "peak_worker_0_memory_MB": 2328.29296875,
  "peak_gpu_0_memory_MB": 64.7041015625,
  "training_duration": "0:00:02.647939",
  "training_start_epoch": 0,
  "training_epochs": 9,
  "epoch": 9,
  "training_accuracy": 0.8607327383748239,
  "training_loss": 0.9052741447491433,
  "training_worker_0_memory_MB": 2328.29296875,
  "training_gpu_0_memory_MB": 64.7041015625,
  "validation_accuracy": 0.7549668874172185,
  "validation_loss": 1.261701411008835,
  "best_validation_accuracy": 0.7549668874172185,
  "best_validation_loss": 1.261701411008835
}