{
  "best_epoch": 36,
  "peak_worker_0_memory_MB": 2330.921875,
  "peak_gpu_0_memory_MB": 65.09326171875,
  "training_duration": "0:00:10.947658",
  "training_start_epoch": 0,
  "training_epochs": 40,
  "epoch": 40,
  "training_accuracy": 0.9887587822014051,
  "training_loss": 0.07014685202000746,
  "training_worker_0_memory_MB": 2330.921875,
  "training_gpu_0_memory_MB": 65.09326171875,
  "validation_accuracy": 0.8013245033112583,
  "validation_loss": 0.8651631981134414,
  "best_validation_accuracy": 0.8029801324503312,
  "best_validation_loss": 0.8552150160074234
}