{
  "best_epoch": 26,
  "peak_worker_0_memory_MB": 2330.921875,
  "peak_gpu_0_memory_MB": 65.09326171875,
  "training_duration": "0:00:07.778091",
  "training_start_epoch": 0,
  "training_epochs": 28,
  "epoch": 28,
  "training_accuracy": 0.9742388758782201,
  "training_loss": 0.15603663616660815,
  "training_worker_0_memory_MB": 2330.921875,
  "training_gpu_0_memory_MB": 65.09326171875,
  "validation_accuracy": 0.804635761589404,
  "validation_loss": 0.8975117266178131,
  "best_validation_accuracy": 0.8079470198675497,
  "best_validation_loss": 0.8630153208971023
}