{
  "best_epoch": 7,
  "peak_worker_0_memory_MB": 2318.11328125,
  "peak_gpu_0_memory_MB": 51.84521484375,
  "training_duration": "0:00:02.144527",
  "training_start_epoch": 0,
  "training_epochs": 7,
  "epoch": 7,
  "training_accuracy": 0.6468867530296699,
  "training_loss": 1.7625114572675604,
  "training_worker_0_memory_MB": 2318.11328125,
  "training_gpu_0_memory_MB": 51.84521484375,
  "validation_accuracy": 0.6887417218543046,
  "validation_loss": 1.6996940612792968,
  "best_validation_accuracy": 0.6887417218543046,
  "best_validation_loss": 1.6996940612792968
}