{
  "best_epoch": 4,
  "peak_worker_0_memory_MB": 2318.11328125,
  "peak_gpu_0_memory_MB": 51.84521484375,
  "training_duration": "0:00:01.339256",
  "training_start_epoch": 0,
  "training_epochs": 4,
  "epoch": 4,
  "training_accuracy": 0.47555369828666944,
  "training_loss": 2.4522412419319153,
  "training_worker_0_memory_MB": 2318.11328125,
  "training_gpu_0_memory_MB": 51.84521484375,
  "validation_accuracy": 0.5496688741721855,
  "validation_loss": 2.3388756036758425,
  "best_validation_accuracy": 0.5496688741721855,
  "best_validation_loss": 2.3388756036758425
}