{
  "best_epoch": 3,
  "peak_worker_0_memory_MB": 2318.11328125,
  "peak_gpu_0_memory_MB": 51.84521484375,
  "training_duration": "0:00:01.079631",
  "training_start_epoch": 0,
  "training_epochs": 3,
  "epoch": 3,
  "training_accuracy": 0.38946928541579606,
  "training_loss": 2.8074535884355245,
  "training_worker_0_memory_MB": 2318.11328125,
  "training_gpu_0_memory_MB": 51.84521484375,
  "validation_accuracy": 0.49834437086092714,
  "validation_loss": 2.597116303443909,
  "best_validation_accuracy": 0.49834437086092714,
  "best_validation_loss": 2.597116303443909
}