{
  "best_epoch": 9,
  "peak_worker_0_memory_MB": 2370.390625,
  "peak_gpu_0_memory_MB": 89.33056640625,
  "training_duration": "0:00:07.706581",
  "training_start_epoch": 0,
  "training_epochs": 15,
  "epoch": 15,
  "training_accuracy": 0.9925588094095055,
  "training_loss": 0.062710661938741,
  "training_worker_0_memory_MB": 2370.390625,
  "training_gpu_0_memory_MB": 89.33056640625,
  "validation_accuracy": 0.7980132450331126,
  "validation_loss": 0.939545813202858,
  "best_validation_accuracy": 0.7963576158940397,
  "best_validation_loss": 0.8777959764003753
}