{
  "best_epoch": 4,
  "peak_worker_0_memory_MB": 2370.390625,
  "peak_gpu_0_memory_MB": 89.33056640625,
  "training_duration": "0:00:02.394429",
  "training_start_epoch": 0,
  "training_epochs": 4,
  "epoch": 4,
  "training_accuracy": 0.8167306769083054,
  "training_loss": 1.0620501000462597,
  "training_worker_0_memory_MB": 2370.390625,
  "training_gpu_0_memory_MB": 89.33056640625,
  "validation_accuracy": 0.7798013245033113,
  "validation_loss": 1.0467863857746125,
  "best_validation_accuracy": 0.7798013245033113,
  "best_validation_loss": 1.0467863857746125
}