{
  "best_epoch": 25,
  "peak_worker_0_memory_MB": 2365.1484375,
  "peak_gpu_0_memory_MB": 75.88427734375,
  "training_duration": "0:00:16.024543",
  "training_start_epoch": 0,
  "training_epochs": 34,
  "epoch": 34,
  "training_accuracy": 0.9920787325972156,
  "training_loss": 0.05946212429695457,
  "training_worker_0_memory_MB": 2365.1484375,
  "training_gpu_0_memory_MB": 75.88427734375,
  "validation_accuracy": 0.8096026490066225,
  "validation_loss": 0.959031057357788,
  "best_validation_accuracy": 0.8062913907284768,
  "best_validation_loss": 0.881388708949089
}