{
  "best_epoch": 13,
  "peak_worker_0_memory_MB": 2365.1484375,
  "peak_gpu_0_memory_MB": 75.88427734375,
  "training_duration": "0:00:06.418993",
  "training_start_epoch": 0,
  "training_epochs": 13,
  "epoch": 13,
  "training_accuracy": 0.9062650024003841,
  "training_loss": 0.6267577889766401,
  "training_worker_0_memory_MB": 2365.1484375,
  "training_gpu_0_memory_MB": 75.88427734375,
  "validation_accuracy": 0.7864238410596026,
  "validation_loss": 0.9815222740173339,
  "best_validation_accuracy": 0.7864238410596026,
  "best_validation_loss": 0.9815222740173339
}