{
  "best_epoch": 25,
  "peak_worker_0_memory_MB": 2365.1484375,
  "peak_gpu_0_memory_MB": 75.88427734375,
  "training_duration": "0:00:12.370117",
  "training_start_epoch": 0,
  "training_epochs": 26,
  "epoch": 26,
  "training_accuracy": 0.9859577532405185,
  "training_loss": 0.12184383755706193,
  "training_worker_0_memory_MB": 2365.1484375,
  "training_gpu_0_memory_MB": 75.88427734375,
  "validation_accuracy": 0.8096026490066225,
  "validation_loss": 0.9087410211563111,
  "best_validation_accuracy": 0.8062913907284768,
  "best_validation_loss": 0.881388708949089
}