{
  "best_epoch": 3,
  "peak_worker_0_memory_MB": 2311.1015625,
  "peak_gpu_0_memory_MB": 43.572265625,
  "training_duration": "0:00:00.941183",
  "training_start_epoch": 0,
  "training_epochs": 3,
  "epoch": 3,
  "training_accuracy": 0.5885245901639344,
  "training_loss": 2.094789428497428,
  "training_worker_0_memory_MB": 2311.1015625,
  "training_gpu_0_memory_MB": 43.572265625,
  "validation_accuracy": 0.6572847682119205,
  "validation_loss": 1.7764791250228882,
  "best_validation_accuracy": 0.6572847682119205,
  "best_validation_loss": 1.7764791250228882
}