{
  "best_epoch": 7,
  "peak_worker_0_memory_MB": 2311.1015625,
  "peak_gpu_0_memory_MB": 43.572265625,
  "training_duration": "0:00:01.913831",
  "training_start_epoch": 0,
  "training_epochs": 7,
  "epoch": 7,
  "training_accuracy": 0.8206088992974239,
  "training_loss": 0.9604939649354166,
  "training_worker_0_memory_MB": 2311.1015625,
  "training_gpu_0_memory_MB": 43.572265625,
  "validation_accuracy": 0.7698675496688742,
  "validation_loss": 1.080333060026169,
  "best_validation_accuracy": 0.7698675496688742,
  "best_validation_loss": 1.080333060026169
}