{
  "best_epoch": 4,
  "peak_worker_0_memory_MB": 2311.41796875,
  "peak_gpu_0_memory_MB": 43.572265625,
  "training_duration": "0:00:01.281106",
  "training_start_epoch": 0,
  "training_epochs": 4,
  "epoch": 4,
  "training_accuracy": 0.27985948477751754,
  "training_loss": 3.187650242848183,
  "training_worker_0_memory_MB": 2311.41796875,
  "training_gpu_0_memory_MB": 43.572265625,
  "validation_accuracy": 0.3990066225165563,
  "validation_loss": 3.0163435697555543,
  "best_validation_accuracy": 0.3990066225165563,
  "best_validation_loss": 3.0163435697555543
}