{
  "best_epoch": 21,
  "peak_worker_0_memory_MB": 2311.41796875,
  "peak_gpu_0_memory_MB": 43.572265625,
  "training_duration": "0:00:05.730910",
  "training_start_epoch": 0,
  "training_epochs": 21,
  "epoch": 21,
  "training_accuracy": 0.7639344262295082,
  "training_loss": 1.2994399133013255,
  "training_worker_0_memory_MB": 2311.41796875,
  "training_gpu_0_memory_MB": 43.572265625,
  "validation_accuracy": 0.7301324503311258,
  "validation_loss": 1.341754138469696,
  "best_validation_accuracy": 0.7301324503311258,
  "best_validation_loss": 1.341754138469696
}