{
  "best_epoch": 60,
  "peak_worker_0_memory_MB": 2311.41796875,
  "peak_gpu_0_memory_MB": 43.572265625,
  "training_duration": "0:00:17.532100",
  "training_start_epoch": 0,
  "training_epochs": 67,
  "epoch": 67,
  "training_accuracy": 0.968384074941452,
  "training_loss": 0.20330571694605387,
  "training_worker_0_memory_MB": 2311.41796875,
  "training_gpu_0_memory_MB": 43.572265625,
  "validation_accuracy": 0.7980132450331126,
  "validation_loss": 0.9231248378753663,
  "best_validation_accuracy": 0.7963576158940397,
  "best_validation_loss": 0.8813254266977311
}