{
  "best_epoch": 11,
  "peak_worker_0_memory_MB": 2314.08984375,
  "peak_gpu_0_memory_MB": 51.12255859375,
  "training_duration": "0:00:09.451572",
  "training_start_epoch": 0,
  "training_epochs": 13,
  "epoch": 13,
  "training_accuracy": 0.8361888842457167,
  "training_loss": 0.5877117389126828,
  "training_worker_0_memory_MB": 2314.08984375,
  "training_gpu_0_memory_MB": 51.12255859375,
  "validation_accuracy": 0.7798013245033113,
  "validation_loss": 0.9859504103660583,
  "best_validation_accuracy": 0.7781456953642384,
  "best_validation_loss": 0.9349365532398224
}