{
  "best_epoch": 11,
  "peak_worker_0_memory_MB": 2314.08984375,
  "peak_gpu_0_memory_MB": 51.12255859375,
  "training_duration": "0:00:11.491612",
  "training_start_epoch": 0,
  "training_epochs": 16,
  "epoch": 16,
  "training_accuracy": 0.8671124111993314,
  "training_loss": 0.4819196227349733,
  "training_worker_0_memory_MB": 2314.08984375,
  "training_gpu_0_memory_MB": 51.12255859375,
  "validation_accuracy": 0.7847682119205298,
  "validation_loss": 1.0851552367210389,
  "best_validation_accuracy": 0.7781456953642384,
  "best_validation_loss": 0.9349365532398224
}