{
  "best_epoch": 16,
  "peak_worker_0_memory_MB": 2316.30078125,
  "peak_gpu_0_memory_MB": 62.47802734375,
  "training_duration": "0:00:05.113421",
  "training_start_epoch": 0,
  "training_epochs": 19,
  "epoch": 19,
  "training_accuracy": 0.768384074941452,
  "training_loss": 0.8594894333561854,
  "training_worker_0_memory_MB": 2316.30078125,
  "training_gpu_0_memory_MB": 62.47802734375,
  "validation_accuracy": 0.8096026490066225,
  "validation_loss": 0.9186129450798035,
  "best_validation_accuracy": 0.7963576158940397,
  "best_validation_loss": 0.8878171443939209
}