{
  "best_epoch": 31,
  "peak_worker_0_memory_MB": 2326.74609375,
  "peak_gpu_0_memory_MB": 69.92529296875,
  "training_duration": "0:00:08.480844",
  "training_start_epoch": 0,
  "training_epochs": 31,
  "epoch": 31,
  "training_accuracy": 0.8979322481302243,
  "training_loss": 0.6686777834677033,
  "training_worker_0_memory_MB": 2326.74609375,
  "training_gpu_0_memory_MB": 69.92529296875,
  "validation_accuracy": 0.7748344370860927,
  "validation_loss": 1.106993281841278,
  "best_validation_accuracy": 0.7748344370860927,
  "best_validation_loss": 1.106993281841278
}