{
  "best_epoch": 51,
  "peak_worker_0_memory_MB": 2326.74609375,
  "peak_gpu_0_memory_MB": 69.92529296875,
  "training_duration": "0:00:13.986649",
  "training_start_epoch": 0,
  "training_epochs": 52,
  "epoch": 52,
  "training_accuracy": 0.9619445666520018,
  "training_loss": 0.24391206954088476,
  "training_worker_0_memory_MB": 2326.74609375,
  "training_gpu_0_memory_MB": 69.92529296875,
  "validation_accuracy": 0.8013245033112583,
  "validation_loss": 0.9066764414310455,
  "best_validation_accuracy": 0.8013245033112583,
  "best_validation_loss": 0.8939755499362946
}