{
  "best_epoch": 71,
  "peak_worker_0_memory_MB": 2326.74609375,
  "peak_gpu_0_memory_MB": 69.92529296875,
  "training_duration": "0:00:19.216533",
  "training_start_epoch": 0,
  "training_epochs": 72,
  "epoch": 72,
  "training_accuracy": 0.9793224813022438,
  "training_loss": 0.11670682241674513,
  "training_worker_0_memory_MB": 2326.74609375,
  "training_gpu_0_memory_MB": 69.92529296875,
  "validation_accuracy": 0.804635761589404,
  "validation_loss": 0.8698176264762878,
  "best_validation_accuracy": 0.8062913907284768,
  "best_validation_loss": 0.8539419561624527
}