{
  "best_epoch": 90,
  "peak_worker_0_memory_MB": 0,
  "training_duration": "0:00:53.192450",
  "training_start_epoch": 0,
  "training_epochs": 92,
  "epoch": 92,
  "training_accuracy": 0.8741666666666666,
  "training_loss": 0.5687950108448664,
  "training_reg_loss": 0.0,
  "training_worker_0_memory_MB": 0.0,
  "validation_accuracy": 0.7616666666666667,
  "validation_loss": 1.196139301124372,
  "validation_reg_loss": 0.0,
  "best_validation_accuracy": 0.7616666666666667,
  "best_validation_loss": 1.1926634813609875,
  "best_validation_reg_loss": 0.0
}