{
  "best_epoch": 95,
  "peak_worker_0_memory_MB": 0,
  "training_duration": "0:00:57.201132",
  "training_start_epoch": 0,
  "training_epochs": 99,
  "epoch": 99,
  "training_accuracy": 0.8795833333333334,
  "training_loss": 0.5426181280612945,
  "training_reg_loss": 0.0,
  "training_worker_0_memory_MB": 0.0,
  "validation_accuracy": 0.7633333333333333,
  "validation_loss": 1.1871978358218545,
  "validation_reg_loss": 0.0,
  "best_validation_accuracy": 0.7633333333333333,
  "best_validation_loss": 1.1856224380041425,
  "best_validation_reg_loss": 0.0
}