{
  "best_epoch": 10,
  "peak_worker_0_memory_MB": 2298.41015625,
  "peak_gpu_0_memory_MB": 50.91064453125,
  "training_duration": "0:00:07.355820",
  "training_start_epoch": 0,
  "training_epochs": 10,
  "epoch": 10,
  "training_accuracy": 0.6343501880484748,
  "training_loss": 1.5467081885588796,
  "training_worker_0_memory_MB": 2298.41015625,
  "training_gpu_0_memory_MB": 50.91064453125,
  "validation_accuracy": 0.7317880794701986,
  "validation_loss": 1.3113943099975587,
  "best_validation_accuracy": 0.7317880794701986,
  "best_validation_loss": 1.3113943099975587
}