{
  "best_epoch": 0,
  "peak_worker_0_memory_MB": 2370.390625,
  "peak_gpu_0_memory_MB": 89.33056640625,
  "training_duration": "0:00:00.463493",
  "training_start_epoch": 0,
  "training_epochs": 0,
  "epoch": 0,
  "training_accuracy": 0.2624819971195391,
  "training_loss": 3.6155815215511176,
  "training_worker_0_memory_MB": 2370.390625,
  "training_gpu_0_memory_MB": 89.33056640625,
  "validation_accuracy": 0.5397350993377483,
  "validation_loss": 2.6921666145324705,
  "best_validation_accuracy": 0.5397350993377483,
  "best_validation_loss": 2.6921666145324705
}