{
  "best_epoch": 61,
  "peak_worker_0_memory_MB": 0,
  "training_duration": "0:00:08.369796",
  "training_start_epoch": 0,
  "training_epochs": 68,
  "epoch": 68,
  "training_accuracy": 0.7888307155322862,
  "training_loss": 0.6697466803921593,
  "training_reg_loss": 0.0,
  "training_worker_0_memory_MB": 0.0,
  "validation_accuracy": 0.32903225806451614,
  "validation_loss": 3.1069089571634927,
  "validation_reg_loss": 0.0,
  "best_validation_accuracy": 0.32903225806451614,
  "best_validation_loss": 2.8596068223317466,
  "best_validation_reg_loss": 0.0
}