{
  "best_epoch": 7,
  "peak_worker_0_memory_MB": 2317.984375,
  "peak_gpu_0_memory_MB": 51.84521484375,
  "training_duration": "0:00:04.902868",
  "training_start_epoch": 0,
  "training_epochs": 16,
  "epoch": 16,
  "training_accuracy": 0.9565399080651902,
  "training_loss": 0.16565697934282453,
  "training_worker_0_memory_MB": 2317.984375,
  "training_gpu_0_memory_MB": 51.84521484375,
  "validation_accuracy": 0.8029801324503312,
  "validation_loss": 1.4096542716026306,
  "best_validation_accuracy": 0.793046357615894,
  "best_validation_loss": 1.0585420429706573
}