{
  "best_epoch": 8,
  "peak_worker_0_memory_MB": 2370.390625,
  "peak_gpu_0_memory_MB": 89.33056640625,
  "training_duration": "0:00:04.455519",
  "training_start_epoch": 0,
  "training_epochs": 8,
  "epoch": 8,
  "training_accuracy": 0.5740518482957273,
  "training_loss": 2.4416665739685524,
  "training_worker_0_memory_MB": 2370.390625,
  "training_gpu_0_memory_MB": 89.33056640625,
  "validation_accuracy": 0.6705298013245033,
  "validation_loss": 2.022150766849518,
  "best_validation_accuracy": 0.6705298013245033,
  "best_validation_loss": 2.022150766849518
}