{
  "best_epoch": 25,
  "peak_worker_0_memory_MB": 2370.390625,
  "peak_gpu_0_memory_MB": 89.33056640625,
  "training_duration": "0:00:13.316415",
  "training_start_epoch": 0,
  "training_epochs": 26,
  "epoch": 26,
  "training_accuracy": 0.914546327412386,
  "training_loss": 0.5956632044479138,
  "training_worker_0_memory_MB": 2370.390625,
  "training_gpu_0_memory_MB": 89.33056640625,
  "validation_accuracy": 0.7831125827814569,
  "validation_loss": 0.978537791967392,
  "best_validation_accuracy": 0.7814569536423841,
  "best_validation_loss": 0.9620099157094956
}