{
  "best_epoch": 19,
  "peak_worker_0_memory_MB": 2271.109375,
  "peak_gpu_0_memory_MB": 15.515625,
  "training_duration": "0:00:02.385448",
  "training_start_epoch": 0,
  "training_epochs": 27,
  "epoch": 27,
  "training_accuracy": 0.8828250401284109,
  "training_loss": 0.3240502908825874,
  "training_worker_0_memory_MB": 2271.109375,
  "training_gpu_0_memory_MB": 15.515625,
  "validation_accuracy": 0.8178807947019867,
  "validation_loss": 1.1566172063350677,
  "best_validation_accuracy": 0.8145695364238411,
  "best_validation_loss": 1.1178922295570373
}