{
  "best_epoch": 19,
  "peak_worker_0_memory_MB": 2271.109375,
  "peak_gpu_0_memory_MB": 15.515625,
  "training_duration": "0:00:02.122467",
  "training_start_epoch": 0,
  "training_epochs": 24,
  "epoch": 24,
  "training_accuracy": 0.8796147672552167,
  "training_loss": 0.3467799946665764,
  "training_worker_0_memory_MB": 2271.109375,
  "training_gpu_0_memory_MB": 15.515625,
  "validation_accuracy": 0.8162251655629139,
  "validation_loss": 1.1670725405216218,
  "best_validation_accuracy": 0.8145695364238411,
  "best_validation_loss": 1.1178922295570373
}