{
  "best_epoch": 19,
  "peak_worker_0_memory_MB": 2271.109375,
  "peak_gpu_0_memory_MB": 15.515625,
  "training_duration": "0:00:02.467655",
  "training_start_epoch": 0,
  "training_epochs": 28,
  "epoch": 28,
  "training_accuracy": 0.8868378812199037,
  "training_loss": 0.31501889005303385,
  "training_worker_0_memory_MB": 2271.109375,
  "training_gpu_0_memory_MB": 15.515625,
  "validation_accuracy": 0.8162251655629139,
  "validation_loss": 1.1923776507377624,
  "best_validation_accuracy": 0.8145695364238411,
  "best_validation_loss": 1.1178922295570373
}