{
  "best_epoch": 0,
  "peak_worker_0_memory_MB": 2319.734375,
  "peak_gpu_0_memory_MB": 51.08984375,
  "training_duration": "0:00:00.242318",
  "training_start_epoch": 0,
  "training_epochs": 0,
  "epoch": 0,
  "training_accuracy": 0.17306791569086652,
  "training_loss": 3.9589419863117277,
  "training_worker_0_memory_MB": 2319.734375,
  "training_gpu_0_memory_MB": 51.08984375,
  "validation_accuracy": 0.3162251655629139,
  "validation_loss": 3.5515299320220945,
  "best_validation_accuracy": 0.3162251655629139,
  "best_validation_loss": 3.5515299320220945
}