{
  "best_epoch": 14,
  "peak_worker_0_memory_MB": 2319.734375,
  "peak_gpu_0_memory_MB": 51.08984375,
  "training_duration": "0:00:03.848550",
  "training_start_epoch": 0,
  "training_epochs": 14,
  "epoch": 14,
  "training_accuracy": 0.9021077283372365,
  "training_loss": 0.5955927976921424,
  "training_worker_0_memory_MB": 2319.734375,
  "training_gpu_0_memory_MB": 51.08984375,
  "validation_accuracy": 0.7847682119205298,
  "validation_loss": 0.9939064979553223,
  "best_validation_accuracy": 0.7847682119205298,
  "best_validation_loss": 0.9939064979553223
}