{
  "best_epoch": 26,
  "peak_worker_0_memory_MB": 2319.734375,
  "peak_gpu_0_memory_MB": 51.08984375,
  "training_duration": "0:00:07.745258",
  "training_start_epoch": 0,
  "training_epochs": 29,
  "epoch": 29,
  "training_accuracy": 0.9817330210772833,
  "training_loss": 0.13855495559635447,
  "training_worker_0_memory_MB": 2319.734375,
  "training_gpu_0_memory_MB": 51.08984375,
  "validation_accuracy": 0.7996688741721855,
  "validation_loss": 0.9141161680221558,
  "best_validation_accuracy": 0.7963576158940397,
  "best_validation_loss": 0.883912268280983
}