{
  "best_epoch": 63,
  "peak_worker_0_memory_MB": 2313.4765625,
  "peak_gpu_0_memory_MB": 54.728515625,
  "training_duration": "0:00:33.426574",
  "training_start_epoch": 0,
  "training_epochs": 65,
  "epoch": 65,
  "training_accuracy": 0.9712356912239507,
  "training_loss": 0.15165894561343723,
  "training_worker_0_memory_MB": 2313.4765625,
  "training_gpu_0_memory_MB": 54.728515625,
  "validation_accuracy": 0.8029801324503312,
  "validation_loss": 0.8683857679367065,
  "best_validation_accuracy": 0.8013245033112583,
  "best_validation_loss": 0.8675097942352294
}