{
  "best_epoch": 73,
  "peak_worker_0_memory_MB": 2313.4765625,
  "peak_gpu_0_memory_MB": 54.728515625,
  "training_duration": "0:00:35.720252",
  "training_start_epoch": 0,
  "training_epochs": 75,
  "epoch": 75,
  "training_accuracy": 0.9788670384502495,
  "training_loss": 0.11114314867666474,
  "training_worker_0_memory_MB": 2313.4765625,
  "training_gpu_0_memory_MB": 54.728515625,
  "validation_accuracy": 0.804635761589404,
  "validation_loss": 0.8696124851703644,
  "best_validation_accuracy": 0.8029801324503312,
  "best_validation_loss": 0.8589249551296234
}