{
  "best_epoch": 50,
  "peak_worker_0_memory_MB": 2313.4765625,
  "peak_gpu_0_memory_MB": 54.728515625,
  "training_duration": "0:00:30.883145",
  "training_start_epoch": 0,
  "training_epochs": 54,
  "epoch": 54,
  "training_accuracy": 0.9603756970942178,
  "training_loss": 0.2225252560995243,
  "training_worker_0_memory_MB": 2313.4765625,
  "training_gpu_0_memory_MB": 54.728515625,
  "validation_accuracy": 0.8029801324503312,
  "validation_loss": 0.8735468208789825,
  "best_validation_accuracy": 0.7980132450331126,
  "best_validation_loss": 0.8727081835269928
}