{
  "best_epoch": 56,
  "peak_worker_0_memory_MB": 2313.4765625,
  "peak_gpu_0_memory_MB": 54.728515625,
  "training_duration": "0:00:32.277408",
  "training_start_epoch": 0,
  "training_epochs": 60,
  "epoch": 60,
  "training_accuracy": 0.9650719107719401,
  "training_loss": 0.1795263071027067,
  "training_worker_0_memory_MB": 2313.4765625,
  "training_gpu_0_memory_MB": 54.728515625,
  "validation_accuracy": 0.804635761589404,
  "validation_loss": 0.8910971820354462,
  "best_validation_accuracy": 0.8013245033112583,
  "best_validation_loss": 0.8682169377803802
}