{
  "best_epoch": 25,
  "peak_worker_0_memory_MB": 2313.4765625,
  "peak_gpu_0_memory_MB": 54.728515625,
  "training_duration": "0:00:16.718062",
  "training_start_epoch": 0,
  "training_epochs": 25,
  "epoch": 25,
  "training_accuracy": 0.8690930437334898,
  "training_loss": 0.8219432096790384,
  "training_worker_0_memory_MB": 2313.4765625,
  "training_gpu_0_memory_MB": 54.728515625,
  "validation_accuracy": 0.7649006622516556,
  "validation_loss": 1.1960220634937286,
  "best_validation_accuracy": 0.7649006622516556,
  "best_validation_loss": 1.1960220634937286
}