{
  "best_epoch": 3,
  "peak_worker_0_memory_MB": 2327.01171875,
  "peak_gpu_0_memory_MB": 69.92529296875,
  "training_duration": "0:00:01.064302",
  "training_start_epoch": 0,
  "training_epochs": 3,
  "epoch": 3,
  "training_accuracy": 0.34249890013198414,
  "training_loss": 2.9014277226395078,
  "training_worker_0_memory_MB": 2327.01171875,
  "training_gpu_0_memory_MB": 69.92529296875,
  "validation_accuracy": 0.45364238410596025,
  "validation_loss": 2.7013902187347414,
  "best_validation_accuracy": 0.45364238410596025,
  "best_validation_loss": 2.7013902187347414
}