{
  "best_epoch": 22,
  "peak_worker_0_memory_MB": 2327.01171875,
  "peak_gpu_0_memory_MB": 69.92529296875,
  "training_duration": "0:00:06.195905",
  "training_start_epoch": 0,
  "training_epochs": 22,
  "epoch": 22,
  "training_accuracy": 0.9298284205895293,
  "training_loss": 0.45412629894498324,
  "training_worker_0_memory_MB": 2327.01171875,
  "training_gpu_0_memory_MB": 69.92529296875,
  "validation_accuracy": 0.793046357615894,
  "validation_loss": 0.9380753338336945,
  "best_validation_accuracy": 0.793046357615894,
  "best_validation_loss": 0.9380753338336945
}