{
  "best_epoch": 32,
  "peak_worker_0_memory_MB": 0,
  "training_duration": "0:01:53.498123",
  "training_start_epoch": 0,
  "training_epochs": 36,
  "epoch": 36,
  "training_accuracy": 0.6435436690346845,
  "training_loss": 1.4354812942053143,
  "training_reg_loss": 0.0,
  "training_worker_0_memory_MB": 0.0,
  "validation_accuracy": 0.5579470198675497,
  "validation_loss": 2.047579514980316,
  "validation_reg_loss": 0.0,
  "best_validation_accuracy": 0.5513245033112583,
  "best_validation_loss": 2.002622354030609,
  "best_validation_reg_loss": 0.0
}