{
  "best_epoch": 12,
  "peak_worker_0_memory_MB": 0,
  "training_duration": "0:00:38.669469",
  "training_start_epoch": 0,
  "training_epochs": 12,
  "epoch": 12,
  "training_accuracy": 0.5432511491851233,
  "training_loss": 1.9699099189356755,
  "training_reg_loss": 0.0,
  "training_worker_0_memory_MB": 0.0,
  "validation_accuracy": 0.5231788079470199,
  "validation_loss": 2.1683563351631165,
  "validation_reg_loss": 0.0,
  "best_validation_accuracy": 0.5231788079470199,
  "best_validation_loss": 2.1683563351631165,
  "best_validation_reg_loss": 0.0
}