{
  "best_epoch": 87,
  "peak_worker_0_memory_MB": 2316.55078125,
  "peak_gpu_0_memory_MB": 62.47802734375,
  "training_duration": "0:00:26.354947",
  "training_start_epoch": 0,
  "training_epochs": 96,
  "epoch": 96,
  "training_accuracy": 0.5864168618266979,
  "training_loss": 1.5367664365626093,
  "training_worker_0_memory_MB": 2316.55078125,
  "training_gpu_0_memory_MB": 62.47802734375,
  "validation_accuracy": 0.7748344370860927,
  "validation_loss": 1.0331395268440247,
  "best_validation_accuracy": 0.7731788079470199,
  "best_validation_loss": 0.99359070956707
}