{
  "best_epoch": 29,
  "peak_worker_0_memory_MB": 2316.55078125,
  "peak_gpu_0_memory_MB": 62.47802734375,
  "training_duration": "0:00:08.130593",
  "training_start_epoch": 0,
  "training_epochs": 29,
  "epoch": 29,
  "training_accuracy": 0.4208430913348946,
  "training_loss": 2.345598653181275,
  "training_worker_0_memory_MB": 2316.55078125,
  "training_gpu_0_memory_MB": 62.47802734375,
  "validation_accuracy": 0.6970198675496688,
  "validation_loss": 1.6707017779350282,
  "best_validation_accuracy": 0.6970198675496688,
  "best_validation_loss": 1.6707017779350282
}