{
  "best_epoch": 46,
  "peak_worker_0_memory_MB": 2316.55078125,
  "peak_gpu_0_memory_MB": 62.47802734375,
  "training_duration": "0:00:13.021069",
  "training_start_epoch": 0,
  "training_epochs": 47,
  "epoch": 47,
  "training_accuracy": 0.5081967213114754,
  "training_loss": 1.9866362881304613,
  "training_worker_0_memory_MB": 2316.55078125,
  "training_gpu_0_memory_MB": 62.47802734375,
  "validation_accuracy": 0.7466887417218543,
  "validation_loss": 1.3194385528564454,
  "best_validation_accuracy": 0.7417218543046358,
  "best_validation_loss": 1.3036930441856385
}