{
  "best_epoch": 55,
  "peak_worker_0_memory_MB": 2316.55078125,
  "peak_gpu_0_memory_MB": 62.47802734375,
  "training_duration": "0:00:15.178573",
  "training_start_epoch": 0,
  "training_epochs": 55,
  "epoch": 55,
  "training_accuracy": 0.5206088992974239,
  "training_loss": 1.8827284076320592,
  "training_worker_0_memory_MB": 2316.55078125,
  "training_gpu_0_memory_MB": 62.47802734375,
  "validation_accuracy": 0.7566225165562914,
  "validation_loss": 1.1874018371105195,
  "best_validation_accuracy": 0.7566225165562914,
  "best_validation_loss": 1.1874018371105195
}