{
  "best_epoch": 9,
  "peak_worker_0_memory_MB": 2370.390625,
  "peak_gpu_0_memory_MB": 89.33056640625,
  "training_duration": "0:00:04.801658",
  "training_start_epoch": 0,
  "training_epochs": 9,
  "epoch": 9,
  "training_accuracy": 0.9733557369179069,
  "training_loss": 0.23015347259645244,
  "training_worker_0_memory_MB": 2370.390625,
  "training_gpu_0_memory_MB": 89.33056640625,
  "validation_accuracy": 0.804635761589404,
  "validation_loss": 0.8784660637378693,
  "best_validation_accuracy": 0.804635761589404,
  "best_validation_loss": 0.8784660637378693
}