{
  "best_epoch": 7,
  "peak_worker_0_memory_MB": 2370.390625,
  "peak_gpu_0_memory_MB": 89.33056640625,
  "training_duration": "0:00:03.820731",
  "training_start_epoch": 0,
  "training_epochs": 7,
  "epoch": 7,
  "training_accuracy": 0.9452712433989439,
  "training_loss": 0.41345289190306916,
  "training_worker_0_memory_MB": 2370.390625,
  "training_gpu_0_memory_MB": 89.33056640625,
  "validation_accuracy": 0.7913907284768212,
  "validation_loss": 0.9228085577487946,
  "best_validation_accuracy": 0.7913907284768212,
  "best_validation_loss": 0.9228085577487946
}