{
  "best_epoch": 1,
  "peak_worker_0_memory_MB": 2312.765625,
  "peak_gpu_0_memory_MB": 51.84521484375,
  "training_duration": "0:00:00.464779",
  "training_start_epoch": 0,
  "training_epochs": 1,
  "epoch": 1,
  "training_accuracy": 0.367321353949018,
  "training_loss": 2.9679054021835327,
  "training_worker_0_memory_MB": 2312.765625,
  "training_gpu_0_memory_MB": 51.84521484375,
  "validation_accuracy": 0.49834437086092714,
  "validation_loss": 2.5459688663482667,
  "best_validation_accuracy": 0.49834437086092714,
  "best_validation_loss": 2.5459688663482667
}