{
  "best_epoch": 3,
  "peak_worker_0_memory_MB": 2312.765625,
  "peak_gpu_0_memory_MB": 51.84521484375,
  "training_duration": "0:00:00.950260",
  "training_start_epoch": 0,
  "training_epochs": 3,
  "epoch": 3,
  "training_accuracy": 0.6782281654826577,
  "training_loss": 1.6502149167813753,
  "training_worker_0_memory_MB": 2312.765625,
  "training_gpu_0_memory_MB": 51.84521484375,
  "validation_accuracy": 0.6754966887417219,
  "validation_loss": 1.635228204727173,
  "best_validation_accuracy": 0.6754966887417219,
  "best_validation_loss": 1.635228204727173
}