{
  "best_epoch": 7,
  "peak_worker_0_memory_MB": 2312.765625,
  "peak_gpu_0_memory_MB": 51.84521484375,
  "training_duration": "0:00:02.640712",
  "training_start_epoch": 0,
  "training_epochs": 10,
  "epoch": 10,
  "training_accuracy": 0.9456748850814877,
  "training_loss": 0.22336706970083087,
  "training_worker_0_memory_MB": 2312.765625,
  "training_gpu_0_memory_MB": 51.84521484375,
  "validation_accuracy": 0.7996688741721855,
  "validation_loss": 1.0896430015563965,
  "best_validation_accuracy": 0.7847682119205298,
  "best_validation_loss": 1.0704991042613983
}