{
  "best_epoch": 5,
  "peak_worker_0_memory_MB": 2317.36328125,
  "peak_gpu_0_memory_MB": 51.4853515625,
  "training_duration": "0:00:01.587720",
  "training_start_epoch": 0,
  "training_epochs": 5,
  "epoch": 5,
  "training_accuracy": 0.7747072599531616,
  "training_loss": 1.2616318722269428,
  "training_worker_0_memory_MB": 2317.36328125,
  "training_gpu_0_memory_MB": 51.4853515625,
  "validation_accuracy": 0.75,
  "validation_loss": 1.3041015267372131,
  "best_validation_accuracy": 0.75,
  "best_validation_loss": 1.3041015267372131
}