{
  "best_epoch": 23,
  "peak_worker_0_memory_MB": 2328.29296875,
  "peak_gpu_0_memory_MB": 64.7041015625,
  "training_duration": "0:00:08.904984",
  "training_start_epoch": 0,
  "training_epochs": 32,
  "epoch": 32,
  "training_accuracy": 0.8968999530295914,
  "training_loss": 0.4198233129373237,
  "training_worker_0_memory_MB": 2328.29296875,
  "training_gpu_0_memory_MB": 64.7041015625,
  "validation_accuracy": 0.8029801324503312,
  "validation_loss": 0.9633534371852874,
  "best_validation_accuracy": 0.7980132450331126,
  "best_validation_loss": 0.91888906955719
}