{
  "best_epoch": 15,
  "peak_worker_0_memory_MB": 2328.29296875,
  "peak_gpu_0_memory_MB": 64.7041015625,
  "training_duration": "0:00:04.596494",
  "training_start_epoch": 0,
  "training_epochs": 16,
  "epoch": 16,
  "training_accuracy": 0.8010803193987788,
  "training_loss": 0.8441298194785616,
  "training_worker_0_memory_MB": 2328.29296875,
  "training_gpu_0_memory_MB": 64.7041015625,
  "validation_accuracy": 0.7864238410596026,
  "validation_loss": 0.9954660415649415,
  "best_validation_accuracy": 0.7864238410596026,
  "best_validation_loss": 0.9953001201152801
}