{
  "best_epoch": 2,
  "peak_worker_0_memory_MB": 2287.08203125,
  "peak_gpu_0_memory_MB": 30.3212890625,
  "training_duration": "0:00:01.080663",
  "training_start_epoch": 0,
  "training_epochs": 6,
  "epoch": 6,
  "training_accuracy": 0.985374007521939,
  "training_loss": 0.07399234107058299,
  "training_worker_0_memory_MB": 2287.08203125,
  "training_gpu_0_memory_MB": 30.3212890625,
  "validation_accuracy": 0.7996688741721855,
  "validation_loss": 0.9836323678493499,
  "best_validation_accuracy": 0.7947019867549668,
  "best_validation_loss": 0.8997226744890213
}