{
  "best_epoch": 13,
  "peak_worker_0_memory_MB": 2269.6171875,
  "peak_gpu_0_memory_MB": 8.73193359375,
  "training_duration": "0:00:01.970185",
  "training_start_epoch": 0,
  "training_epochs": 13,
  "epoch": 13,
  "training_accuracy": 0.8913497701629753,
  "training_loss": 0.5386771865581211,
  "training_worker_0_memory_MB": 2269.6171875,
  "training_gpu_0_memory_MB": 8.73193359375,
  "validation_accuracy": 0.8261589403973509,
  "validation_loss": 0.9201424956321717,
  "best_validation_accuracy": 0.8261589403973509,
  "best_validation_loss": 0.9201424956321717
}