{
  "best_epoch": 15,
  "peak_worker_0_memory_MB": 2269.6171875,
  "peak_gpu_0_memory_MB": 8.73193359375,
  "training_duration": "0:00:02.382933",
  "training_start_epoch": 0,
  "training_epochs": 16,
  "epoch": 16,
  "training_accuracy": 0.902632678646051,
  "training_loss": 0.4567114675515576,
  "training_worker_0_memory_MB": 2269.6171875,
  "training_gpu_0_memory_MB": 8.73193359375,
  "validation_accuracy": 0.8327814569536424,
  "validation_loss": 0.8931751430034638,
  "best_validation_accuracy": 0.8311258278145696,
  "best_validation_loss": 0.8678688704967499
}