{
  "best_epoch": 6,
  "peak_worker_0_memory_MB": 2287.08203125,
  "peak_gpu_0_memory_MB": 30.3212890625,
  "training_duration": "0:00:01.375049",
  "training_start_epoch": 0,
  "training_epochs": 8,
  "epoch": 8,
  "training_accuracy": 0.9765984120351023,
  "training_loss": 0.13143919398517986,
  "training_worker_0_memory_MB": 2287.08203125,
  "training_gpu_0_memory_MB": 30.3212890625,
  "validation_accuracy": 0.8029801324503312,
  "validation_loss": 0.9435692489147186,
  "best_validation_accuracy": 0.804635761589404,
  "best_validation_loss": 0.8985783398151398
}