{
  "best_epoch": 7,
  "peak_worker_0_memory_MB": 2319.46875,
  "peak_gpu_0_memory_MB": 51.08984375,
  "training_duration": "0:00:10.072661",
  "training_start_epoch": 0,
  "training_epochs": 10,
  "epoch": 10,
  "training_accuracy": 0.977751756440281,
  "training_loss": 0.15536093978739496,
  "training_worker_0_memory_MB": 2319.46875,
  "training_gpu_0_memory_MB": 51.08984375,
  "validation_accuracy": 0.7947019867549668,
  "validation_loss": 0.9011587023735046,
  "best_validation_accuracy": 0.7980132450331126,
  "best_validation_loss": 0.8914939880371093
}