{
  "best_epoch": 1,
  "peak_worker_0_memory_MB": 2311.93359375,
  "peak_gpu_0_memory_MB": 51.12255859375,
  "training_duration": "0:00:01.308507",
  "training_start_epoch": 0,
  "training_epochs": 1,
  "epoch": 1,
  "training_accuracy": 0.328458002507313,
  "training_loss": 2.794820942376789,
  "training_worker_0_memory_MB": 2311.93359375,
  "training_gpu_0_memory_MB": 51.12255859375,
  "validation_accuracy": 0.5645695364238411,
  "validation_loss": 2.173007333278656,
  "best_validation_accuracy": 0.5645695364238411,
  "best_validation_loss": 2.173007333278656
}