{
  "best_epoch": 2,
  "peak_worker_0_memory_MB": 2367.51171875,
  "peak_gpu_0_memory_MB": 89.33056640625,
  "training_duration": "0:00:01.514063",
  "training_start_epoch": 0,
  "training_epochs": 2,
  "epoch": 2,
  "training_accuracy": 0.6376620259241479,
  "training_loss": 1.8785884025442692,
  "training_worker_0_memory_MB": 2367.51171875,
  "training_gpu_0_memory_MB": 89.33056640625,
  "validation_accuracy": 0.7317880794701986,
  "validation_loss": 1.3141571044921876,
  "best_validation_accuracy": 0.7317880794701986,
  "best_validation_loss": 1.3141571044921876
}