{
  "best_epoch": 0,
  "peak_worker_0_memory_MB": 2330.921875,
  "peak_gpu_0_memory_MB": 65.09326171875,
  "training_duration": "0:00:00.264199",
  "training_start_epoch": 0,
  "training_epochs": 0,
  "epoch": 0,
  "training_accuracy": 0.11451990632318501,
  "training_loss": 4.085822044913448,
  "training_worker_0_memory_MB": 2330.921875,
  "training_gpu_0_memory_MB": 65.09326171875,
  "validation_accuracy": 0.2251655629139073,
  "validation_loss": 3.9002833127975465,
  "best_validation_accuracy": 0.2251655629139073,
  "best_validation_loss": 3.9002833127975465
}