{
  "best_epoch": 12,
  "peak_worker_0_memory_MB": 2330.921875,
  "peak_gpu_0_memory_MB": 65.09326171875,
  "training_duration": "0:00:03.640729",
  "training_start_epoch": 0,
  "training_epochs": 12,
  "epoch": 12,
  "training_accuracy": 0.680327868852459,
  "training_loss": 1.7657887384073059,
  "training_worker_0_memory_MB": 2330.921875,
  "training_gpu_0_memory_MB": 65.09326171875,
  "validation_accuracy": 0.6854304635761589,
  "validation_loss": 1.7729927182197571,
  "best_validation_accuracy": 0.6854304635761589,
  "best_validation_loss": 1.7729927182197571
}