{
  "best_epoch": 1,
  "peak_worker_0_memory_MB": 2331.171875,
  "peak_gpu_0_memory_MB": 65.09326171875,
  "training_duration": "0:00:00.491526",
  "training_start_epoch": 0,
  "training_epochs": 1,
  "epoch": 1,
  "training_accuracy": 0.16533957845433256,
  "training_loss": 3.694629768827068,
  "training_worker_0_memory_MB": 2331.171875,
  "training_gpu_0_memory_MB": 65.09326171875,
  "validation_accuracy": 0.26158940397350994,
  "validation_loss": 3.4172683238983153,
  "best_validation_accuracy": 0.26158940397350994,
  "best_validation_loss": 3.4172683238983153
}