{
  "best_epoch": 9,
  "peak_worker_0_memory_MB": 2331.171875,
  "peak_gpu_0_memory_MB": 65.09326171875,
  "training_duration": "0:00:02.471706",
  "training_start_epoch": 0,
  "training_epochs": 9,
  "epoch": 9,
  "training_accuracy": 0.6030444964871194,
  "training_loss": 2.0666988002720164,
  "training_worker_0_memory_MB": 2331.171875,
  "training_gpu_0_memory_MB": 65.09326171875,
  "validation_accuracy": 0.6374172185430463,
  "validation_loss": 1.9914851427078246,
  "best_validation_accuracy": 0.6374172185430463,
  "best_validation_loss": 1.9914851427078246
}