{
  "best_epoch": 48,
  "peak_worker_0_memory_MB": 2331.171875,
  "peak_gpu_0_memory_MB": 65.09326171875,
  "training_duration": "0:00:13.013358",
  "training_start_epoch": 0,
  "training_epochs": 51,
  "epoch": 51,
  "training_accuracy": 0.9723653395784543,
  "training_loss": 0.15864086840579758,
  "training_worker_0_memory_MB": 2331.171875,
  "training_gpu_0_memory_MB": 65.09326171875,
  "validation_accuracy": 0.8145695364238411,
  "validation_loss": 0.9036453902721405,
  "best_validation_accuracy": 0.8145695364238411,
  "best_validation_loss": 0.8699910551309585
}