{
  "best_epoch": 0,
  "peak_worker_0_memory_MB": 2328.29296875,
  "peak_gpu_0_memory_MB": 64.7041015625,
  "training_duration": "0:00:00.241045",
  "training_start_epoch": 0,
  "training_epochs": 0,
  "epoch": 0,
  "training_accuracy": 0.13245655237200563,
  "training_loss": 3.997534431628327,
  "training_worker_0_memory_MB": 2328.29296875,
  "training_gpu_0_memory_MB": 64.7041015625,
  "validation_accuracy": 0.27980132450331124,
  "validation_loss": 3.6385166168212892,
  "best_validation_accuracy": 0.27980132450331124,
  "best_validation_loss": 3.6385166168212892
}