{
  "best_epoch": 27,
  "peak_worker_0_memory_MB": 2328.29296875,
  "peak_gpu_0_memory_MB": 64.7041015625,
  "training_duration": "0:00:07.693953",
  "training_start_epoch": 0,
  "training_epochs": 30,
  "epoch": 30,
  "training_accuracy": 0.974870831376233,
  "training_loss": 0.13697909886267648,
  "training_worker_0_memory_MB": 2328.29296875,
  "training_gpu_0_memory_MB": 64.7041015625,
  "validation_accuracy": 0.8129139072847682,
  "validation_loss": 0.9576400279998779,
  "best_validation_accuracy": 0.8096026490066225,
  "best_validation_loss": 0.9156094074249268
}