{
  "best_epoch": 4,
  "peak_worker_0_memory_MB": 2328.29296875,
  "peak_gpu_0_memory_MB": 64.7041015625,
  "training_duration": "0:00:01.235234",
  "training_start_epoch": 0,
  "training_epochs": 4,
  "epoch": 4,
  "training_accuracy": 0.4931892907468295,
  "training_loss": 2.5050496129847284,
  "training_worker_0_memory_MB": 2328.29296875,
  "training_gpu_0_memory_MB": 64.7041015625,
  "validation_accuracy": 0.5529801324503312,
  "validation_loss": 2.382312369346619,
  "best_validation_accuracy": 0.5529801324503312,
  "best_validation_loss": 2.382312369346619
}