{
  "best_epoch": 10,
  "peak_worker_0_memory_MB": 2328.29296875,
  "peak_gpu_0_memory_MB": 64.7041015625,
  "training_duration": "0:00:02.726181",
  "training_start_epoch": 0,
  "training_epochs": 10,
  "epoch": 10,
  "training_accuracy": 0.8348990136214185,
  "training_loss": 1.0377396238383962,
  "training_worker_0_memory_MB": 2328.29296875,
  "training_gpu_0_memory_MB": 64.7041015625,
  "validation_accuracy": 0.7483443708609272,
  "validation_loss": 1.2937150120735168,
  "best_validation_accuracy": 0.7483443708609272,
  "best_validation_loss": 1.2937150120735168
}