{
  "best_epoch": 5,
  "peak_worker_0_memory_MB": 2306.8046875,
  "peak_gpu_0_memory_MB": 47.58251953125,
  "training_duration": "0:00:02.903334",
  "training_start_epoch": 0,
  "training_epochs": 11,
  "epoch": 11,
  "training_accuracy": 0.9849561220225658,
  "training_loss": 0.0728028184293132,
  "training_worker_0_memory_MB": 2306.8046875,
  "training_gpu_0_memory_MB": 47.58251953125,
  "validation_accuracy": 0.7880794701986755,
  "validation_loss": 1.2819539785385132,
  "best_validation_accuracy": 0.7814569536423841,
  "best_validation_loss": 1.061603993177414
}