{
  "best_epoch": 2,
  "peak_worker_0_memory_MB": 2306.8046875,
  "peak_gpu_0_memory_MB": 47.58251953125,
  "training_duration": "0:00:00.693860",
  "training_start_epoch": 0,
  "training_epochs": 2,
  "epoch": 2,
  "training_accuracy": 0.5211032177183452,
  "training_loss": 2.3548744979657625,
  "training_worker_0_memory_MB": 2306.8046875,
  "training_gpu_0_memory_MB": 47.58251953125,
  "validation_accuracy": 0.6341059602649006,
  "validation_loss": 2.0427338242530824,
  "best_validation_accuracy": 0.6341059602649006,
  "best_validation_loss": 2.0427338242530824
}