{
  "best_epoch": 5,
  "peak_worker_0_memory_MB": 2306.8046875,
  "peak_gpu_0_memory_MB": 47.58251953125,
  "training_duration": "0:00:02.181070",
  "training_start_epoch": 0,
  "training_epochs": 8,
  "epoch": 8,
  "training_accuracy": 0.9527789385708316,
  "training_loss": 0.1942960849325908,
  "training_worker_0_memory_MB": 2306.8046875,
  "training_gpu_0_memory_MB": 47.58251953125,
  "validation_accuracy": 0.7980132450331126,
  "validation_loss": 1.1532177448272705,
  "best_validation_accuracy": 0.7814569536423841,
  "best_validation_loss": 1.061603993177414
}