{
  "best_epoch": 8,
  "peak_worker_0_memory_MB": 2365.1484375,
  "peak_gpu_0_memory_MB": 89.33056640625,
  "training_duration": "0:00:04.534700",
  "training_start_epoch": 0,
  "training_epochs": 8,
  "epoch": 8,
  "training_accuracy": 0.5507681228996639,
  "training_loss": 2.620709382850705,
  "training_worker_0_memory_MB": 2365.1484375,
  "training_gpu_0_memory_MB": 89.33056640625,
  "validation_accuracy": 0.6341059602649006,
  "validation_loss": 2.221914732456207,
  "best_validation_accuracy": 0.6341059602649006,
  "best_validation_loss": 2.221914732456207
}