{
  "best_epoch": 18,
  "peak_worker_0_memory_MB": 2365.1484375,
  "peak_gpu_0_memory_MB": 89.33056640625,
  "training_duration": "0:00:09.477972",
  "training_start_epoch": 0,
  "training_epochs": 18,
  "epoch": 18,
  "training_accuracy": 0.7896063370139222,
  "training_loss": 1.2751841108307584,
  "training_worker_0_memory_MB": 2365.1484375,
  "training_gpu_0_memory_MB": 89.33056640625,
  "validation_accuracy": 0.7400662251655629,
  "validation_loss": 1.231435203552246,
  "best_validation_accuracy": 0.7400662251655629,
  "best_validation_loss": 1.231435203552246
}