{
  "best_epoch": 9,
  "peak_worker_0_memory_MB": 2365.1484375,
  "peak_gpu_0_memory_MB": 89.33056640625,
  "training_duration": "0:00:05.027063",
  "training_start_epoch": 0,
  "training_epochs": 9,
  "epoch": 9,
  "training_accuracy": 0.5837734037445992,
  "training_loss": 2.453682715656193,
  "training_worker_0_memory_MB": 2365.1484375,
  "training_gpu_0_memory_MB": 89.33056640625,
  "validation_accuracy": 0.6622516556291391,
  "validation_loss": 2.027014374732971,
  "best_validation_accuracy": 0.6622516556291391,
  "best_validation_loss": 2.027014374732971
}