{
  "best_epoch": 23,
  "peak_worker_0_memory_MB": 2269.703125,
  "peak_gpu_0_memory_MB": 15.416015625,
  "training_duration": "0:00:02.100994",
  "training_start_epoch": 0,
  "training_epochs": 23,
  "epoch": 23,
  "training_accuracy": 0.8675762439807384,
  "training_loss": 0.6279244229197503,
  "training_worker_0_memory_MB": 2269.703125,
  "training_gpu_0_memory_MB": 15.416015625,
  "validation_accuracy": 0.8096026490066225,
  "validation_loss": 1.1157394170761108,
  "best_validation_accuracy": 0.8096026490066225,
  "best_validation_loss": 1.1157394170761108
}