{
  "best_epoch": 29,
  "peak_worker_0_memory_MB": 2269.703125,
  "peak_gpu_0_memory_MB": 15.416015625,
  "training_duration": "0:00:02.646739",
  "training_start_epoch": 0,
  "training_epochs": 29,
  "epoch": 29,
  "training_accuracy": 0.8723916532905297,
  "training_loss": 0.4617271900177002,
  "training_worker_0_memory_MB": 2269.703125,
  "training_gpu_0_memory_MB": 15.416015625,
  "validation_accuracy": 0.8129139072847682,
  "validation_loss": 1.043046548962593,
  "best_validation_accuracy": 0.8129139072847682,
  "best_validation_loss": 1.043046548962593
}