{
  "best_epoch": 26,
  "peak_worker_0_memory_MB": 2331.171875,
  "peak_gpu_0_memory_MB": 65.09326171875,
  "training_duration": "0:00:07.938742",
  "training_start_epoch": 0,
  "training_epochs": 30,
  "epoch": 30,
  "training_accuracy": 0.9838407494145199,
  "training_loss": 0.08837566291218374,
  "training_worker_0_memory_MB": 2331.171875,
  "training_gpu_0_memory_MB": 65.09326171875,
  "validation_accuracy": 0.8029801324503312,
  "validation_loss": 0.8692360997200013,
  "best_validation_accuracy": 0.8062913907284768,
  "best_validation_loss": 0.8557593166828156
}