{
  "best_epoch": 4,
  "peak_worker_0_memory_MB": 2311.93359375,
  "peak_gpu_0_memory_MB": 51.12255859375,
  "training_duration": "0:00:07.305920",
  "training_start_epoch": 0,
  "training_epochs": 10,
  "epoch": 10,
  "training_accuracy": 0.9448391140827413,
  "training_loss": 0.20982327420068414,
  "training_worker_0_memory_MB": 2311.93359375,
  "training_gpu_0_memory_MB": 51.12255859375,
  "validation_accuracy": 0.7715231788079471,
  "validation_loss": 1.5033066868782043,
  "best_validation_accuracy": 0.7682119205298014,
  "best_validation_loss": 1.1220856487751008
}