{
  "best_epoch": 15,
  "peak_worker_0_memory_MB": 2297.12109375,
  "peak_gpu_0_memory_MB": 50.91064453125,
  "training_duration": "0:00:12.333270",
  "training_start_epoch": 0,
  "training_epochs": 17,
  "epoch": 17,
  "training_accuracy": 0.7981613038027581,
  "training_loss": 0.7371587353317361,
  "training_worker_0_memory_MB": 2297.12109375,
  "training_gpu_0_memory_MB": 50.91064453125,
  "validation_accuracy": 0.7748344370860927,
  "validation_loss": 1.090673840045929,
  "best_validation_accuracy": 0.7831125827814569,
  "best_validation_loss": 1.0722424626350402
}