{
  "best_epoch": 1,
  "peak_worker_0_memory_MB": 2330.91796875,
  "peak_gpu_0_memory_MB": 65.09326171875,
  "training_duration": "0:00:00.523557",
  "training_start_epoch": 0,
  "training_epochs": 1,
  "epoch": 1,
  "training_accuracy": 0.8079625292740047,
  "training_loss": 0.9550771014903908,
  "training_worker_0_memory_MB": 2330.91796875,
  "training_gpu_0_memory_MB": 65.09326171875,
  "validation_accuracy": 0.7897350993377483,
  "validation_loss": 0.9751210272312164,
  "best_validation_accuracy": 0.7897350993377483,
  "best_validation_loss": 0.9751210272312164
}