{
  "best_epoch": 3,
  "peak_worker_0_memory_MB": 2330.91796875,
  "peak_gpu_0_memory_MB": 65.09326171875,
  "training_duration": "0:00:01.604946",
  "training_start_epoch": 0,
  "training_epochs": 5,
  "epoch": 5,
  "training_accuracy": 0.9857142857142858,
  "training_loss": 0.060031922645310855,
  "training_worker_0_memory_MB": 2330.91796875,
  "training_gpu_0_memory_MB": 65.09326171875,
  "validation_accuracy": 0.8029801324503312,
  "validation_loss": 0.9293214440345764,
  "best_validation_accuracy": 0.7996688741721855,
  "best_validation_loss": 0.8707812994718551
}