{
  "best_epoch": 20,
  "peak_worker_0_memory_MB": 2313.5546875,
  "peak_gpu_0_memory_MB": 54.728515625,
  "training_duration": "0:00:04.761070",
  "training_start_epoch": 0,
  "training_epochs": 21,
  "epoch": 21,
  "training_accuracy": 0.9747578514822425,
  "training_loss": 0.13439022170172799,
  "training_worker_0_memory_MB": 2313.5546875,
  "training_gpu_0_memory_MB": 54.728515625,
  "validation_accuracy": 0.8079470198675497,
  "validation_loss": 0.8818110644817352,
  "best_validation_accuracy": 0.804635761589404,
  "best_validation_loss": 0.8410688430070877
}