{
  "best_epoch": 12,
  "peak_worker_0_memory_MB": 2313.5546875,
  "peak_gpu_0_memory_MB": 54.728515625,
  "training_duration": "0:00:03.040558",
  "training_start_epoch": 0,
  "training_epochs": 13,
  "epoch": 13,
  "training_accuracy": 0.9442324625770473,
  "training_loss": 0.32873346380613466,
  "training_worker_0_memory_MB": 2313.5546875,
  "training_gpu_0_memory_MB": 54.728515625,
  "validation_accuracy": 0.7980132450331126,
  "validation_loss": 0.9142135202884674,
  "best_validation_accuracy": 0.7947019867549668,
  "best_validation_loss": 0.9137605190277099
}