{
  "best_epoch": 40,
  "peak_worker_0_memory_MB": 2317.11328125,
  "peak_gpu_0_memory_MB": 51.4853515625,
  "training_duration": "0:00:10.967748",
  "training_start_epoch": 0,
  "training_epochs": 41,
  "epoch": 41,
  "training_accuracy": 0.9177985948477752,
  "training_loss": 0.5144851794883386,
  "training_worker_0_memory_MB": 2317.11328125,
  "training_gpu_0_memory_MB": 51.4853515625,
  "validation_accuracy": 0.7814569536423841,
  "validation_loss": 1.0045344054698944,
  "best_validation_accuracy": 0.7798013245033113,
  "best_validation_loss": 1.000117701292038
}