{
  "best_epoch": 31,
  "peak_worker_0_memory_MB": 2317.11328125,
  "peak_gpu_0_memory_MB": 51.4853515625,
  "training_duration": "0:00:08.335603",
  "training_start_epoch": 0,
  "training_epochs": 31,
  "epoch": 31,
  "training_accuracy": 0.8622950819672132,
  "training_loss": 0.8083361209328495,
  "training_worker_0_memory_MB": 2317.11328125,
  "training_gpu_0_memory_MB": 51.4853515625,
  "validation_accuracy": 0.7665562913907285,
  "validation_loss": 1.1640979409217835,
  "best_validation_accuracy": 0.7665562913907285,
  "best_validation_loss": 1.1640979409217835
}