{
  "best_epoch": 36,
  "peak_worker_0_memory_MB": 2317.11328125,
  "peak_gpu_0_memory_MB": 51.4853515625,
  "training_duration": "0:00:09.664685",
  "training_start_epoch": 0,
  "training_epochs": 36,
  "epoch": 36,
  "training_accuracy": 0.8927400468384075,
  "training_loss": 0.6414266041855314,
  "training_worker_0_memory_MB": 2317.11328125,
  "training_gpu_0_memory_MB": 51.4853515625,
  "validation_accuracy": 0.7698675496688742,
  "validation_loss": 1.0576700448989869,
  "best_validation_accuracy": 0.7698675496688742,
  "best_validation_loss": 1.0576700448989869
}