{
  "best_epoch": 19,
  "peak_worker_0_memory_MB": 2317.11328125,
  "peak_gpu_0_memory_MB": 51.4853515625,
  "training_duration": "0:00:05.205328",
  "training_start_epoch": 0,
  "training_epochs": 19,
  "epoch": 19,
  "training_accuracy": 0.7325526932084309,
  "training_loss": 1.5244811969016916,
  "training_worker_0_memory_MB": 2317.11328125,
  "training_gpu_0_memory_MB": 51.4853515625,
  "validation_accuracy": 0.7152317880794702,
  "validation_loss": 1.648306953907013,
  "best_validation_accuracy": 0.7152317880794702,
  "best_validation_loss": 1.648306953907013
}