{
  "best_epoch": 27,
  "peak_worker_0_memory_MB": 2317.11328125,
  "peak_gpu_0_memory_MB": 51.4853515625,
  "training_duration": "0:00:07.279029",
  "training_start_epoch": 0,
  "training_epochs": 27,
  "epoch": 27,
  "training_accuracy": 0.8337236533957846,
  "training_loss": 0.9837449913594261,
  "training_worker_0_memory_MB": 2317.11328125,
  "training_gpu_0_memory_MB": 51.4853515625,
  "validation_accuracy": 0.7549668874172185,
  "validation_loss": 1.2582737863063813,
  "best_validation_accuracy": 0.7549668874172185,
  "best_validation_loss": 1.2582737863063813
}