{
  "best_epoch": 60,
  "peak_worker_0_memory_MB": 2317.11328125,
  "peak_gpu_0_memory_MB": 51.4853515625,
  "training_duration": "0:00:18.169202",
  "training_start_epoch": 0,
  "training_epochs": 69,
  "epoch": 69,
  "training_accuracy": 0.9740046838407495,
  "training_loss": 0.16925071090904634,
  "training_worker_0_memory_MB": 2317.11328125,
  "training_gpu_0_memory_MB": 51.4853515625,
  "validation_accuracy": 0.7980132450331126,
  "validation_loss": 0.9267659664154053,
  "best_validation_accuracy": 0.7913907284768212,
  "best_validation_loss": 0.8980543643236161
}