{
  "best_epoch": 40,
  "peak_worker_0_memory_MB": 2316.30078125,
  "peak_gpu_0_memory_MB": 62.47802734375,
  "training_duration": "0:00:11.298245",
  "training_start_epoch": 0,
  "training_epochs": 43,
  "epoch": 43,
  "training_accuracy": 0.7044496487119438,
  "training_loss": 1.1003227909999107,
  "training_worker_0_memory_MB": 2316.30078125,
  "training_gpu_0_memory_MB": 62.47802734375,
  "validation_accuracy": 0.793046357615894,
  "validation_loss": 0.9235716581344604,
  "best_validation_accuracy": 0.793046357615894,
  "best_validation_loss": 0.9050028562545777
}