{
  "best_epoch": 25,
  "peak_worker_0_memory_MB": 2316.30078125,
  "peak_gpu_0_memory_MB": 62.47802734375,
  "training_duration": "0:00:06.653579",
  "training_start_epoch": 0,
  "training_epochs": 25,
  "epoch": 25,
  "training_accuracy": 0.6276346604215457,
  "training_loss": 1.426820909799035,
  "training_worker_0_memory_MB": 2316.30078125,
  "training_gpu_0_memory_MB": 62.47802734375,
  "validation_accuracy": 0.7847682119205298,
  "validation_loss": 1.0419023752212524,
  "best_validation_accuracy": 0.7847682119205298,
  "best_validation_loss": 1.0419023752212524
}