{
  "best_epoch": 0,
  "peak_worker_0_memory_MB": 2271.57421875,
  "peak_gpu_0_memory_MB": 15.515625,
  "training_duration": "0:00:00.077624",
  "training_start_epoch": 0,
  "training_epochs": 0,
  "epoch": 0,
  "training_accuracy": 0.060995184590690206,
  "training_loss": 4.127628779411316,
  "training_worker_0_memory_MB": 2271.57421875,
  "training_gpu_0_memory_MB": 15.515625,
  "validation_accuracy": 0.19370860927152317,
  "validation_loss": 3.9143561363220214,
  "best_validation_accuracy": 0.19370860927152317,
  "best_validation_loss": 3.9143561363220214
}