{
  "best_epoch": 6,
  "peak_worker_0_memory_MB": 0,
  "training_duration": "0:00:09.748442",
  "training_start_epoch": 0,
  "training_epochs": 6,
  "epoch": 6,
  "training_accuracy": 0.5620833333333334,
  "training_loss": 2.0525685771306357,
  "training_reg_loss": 0.0,
  "training_worker_0_memory_MB": 0.0,
  "validation_accuracy": 0.49833333333333335,
  "validation_loss": 2.339626487932707,
  "validation_reg_loss": 0.0,
  "best_validation_accuracy": 0.49833333333333335,
  "best_validation_loss": 2.339626487932707,
  "best_validation_reg_loss": 0.0
}