{
  "best_epoch": 19,
  "peak_worker_0_memory_MB": 0,
  "training_duration": "0:00:31.396226",
  "training_start_epoch": 0,
  "training_epochs": 20,
  "epoch": 20,
  "training_accuracy": 0.7958333333333333,
  "training_loss": 1.051747220357259,
  "training_reg_loss": 0.0,
  "training_worker_0_memory_MB": 0.0,
  "validation_accuracy": 0.6983333333333334,
  "validation_loss": 1.6886602797006305,
  "validation_reg_loss": 0.0,
  "best_validation_accuracy": 0.6983333333333334,
  "best_validation_loss": 1.688017885935934,
  "best_validation_reg_loss": 0.0
}