{
  "best_epoch": 7,
  "peak_worker_0_memory_MB": 2318.34765625,
  "peak_gpu_0_memory_MB": 58.2568359375,
  "training_duration": "0:00:02.315804",
  "training_start_epoch": 0,
  "training_epochs": 8,
  "epoch": 8,
  "training_accuracy": 0.9142102947646282,
  "training_loss": 0.38046570867300034,
  "training_worker_0_memory_MB": 2318.34765625,
  "training_gpu_0_memory_MB": 58.2568359375,
  "validation_accuracy": 0.7996688741721855,
  "validation_loss": 0.9283711910247803,
  "best_validation_accuracy": 0.8029801324503312,
  "best_validation_loss": 0.9118460834026336
}