{
  "best_epoch": 9,
  "peak_worker_0_memory_MB": 2318.34765625,
  "peak_gpu_0_memory_MB": 58.2568359375,
  "training_duration": "0:00:04.631748",
  "training_start_epoch": 0,
  "training_epochs": 17,
  "epoch": 17,
  "training_accuracy": 0.9571051473823141,
  "training_loss": 0.16846724338312116,
  "training_worker_0_memory_MB": 2318.34765625,
  "training_gpu_0_memory_MB": 58.2568359375,
  "validation_accuracy": 0.8029801324503312,
  "validation_loss": 1.0324578911066056,
  "best_validation_accuracy": 0.8062913907284768,
  "best_validation_loss": 0.905710780620575
}