{
  "best_epoch": 9,
  "peak_worker_0_memory_MB": 2318.34765625,
  "peak_gpu_0_memory_MB": 58.2568359375,
  "training_duration": "0:00:02.832856",
  "training_start_epoch": 0,
  "training_epochs": 10,
  "epoch": 10,
  "training_accuracy": 0.9304883413990321,
  "training_loss": 0.2876593367739891,
  "training_worker_0_memory_MB": 2318.34765625,
  "training_gpu_0_memory_MB": 58.2568359375,
  "validation_accuracy": 0.8062913907284768,
  "validation_loss": 0.9489351034164428,
  "best_validation_accuracy": 0.8062913907284768,
  "best_validation_loss": 0.905710780620575
}