{
  "best_epoch": 18,
  "peak_worker_0_memory_MB": 2271.32421875,
  "peak_gpu_0_memory_MB": 15.515625,
  "training_duration": "0:00:01.480806",
  "training_start_epoch": 0,
  "training_epochs": 18,
  "epoch": 18,
  "training_accuracy": 0.7439807383627608,
  "training_loss": 1.6957253575325013,
  "training_worker_0_memory_MB": 2271.32421875,
  "training_gpu_0_memory_MB": 15.515625,
  "validation_accuracy": 0.7566225165562914,
  "validation_loss": 1.8231460690498351,
  "best_validation_accuracy": 0.7566225165562914,
  "best_validation_loss": 1.8231460690498351
}