{
  "best_epoch": 14,
  "peak_worker_0_memory_MB": 2316.55078125,
  "peak_gpu_0_memory_MB": 62.47802734375,
  "training_duration": "0:00:03.823021",
  "training_start_epoch": 0,
  "training_epochs": 14,
  "epoch": 14,
  "training_accuracy": 0.5662763466042154,
  "training_loss": 1.9408857324230138,
  "training_worker_0_memory_MB": 2316.55078125,
  "training_gpu_0_memory_MB": 62.47802734375,
  "validation_accuracy": 0.706953642384106,
  "validation_loss": 1.5340304255485535,
  "best_validation_accuracy": 0.706953642384106,
  "best_validation_loss": 1.5340304255485535
}