{
  "best_epoch": 5,
  "peak_worker_0_memory_MB": 2271.109375,
  "peak_gpu_0_memory_MB": 15.515625,
  "training_duration": "0:00:00.512787",
  "training_start_epoch": 0,
  "training_epochs": 5,
  "epoch": 5,
  "training_accuracy": 0.7560192616372392,
  "training_loss": 1.5764267086982726,
  "training_worker_0_memory_MB": 2271.109375,
  "training_gpu_0_memory_MB": 15.515625,
  "validation_accuracy": 0.7831125827814569,
  "validation_loss": 1.5681647419929505,
  "best_validation_accuracy": 0.7831125827814569,
  "best_validation_loss": 1.5681647419929505
}