{
  "best_epoch": 22,
  "peak_worker_0_memory_MB": 2327.01171875,
  "peak_gpu_0_memory_MB": 69.92529296875,
  "training_duration": "0:00:06.183374",
  "training_start_epoch": 0,
  "training_epochs": 23,
  "epoch": 23,
  "training_accuracy": 0.9223493180818302,
  "training_loss": 0.4625973424149884,
  "training_worker_0_memory_MB": 2327.01171875,
  "training_gpu_0_memory_MB": 69.92529296875,
  "validation_accuracy": 0.7980132450331126,
  "validation_loss": 0.9249650090932846,
  "best_validation_accuracy": 0.7963576158940397,
  "best_validation_loss": 0.9233863532543183
}