{
  "best_epoch": 0,
  "peak_worker_0_memory_MB": 2327.01171875,
  "peak_gpu_0_memory_MB": 69.92529296875,
  "training_duration": "0:00:00.248243",
  "training_start_epoch": 0,
  "training_epochs": 0,
  "epoch": 0,
  "training_accuracy": 0.12186537615486141,
  "training_loss": 3.9117803374926248,
  "training_worker_0_memory_MB": 2327.01171875,
  "training_gpu_0_memory_MB": 69.92529296875,
  "validation_accuracy": 0.22682119205298013,
  "validation_loss": 3.4748370170593263,
  "best_validation_accuracy": 0.22682119205298013,
  "best_validation_loss": 3.4748370170593263
}