{
  "best_epoch": 32,
  "peak_worker_0_memory_MB": 2327.01171875,
  "peak_gpu_0_memory_MB": 69.92529296875,
  "training_duration": "0:00:08.764339",
  "training_start_epoch": 0,
  "training_epochs": 33,
  "epoch": 33,
  "training_accuracy": 0.8792344918609767,
  "training_loss": 0.697586248214874,
  "training_worker_0_memory_MB": 2327.01171875,
  "training_gpu_0_memory_MB": 69.92529296875,
  "validation_accuracy": 0.7798013245033113,
  "validation_loss": 1.0397960603237153,
  "best_validation_accuracy": 0.7814569536423841,
  "best_validation_loss": 1.0221616983413697
}