{
  "best_epoch": 39,
  "peak_worker_0_memory_MB": 2327.01171875,
  "peak_gpu_0_memory_MB": 69.92529296875,
  "training_duration": "0:00:10.828899",
  "training_start_epoch": 0,
  "training_epochs": 41,
  "epoch": 41,
  "training_accuracy": 0.915530136383634,
  "training_loss": 0.5026378492410812,
  "training_worker_0_memory_MB": 2327.01171875,
  "training_gpu_0_memory_MB": 69.92529296875,
  "validation_accuracy": 0.793046357615894,
  "validation_loss": 0.9540658831596375,
  "best_validation_accuracy": 0.793046357615894,
  "best_validation_loss": 0.9474059402942657
}