{
  "best_epoch": 1,
  "peak_worker_0_memory_MB": 2327.01171875,
  "peak_gpu_0_memory_MB": 69.92529296875,
  "training_duration": "0:00:00.506434",
  "training_start_epoch": 0,
  "training_epochs": 1,
  "epoch": 1,
  "training_accuracy": 0.15002199736031677,
  "training_loss": 3.71581784552998,
  "training_worker_0_memory_MB": 2327.01171875,
  "training_gpu_0_memory_MB": 69.92529296875,
  "validation_accuracy": 0.15397350993377484,
  "validation_loss": 3.480145215988159,
  "best_validation_accuracy": 0.15397350993377484,
  "best_validation_loss": 3.480145215988159
}