{
  "best_epoch": 1,
  "peak_worker_0_memory_MB": 2267.46484375,
  "peak_gpu_0_memory_MB": 7.4111328125,
  "training_duration": "0:00:00.285725",
  "training_start_epoch": 0,
  "training_epochs": 1,
  "epoch": 1,
  "training_accuracy": 0.868366067697451,
  "training_loss": 0.5977137398562933,
  "training_worker_0_memory_MB": 2267.46484375,
  "training_gpu_0_memory_MB": 7.4111328125,
  "validation_accuracy": 0.8228476821192053,
  "validation_loss": 0.9469667553901673,
  "best_validation_accuracy": 0.8228476821192053,
  "best_validation_loss": 0.9469667553901673
}