{
  "best_epoch": 0,
  "peak_worker_0_memory_MB": 2267.46484375,
  "peak_gpu_0_memory_MB": 7.4111328125,
  "training_duration": "0:00:00.138743",
  "training_start_epoch": 0,
  "training_epochs": 0,
  "epoch": 0,
  "training_accuracy": 0.6844964479732554,
  "training_loss": 1.6632661176355261,
  "training_worker_0_memory_MB": 2267.46484375,
  "training_gpu_0_memory_MB": 7.4111328125,
  "validation_accuracy": 0.7947019867549668,
  "validation_loss": 1.1199403345584868,
  "best_validation_accuracy": 0.7947019867549668,
  "best_validation_loss": 1.1199403345584868
}