{
  "best_epoch": 13,
  "peak_worker_0_memory_MB": 2319.46875,
  "peak_gpu_0_memory_MB": 51.08984375,
  "training_duration": "0:00:06.154645",
  "training_start_epoch": 0,
  "training_epochs": 13,
  "epoch": 13,
  "training_accuracy": 0.460655737704918,
  "training_loss": 2.7396046083364913,
  "training_worker_0_memory_MB": 2319.46875,
  "training_gpu_0_memory_MB": 51.08984375,
  "validation_accuracy": 0.5066225165562914,
  "validation_loss": 2.6813957691192627,
  "best_validation_accuracy": 0.5066225165562914,
  "best_validation_loss": 2.6813957691192627
}