{
  "best_epoch": 77,
  "peak_worker_0_memory_MB": 2319.46875,
  "peak_gpu_0_memory_MB": 51.08984375,
  "training_duration": "0:00:26.587253",
  "training_start_epoch": 0,
  "training_epochs": 82,
  "epoch": 82,
  "training_accuracy": 0.9515222482435597,
  "training_loss": 0.3108916476146499,
  "training_worker_0_memory_MB": 2319.46875,
  "training_gpu_0_memory_MB": 51.08984375,
  "validation_accuracy": 0.7864238410596026,
  "validation_loss": 0.9576370775699615,
  "best_validation_accuracy": 0.7864238410596026,
  "best_validation_loss": 0.933414876461029
}