{
  "best_epoch": 36,
  "peak_worker_0_memory_MB": 2319.46875,
  "peak_gpu_0_memory_MB": 51.08984375,
  "training_duration": "0:00:13.791496",
  "training_start_epoch": 0,
  "training_epochs": 36,
  "epoch": 36,
  "training_accuracy": 0.789695550351288,
  "training_loss": 1.2222409746540126,
  "training_worker_0_memory_MB": 2319.46875,
  "training_gpu_0_memory_MB": 51.08984375,
  "validation_accuracy": 0.7384105960264901,
  "validation_loss": 1.3953659415245057,
  "best_validation_accuracy": 0.7384105960264901,
  "best_validation_loss": 1.3953659415245057
}