{
  "best_epoch": 27,
  "peak_worker_0_memory_MB": 2319.46875,
  "peak_gpu_0_memory_MB": 51.08984375,
  "training_duration": "0:00:11.123085",
  "training_start_epoch": 0,
  "training_epochs": 27,
  "epoch": 27,
  "training_accuracy": 0.694847775175644,
  "training_loss": 1.6792063072546204,
  "training_worker_0_memory_MB": 2319.46875,
  "training_gpu_0_memory_MB": 51.08984375,
  "validation_accuracy": 0.6870860927152318,
  "validation_loss": 1.7371878385543824,
  "best_validation_accuracy": 0.6870860927152318,
  "best_validation_loss": 1.7371878385543824
}