{
  "best_epoch": 87,
  "peak_worker_0_memory_MB": 2319.46875,
  "peak_gpu_0_memory_MB": 51.08984375,
  "training_duration": "0:00:29.817677",
  "training_start_epoch": 0,
  "training_epochs": 94,
  "epoch": 94,
  "training_accuracy": 0.9681498829039813,
  "training_loss": 0.2243730593750726,
  "training_worker_0_memory_MB": 2319.46875,
  "training_gpu_0_memory_MB": 51.08984375,
  "validation_accuracy": 0.7864238410596026,
  "validation_loss": 0.9331567823886872,
  "best_validation_accuracy": 0.7864238410596026,
  "best_validation_loss": 0.8953348815441131
}