{
  "best_epoch": 33,
  "peak_worker_0_memory_MB": 2313.53515625,
  "peak_gpu_0_memory_MB": 54.728515625,
  "training_duration": "0:00:07.306615",
  "training_start_epoch": 0,
  "training_epochs": 33,
  "epoch": 33,
  "training_accuracy": 0.8934546521866745,
  "training_loss": 0.6772722061033603,
  "training_worker_0_memory_MB": 2313.53515625,
  "training_gpu_0_memory_MB": 54.728515625,
  "validation_accuracy": 0.7715231788079471,
  "validation_loss": 1.1080106914043426,
  "best_validation_accuracy": 0.7715231788079471,
  "best_validation_loss": 1.1080106914043426
}