{
  "best_epoch": 28,
  "peak_worker_0_memory_MB": 2313.53515625,
  "peak_gpu_0_memory_MB": 54.728515625,
  "training_duration": "0:00:06.230330",
  "training_start_epoch": 0,
  "training_epochs": 28,
  "epoch": 28,
  "training_accuracy": 0.8652773701203404,
  "training_loss": 0.8692781285003379,
  "training_worker_0_memory_MB": 2313.53515625,
  "training_gpu_0_memory_MB": 54.728515625,
  "validation_accuracy": 0.7632450331125827,
  "validation_loss": 1.2225207805633544,
  "best_validation_accuracy": 0.7632450331125827,
  "best_validation_loss": 1.2225207805633544
}