{
  "best_epoch": 21,
  "peak_worker_0_memory_MB": 2313.53515625,
  "peak_gpu_0_memory_MB": 54.728515625,
  "training_duration": "0:00:04.725181",
  "training_start_epoch": 0,
  "training_epochs": 21,
  "epoch": 21,
  "training_accuracy": 0.7857352509539184,
  "training_loss": 1.289774747910323,
  "training_worker_0_memory_MB": 2313.53515625,
  "training_gpu_0_memory_MB": 54.728515625,
  "validation_accuracy": 0.7152317880794702,
  "validation_loss": 1.5301836490631104,
  "best_validation_accuracy": 0.7152317880794702,
  "best_validation_loss": 1.5301836490631104
}