{
  "best_epoch": 63,
  "peak_worker_0_memory_MB": 2313.53515625,
  "peak_gpu_0_memory_MB": 54.728515625,
  "training_duration": "0:00:13.734769",
  "training_start_epoch": 0,
  "training_epochs": 63,
  "epoch": 63,
  "training_accuracy": 0.9592016436747872,
  "training_loss": 0.21965794955138807,
  "training_worker_0_memory_MB": 2313.53515625,
  "training_gpu_0_memory_MB": 54.728515625,
  "validation_accuracy": 0.7996688741721855,
  "validation_loss": 0.8788295924663544,
  "best_validation_accuracy": 0.7996688741721855,
  "best_validation_loss": 0.8788295924663544
}