{
  "best_epoch": 1,
  "peak_worker_0_memory_MB": 2313.53515625,
  "peak_gpu_0_memory_MB": 54.728515625,
  "training_duration": "0:00:00.419306",
  "training_start_epoch": 0,
  "training_epochs": 1,
  "epoch": 1,
  "training_accuracy": 0.1778690930437335,
  "training_loss": 3.9071190136450307,
  "training_worker_0_memory_MB": 2313.53515625,
  "training_gpu_0_memory_MB": 54.728515625,
  "validation_accuracy": 0.2119205298013245,
  "validation_loss": 3.747599411010742,
  "best_validation_accuracy": 0.2119205298013245,
  "best_validation_loss": 3.747599411010742
}