{
  "best_epoch": 27,
  "peak_worker_0_memory_MB": 2328.84765625,
  "peak_gpu_0_memory_MB": 61.63037109375,
  "training_duration": "0:00:07.299535",
  "training_start_epoch": 0,
  "training_epochs": 28,
  "epoch": 28,
  "training_accuracy": 0.9105386416861827,
  "training_loss": 0.588515022797371,
  "training_worker_0_memory_MB": 2328.84765625,
  "training_gpu_0_memory_MB": 61.63037109375,
  "validation_accuracy": 0.7731788079470199,
  "validation_loss": 1.098399031162262,
  "best_validation_accuracy": 0.7698675496688742,
  "best_validation_loss": 1.092850124835968
}