{
  "best_epoch": 27,
  "peak_worker_0_memory_MB": 2327.01171875,
  "peak_gpu_0_memory_MB": 69.92529296875,
  "training_duration": "0:00:07.441398",
  "training_start_epoch": 0,
  "training_epochs": 27,
  "epoch": 27,
  "training_accuracy": 0.873295204575451,
  "training_loss": 0.7737809001571603,
  "training_worker_0_memory_MB": 2327.01171875,
  "training_gpu_0_memory_MB": 69.92529296875,
  "validation_accuracy": 0.7748344370860927,
  "validation_loss": 1.034785920381546,
  "best_validation_accuracy": 0.7748344370860927,
  "best_validation_loss": 1.034785920381546
}