{
  "best_epoch": 25,
  "peak_worker_0_memory_MB": 2327.01171875,
  "peak_gpu_0_memory_MB": 69.92529296875,
  "training_duration": "0:00:06.911251",
  "training_start_epoch": 0,
  "training_epochs": 25,
  "epoch": 25,
  "training_accuracy": 0.8528376594808623,
  "training_loss": 0.846261828723881,
  "training_worker_0_memory_MB": 2327.01171875,
  "training_gpu_0_memory_MB": 69.92529296875,
  "validation_accuracy": 0.7682119205298014,
  "validation_loss": 1.1072157382965089,
  "best_validation_accuracy": 0.7682119205298014,
  "best_validation_loss": 1.1072157382965089
}