{
  "best_epoch": 5,
  "peak_worker_0_memory_MB": 2327.01171875,
  "peak_gpu_0_memory_MB": 69.92529296875,
  "training_duration": "0:00:01.582005",
  "training_start_epoch": 0,
  "training_epochs": 5,
  "epoch": 5,
  "training_accuracy": 0.31456225252969644,
  "training_loss": 2.97952292031712,
  "training_worker_0_memory_MB": 2327.01171875,
  "training_gpu_0_memory_MB": 69.92529296875,
  "validation_accuracy": 0.4155629139072848,
  "validation_loss": 2.8304995775222777,
  "best_validation_accuracy": 0.4155629139072848,
  "best_validation_loss": 2.8304995775222777
}