{
  "best_epoch": 22,
  "peak_worker_0_memory_MB": 2327.01171875,
  "peak_gpu_0_memory_MB": 69.92529296875,
  "training_duration": "0:00:06.113932",
  "training_start_epoch": 0,
  "training_epochs": 22,
  "epoch": 22,
  "training_accuracy": 0.8209414870215574,
  "training_loss": 1.0009190655416913,
  "training_worker_0_memory_MB": 2327.01171875,
  "training_gpu_0_memory_MB": 69.92529296875,
  "validation_accuracy": 0.7549668874172185,
  "validation_loss": 1.2045899748802185,
  "best_validation_accuracy": 0.7549668874172185,
  "best_validation_loss": 1.2045899748802185
}