{
  "best_epoch": 0,
  "peak_worker_0_memory_MB": 2327.01171875,
  "peak_gpu_0_memory_MB": 69.92529296875,
  "training_duration": "0:00:00.255375",
  "training_start_epoch": 0,
  "training_epochs": 0,
  "epoch": 0,
  "training_accuracy": 0.10206775186977562,
  "training_loss": 4.07949580417739,
  "training_worker_0_memory_MB": 2327.01171875,
  "training_gpu_0_memory_MB": 69.92529296875,
  "validation_accuracy": 0.24503311258278146,
  "validation_loss": 3.8947033166885374,
  "best_validation_accuracy": 0.24503311258278146,
  "best_validation_loss": 3.8947033166885374
}