{
  "best_epoch": 15,
  "peak_worker_0_memory_MB": 2327.01171875,
  "peak_gpu_0_memory_MB": 69.92529296875,
  "training_duration": "0:00:04.244157",
  "training_start_epoch": 0,
  "training_epochs": 15,
  "epoch": 15,
  "training_accuracy": 0.7032556093268808,
  "training_loss": 1.568343483739429,
  "training_worker_0_memory_MB": 2327.01171875,
  "training_gpu_0_memory_MB": 69.92529296875,
  "validation_accuracy": 0.6986754966887417,
  "validation_loss": 1.6090411067008972,
  "best_validation_accuracy": 0.6986754966887417,
  "best_validation_loss": 1.6090411067008972
}