{
  "best_epoch": 2,
  "peak_worker_0_memory_MB": 2271.57421875,
  "peak_gpu_0_memory_MB": 15.515625,
  "training_duration": "0:00:00.235781",
  "training_start_epoch": 0,
  "training_epochs": 2,
  "epoch": 2,
  "training_accuracy": 0.2913322632423756,
  "training_loss": 3.363194131851196,
  "training_worker_0_memory_MB": 2271.57421875,
  "training_gpu_0_memory_MB": 15.515625,
  "validation_accuracy": 0.5364238410596026,
  "validation_loss": 3.043255567550659,
  "best_validation_accuracy": 0.5364238410596026,
  "best_validation_loss": 3.043255567550659
}