{
  "best_epoch": 64,
  "peak_worker_0_memory_MB": 0,
  "training_duration": "0:00:37.232547",
  "training_start_epoch": 0,
  "training_epochs": 64,
  "epoch": 64,
  "training_accuracy": 0.8516666666666667,
  "training_loss": 0.7179807382822037,
  "training_reg_loss": 0.0,
  "training_worker_0_memory_MB": 0.0,
  "validation_accuracy": 0.7366666666666667,
  "validation_loss": 1.2616725532632125,
  "validation_reg_loss": 0.0,
  "best_validation_accuracy": 0.7366666666666667,
  "best_validation_loss": 1.2616725532632125,
  "best_validation_reg_loss": 0.0
}