{
  "best_epoch": 11,
  "peak_worker_0_memory_MB": 2379.60546875,
  "peak_gpu_0_memory_MB": 89.33056640625,
  "training_duration": "0:00:05.646448",
  "training_start_epoch": 0,
  "training_epochs": 11,
  "epoch": 11,
  "training_accuracy": 0.39822371579452714,
  "training_loss": 2.4939739412933815,
  "training_worker_0_memory_MB": 2379.60546875,
  "training_gpu_0_memory_MB": 89.33056640625,
  "validation_accuracy": 0.7185430463576159,
  "validation_loss": 1.5113101720809936,
  "best_validation_accuracy": 0.7185430463576159,
  "best_validation_loss": 1.5113101720809936
}