{
  "best_epoch": 29,
  "peak_worker_0_memory_MB": 2379.60546875,
  "peak_gpu_0_memory_MB": 89.33056640625,
  "training_duration": "0:00:14.109790",
  "training_start_epoch": 0,
  "training_epochs": 29,
  "epoch": 29,
  "training_accuracy": 0.5481277004320692,
  "training_loss": 1.7684306288493499,
  "training_worker_0_memory_MB": 2379.60546875,
  "training_gpu_0_memory_MB": 89.33056640625,
  "validation_accuracy": 0.7715231788079471,
  "validation_loss": 1.025144636631012,
  "best_validation_accuracy": 0.7715231788079471,
  "best_validation_loss": 1.025144636631012
}