{
  "best_epoch": 21,
  "peak_worker_0_memory_MB": 2379.60546875,
  "peak_gpu_0_memory_MB": 89.33056640625,
  "training_duration": "0:00:10.355251",
  "training_start_epoch": 0,
  "training_epochs": 21,
  "epoch": 21,
  "training_accuracy": 0.5015602496399424,
  "training_loss": 2.003568724821542,
  "training_worker_0_memory_MB": 2379.60546875,
  "training_gpu_0_memory_MB": 89.33056640625,
  "validation_accuracy": 0.7649006622516556,
  "validation_loss": 1.1200035333633422,
  "best_validation_accuracy": 0.7649006622516556,
  "best_validation_loss": 1.1200035333633422
}