{
  "best_epoch": 40,
  "peak_worker_0_memory_MB": 2379.60546875,
  "peak_gpu_0_memory_MB": 89.33056640625,
  "training_duration": "0:00:20.839410",
  "training_start_epoch": 0,
  "training_epochs": 43,
  "epoch": 43,
  "training_accuracy": 0.5906144983197311,
  "training_loss": 1.5767003907502153,
  "training_worker_0_memory_MB": 2379.60546875,
  "training_gpu_0_memory_MB": 89.33056640625,
  "validation_accuracy": 0.7814569536423841,
  "validation_loss": 0.953182065486908,
  "best_validation_accuracy": 0.7781456953642384,
  "best_validation_loss": 0.9466563940048218
}