{
  "best_epoch": 32,
  "peak_worker_0_memory_MB": 2298.41015625,
  "peak_gpu_0_memory_MB": 50.91064453125,
  "training_duration": "0:00:28.048867",
  "training_start_epoch": 0,
  "training_epochs": 41,
  "epoch": 41,
  "training_accuracy": 0.8395319682407021,
  "training_loss": 0.5472213814133092,
  "training_worker_0_memory_MB": 2298.41015625,
  "training_gpu_0_memory_MB": 50.91064453125,
  "validation_accuracy": 0.8013245033112583,
  "validation_loss": 1.0543704330921173,
  "best_validation_accuracy": 0.7913907284768212,
  "best_validation_loss": 0.9419211119413375
}