{
  "best_epoch": 27,
  "peak_worker_0_memory_MB": 2298.41015625,
  "peak_gpu_0_memory_MB": 50.91064453125,
  "training_duration": "0:00:20.773988",
  "training_start_epoch": 0,
  "training_epochs": 30,
  "epoch": 30,
  "training_accuracy": 0.8157124947764313,
  "training_loss": 0.6500378251075745,
  "training_worker_0_memory_MB": 2298.41015625,
  "training_gpu_0_memory_MB": 50.91064453125,
  "validation_accuracy": 0.7947019867549668,
  "validation_loss": 0.954845842719078,
  "best_validation_accuracy": 0.7831125827814569,
  "best_validation_loss": 0.9545071050524712
}