{
  "best_epoch": 19,
  "peak_worker_0_memory_MB": 2298.41015625,
  "peak_gpu_0_memory_MB": 50.91064453125,
  "training_duration": "0:00:13.370575",
  "training_start_epoch": 0,
  "training_epochs": 19,
  "epoch": 19,
  "training_accuracy": 0.7484329293773506,
  "training_loss": 0.92872753739357,
  "training_worker_0_memory_MB": 2298.41015625,
  "training_gpu_0_memory_MB": 50.91064453125,
  "validation_accuracy": 0.7715231788079471,
  "validation_loss": 1.0302075922489167,
  "best_validation_accuracy": 0.7715231788079471,
  "best_validation_loss": 1.0302075922489167
}