{
  "best_epoch": 21,
  "peak_worker_0_memory_MB": 2298.41015625,
  "peak_gpu_0_memory_MB": 50.91064453125,
  "training_duration": "0:00:16.058931",
  "training_start_epoch": 0,
  "training_epochs": 23,
  "epoch": 23,
  "training_accuracy": 0.7655662348516507,
  "training_loss": 0.884637818524712,
  "training_worker_0_memory_MB": 2298.41015625,
  "training_gpu_0_memory_MB": 50.91064453125,
  "validation_accuracy": 0.7814569536423841,
  "validation_loss": 0.9932734310626984,
  "best_validation_accuracy": 0.7864238410596026,
  "best_validation_loss": 0.9849485248327255
}