{
  "best_epoch": 5,
  "peak_worker_0_memory_MB": 2298.41015625,
  "peak_gpu_0_memory_MB": 50.91064453125,
  "training_duration": "0:00:03.976962",
  "training_start_epoch": 0,
  "training_epochs": 5,
  "epoch": 5,
  "training_accuracy": 0.41496030087755953,
  "training_loss": 2.434207295116625,
  "training_worker_0_memory_MB": 2298.41015625,
  "training_gpu_0_memory_MB": 50.91064453125,
  "validation_accuracy": 0.5761589403973509,
  "validation_loss": 2.0275110483169554,
  "best_validation_accuracy": 0.5761589403973509,
  "best_validation_loss": 2.0275110483169554
}