{
  "best_epoch": 27,
  "peak_worker_0_memory_MB": 2298.41015625,
  "peak_gpu_0_memory_MB": 50.91064453125,
  "training_duration": "0:00:20.081931",
  "training_start_epoch": 0,
  "training_epochs": 29,
  "epoch": 29,
  "training_accuracy": 0.8086084412870873,
  "training_loss": 0.6828921805871161,
  "training_worker_0_memory_MB": 2298.41015625,
  "training_gpu_0_memory_MB": 50.91064453125,
  "validation_accuracy": 0.7864238410596026,
  "validation_loss": 0.9645348012447357,
  "best_validation_accuracy": 0.7831125827814569,
  "best_validation_loss": 0.9545071050524712
}