{
  "best_epoch": 29,
  "peak_worker_0_memory_MB": 2271.328125,
  "peak_gpu_0_memory_MB": 15.515625,
  "training_duration": "0:00:02.942462",
  "training_start_epoch": 0,
  "training_epochs": 37,
  "epoch": 37,
  "training_accuracy": 0.884430176565008,
  "training_loss": 0.3018027849495411,
  "training_worker_0_memory_MB": 2271.328125,
  "training_gpu_0_memory_MB": 15.515625,
  "validation_accuracy": 0.8096026490066225,
  "validation_loss": 1.257900643348694,
  "best_validation_accuracy": 0.8195364238410596,
  "best_validation_loss": 1.1147733092308045
}