{
  "best_epoch": 27,
  "peak_worker_0_memory_MB": 2298.41015625,
  "peak_gpu_0_memory_MB": 50.91064453125,
  "training_duration": "0:00:21.545104",
  "training_start_epoch": 0,
  "training_epochs": 31,
  "epoch": 31,
  "training_accuracy": 0.8161303802758044,
  "training_loss": 0.6458094708229366,
  "training_worker_0_memory_MB": 2298.41015625,
  "training_gpu_0_memory_MB": 50.91064453125,
  "validation_accuracy": 0.7764900662251656,
  "validation_loss": 1.0105639398097992,
  "best_validation_accuracy": 0.7764900662251656,
  "best_validation_loss": 0.957611133903265
}