{
  "best_epoch": 22,
  "peak_worker_0_memory_MB": 2298.41015625,
  "peak_gpu_0_memory_MB": 50.91064453125,
  "training_duration": "0:00:16.873421",
  "training_start_epoch": 0,
  "training_epochs": 24,
  "epoch": 24,
  "training_accuracy": 0.7781027998328458,
  "training_loss": 0.8352814332435006,
  "training_worker_0_memory_MB": 2298.41015625,
  "training_gpu_0_memory_MB": 50.91064453125,
  "validation_accuracy": 0.7798013245033113,
  "validation_loss": 1.0074441850185394,
  "best_validation_accuracy": 0.7731788079470199,
  "best_validation_loss": 0.9801664501428604
}