{
  "best_epoch": 23,
  "peak_worker_0_memory_MB": 2317.32421875,
  "peak_gpu_0_memory_MB": 51.12255859375,
  "training_duration": "0:00:15.881937",
  "training_start_epoch": 0,
  "training_epochs": 23,
  "epoch": 23,
  "training_accuracy": 0.5507730881738404,
  "training_loss": 1.821080245469746,
  "training_worker_0_memory_MB": 2317.32421875,
  "training_gpu_0_memory_MB": 51.12255859375,
  "validation_accuracy": 0.7185430463576159,
  "validation_loss": 1.3030210137367249,
  "best_validation_accuracy": 0.7185430463576159,
  "best_validation_loss": 1.3030210137367249
}