{
  "best_epoch": 58,
  "peak_worker_0_memory_MB": 2317.32421875,
  "peak_gpu_0_memory_MB": 51.12255859375,
  "training_duration": "0:00:39.659547",
  "training_start_epoch": 0,
  "training_epochs": 59,
  "epoch": 59,
  "training_accuracy": 0.7141663184287506,
  "training_loss": 1.0253316226758455,
  "training_worker_0_memory_MB": 2317.32421875,
  "training_gpu_0_memory_MB": 51.12255859375,
  "validation_accuracy": 0.7831125827814569,
  "validation_loss": 0.9180755108594895,
  "best_validation_accuracy": 0.7864238410596026,
  "best_validation_loss": 0.8833266854286194
}