{
  "best_epoch": 48,
  "peak_worker_0_memory_MB": 2317.32421875,
  "peak_gpu_0_memory_MB": 51.12255859375,
  "training_duration": "0:00:33.061083",
  "training_start_epoch": 0,
  "training_epochs": 49,
  "epoch": 49,
  "training_accuracy": 0.6870037609694943,
  "training_loss": 1.1528069925935645,
  "training_worker_0_memory_MB": 2317.32421875,
  "training_gpu_0_memory_MB": 51.12255859375,
  "validation_accuracy": 0.7781456953642384,
  "validation_loss": 0.9522693753242493,
  "best_validation_accuracy": 0.7831125827814569,
  "best_validation_loss": 0.9477354884147644
}