{
  "best_epoch": 28,
  "peak_worker_0_memory_MB": 2317.32421875,
  "peak_gpu_0_memory_MB": 51.12255859375,
  "training_duration": "0:00:19.195374",
  "training_start_epoch": 0,
  "training_epochs": 28,
  "epoch": 28,
  "training_accuracy": 0.576681989134977,
  "training_loss": 1.6100272128456516,
  "training_worker_0_memory_MB": 2317.32421875,
  "training_gpu_0_memory_MB": 51.12255859375,
  "validation_accuracy": 0.7384105960264901,
  "validation_loss": 1.1459550201892852,
  "best_validation_accuracy": 0.7384105960264901,
  "best_validation_loss": 1.1459550201892852
}