{
  "best_epoch": 31,
  "peak_worker_0_memory_MB": 2317.32421875,
  "peak_gpu_0_memory_MB": 51.12255859375,
  "training_duration": "0:00:21.170124",
  "training_start_epoch": 0,
  "training_epochs": 31,
  "epoch": 31,
  "training_accuracy": 0.5996656916005014,
  "training_loss": 1.5014677675146806,
  "training_worker_0_memory_MB": 2317.32421875,
  "training_gpu_0_memory_MB": 51.12255859375,
  "validation_accuracy": 0.75,
  "validation_loss": 1.1084375381469727,
  "best_validation_accuracy": 0.75,
  "best_validation_loss": 1.1084375381469727
}