{
  "best_epoch": 40,
  "peak_worker_0_memory_MB": 2317.32421875,
  "peak_gpu_0_memory_MB": 51.12255859375,
  "training_duration": "0:00:27.145169",
  "training_start_epoch": 0,
  "training_epochs": 40,
  "epoch": 40,
  "training_accuracy": 0.6531550355202674,
  "training_loss": 1.293521037227229,
  "training_worker_0_memory_MB": 2317.32421875,
  "training_gpu_0_memory_MB": 51.12255859375,
  "validation_accuracy": 0.7715231788079471,
  "validation_loss": 0.9932151019573212,
  "best_validation_accuracy": 0.7715231788079471,
  "best_validation_loss": 0.9932151019573212
}