{
  "best_epoch": 15,
  "peak_worker_0_memory_MB": 2286.5859375,
  "peak_gpu_0_memory_MB": 30.3212890625,
  "training_duration": "0:00:03.865918",
  "training_start_epoch": 0,
  "training_epochs": 23,
  "epoch": 23,
  "training_accuracy": 0.9661512745507731,
  "training_loss": 0.14939457354576965,
  "training_worker_0_memory_MB": 2286.5859375,
  "training_gpu_0_memory_MB": 30.3212890625,
  "validation_accuracy": 0.8062913907284768,
  "validation_loss": 0.9275948166847229,
  "best_validation_accuracy": 0.7980132450331126,
  "best_validation_loss": 0.8602509737014771
}