{
  "best_epoch": 3,
  "peak_worker_0_memory_MB": 2286.5859375,
  "peak_gpu_0_memory_MB": 30.3212890625,
  "training_duration": "0:00:00.636027",
  "training_start_epoch": 0,
  "training_epochs": 3,
  "epoch": 3,
  "training_accuracy": 0.6807354784788968,
  "training_loss": 1.6827623812775863,
  "training_worker_0_memory_MB": 2286.5859375,
  "training_gpu_0_memory_MB": 30.3212890625,
  "validation_accuracy": 0.7003311258278145,
  "validation_loss": 1.6202754020690917,
  "best_validation_accuracy": 0.7003311258278145,
  "best_validation_loss": 1.6202754020690917
}