{
  "best_epoch": 5,
  "peak_worker_0_memory_MB": 2286.5859375,
  "peak_gpu_0_memory_MB": 30.3212890625,
  "training_duration": "0:00:00.957469",
  "training_start_epoch": 0,
  "training_epochs": 5,
  "epoch": 5,
  "training_accuracy": 0.7918930213121604,
  "training_loss": 1.0732370630690926,
  "training_worker_0_memory_MB": 2286.5859375,
  "training_gpu_0_memory_MB": 30.3212890625,
  "validation_accuracy": 0.7549668874172185,
  "validation_loss": 1.186208587884903,
  "best_validation_accuracy": 0.7549668874172185,
  "best_validation_loss": 1.186208587884903
}