{
  "best_epoch": 5,
  "peak_worker_0_memory_MB": 2317.5546875,
  "peak_gpu_0_memory_MB": 55.18505859375,
  "training_duration": "0:00:01.650051",
  "training_start_epoch": 0,
  "training_epochs": 5,
  "epoch": 5,
  "training_accuracy": 0.7458900892437764,
  "training_loss": 1.538412206208528,
  "training_worker_0_memory_MB": 2317.5546875,
  "training_gpu_0_memory_MB": 55.18505859375,
  "validation_accuracy": 0.7135761589403974,
  "validation_loss": 1.5939573407173158,
  "best_validation_accuracy": 0.7135761589403974,
  "best_validation_loss": 1.5939573407173158
}