{
  "best_epoch": 16,
  "peak_worker_0_memory_MB": 2317.5546875,
  "peak_gpu_0_memory_MB": 55.18505859375,
  "training_duration": "0:00:04.670972",
  "training_start_epoch": 0,
  "training_epochs": 16,
  "epoch": 16,
  "training_accuracy": 0.9643024894316581,
  "training_loss": 0.2169616411426174,
  "training_worker_0_memory_MB": 2317.5546875,
  "training_gpu_0_memory_MB": 55.18505859375,
  "validation_accuracy": 0.7947019867549668,
  "validation_loss": 0.9749508738517761,
  "best_validation_accuracy": 0.7947019867549668,
  "best_validation_loss": 0.9749508738517761
}