{
  "best_epoch": 11,
  "peak_worker_0_memory_MB": 2317.5546875,
  "peak_gpu_0_memory_MB": 55.18505859375,
  "training_duration": "0:00:03.299075",
  "training_start_epoch": 0,
  "training_epochs": 11,
  "epoch": 11,
  "training_accuracy": 0.9309534992954439,
  "training_loss": 0.46343857672677113,
  "training_worker_0_memory_MB": 2317.5546875,
  "training_gpu_0_memory_MB": 55.18505859375,
  "validation_accuracy": 0.7814569536423841,
  "validation_loss": 1.0186553776264191,
  "best_validation_accuracy": 0.7814569536423841,
  "best_validation_loss": 1.0186553776264191
}