{
  "best_epoch": 34,
  "peak_worker_0_memory_MB": 2328.29296875,
  "peak_gpu_0_memory_MB": 64.7041015625,
  "training_duration": "0:00:10.296039",
  "training_start_epoch": 0,
  "training_epochs": 43,
  "epoch": 43,
  "training_accuracy": 0.9786284640676374,
  "training_loss": 0.1285192060715227,
  "training_worker_0_memory_MB": 2328.29296875,
  "training_gpu_0_memory_MB": 64.7041015625,
  "validation_accuracy": 0.804635761589404,
  "validation_loss": 0.9891142517328262,
  "best_validation_accuracy": 0.8013245033112583,
  "best_validation_loss": 0.9457872927188873
}