{
  "best_epoch": 34,
  "peak_worker_0_memory_MB": 2328.29296875,
  "peak_gpu_0_memory_MB": 64.7041015625,
  "training_duration": "0:00:08.896954",
  "training_start_epoch": 0,
  "training_epochs": 37,
  "epoch": 37,
  "training_accuracy": 0.9713480507280413,
  "training_loss": 0.18007395583302227,
  "training_worker_0_memory_MB": 2328.29296875,
  "training_gpu_0_memory_MB": 64.7041015625,
  "validation_accuracy": 0.8029801324503312,
  "validation_loss": 1.0164569675922395,
  "best_validation_accuracy": 0.8013245033112583,
  "best_validation_loss": 0.9457872927188873
}