{
  "best_epoch": 3,
  "peak_worker_0_memory_MB": 2273.13671875,
  "peak_gpu_0_memory_MB": 15.68994140625,
  "training_duration": "0:00:00.747650",
  "training_start_epoch": 0,
  "training_epochs": 7,
  "epoch": 7,
  "training_accuracy": 0.8739967897271268,
  "training_loss": 0.3485583491623402,
  "training_worker_0_memory_MB": 2273.13671875,
  "training_gpu_0_memory_MB": 15.68994140625,
  "validation_accuracy": 0.7086092715231788,
  "validation_loss": 1.1794208586215973,
  "best_validation_accuracy": 0.8228476821192053,
  "best_validation_loss": 1.062759017944336
}