{
  "best_epoch": 5,
  "peak_worker_0_memory_MB": 2370.390625,
  "peak_gpu_0_memory_MB": 89.33056640625,
  "training_duration": "0:00:02.917883",
  "training_start_epoch": 0,
  "training_epochs": 5,
  "epoch": 5,
  "training_accuracy": 0.728756601056169,
  "training_loss": 1.6082839747421613,
  "training_worker_0_memory_MB": 2370.390625,
  "training_gpu_0_memory_MB": 89.33056640625,
  "validation_accuracy": 0.7284768211920529,
  "validation_loss": 1.3383072912693024,
  "best_validation_accuracy": 0.7284768211920529,
  "best_validation_loss": 1.3383072912693024
}