{
  "best_epoch": 4,
  "peak_worker_0_memory_MB": 2331.171875,
  "peak_gpu_0_memory_MB": 65.09326171875,
  "training_duration": "0:00:02.159067",
  "training_start_epoch": 0,
  "training_epochs": 7,
  "epoch": 7,
  "training_accuracy": 0.9873536299765808,
  "training_loss": 0.061745743753749936,
  "training_worker_0_memory_MB": 2331.171875,
  "training_gpu_0_memory_MB": 65.09326171875,
  "validation_accuracy": 0.7963576158940397,
  "validation_loss": 0.9581627279520035,
  "best_validation_accuracy": 0.8013245033112583,
  "best_validation_loss": 0.8618354581296443
}