{
  "best_epoch": 5,
  "peak_worker_0_memory_MB": 2370.390625,
  "peak_gpu_0_memory_MB": 89.33056640625,
  "training_duration": "0:00:04.034371",
  "training_start_epoch": 0,
  "training_epochs": 7,
  "epoch": 7,
  "training_accuracy": 0.9884781565050408,
  "training_loss": 0.09616029757352276,
  "training_worker_0_memory_MB": 2370.390625,
  "training_gpu_0_memory_MB": 89.33056640625,
  "validation_accuracy": 0.804635761589404,
  "validation_loss": 0.9244402915239334,
  "best_validation_accuracy": 0.7996688741721855,
  "best_validation_loss": 0.9097489178180694
}