{
  "best_epoch": 5,
  "peak_worker_0_memory_MB": 2370.390625,
  "peak_gpu_0_memory_MB": 89.33056640625,
  "training_duration": "0:00:03.533227",
  "training_start_epoch": 0,
  "training_epochs": 6,
  "epoch": 6,
  "training_accuracy": 0.9833173307729237,
  "training_loss": 0.1381716091782992,
  "training_worker_0_memory_MB": 2370.390625,
  "training_gpu_0_memory_MB": 89.33056640625,
  "validation_accuracy": 0.8013245033112583,
  "validation_loss": 0.937214457988739,
  "best_validation_accuracy": 0.7996688741721855,
  "best_validation_loss": 0.9097489178180694
}