{
  "best_epoch": 2,
  "peak_worker_0_memory_MB": 0,
  "training_duration": "0:00:02.857453",
  "training_start_epoch": 0,
  "training_epochs": 2,
  "epoch": 2,
  "training_accuracy": 0.5891666666666666,
  "training_loss": 1.8534537013371786,
  "training_reg_loss": 0.0,
  "training_worker_0_memory_MB": 0.0,
  "validation_accuracy": 0.6233333333333333,
  "validation_loss": 1.8824708587244938,
  "validation_reg_loss": 0.0,
  "best_validation_accuracy": 0.6233333333333333,
  "best_validation_loss": 1.8824708587244938,
  "best_validation_reg_loss": 0.0
}