{
  "best_epoch": 14,
  "peak_worker_0_memory_MB": 0,
  "training_duration": "0:00:21.830647",
  "training_start_epoch": 0,
  "training_epochs": 22,
  "epoch": 22,
  "training_accuracy": 0.9170833333333334,
  "training_loss": 0.2923086249828339,
  "training_reg_loss": 0.0,
  "training_worker_0_memory_MB": 0.0,
  "validation_accuracy": 0.7766666666666666,
  "validation_loss": 1.2642133784921545,
  "validation_reg_loss": 0.0,
  "best_validation_accuracy": 0.7733333333333333,
  "best_validation_loss": 1.1928690122930627,
  "best_validation_reg_loss": 0.0
}