{
  "best_epoch": 5,
  "peak_worker_0_memory_MB": 2286.5859375,
  "peak_gpu_0_memory_MB": 30.3212890625,
  "training_duration": "0:00:00.938844",
  "training_start_epoch": 0,
  "training_epochs": 5,
  "epoch": 5,
  "training_accuracy": 0.9206017551190974,
  "training_loss": 0.3863669355448924,
  "training_worker_0_memory_MB": 2286.5859375,
  "training_gpu_0_memory_MB": 30.3212890625,
  "validation_accuracy": 0.804635761589404,
  "validation_loss": 0.8840854525566101,
  "best_validation_accuracy": 0.804635761589404,
  "best_validation_loss": 0.8840854525566101
}