{
  "best_epoch": 12,
  "peak_worker_0_memory_MB": 2365.1484375,
  "peak_gpu_0_memory_MB": 89.33056640625,
  "training_duration": "0:00:06.106725",
  "training_start_epoch": 0,
  "training_epochs": 12,
  "epoch": 12,
  "training_accuracy": 0.8078492558809409,
  "training_loss": 1.171748456154161,
  "training_worker_0_memory_MB": 2365.1484375,
  "training_gpu_0_memory_MB": 89.33056640625,
  "validation_accuracy": 0.7549668874172185,
  "validation_loss": 1.1859203934669496,
  "best_validation_accuracy": 0.7549668874172185,
  "best_validation_loss": 1.1859203934669496
}