{
  "best_epoch": 18,
  "peak_worker_0_memory_MB": 2365.1484375,
  "peak_gpu_0_memory_MB": 89.33056640625,
  "training_duration": "0:00:08.962255",
  "training_start_epoch": 0,
  "training_epochs": 18,
  "epoch": 18,
  "training_accuracy": 0.9734757561209794,
  "training_loss": 0.23156328385567848,
  "training_worker_0_memory_MB": 2365.1484375,
  "training_gpu_0_memory_MB": 89.33056640625,
  "validation_accuracy": 0.7980132450331126,
  "validation_loss": 0.8886198043823242,
  "best_validation_accuracy": 0.7980132450331126,
  "best_validation_loss": 0.8886198043823242
}