{
  "best_epoch": 3,
  "peak_worker_0_memory_MB": 2365.1484375,
  "peak_gpu_0_memory_MB": 89.33056640625,
  "training_duration": "0:00:01.895400",
  "training_start_epoch": 0,
  "training_epochs": 3,
  "epoch": 3,
  "training_accuracy": 0.5213634181469035,
  "training_loss": 2.596893336026723,
  "training_worker_0_memory_MB": 2365.1484375,
  "training_gpu_0_memory_MB": 89.33056640625,
  "validation_accuracy": 0.6655629139072847,
  "validation_loss": 1.9953632593154906,
  "best_validation_accuracy": 0.6655629139072847,
  "best_validation_loss": 1.9953632593154906
}