{
  "best_epoch": 10,
  "peak_worker_0_memory_MB": 2316.54296875,
  "peak_gpu_0_memory_MB": 51.12255859375,
  "training_duration": "0:00:07.892079",
  "training_start_epoch": 0,
  "training_epochs": 11,
  "epoch": 11,
  "training_accuracy": 0.8549937317175094,
  "training_loss": 0.5556082396130813,
  "training_worker_0_memory_MB": 2316.54296875,
  "training_gpu_0_memory_MB": 51.12255859375,
  "validation_accuracy": 0.7798013245033113,
  "validation_loss": 0.9782750844955445,
  "best_validation_accuracy": 0.7798013245033113,
  "best_validation_loss": 0.9545213758945466
}