{
  "best_epoch": 10,
  "peak_worker_0_memory_MB": 2316.54296875,
  "peak_gpu_0_memory_MB": 51.12255859375,
  "training_duration": "0:00:08.530786",
  "training_start_epoch": 0,
  "training_epochs": 12,
  "epoch": 12,
  "training_accuracy": 0.8666945256999582,
  "training_loss": 0.4980467730446866,
  "training_worker_0_memory_MB": 2316.54296875,
  "training_gpu_0_memory_MB": 51.12255859375,
  "validation_accuracy": 0.7847682119205298,
  "validation_loss": 1.023627018928528,
  "best_validation_accuracy": 0.7798013245033113,
  "best_validation_loss": 0.9545213758945466
}