{
  "best_epoch": 10,
  "peak_worker_0_memory_MB": 2316.54296875,
  "peak_gpu_0_memory_MB": 51.12255859375,
  "training_duration": "0:00:13.114642",
  "training_start_epoch": 0,
  "training_epochs": 19,
  "epoch": 19,
  "training_accuracy": 0.9281236941078145,
  "training_loss": 0.2501507952417198,
  "training_worker_0_memory_MB": 2316.54296875,
  "training_gpu_0_memory_MB": 51.12255859375,
  "validation_accuracy": 0.7947019867549668,
  "validation_loss": 1.102256953716278,
  "best_validation_accuracy": 0.7798013245033113,
  "best_validation_loss": 0.9545213758945466
}