{
  "best_epoch": 16,
  "peak_worker_0_memory_MB": 2370.390625,
  "peak_gpu_0_memory_MB": 89.33056640625,
  "training_duration": "0:00:12.009842",
  "training_start_epoch": 0,
  "training_epochs": 24,
  "epoch": 24,
  "training_accuracy": 0.9944791166586654,
  "training_loss": 0.05357773515274961,
  "training_worker_0_memory_MB": 2370.390625,
  "training_gpu_0_memory_MB": 89.33056640625,
  "validation_accuracy": 0.8096026490066225,
  "validation_loss": 0.9255544483661652,
  "best_validation_accuracy": 0.8079470198675497,
  "best_validation_loss": 0.897577029466629
}