{
  "best_epoch": 7,
  "peak_worker_0_memory_MB": 2309.92578125,
  "peak_gpu_0_memory_MB": 46.67724609375,
  "training_duration": "0:00:01.638158",
  "training_start_epoch": 0,
  "training_epochs": 7,
  "epoch": 7,
  "training_accuracy": 0.83416495450543,
  "training_loss": 1.0098577119685985,
  "training_worker_0_memory_MB": 2309.92578125,
  "training_gpu_0_memory_MB": 46.67724609375,
  "validation_accuracy": 0.7599337748344371,
  "validation_loss": 1.2229506254196167,
  "best_validation_accuracy": 0.7599337748344371,
  "best_validation_loss": 1.2229506254196167
}