{
  "best_epoch": 10,
  "peak_worker_0_memory_MB": 2309.92578125,
  "peak_gpu_0_memory_MB": 46.67724609375,
  "training_duration": "0:00:02.256900",
  "training_start_epoch": 0,
  "training_epochs": 10,
  "epoch": 10,
  "training_accuracy": 0.9040211329615497,
  "training_loss": 0.6138605331933057,
  "training_worker_0_memory_MB": 2309.92578125,
  "training_gpu_0_memory_MB": 46.67724609375,
  "validation_accuracy": 0.7831125827814569,
  "validation_loss": 1.0415392696857453,
  "best_validation_accuracy": 0.7831125827814569,
  "best_validation_loss": 1.0415392696857453
}