{
  "best_epoch": 20,
  "peak_worker_0_memory_MB": 2309.92578125,
  "peak_gpu_0_memory_MB": 46.67724609375,
  "training_duration": "0:00:05.146169",
  "training_start_epoch": 0,
  "training_epochs": 24,
  "epoch": 24,
  "training_accuracy": 0.9753448781919577,
  "training_loss": 0.13956324597475706,
  "training_worker_0_memory_MB": 2309.92578125,
  "training_gpu_0_memory_MB": 46.67724609375,
  "validation_accuracy": 0.8013245033112583,
  "validation_loss": 0.8880912125110626,
  "best_validation_accuracy": 0.8079470198675497,
  "best_validation_loss": 0.8394519209861755
}