{
  "best_epoch": 20,
  "peak_worker_0_memory_MB": 2309.92578125,
  "peak_gpu_0_memory_MB": 46.67724609375,
  "training_duration": "0:00:04.322164",
  "training_start_epoch": 0,
  "training_epochs": 20,
  "epoch": 20,
  "training_accuracy": 0.9633108306427942,
  "training_loss": 0.19108925056126383,
  "training_worker_0_memory_MB": 2309.92578125,
  "training_gpu_0_memory_MB": 46.67724609375,
  "validation_accuracy": 0.8079470198675497,
  "validation_loss": 0.8394519209861755,
  "best_validation_accuracy": 0.8079470198675497,
  "best_validation_loss": 0.8394519209861755
}