{
  "best_epoch": 19,
  "peak_worker_0_memory_MB": 2298.41015625,
  "peak_gpu_0_memory_MB": 50.91064453125,
  "training_duration": "0:00:13.250254",
  "training_start_epoch": 0,
  "training_epochs": 19,
  "epoch": 19,
  "training_accuracy": 0.7626410363560384,
  "training_loss": 0.9279849560637223,
  "training_worker_0_memory_MB": 2298.41015625,
  "training_gpu_0_memory_MB": 50.91064453125,
  "validation_accuracy": 0.7698675496688742,
  "validation_loss": 1.023120653629303,
  "best_validation_accuracy": 0.7698675496688742,
  "best_validation_loss": 1.023120653629303
}