{
  "best_epoch": 4,
  "peak_worker_0_memory_MB": 2298.41015625,
  "peak_gpu_0_memory_MB": 50.91064453125,
  "training_duration": "0:00:03.343325",
  "training_start_epoch": 0,
  "training_epochs": 4,
  "epoch": 4,
  "training_accuracy": 0.3832010029251985,
  "training_loss": 2.6549623106655322,
  "training_worker_0_memory_MB": 2298.41015625,
  "training_gpu_0_memory_MB": 50.91064453125,
  "validation_accuracy": 0.5463576158940397,
  "validation_loss": 2.322966146469116,
  "best_validation_accuracy": 0.5463576158940397,
  "best_validation_loss": 2.322966146469116
}