{
  "best_epoch": 29,
  "peak_worker_0_memory_MB": 2298.41015625,
  "peak_gpu_0_memory_MB": 50.91064453125,
  "training_duration": "0:00:20.116376",
  "training_start_epoch": 0,
  "training_epochs": 29,
  "epoch": 29,
  "training_accuracy": 0.7484329293773506,
  "training_loss": 0.9717179646617488,
  "training_worker_0_memory_MB": 2298.41015625,
  "training_gpu_0_memory_MB": 50.91064453125,
  "validation_accuracy": 0.7731788079470199,
  "validation_loss": 1.0262725532054902,
  "best_validation_accuracy": 0.7731788079470199,
  "best_validation_loss": 1.0262725532054902
}