{
  "best_epoch": 0,
  "peak_worker_0_memory_MB": 2280.91796875,
  "peak_gpu_0_memory_MB": 25.87255859375,
  "training_duration": "0:00:01.343384",
  "training_start_epoch": 0,
  "training_epochs": 8,
  "epoch": 8,
  "training_accuracy": 0.7739239448391141,
  "training_loss": 11.173558611618844,
  "training_worker_0_memory_MB": 2280.91796875,
  "training_gpu_0_memory_MB": 25.87255859375,
  "validation_accuracy": 0.7831125827814569,
  "validation_loss": 18.395966053009033,
  "best_validation_accuracy": 0.7235099337748344,
  "best_validation_loss": 2.963194477558136
}