{
  "best_epoch": 15,
  "peak_worker_0_memory_MB": 2286.5859375,
  "peak_gpu_0_memory_MB": 30.3212890625,
  "training_duration": "0:00:03.081854",
  "training_start_epoch": 0,
  "training_epochs": 18,
  "epoch": 18,
  "training_accuracy": 0.9703301295445048,
  "training_loss": 0.1469906412653233,
  "training_worker_0_memory_MB": 2286.5859375,
  "training_gpu_0_memory_MB": 30.3212890625,
  "validation_accuracy": 0.8079470198675497,
  "validation_loss": 0.8864747166633606,
  "best_validation_accuracy": 0.804635761589404,
  "best_validation_loss": 0.8538204997777938
}