{
  "best_epoch": 3,
  "peak_worker_0_memory_MB": 2298.41015625,
  "peak_gpu_0_memory_MB": 50.91064453125,
  "training_duration": "0:00:02.634651",
  "training_start_epoch": 0,
  "training_epochs": 3,
  "epoch": 3,
  "training_accuracy": 0.2503134141245299,
  "training_loss": 3.099099642352054,
  "training_worker_0_memory_MB": 2298.41015625,
  "training_gpu_0_memory_MB": 50.91064453125,
  "validation_accuracy": 0.41225165562913907,
  "validation_loss": 2.656414198875427,
  "best_validation_accuracy": 0.41225165562913907,
  "best_validation_loss": 2.656414198875427
}