{
  "best_epoch": 8,
  "peak_worker_0_memory_MB": 2298.41015625,
  "peak_gpu_0_memory_MB": 50.91064453125,
  "training_duration": "0:00:05.995328",
  "training_start_epoch": 0,
  "training_epochs": 8,
  "epoch": 8,
  "training_accuracy": 0.530296698704555,
  "training_loss": 1.8833567343260114,
  "training_worker_0_memory_MB": 2298.41015625,
  "training_gpu_0_memory_MB": 50.91064453125,
  "validation_accuracy": 0.6788079470198676,
  "validation_loss": 1.412659466266632,
  "best_validation_accuracy": 0.6788079470198676,
  "best_validation_loss": 1.412659466266632
}