{
  "best_epoch": 1,
  "peak_worker_0_memory_MB": 2286.5859375,
  "peak_gpu_0_memory_MB": 30.3212890625,
  "training_duration": "0:00:00.306055",
  "training_start_epoch": 0,
  "training_epochs": 1,
  "epoch": 1,
  "training_accuracy": 0.613038027580443,
  "training_loss": 2.045625959572039,
  "training_worker_0_memory_MB": 2286.5859375,
  "training_gpu_0_memory_MB": 30.3212890625,
  "validation_accuracy": 0.6804635761589404,
  "validation_loss": 1.6959383845329286,
  "best_validation_accuracy": 0.6804635761589404,
  "best_validation_loss": 1.6959383845329286
}