{
  "best_epoch": 54,
  "peak_worker_0_memory_MB": 2379.60546875,
  "peak_gpu_0_memory_MB": 89.33056640625,
  "training_duration": "0:00:28.804410",
  "training_start_epoch": 0,
  "training_epochs": 60,
  "epoch": 60,
  "training_accuracy": 0.6075372059529525,
  "training_loss": 1.4850045624580093,
  "training_worker_0_memory_MB": 2379.60546875,
  "training_gpu_0_memory_MB": 89.33056640625,
  "validation_accuracy": 0.7880794701986755,
  "validation_loss": 0.9077201962471009,
  "best_validation_accuracy": 0.7897350993377483,
  "best_validation_loss": 0.9049424856901169
}