{
  "best_epoch": 61,
  "peak_worker_0_memory_MB": 2379.60546875,
  "peak_gpu_0_memory_MB": 89.33056640625,
  "training_duration": "0:00:31.155735",
  "training_start_epoch": 0,
  "training_epochs": 65,
  "epoch": 65,
  "training_accuracy": 0.6113778204512722,
  "training_loss": 1.4549897431417276,
  "training_worker_0_memory_MB": 2379.60546875,
  "training_gpu_0_memory_MB": 89.33056640625,
  "validation_accuracy": 0.7913907284768212,
  "validation_loss": 0.929273110628128,
  "best_validation_accuracy": 0.7897350993377483,
  "best_validation_loss": 0.904350858926773
}