{
  "best_epoch": 13,
  "peak_worker_0_memory_MB": 2379.60546875,
  "peak_gpu_0_memory_MB": 89.33056640625,
  "training_duration": "0:00:06.601063",
  "training_start_epoch": 0,
  "training_epochs": 13,
  "epoch": 13,
  "training_accuracy": 0.4057849255880941,
  "training_loss": 2.4457036484288803,
  "training_worker_0_memory_MB": 2379.60546875,
  "training_gpu_0_memory_MB": 89.33056640625,
  "validation_accuracy": 0.7251655629139073,
  "validation_loss": 1.4556703329086305,
  "best_validation_accuracy": 0.7251655629139073,
  "best_validation_loss": 1.4556703329086305
}