{
  "best_epoch": 37,
  "peak_worker_0_memory_MB": 2379.60546875,
  "peak_gpu_0_memory_MB": 89.33056640625,
  "training_duration": "0:00:17.895242",
  "training_start_epoch": 0,
  "training_epochs": 37,
  "epoch": 37,
  "training_accuracy": 0.5594095055208833,
  "training_loss": 1.7209314071495114,
  "training_worker_0_memory_MB": 2379.60546875,
  "training_gpu_0_memory_MB": 89.33056640625,
  "validation_accuracy": 0.7781456953642384,
  "validation_loss": 0.9566884934902191,
  "best_validation_accuracy": 0.7781456953642384,
  "best_validation_loss": 0.9566884934902191
}