{
  "best_epoch": 7,
  "peak_worker_0_memory_MB": 2268.36328125,
  "peak_gpu_0_memory_MB": 8.73193359375,
  "training_duration": "0:00:02.031636",
  "training_start_epoch": 0,
  "training_epochs": 14,
  "epoch": 14,
  "training_accuracy": 0.9097367321353949,
  "training_loss": 0.31535510209045914,
  "training_worker_0_memory_MB": 2268.36328125,
  "training_gpu_0_memory_MB": 8.73193359375,
  "validation_accuracy": 0.8261589403973509,
  "validation_loss": 0.9233359098434448,
  "best_validation_accuracy": 0.8278145695364238,
  "best_validation_loss": 0.8453483819961548
}