{
  "best_epoch": 10,
  "peak_worker_0_memory_MB": 2298.41015625,
  "peak_gpu_0_memory_MB": 50.91064453125,
  "training_duration": "0:00:07.385144",
  "training_start_epoch": 0,
  "training_epochs": 10,
  "epoch": 10,
  "training_accuracy": 0.6046803175929796,
  "training_loss": 1.619332188054135,
  "training_worker_0_memory_MB": 2298.41015625,
  "training_gpu_0_memory_MB": 50.91064453125,
  "validation_accuracy": 0.7119205298013245,
  "validation_loss": 1.382985496520996,
  "best_validation_accuracy": 0.7119205298013245,
  "best_validation_loss": 1.382985496520996
}