{
  "best_epoch": 32,
  "peak_worker_0_memory_MB": 2298.41015625,
  "peak_gpu_0_memory_MB": 50.91064453125,
  "training_duration": "0:00:25.309342",
  "training_start_epoch": 0,
  "training_epochs": 37,
  "epoch": 37,
  "training_accuracy": 0.8374425407438362,
  "training_loss": 0.5634247366535036,
  "training_worker_0_memory_MB": 2298.41015625,
  "training_gpu_0_memory_MB": 50.91064453125,
  "validation_accuracy": 0.7963576158940397,
  "validation_loss": 1.0101058781147003,
  "best_validation_accuracy": 0.7980132450331126,
  "best_validation_loss": 0.9359864503145218
}