{
  "best_epoch": 32,
  "peak_worker_0_memory_MB": 2298.41015625,
  "peak_gpu_0_memory_MB": 50.91064453125,
  "training_duration": "0:00:24.004921",
  "training_start_epoch": 0,
  "training_epochs": 35,
  "epoch": 35,
  "training_accuracy": 0.8286669452569996,
  "training_loss": 0.5976948706727279,
  "training_worker_0_memory_MB": 2298.41015625,
  "training_gpu_0_memory_MB": 50.91064453125,
  "validation_accuracy": 0.7897350993377483,
  "validation_loss": 1.0294419586658479,
  "best_validation_accuracy": 0.7980132450331126,
  "best_validation_loss": 0.9359864503145218
}