{
  "best_epoch": 4,
  "peak_worker_0_memory_MB": 2370.390625,
  "peak_gpu_0_memory_MB": 89.33056640625,
  "training_duration": "0:00:02.408125",
  "training_start_epoch": 0,
  "training_epochs": 4,
  "epoch": 4,
  "training_accuracy": 0.5933749399903985,
  "training_loss": 2.347862676809762,
  "training_worker_0_memory_MB": 2370.390625,
  "training_gpu_0_memory_MB": 89.33056640625,
  "validation_accuracy": 0.6920529801324503,
  "validation_loss": 1.8666147112846374,
  "best_validation_accuracy": 0.6920529801324503,
  "best_validation_loss": 1.8666147112846374
}