{
  "best_epoch": 10,
  "peak_worker_0_memory_MB": 2287.45703125,
  "peak_gpu_0_memory_MB": 30.3212890625,
  "training_duration": "0:00:01.710711",
  "training_start_epoch": 0,
  "training_epochs": 10,
  "epoch": 10,
  "training_accuracy": 0.9778520685332219,
  "training_loss": 0.11780390221821635,
  "training_worker_0_memory_MB": 2287.45703125,
  "training_gpu_0_memory_MB": 30.3212890625,
  "validation_accuracy": 0.8013245033112583,
  "validation_loss": 0.8962903082370758,
  "best_validation_accuracy": 0.8013245033112583,
  "best_validation_loss": 0.8962903082370758
}