{
  "best_epoch": 1,
  "peak_worker_0_memory_MB": 2317.984375,
  "peak_gpu_0_memory_MB": 51.84521484375,
  "training_duration": "0:00:00.480582",
  "training_start_epoch": 0,
  "training_epochs": 1,
  "epoch": 1,
  "training_accuracy": 0.16172168825741748,
  "training_loss": 3.8340789832566915,
  "training_worker_0_memory_MB": 2317.984375,
  "training_gpu_0_memory_MB": 51.84521484375,
  "validation_accuracy": 0.2814569536423841,
  "validation_loss": 3.351390314102173,
  "best_validation_accuracy": 0.2814569536423841,
  "best_validation_loss": 3.351390314102173
}