{
  "best_epoch": 3,
  "peak_worker_0_memory_MB": 2317.984375,
  "peak_gpu_0_memory_MB": 51.84521484375,
  "training_duration": "0:00:00.952484",
  "training_start_epoch": 0,
  "training_epochs": 3,
  "epoch": 3,
  "training_accuracy": 0.4066025908900961,
  "training_loss": 2.7636411566483345,
  "training_worker_0_memory_MB": 2317.984375,
  "training_gpu_0_memory_MB": 51.84521484375,
  "validation_accuracy": 0.5380794701986755,
  "validation_loss": 2.4752657651901244,
  "best_validation_accuracy": 0.5380794701986755,
  "best_validation_loss": 2.4752657651901244
}