{
  "best_epoch": 16,
  "peak_worker_0_memory_MB": 2271.57421875,
  "peak_gpu_0_memory_MB": 15.515625,
  "training_duration": "0:00:01.356064",
  "training_start_epoch": 0,
  "training_epochs": 16,
  "epoch": 16,
  "training_accuracy": 0.8659711075441413,
  "training_loss": 0.6552331775426865,
  "training_worker_0_memory_MB": 2271.57421875,
  "training_gpu_0_memory_MB": 15.515625,
  "validation_accuracy": 0.8145695364238411,
  "validation_loss": 1.1531582951545716,
  "best_validation_accuracy": 0.8145695364238411,
  "best_validation_loss": 1.1531582951545716
}