{
  "best_epoch": 10,
  "peak_worker_0_memory_MB": 2317.37890625,
  "peak_gpu_0_memory_MB": 51.4853515625,
  "training_duration": "0:00:03.030576",
  "training_start_epoch": 0,
  "training_epochs": 10,
  "epoch": 10,
  "training_accuracy": 0.7480093676814988,
  "training_loss": 1.45279998743712,
  "training_worker_0_memory_MB": 2317.37890625,
  "training_gpu_0_memory_MB": 51.4853515625,
  "validation_accuracy": 0.7235099337748344,
  "validation_loss": 1.5645450830459595,
  "best_validation_accuracy": 0.7235099337748344,
  "best_validation_loss": 1.5645450830459595
}