{
  "best_epoch": 34,
  "peak_worker_0_memory_MB": 2317.37890625,
  "peak_gpu_0_memory_MB": 51.4853515625,
  "training_duration": "0:00:09.893162",
  "training_start_epoch": 0,
  "training_epochs": 35,
  "epoch": 35,
  "training_accuracy": 0.9718969555035128,
  "training_loss": 0.18750642506933923,
  "training_worker_0_memory_MB": 2317.37890625,
  "training_gpu_0_memory_MB": 51.4853515625,
  "validation_accuracy": 0.7996688741721855,
  "validation_loss": 0.9504790067672729,
  "best_validation_accuracy": 0.7980132450331126,
  "best_validation_loss": 0.8952218115329742
}