{
  "best_epoch": 21,
  "peak_worker_0_memory_MB": 2317.37890625,
  "peak_gpu_0_memory_MB": 51.4853515625,
  "training_duration": "0:00:06.329655",
  "training_start_epoch": 0,
  "training_epochs": 22,
  "epoch": 22,
  "training_accuracy": 0.9227166276346604,
  "training_loss": 0.47773855346352306,
  "training_worker_0_memory_MB": 2317.37890625,
  "training_gpu_0_memory_MB": 51.4853515625,
  "validation_accuracy": 0.7847682119205298,
  "validation_loss": 1.0086185812950135,
  "best_validation_accuracy": 0.7831125827814569,
  "best_validation_loss": 0.9936196208000183
}