{
  "best_epoch": 10,
  "peak_worker_0_memory_MB": 2311.93359375,
  "peak_gpu_0_memory_MB": 51.12255859375,
  "training_duration": "0:00:11.178395",
  "training_start_epoch": 0,
  "training_epochs": 16,
  "epoch": 16,
  "training_accuracy": 0.8165482657751776,
  "training_loss": 0.6775945879911122,
  "training_worker_0_memory_MB": 2311.93359375,
  "training_gpu_0_memory_MB": 51.12255859375,
  "validation_accuracy": 0.7831125827814569,
  "validation_loss": 1.0502559781074523,
  "best_validation_accuracy": 0.7781456953642384,
  "best_validation_loss": 0.9712774604558945
}