{
  "best_epoch": 3,
  "peak_worker_0_memory_MB": 2324.109375,
  "peak_gpu_0_memory_MB": 62.64208984375,
  "training_duration": "0:00:03.441773",
  "training_start_epoch": 0,
  "training_epochs": 11,
  "epoch": 11,
  "training_accuracy": 0.9986801583809943,
  "training_loss": 0.014196234347764403,
  "training_worker_0_memory_MB": 2324.109375,
  "training_gpu_0_memory_MB": 62.64208984375,
  "validation_accuracy": 0.7980132450331126,
  "validation_loss": 1.1068735510110854,
  "best_validation_accuracy": 0.8013245033112583,
  "best_validation_loss": 0.8898538112640381
}