{
  "best_epoch": 26,
  "peak_worker_0_memory_MB": 2317.36328125,
  "peak_gpu_0_memory_MB": 51.4853515625,
  "training_duration": "0:00:07.341574",
  "training_start_epoch": 0,
  "training_epochs": 27,
  "epoch": 27,
  "training_accuracy": 0.9749414519906323,
  "training_loss": 0.16953035644186076,
  "training_worker_0_memory_MB": 2317.36328125,
  "training_gpu_0_memory_MB": 51.4853515625,
  "validation_accuracy": 0.8013245033112583,
  "validation_loss": 0.8951884388923645,
  "best_validation_accuracy": 0.8013245033112583,
  "best_validation_loss": 0.8785891324281693
}