{
  "best_epoch": 7,
  "peak_worker_0_memory_MB": 2318.11328125,
  "peak_gpu_0_memory_MB": 51.84521484375,
  "training_duration": "0:00:02.274985",
  "training_start_epoch": 0,
  "training_epochs": 7,
  "epoch": 7,
  "training_accuracy": 0.8687839531968241,
  "training_loss": 0.6178350370181235,
  "training_worker_0_memory_MB": 2318.11328125,
  "training_gpu_0_memory_MB": 51.84521484375,
  "validation_accuracy": 0.793046357615894,
  "validation_loss": 1.0711639165878295,
  "best_validation_accuracy": 0.793046357615894,
  "best_validation_loss": 1.0711639165878295
}