{
  "best_epoch": 45,
  "peak_worker_0_memory_MB": 2330.69921875,
  "peak_gpu_0_memory_MB": 65.09326171875,
  "training_duration": "0:00:12.699082",
  "training_start_epoch": 0,
  "training_epochs": 45,
  "epoch": 45,
  "training_accuracy": 0.955503512880562,
  "training_loss": 0.2815371887452567,
  "training_worker_0_memory_MB": 2330.69921875,
  "training_gpu_0_memory_MB": 65.09326171875,
  "validation_accuracy": 0.7913907284768212,
  "validation_loss": 0.9305117011070252,
  "best_validation_accuracy": 0.7913907284768212,
  "best_validation_loss": 0.9305117011070252
}