{
  "best_epoch": 30,
  "peak_worker_0_memory_MB": 2330.69921875,
  "peak_gpu_0_memory_MB": 65.09326171875,
  "training_duration": "0:00:08.628782",
  "training_start_epoch": 0,
  "training_epochs": 30,
  "epoch": 30,
  "training_accuracy": 0.9100702576112412,
  "training_loss": 0.6204706732906512,
  "training_worker_0_memory_MB": 2330.69921875,
  "training_gpu_0_memory_MB": 65.09326171875,
  "validation_accuracy": 0.7698675496688742,
  "validation_loss": 1.0721107184886933,
  "best_validation_accuracy": 0.7698675496688742,
  "best_validation_loss": 1.0721107184886933
}