{
  "best_epoch": 1,
  "peak_worker_0_memory_MB": 2330.69921875,
  "peak_gpu_0_memory_MB": 65.09326171875,
  "training_duration": "0:00:00.525761",
  "training_start_epoch": 0,
  "training_epochs": 1,
  "epoch": 1,
  "training_accuracy": 0.17962529274004685,
  "training_loss": 3.8452974682423604,
  "training_worker_0_memory_MB": 2330.69921875,
  "training_gpu_0_memory_MB": 65.09326171875,
  "validation_accuracy": 0.23841059602649006,
  "validation_loss": 3.6555978536605833,
  "best_validation_accuracy": 0.23841059602649006,
  "best_validation_loss": 3.6555978536605833
}