{
  "best_epoch": 18,
  "peak_worker_0_memory_MB": 2330.69921875,
  "peak_gpu_0_memory_MB": 65.09326171875,
  "training_duration": "0:00:05.252511",
  "training_start_epoch": 0,
  "training_epochs": 18,
  "epoch": 18,
  "training_accuracy": 0.7791569086651053,
  "training_loss": 1.345376927461197,
  "training_worker_0_memory_MB": 2330.69921875,
  "training_gpu_0_memory_MB": 65.09326171875,
  "validation_accuracy": 0.7201986754966887,
  "validation_loss": 1.5206918597221375,
  "best_validation_accuracy": 0.7201986754966887,
  "best_validation_loss": 1.5206918597221375
}