{
  "best_epoch": 7,
  "peak_worker_0_memory_MB": 2330.69921875,
  "peak_gpu_0_memory_MB": 65.09326171875,
  "training_duration": "0:00:02.199755",
  "training_start_epoch": 0,
  "training_epochs": 7,
  "epoch": 7,
  "training_accuracy": 0.43348946135831384,
  "training_loss": 2.7746751948968686,
  "training_worker_0_memory_MB": 2330.69921875,
  "training_gpu_0_memory_MB": 65.09326171875,
  "validation_accuracy": 0.4900662251655629,
  "validation_loss": 2.6774499893188475,
  "best_validation_accuracy": 0.4900662251655629,
  "best_validation_loss": 2.6774499893188475
}