{
  "best_epoch": 38,
  "peak_worker_0_memory_MB": 2330.69921875,
  "peak_gpu_0_memory_MB": 65.09326171875,
  "training_duration": "0:00:11.081647",
  "training_start_epoch": 0,
  "training_epochs": 39,
  "epoch": 39,
  "training_accuracy": 0.940983606557377,
  "training_loss": 0.37764244915834116,
  "training_worker_0_memory_MB": 2330.69921875,
  "training_gpu_0_memory_MB": 65.09326171875,
  "validation_accuracy": 0.7897350993377483,
  "validation_loss": 0.9718617618083953,
  "best_validation_accuracy": 0.7880794701986755,
  "best_validation_loss": 0.9633023917675019
}