{
  "best_epoch": 15,
  "peak_worker_0_memory_MB": 2270.7265625,
  "peak_gpu_0_memory_MB": 8.73193359375,
  "training_duration": "0:00:02.442860",
  "training_start_epoch": 0,
  "training_epochs": 16,
  "epoch": 16,
  "training_accuracy": 0.9080651901379022,
  "training_loss": 0.3763771649253996,
  "training_worker_0_memory_MB": 2270.7265625,
  "training_gpu_0_memory_MB": 8.73193359375,
  "validation_accuracy": 0.8311258278145696,
  "validation_loss": 0.870631530880928,
  "best_validation_accuracy": 0.8344370860927153,
  "best_validation_loss": 0.8418441861867905
}