{
  "best_epoch": 15,
  "peak_worker_0_memory_MB": 2270.7265625,
  "peak_gpu_0_memory_MB": 8.73193359375,
  "training_duration": "0:00:02.726382",
  "training_start_epoch": 0,
  "training_epochs": 18,
  "epoch": 18,
  "training_accuracy": 0.9118261596322608,
  "training_loss": 0.3506502203251186,
  "training_worker_0_memory_MB": 2270.7265625,
  "training_gpu_0_memory_MB": 8.73193359375,
  "validation_accuracy": 0.8294701986754967,
  "validation_loss": 0.8514926612377167,
  "best_validation_accuracy": 0.8344370860927153,
  "best_validation_loss": 0.8418441861867905
}