{
  "best_epoch": 2,
  "peak_worker_0_memory_MB": 2280.91796875,
  "peak_gpu_0_memory_MB": 25.87255859375,
  "training_duration": "0:00:01.492858",
  "training_start_epoch": 0,
  "training_epochs": 9,
  "epoch": 9,
  "training_accuracy": 0.9945674885081488,
  "training_loss": 0.029572622654469388,
  "training_worker_0_memory_MB": 2280.91796875,
  "training_gpu_0_memory_MB": 25.87255859375,
  "validation_accuracy": 0.7798013245033113,
  "validation_loss": 1.1345250248908996,
  "best_validation_accuracy": 0.7897350993377483,
  "best_validation_loss": 0.8856226354837418
}