{
  "best_epoch": 57,
  "peak_worker_0_memory_MB": 2271.328125,
  "peak_gpu_0_memory_MB": 15.515625,
  "training_duration": "0:00:04.929142",
  "training_start_epoch": 0,
  "training_epochs": 62,
  "epoch": 62,
  "training_accuracy": 0.8820224719101124,
  "training_loss": 0.4335773676633835,
  "training_worker_0_memory_MB": 2271.328125,
  "training_gpu_0_memory_MB": 15.515625,
  "validation_accuracy": 0.8129139072847682,
  "validation_loss": 1.1533738672733307,
  "best_validation_accuracy": 0.8079470198675497,
  "best_validation_loss": 1.1284360229969024
}