{
  "best_epoch": 40,
  "peak_worker_0_memory_MB": 2271.328125,
  "peak_gpu_0_memory_MB": 15.515625,
  "training_duration": "0:00:03.361428",
  "training_start_epoch": 0,
  "training_epochs": 42,
  "epoch": 42,
  "training_accuracy": 0.8651685393258427,
  "training_loss": 0.7156349569559097,
  "training_worker_0_memory_MB": 2271.328125,
  "training_gpu_0_memory_MB": 15.515625,
  "validation_accuracy": 0.8096026490066225,
  "validation_loss": 1.2492322504520417,
  "best_validation_accuracy": 0.8079470198675497,
  "best_validation_loss": 1.2466313600540162
}