{
  "best_epoch": 53,
  "peak_worker_0_memory_MB": 2271.328125,
  "peak_gpu_0_memory_MB": 15.515625,
  "training_duration": "0:00:04.379878",
  "training_start_epoch": 0,
  "training_epochs": 55,
  "epoch": 55,
  "training_accuracy": 0.8820224719101124,
  "training_loss": 0.4985112398862839,
  "training_worker_0_memory_MB": 2271.328125,
  "training_gpu_0_memory_MB": 15.515625,
  "validation_accuracy": 0.8129139072847682,
  "validation_loss": 1.1808464884757996,
  "best_validation_accuracy": 0.8129139072847682,
  "best_validation_loss": 1.162276953458786
}